# Nx=100 Ny=100 cell=300.0 lambda=13.50
# i j x_nm y_nm |E|^2 Re(Ey)
0 0 0.000000 0.000000 0.55822489877406167 2.8790036064809097e-07
0 1 0.000000 3.030303 0.55854761458945423 8.6256486981863082e-07
0 2 0.000000 6.060606 0.55919218833005058 1.4338252294980364e-06
0 3 0.000000 9.090909 0.56015690104499372 1.9994269360306776e-06
0 4 0.000000 12.121212 0.56143916649770786 2.5571378178797046e-06
0 5 0.000000 15.151515 0.56303552211600338 3.1047568449883274e-06
0 6 0.000000 18.181818 0.56494161745673943 3.6401228152398843e-06
0 7 0.000000 21.212121 0.5671522006279992 4.1611228837352483e-06
0 8 0.000000 24.242424 0.56966110320725716 4.6657009012263414e-06
0 9 0.000000 27.272727 0.57246122427979029 5.1518655287979017e-06
0 10 0.000000 30.303030 0.57554451429596354 5.6176980967724054e-06
0 11 0.000000 33.333333 0.57890195950763446 6.0613601768227033e-06
0 12 0.000000 36.363636 0.58252356779154713 6.4811008374087383e-06
0 13 0.000000 39.393939 0.58639835670024787 6.8752635539044646e-06
0 14 0.000000 42.424242 0.59051434459802432 7.2422927461437329e-06
0 15 0.000000 45.454545 0.59485854574018371 7.5807399175844027e-06
0 16 0.000000 48.484848 0.5994169701384251 7.8892693718626268e-06
0 17 0.000000 51.515152 0.60417462902317831 8.1666634841760839e-06
0 18 0.000000 54.545455 0.60911554666594225 8.4118275066927562e-06
0 19 0.000000 57.575758 0.61422277926140378 8.6237938890205732e-06
0 20 0.000000 60.606061 0.61947844149136189 8.8017260966867156e-06
0 21 0.000000 63.636364 0.62486374130125732 8.9449219125569923e-06
0 22 0.000000 66.666667 0.63035902331679128 9.0528162081661695e-06
0 23 0.000000 69.696970 0.63594382121417825 9.1249831740216028e-06
0 24 0.000000 72.727273 0.6415969192347889 9.1611380000791383e-06
0 25 0.000000 75.757576 0.6472964229050896 9.1611379997577571e-06
0 26 0.000000 78.787879 0.6530198388879489 9.124983173058816e-06
0 27 0.000000 81.818182 0.65874416375356393 9.0528162065657397e-06
0 28 0.000000 84.848485 0.66444598131966526 8.9449219103252773e-06
0 29 0.000000 87.878788 0.67010156807345767 8.8017260938324687e-06
0 30 0.000000 90.909091 0.67568700605407483 8.623793885555087e-06
0 31 0.000000 93.939394 0.68117830244637201 8.4118275026297153e-06
0 32 0.000000 96.969697 0.68655151501664269 8.1666634795315262e-06
0 33 0.000000 100.000000 0.69178288241032715 7.8892693666548378e-06
0 34 0.000000 103.030303 0.69684895823275816 7.5807399118339867e-06
0 35 0.000000 106.060606 0.70172674774814969 7.2422927398733436e-06
0 36 0.000000 109.090909 0.70639384596080523 6.8752635471388635e-06
0 37 0.000000 112.121212 0.71082857578714886 6.4811008301746331e-06
0 38 0.000000 115.151515 0.71501012498870464 6.061360169148633e-06
0 39 0.000000 118.181818 0.71891868051525454 5.6176980886886719e-06
0 40 0.000000 121.212121 0.72253555890466037 5.1518655203364043e-06
0 41 0.000000 124.242424 0.72584333140138335 4.6657008924204802e-06
0 42 0.000000 127.272727 0.72882594248957244 4.1611228746197567e-06
0 43 0.000000 130.303030 0.73146882058833951 3.6401228058507329e-06
0 44 0.000000 133.333333 0.73375897972591131 3.1047568353626005e-06
0 45 0.000000 136.363636 0.73568511109486667 2.5571378080553726e-06
0 46 0.000000 139.393939 0.7372376634914779 1.9994269260465063e-06
0 47 0.000000 142.424242 0.73840891175698908 1.433825219393439e-06
0 48 0.000000 145.454545 0.73919301246581337 8.6256485963348759e-07
0 49 0.000000 148.484848 0.73958604624345559 2.8790035042257815e-07
0 50 0.000000 151.515152 0.73958604624345592 -2.8790036996066876e-07
0 51 0.000000 154.545455 0.73919301246581415 -8.6256487913120602e-07
0 52 0.000000 157.575758 0.73840891175699042 -1.4338252388106116e-06
0 53 0.000000 160.606061 0.73723766349148012 -1.999426945343256e-06
0 54 0.000000 163.636364 0.73568511109486912 -2.557137827192283e-06
0 55 0.000000 166.666667 0.73375897972591453 -3.1047568543009062e-06
0 56 0.000000 169.696970 0.73146882058834317 -3.6401228245524631e-06
0 57 0.000000 172.727273 0.72882594248957688 -4.1611228930478266e-06
0 58 0.000000 175.757576 0.72584333140138835 -4.6657009105389207e-06
0 59 0.000000 178.787879 0.72253555890466581 -5.1518655381104801e-06
0 60 0.000000 181.818182 0.71891868051526042 -5.617698106084977e-06
0 61 0.000000 184.848485 0.71501012498871086 -6.0613601861352681e-06
0 62 0.000000 187.878788 0.71082857578715541 -6.4811008467213167e-06
0 63 0.000000 190.909091 0.70639384596081212 -6.8752635632170574e-06
0 64 0.000000 193.939394 0.70172674774815702 -7.2422927554563112e-06
0 65 0.000000 196.969697 0.69684895823276571 -7.5807399268969811e-06
0 66 0.000000 200.000000 0.69178288241033503 -7.8892693811751916e-06
0 67 0.000000 203.030303 0.68655151501665101 -8.1666634934886488e-06
0 68 0.000000 206.060606 0.68117830244638033 -8.4118275160053346e-06
0 69 0.000000 209.090909 0.67568700605408349 -8.6237938983331516e-06
0 70 0.000000 212.121212 0.67010156807346621 -8.801726105999294e-06
0 71 0.000000 215.151515 0.66444598131967392 -8.9449219218695707e-06
0 72 0.000000 218.181818 0.6587441637535727 -9.0528162174787479e-06
0 73 0.000000 221.212121 0.65301983888795789 -9.1249831833341964e-06
0 74 0.000000 224.242424 0.64729642290509826 -9.1611380093917032e-06
0 75 0.000000 227.272727 0.64159691923479756 -9.161138009070349e-06
0 76 0.000000 230.303030 0.63594382121418713 -9.1249831823714096e-06
0 77 0.000000 233.333333 0.63035902331679972 -9.0528162158783181e-06
0 78 0.000000 236.363636 0.62486374130126565 -8.9449219196378557e-06
0 79 0.000000 239.393939 0.61947844149136977 -8.8017261031450471e-06
0 80 0.000000 242.424242 0.61422277926141189 -8.6237938948676654e-06
0 81 0.000000 245.454545 0.60911554666595014 -8.4118275119422937e-06
0 82 0.000000 248.484848 0.60417462902318597 -8.1666634888441045e-06
0 83 0.000000 251.515152 0.5994169701384322 -7.8892693759674315e-06
0 84 0.000000 254.545455 0.59485854574019059 -7.5807399211465515e-06
0 85 0.000000 257.575758 0.59051434459803109 -7.2422927491859355e-06
0 86 0.000000 260.606061 0.58639835670025431 -6.8752635564514554e-06
0 87 0.000000 263.636364 0.58252356779155279 -6.4811008394872115e-06
0 88 0.000000 266.666667 0.57890195950763967 -6.0613601784612114e-06
0 89 0.000000 269.696970 0.57554451429596865 -5.6176980980012503e-06
0 90 0.000000 272.727273 0.57246122427979496 -5.1518655296489826e-06
0 91 0.000000 275.757576 0.56966110320726115 -4.6657009017330586e-06
0 92 0.000000 278.787879 0.56715220062800287 -4.1611228839323427e-06
0 93 0.000000 281.818182 0.56494161745674243 -3.6401228151633253e-06
0 94 0.000000 284.848485 0.56303552211600616 -3.1047568446751789e-06
0 95 0.000000 287.878788 0.56143916649770997 -2.5571378173679447e-06
0 96 0.000000 290.909091 0.5601569010449956 -1.9994269353590783e-06
0 97 0.000000 293.939394 0.55919218833005169 -1.433825228706004e-06
0 98 0.000000 296.969697 0.55854761458945479 -8.625648689460594e-07
0 99 0.000000 300.000000 0.55822489877406178 -2.8790035973514996e-07
1 0 3.030303 0.000000 0.55854866467566755 8.625648695424283e-07
1 1 3.030303 3.030303 0.55886892603874794 2.5842904584361075e-06
1 2 3.030303 6.060606 0.55950859362219263 4.2958170335209133e-06
1 3 3.030303 9.090909 0.56046595406868094 5.9903899813270939e-06
1 4 3.030303 12.121212 0.56173842977630528 7.6613215966063839e-06
1 5 3.030303 15.151515 0.56332257013602416 9.3020174756493236e-06
1 6 3.030303 18.181818 0.56521404036975509 1.0906002541383994e-05
1 7 3.030303 21.212121 0.56740760840394622 1.2466946597546996e-05
1 8 3.030303 24.242424 0.56989713030724298 1.3978689311076161e-05
1 9 3.030303 27.272727 0.57267553490501122 1.5435264524130739e-05
1 10 3.030303 30.303030 0.57573480825647505 1.6830923799790736e-05
1 11 3.030303 33.333333 0.57906597874063559 1.8160159108511165e-05
1 12 3.030303 36.363636 0.58265910354381989 1.9417724565798345e-05
1 13 3.030303 39.393939 0.5865032573736737 2.0598657135319404e-05
1 14 3.030303 42.424242 0.5905865242409587 2.1698296215739259e-05
1 15 3.030303 45.454545 0.59489599315117792 2.2712302033984746e-05
1 16 3.030303 48.484848 0.59941775853262191 2.363667277234639e-05
1 17 3.030303 51.515152 0.60413692619596748 2.4467760361824801e-05
1 18 3.030303 54.545455 0.60903762557339447 2.5202284879392032e-05
1 19 3.030303 57.575758 0.61410302892290602 2.5837347492349647e-05
1 20 3.030303 60.606061 0.61931537810697557 2.6370441898696739e-05
1 21 3.030303 63.636364 0.62465601946486082 2.6799464218359156e-05
1 22 3.030303 66.666667 0.63010544719626771 2.7122721296242886e-05
1 23 3.030303 69.696970 0.63564335556194462 2.7338937384343495e-05
1 24 3.030303 72.727273 0.64124870008599744 2.7447259176541211e-05
1 25 3.030303 75.757576 0.64689976781699832 2.7447259176209516e-05
1 26 3.030303 78.787879 0.65257425657233914 2.7338937383349864e-05
1 27 3.030303 81.818182 0.658249362954761 2.7122721294591145e-05
1 28 3.030303 84.848485 0.66390187879368645 2.6799464216055934e-05
1 29 3.030303 87.878788 0.66950829552909008 2.6370441895751026e-05
1 30 3.030303 90.909091 0.67504491592420712 2.5837347488773084e-05
1 31 3.030303 93.939394 0.68048797236758785 2.5202284875198819e-05
1 32 3.030303 96.969697 0.68581375090681485 2.4467760357031462e-05
1 33 3.030303 100.000000 0.69099872004758134 2.3636672766971729e-05
1 34 3.030303 103.030303 0.69601966325451126 2.2712302028050084e-05
1 35 3.030303 106.060606 0.70085381400577862 2.1698296209267941e-05
1 36 3.030303 109.090909 0.70547899218361176 2.0598657128337044e-05
1 37 3.030303 112.121212 0.70987374052842367 1.9417724558332478e-05
1 38 3.030303 115.151515 0.71401745984656606 1.8160159100591235e-05
1 39 3.030303 118.181818 0.71789054164127442 1.6830923791448e-05
1 40 3.030303 121.212121 0.72147449683378662 1.5435264515398141e-05
1 41 3.030303 124.242424 0.72475207925704088 1.397868930198817e-05
1 42 3.030303 127.272727 0.72770740263775835 1.2466946588139448e-05
1 43 3.030303 130.303030 0.73032604983375082 1.0906002531694018e-05
1 44 3.030303 133.333333 0.73259517316135048 9.3020174657151992e-06
1 45 3.030303 136.363636 0.73450358473211785 7.661321586467286e-06
1 46 3.030303 139.393939 0.73604183581726046 5.9903899710230363e-06
1 47 3.030303 142.424242 0.73720228437126811 4.2958170230925663e-06
1 48 3.030303 145.454545 0.73797914997145786 2.5842904479246349e-06
1 49 3.030303 148.484848 0.73836855556582703 8.6256485898929373e-07
1 50 3.030303 151.515152 0.73836855556582726 -8.6256487939552456e-07
1 51 3.030303 154.545455 0.73797914997145853 -2.5842904682892e-06
1 52 3.030303 157.575758 0.73720228437126945 -4.295817043374002e-06
1 53 3.030303 160.606061 0.73604183581726257 -5.9903899911801852e-06
1 54 3.030303 163.636364 0.7345035847321203 -7.6613216064594862e-06
1 55 3.030303 166.666667 0.7325951731613537 -9.302017485502431e-06
1 56 3.030303 169.696970 0.73032604983375438 -1.0906002551237089e-05
1 57 3.030303 172.727273 0.72770740263776279 -1.2466946607400105e-05
1 58 3.030303 175.757576 0.72475207925704555 -1.3978689320929261e-05
1 59 3.030303 178.787879 0.72147449683379206 -1.5435264533983847e-05
1 60 3.030303 181.818182 0.71789054164128041 -1.683092380964383e-05
1 61 3.030303 184.848485 0.71401745984657217 -1.8160159118364242e-05
1 62 3.030303 187.878788 0.70987374052843 -1.9417724575651453e-05
1 63 3.030303 190.909091 0.70547899218361865 -2.0598657145172539e-05
1 64 3.030303 193.939394 0.70085381400578606 -2.1698296225592353e-05
1 65 3.030303 196.969697 0.69601966325451869 -2.2712302043837812e-05
1 66 3.030303 200.000000 0.69099872004758911 -2.363667278219947e-05
1 67 3.030303 203.030303 0.68581375090682317 -2.4467760371677854e-05
1 68 3.030303 206.060606 0.68048797236759595 -2.5202284889245126e-05
1 69 3.030303 209.090909 0.67504491592421567 -2.583734750220274e-05
1 70 3.030303 212.121212 0.66950829552909841 -2.6370441908549833e-05
1 71 3.030303 215.151515 0.66390187879369489 -2.6799464228212222e-05
1 72 3.030303 218.181818 0.65824936295476977 -2.7122721306095994e-05
1 73 3.030303 221.212121 0.65257425657234802 -2.7338937394196616e-05
1 74 3.030303 224.242424 0.64689976781700698 -2.7447259186394294e-05
1 75 3.030303 227.272727 0.64124870008600598 -2.7447259186062623e-05
1 76 3.030303 230.303030 0.63564335556195339 -2.7338937393203012e-05
1 77 3.030303 233.333333 0.63010544719627604 -2.7122721304444283e-05
1 78 3.030303 236.363636 0.62465601946486904 -2.6799464225909042e-05
1 79 3.030303 239.393939 0.61931537810698356 -2.637044190560416e-05
1 80 3.030303 242.424242 0.61410302892291402 -2.5837347498626218e-05
1 81 3.030303 245.454545 0.60903762557340202 -2.5202284885051917e-05
1 82 3.030303 248.484848 0.60413692619597503 -2.4467760366884515e-05
1 83 3.030303 251.515152 0.59941775853262902 -2.3636672776824863e-05
1 84 3.030303 254.545455 0.59489599315118447 -2.2712302037903137e-05
1 85 3.030303 257.575758 0.59058652424096514 -2.1698296219121089e-05
1 86 3.030303 260.606061 0.58650325737367981 -2.0598657138190165e-05
1 87 3.030303 263.636364 0.58265910354382544 -1.9417724568185575e-05
1 88 3.030303 266.666667 0.57906597874064081 -1.8160159110444315e-05
1 89 3.030303 269.696970 0.57573480825648016 -1.6830923801301101e-05
1 90 3.030303 272.727273 0.57267553490501566 -1.5435264525251228e-05
1 91 3.030303 275.757576 0.56989713030724709 -1.3978689311841257e-05
1 92 3.030303 278.787879 0.56740760840394999 -1.2466946597992562e-05
1 93 3.030303 281.818182 0.56521404036975809 -1.0906002541547133e-05
1 94 3.030303 284.848485 0.56332257013602693 -9.3020174755682931e-06
1 95 3.030303 287.878788 0.56173842977630728 -7.6613215963203765e-06
1 96 3.030303 290.909091 0.56046595406868283 -5.9903899808761234e-06
1 97 3.030303 293.939394 0.55950859362219374 -4.29581703294565e-06
1 98 3.030303 296.969697 0.5588689260387486 -2.584290457777724e-06
1 99 3.030303 300.000000 0.55854866467566777 -8.6256486884238193e-07
2 0 6.060606 0.000000 0.55919533597998594 1.4338252289768049e-06
2 1 6.060606 3.030303 0.55951069114984175 4.2958170332762842e-06
2 2 6.060606 6.060606 0.56014055203504454 7.1408552102971057e-06
2 3 6.060606 9.090909 0.56108321684789098 9.9577116941288632e-06
2 4 6.060606 12.121212 0.56233612581974457 1.2735269639129186e-05
2 5 6.060606 15.151515 0.56389585300151301 1.5462567293034683e-05
2 6 6.060606 18.181818 0.56575809583333747 1.8128841257989143e-05
2 7 6.060606 21.212121 0.56791766290237644 2.0723568968757672e-05
2 8 6.060606 24.242424 0.57036846039784939 2.323651022048411e-05
2 9 6.060606 27.272727 0.57310347785352689 2.5657747582101592e-05
2 10 6.060606 30.303030 0.57611477383805121 2.7977725535901937e-05
2 11 6.060606 33.333333 0.57939346231156663 3.0187288188798611e-05
2 12 6.060606 36.363636 0.58292970041193015 3.2277715406453746e-05
2 13 6.060606 39.393939 0.58671267846439323 3.4240757227664616e-05
2 14 6.060606 42.424242 0.59073061302434116 3.6068666423191507e-05
2 15 6.060606 45.454545 0.59497074376305736 3.7754229070531835e-05
2 16 6.060606 48.484848 0.59941933499131195 3.9290793023976874e-05
2 17 6.060606 51.515152 0.60406168258492476 4.0672294167591774e-05
2 18 6.060606 54.545455 0.60888212703065281 4.1893280347510418e-05
2 19 6.060606 57.575758 0.61386407325034942 4.2948932889096243e-05
2 20 6.060606 60.606061 0.61899001778715745 4.3835085614049334e-05
2 21 6.060606 63.636364 0.62424158385056761 4.4548241282409011e-05
2 22 6.060606 66.666667 0.62959956461876054 4.5085585394562109e-05
2 23 6.060606 69.696970 0.63504397508818888 4.5444997298787052e-05
2 24 6.060606 72.727273 0.64055411264349971 4.5625058560497703e-05
2 25 6.060606 75.757576 0.64610862639737854 4.5625058560156071e-05
2 26 6.060606 78.787879 0.65168559522165415 4.5444997297763619e-05
2 27 6.060606 81.818182 0.65726261425997901 4.508558539286084e-05
2 28 6.060606 84.848485 0.66281688958065055 4.4548241280036689e-05
2 29 6.060606 87.878788 0.66832534049776904 4.3835085611015235e-05
2 30 6.060606 90.909091 0.67376470896191565 4.2948932885412361e-05
2 31 6.060606 93.939394 0.67911167530001781 4.1893280343191329e-05
2 32 6.060606 96.969697 0.68434297946989775 4.0672294162654562e-05
2 33 6.060606 100.000000 0.68943554689012387 3.9290793018440938e-05
2 34 6.060606 103.030303 0.69436661781183895 3.7754229064419035e-05
2 35 6.060606 106.060606 0.69911387911787726 3.6068666416525968e-05
2 36 6.060606 109.090909 0.70365559736701699 3.4240757220472717e-05
2 37 6.060606 112.121212 0.70797075184887071 3.2277715398763805e-05
2 38 6.060606 115.151515 0.71203916637862463 3.0187288180640955e-05
2 39 6.060606 118.181818 0.71584163854133198 2.7977725527308838e-05
2 40 6.060606 121.212121 0.71936006509317885 2.5657747573106902e-05
2 41 6.060606 124.242424 0.72257756224231651 2.3236510211123376e-05
2 42 6.060606 127.272727 0.72547857956440276 2.0723568959067791e-05
2 43 6.060606 130.303030 0.72804900635759406 1.8128841248008374e-05
2 44 6.060606 133.333333 0.73027626930782419 1.5462567282802403e-05
2 45 6.060606 136.363636 0.73214942041693198 1.27352696286858e-05
2 46 6.060606 139.393939 0.73365921424249381 9.9577116835155624e-06
2 47 6.060606 142.424242 0.73479817360782007 7.140855199555792e-06
2 48 6.060606 145.454545 0.73556064306191926 4.2958170224493439e-06
2 49 6.060606 148.484848 0.73594282950074086 1.4338252181069525e-06
2 50 6.060606 151.515152 0.73594282950074119 -1.4338252393393257e-06
2 51 6.060606 154.545455 0.73556064306191993 -4.2958170436388006e-06
2 52 6.060606 157.575758 0.73479817360782118 -7.1408552206596221e-06
2 53 6.060606 160.606061 0.73365921424249603 -9.9577117044913829e-06
2 54 6.060606 163.636364 0.73214942041693432 -1.2735269649491708e-05
2 55 6.060606 166.666667 0.7302762693078273 -1.5462567303397206e-05
2 56 6.060606 169.696970 0.72804900635759762 -1.812884126835168e-05
2 57 6.060606 172.727273 0.72547857956440709 -2.0723568979120199e-05
2 58 6.060606 175.757576 0.72257756224232117 -2.3236510230846644e-05
2 59 6.060606 178.787879 0.71936006509318395 -2.5657747592464132e-05
2 60 6.060606 181.818182 0.71584163854133787 -2.7977725546264463e-05
2 61 6.060606 184.848485 0.71203916637863052 -3.0187288199161121e-05
2 62 6.060606 187.878788 0.70797075184887714 -3.2277715416816265e-05
2 63 6.060606 190.909091 0.70365559736702399 -3.424075723802717e-05
2 64 6.060606 193.939394 0.69911387911788436 -3.606866643355404e-05
2 65 6.060606 196.969697 0.69436661781184628 -3.7754229080894341e-05
2 66 6.060606 200.000000 0.68943554689013142 -3.9290793034339381e-05
2 67 6.060606 203.030303 0.68434297946990597 -4.0672294177954267e-05
2 68 6.060606 206.060606 0.67911167530002603 -4.1893280357872951e-05
2 69 6.060606 209.090909 0.6737647089619242 -4.2948932899458749e-05
2 70 6.060606 212.121212 0.66832534049777714 -4.3835085624411867e-05
2 71 6.060606 215.151515 0.66281688958065887 -4.4548241292771531e-05
2 72 6.060606 218.181818 0.65726261425998755 -4.5085585404924629e-05
2 73 6.060606 221.212121 0.65168559522166303 -4.5444997309149598e-05
2 74 6.060606 224.242424 0.64610862639738709 -4.5625058570860223e-05
2 75 6.060606 227.272727 0.64055411264350792 -4.5625058570518604e-05
2 76 6.060606 230.303030 0.63504397508819754 -4.5444997308126179e-05
2 77 6.060606 233.333333 0.62959956461876865 -4.5085585403223373e-05
2 78 6.060606 236.363636 0.62424158385057582 -4.4548241290399209e-05
2 79 6.060606 239.393939 0.61899001778716523 -4.3835085621377768e-05
2 80 6.060606 242.424242 0.61386407325035741 -4.2948932895774895e-05
2 81 6.060606 245.454545 0.60888212703066036 -4.1893280353553876e-05
2 82 6.060606 248.484848 0.60406168258493231 -4.0672294173017054e-05
2 83 6.060606 251.515152 0.59941933499131905 -3.9290793028803458e-05
2 84 6.060606 254.545455 0.5949707437630638 -3.7754229074781542e-05
2 85 6.060606 257.575758 0.59073061302434748 -3.6068666426888528e-05
2 86 6.060606 260.606061 0.58671267846439923 -3.424075723083525e-05
2 87 6.060606 263.636364 0.58292970041193559 -3.2277715409126311e-05
2 88 6.060606 266.666667 0.57939346231157185 -3.0187288191003482e-05
2 89 6.060606 269.696970 0.57611477383805609 -2.7977725537671351e-05
2 90 6.060606 272.727273 0.57310347785353122 -2.5657747583469429e-05
2 91 6.060606 275.757576 0.57036846039785327 -2.3236510221485889e-05
2 92 6.060606 278.787879 0.56791766290238022 -2.0723568969430318e-05
2 93 6.060606 281.818182 0.56575809583334058 -1.8128841258370911e-05
2 94 6.060606 284.848485 0.56389585300151568 -1.546256729316494e-05
2 95 6.060606 287.878788 0.56233612581974657 -1.273526963904831e-05
2 96 6.060606 290.909091 0.56108321684789275 -9.9577116938780821e-06
2 97 6.060606 293.939394 0.56014055203504554 -7.1408552099182948e-06
2 98 6.060606 296.969697 0.55951069114984242 -4.2958170328118603e-06
2 99 6.060606 300.000000 0.55919533597998605 -1.4338252284694661e-06
3 0 9.090909 0.000000 0.56016318850482905 1.999426935296563e-06
3 1 9.090909 3.030303 0.56047119126265044 5.990389980870378e-06
3 2 9.090909 6.060606 0.56108635633526782 9.9577116939171795e-06
3 3 9.090909 9.090909 0.56200700023787553 1.3885734868132446e-05
3 4 9.090909 12.121212 0.56323059134992248 1.7758957390590636e-05
3 5 9.090909 15.151515 0.56475374253115995 2.1562093421502655e-05
3 6 9.090909 18.181818 0.56657220175085432 2.5280133720442077e-05
3 7 9.090909 21.212121 0.56868084112574679 2.8898404880960024e-05
3 8 9.090909 24.242424 0.57107364484753953 3.2402627239816821e-05
3 9 9.090909 27.272727 0.57374369655710566 3.5778971232288931e-05
3 10 9.090909 30.303030 0.57668316678878206 3.9014111971142898e-05
3 11 9.090909 33.333333 0.57988330116277986 4.2095281833877737e-05
3 12 9.090909 36.363636 0.58333441004582454 4.5010320850697774e-05
3 13 9.090909 39.393939 0.58702586042875737 4.7747724694358304e-05
3 14 9.090909 42.424242 0.59094607078432126 5.0296690082489308e-05
3 15 9.090909 45.454545 0.59508250966831422 5.2647157413215247e-05
3 16 9.090909 48.484848 0.59942169881251917 5.4789850465808217e-05
3 17 9.090909 51.515152 0.60394922142837471 5.6716313009692944e-05
3 18 9.090909 54.545455 0.60864973639653974 5.8418942177325696e-05
3 19 9.090909 57.575758 0.61350699895986505 5.9891018469239138e-05
3 20 9.090909 60.606061 0.61850388846659199 6.1126732272836779e-05
3 21 9.090909 63.636364 0.6236224436278156 6.2121206790279721e-05
3 22 9.090909 66.666667 0.62884390565962534 6.2870517284979878e-05
3 23 9.090909 69.696970 0.63414876957717126 6.3371706570741965e-05
3 24 9.090909 72.727273 0.6395168437968255 6.362279668242677e-05
3 25 9.090909 75.757576 0.64492731808523063 6.362279668207557e-05
3 26 9.090909 78.787879 0.65035883977217979 6.3371706569689774e-05
3 27 9.090909 81.818182 0.65578959801985515 6.2870517283230925e-05
3 28 9.090909 84.848485 0.66119741581583624 6.2121206787840917e-05
3 29 9.090909 87.878788 0.66655984923354916 6.1126732269717638e-05
3 30 9.090909 90.909091 0.67185429338329228 5.9891018465452067e-05
3 31 9.090909 93.939394 0.67705809436169073 5.8418942172885637e-05
3 32 9.090909 96.969697 0.6821486663991666 5.6716313004617393e-05
3 33 9.090909 100.000000 0.68710361330558045 5.4789850460117152e-05
3 34 9.090909 103.030303 0.69190085322519723 5.2647157406931198e-05
3 35 9.090909 106.060606 0.69651874563510074 5.0296690075637015e-05
3 36 9.090909 109.090909 0.70093621945736495 4.7747724686964851e-05
3 37 9.090909 112.121212 0.70513290110586657 4.5010320842792368e-05
3 38 9.090909 115.151515 0.70908924125448047 4.2095281825491508e-05
3 39 9.090909 118.181818 0.71278663909517792 3.9014111962309029e-05
3 40 9.090909 121.212121 0.71620756285276566 3.5778971223042205e-05
3 41 9.090909 124.242424 0.71933566533774385 3.2402627230193801e-05
3 42 9.090909 127.272727 0.72215589335009489 2.8898404870998679e-05
3 43 9.090909 130.303030 0.72465458979429909 2.5280133710181655e-05
3 44 9.090909 133.333333 0.72681958742906616 2.1562093410983682e-05
3 45 9.090909 136.363636 0.7286402932533208 1.7758957379854639e-05
3 46 9.090909 139.393939 0.73010776262185717 1.3885734857221774e-05
3 47 9.090909 142.424242 0.73121476228863691 9.957711682874909e-06
3 48 9.090909 145.454545 0.73195582169138396 5.9903899697400813e-06
3 49 9.090909 148.484848 0.73232727191650082 1.9994269241221507e-06
3 50 9.090909 151.515152 0.73232727191650082 -1.9994269461354058e-06
3 51 9.090909 154.545455 0.73195582169138451 -5.9903899917092174e-06
3 52 9.090909 157.575758 0.73121476228863813 -9.9577117047560181e-06
3 53 9.090909 160.606061 0.73010776262185928 -1.3885734878971296e-05
3 54 9.090909 163.636364 0.72864029325332325 -1.7758957401429486e-05
3 55 9.090909 166.666667 0.72681958742906938 -2.1562093432341502e-05
3 56 9.090909 169.696970 0.72465458979430253 -2.5280133731280913e-05
3 57 9.090909 172.727273 0.72215589335009922 -2.8898404891798888e-05
3 58 9.090909 175.757576 0.71933566533774829 -3.2402627250655671e-05
3 59 9.090909 178.787879 0.71620756285277065 -3.5778971243127755e-05
3 60 9.090909 181.818182 0.71278663909518369 -3.9014111981981735e-05
3 61 9.090909 184.848485 0.70908924125448602 -4.2095281844716547e-05
3 62 9.090909 187.878788 0.70513290110587301 -4.5010320861536611e-05
3 63 9.090909 190.909091 0.70093621945737161 -4.7747724705197154e-05
3 64 9.090909 193.939394 0.69651874563510796 -5.0296690093328138e-05
3 65 9.090909 196.969697 0.69190085322520445 -5.2647157424054098e-05
3 66 9.090909 200.000000 0.68710361330558789 -5.4789850476647068e-05
3 67 9.090909 203.030303 0.6821486663991746 -5.6716313020531767e-05
3 68 9.090909 206.060606 0.67705809436169861 -5.8418942188164567e-05
3 69 9.090909 209.090909 0.67185429338330049 -5.9891018480077989e-05
3 70 9.090909 212.121212 0.66655984923355716 -6.1126732283675657e-05
3 71 9.090909 215.151515 0.66119741581584446 -6.2121206801118558e-05
3 72 9.090909 218.181818 0.65578959801986336 -6.2870517295818715e-05
3 73 9.090909 221.212121 0.65035883977218845 -6.3371706581580789e-05
3 74 9.090909 224.242424 0.64492731808523884 -6.362279669326558e-05
3 75 9.090909 227.272727 0.63951684379683382 -6.3622796692914448e-05
3 76 9.090909 230.303030 0.63414876957717958 -6.3371706580528625e-05
3 77 9.090909 233.333333 0.62884390565963344 -6.2870517294069762e-05
3 78 9.090909 236.363636 0.62362244362782349 -6.2121206798679726e-05
3 79 9.090909 239.393939 0.61850388846659954 -6.1126732280556502e-05
3 80 9.090909 242.424242 0.61350699895987282 -5.9891018476290904e-05
3 81 9.090909 245.454545 0.60864973639654718 -5.8418942183724481e-05
3 82 9.090909 248.484848 0.60394922142838192 -5.6716313015456244e-05
3 83 9.090909 251.515152 0.59942169881252594 -5.4789850470956016e-05
3 84 9.090909 254.545455 0.59508250966832066 -5.2647157417770048e-05
3 85 9.090909 257.575758 0.59094607078432759 -5.0296690086475879e-05
3 86 9.090909 260.606061 0.58702586042876348 -4.7747724697803729e-05
3 87 9.090909 263.636364 0.58333441004582998 -4.5010320853631212e-05
3 88 9.090909 266.666667 0.57988330116278497 -4.2095281836330372e-05
3 89 9.090909 269.696970 0.57668316678878706 -3.9014111973147879e-05
3 90 9.090909 272.727273 0.57374369655710999 -3.5778971233881041e-05
3 91 9.090909 275.757576 0.57107364484754342 -3.2402627241032659e-05
3 92 9.090909 278.787879 0.56868084112575024 -2.889840488183753e-05
3 93 9.090909 281.818182 0.56657220175085732 -2.5280133721020505e-05
3 94 9.090909 284.848485 0.56475374253116239 -2.1562093421822525e-05
3 95 9.090909 287.878788 0.56323059134992437 -1.7758957390693472e-05
3 96 9.090909 290.909091 0.56200700023787731 -1.3885734868060619e-05
3 97 9.090909 293.939394 0.56108635633526882 -9.9577116937137391e-06
3 98 9.090909 296.969697 0.56047119126265077 -5.9903899805789198e-06
3 99 9.090909 300.000000 0.56016318850482927 -1.9994269349609855e-06
4 0 12.121212 0.000000 0.56144962813226218 2.5571378169657006e-06
4 1 12.121212 3.030303 0.56174784078852136 7.6613215959709771e-06
4 2 12.121212 6.060606 0.56234343855670155 1.2735269638739604e-05
4 3 12.121212 9.090909 0.56323476410437467 1.7758957390413145e-05
4 4 12.121212 12.121212 0.56441932591926491 2.2712558650540347e-05
4 5 12.121212 15.151515 0.56589379195922973 2.7576523818032625e-05
4 6 12.121212 18.181818 0.56765398162425529 3.233165704450821e-05
4 7 12.121212 21.212121 0.56969485641613549 3.6959191991535954e-05
4 8 12.121212 24.242424 0.57201050973020207 4.1440865892799522e-05
4 9 12.121212 27.272727 0.57459415629397137 4.5758991628892685e-05
4 10 12.121212 30.303030 0.57743812182857579 4.9896527530299084e-05
4 11 12.121212 33.333333 0.58053383355913435 5.383714463307622e-05
4 12 12.121212 36.363636 0.58387181223881179 5.7565291121816136e-05
4 13 12.121212 39.393939 0.58744166637739781 6.106625370555586e-05
4 14 12.121212 42.424242 0.59123208937818039 6.4326215684415119e-05
4 15 12.121212 45.454545 0.59523086028632388 6.733231147779821e-05
4 16 12.121212 48.484848 0.59942484883771796 7.0072677398963246e-05
4 17 12.121212 51.515152 0.60380002546936529 7.253649847557352e-05
4 18 12.121212 54.545455 0.60834147691115492 7.4714051131452333e-05
4 19 12.121212 57.575758 0.61303342792478577 7.6596741561096244e-05
4 20 12.121212 60.606061 0.61785926968940319 7.8177139645498731e-05
4 21 12.121212 63.636364 0.62280159525610579 7.9449008275436005e-05
4 22 12.121212 66.666667 0.62784224240598219 8.0407327966487116e-05
4 23 12.121212 69.696970 0.63296234415003705 8.1048316668646126e-05
4 24 12.121212 72.727273 0.63814238700569881 8.1369444692345542e-05
4 25 12.121212 75.757576 0.64336227707512816 8.1369444691985194e-05
4 26 12.121212 78.787879 0.64860141383696157 8.10483166675666e-05
4 27 12.121212 81.818182 0.65383877144715896 8.0407327964692599e-05
4 28 12.121212 84.848485 0.65905298722809402 7.9449008272933626e-05
4 29 12.121212 87.878788 0.66422245690977477 7.8177139642298356e-05
4 30 12.121212 90.909091 0.66932543607490735 7.659674155721045e-05
4 31 12.121212 93.939394 0.67434014715223045 7.4714051126896597e-05
4 32 12.121212 96.969697 0.67924489120187748 7.253649847036569e-05
4 33 12.121212 100.000000 0.68401816364410106 7.0072677393123896e-05
4 34 12.121212 103.030303 0.68863877300004639 6.7332311471350405e-05
4 35 12.121212 106.060606 0.69308596164177738 6.4326215677384284e-05
4 36 12.121212 109.090909 0.69733952748965311 6.1066253697969778e-05
4 37 12.121212 112.121212 0.70137994554947225 5.7565291113704711e-05
4 38 12.121212 115.151515 0.70518848815038204 5.3837144624471483e-05
4 39 12.121212 118.181818 0.70874734272803386 4.9896527521235012e-05
4 40 12.121212 121.212121 0.71203972599622622 4.5758991619405008e-05
4 41 12.121212 124.242424 0.71504999336454689 4.144086588292572e-05
4 42 12.121212 127.272727 0.71776374248918973 3.6959191981314983e-05
4 43 12.121212 130.303030 0.72016790988892787 3.233165703398039e-05
4 44 12.121212 133.333333 0.72225085961764557 2.7576523807239521e-05
4 45 12.121212 136.363636 0.72400246305812643 2.2712558639524565e-05
4 46 12.121212 139.393939 0.72541416898799493 1.7758957379218148e-05
4 47 12.121212 142.424242 0.72647906316672706 1.2735269627409581e-05
4 48 12.121212 145.454545 0.72719191680105033 7.6613215845506267e-06
4 49 12.121212 148.484848 0.72754922336348193 2.5571378055000873e-06
4 50 12.121212 151.515152 0.72754922336348216 -2.5571378282458848e-06
4 51 12.121212 154.545455 0.72719191680105111 -7.6613216072511588e-06
4 52 12.121212 157.575758 0.72647906316672839 -1.2735269650019787e-05
4 53 12.121212 160.606061 0.72541416898799704 -1.7758957401693327e-05
4 54 12.121212 163.636364 0.72400246305812876 -2.2712558661820525e-05
4 55 12.121212 166.666667 0.72225085961764857 -2.7576523829312803e-05
4 56 12.121212 169.696970 0.7201679098889312 -3.2331657055788385e-05
4 57 12.121212 172.727273 0.71776374248919361 -3.6959192002816135e-05
4 58 12.121212 175.757576 0.71504999336455133 -4.1440865904079711e-05
4 59 12.121212 178.787879 0.71203972599623111 -4.5758991640172874e-05
4 60 12.121212 181.818182 0.7087473427280393 -4.9896527541579273e-05
4 61 12.121212 184.848485 0.70518848815038759 -5.3837144644356395e-05
4 62 12.121212 187.878788 0.70137994554947825 -5.7565291133096325e-05
4 63 12.121212 190.909091 0.69733952748965999 -6.1066253716836048e-05
4 64 12.121212 193.939394 0.69308596164178438 -6.4326215695695267e-05
4 65 12.121212 196.969697 0.68863877300005349 -6.7332311489078398e-05
4 66 12.121212 200.000000 0.68401816364410828 -7.0072677410243435e-05
4 67 12.121212 203.030303 0.67924489120188514 -7.2536498486853668e-05
4 68 12.121212 206.060606 0.67434014715223833 -7.4714051142732549e-05
4 69 12.121212 209.090909 0.66932543607491546 -7.6596741572376419e-05
4 70 12.121212 212.121212 0.66422245690978265 -7.817713965677896e-05
4 71 12.121212 215.151515 0.65905298722810202 -7.9449008286716166e-05
4 72 12.121212 218.181818 0.65383877144716718 -8.0407327977767277e-05
4 73 12.121212 221.212121 0.6486014138369699 -8.1048316679926328e-05
4 74 12.121212 224.242424 0.64336227707513627 -8.136944470362573e-05
4 75 12.121212 227.272727 0.6381423870057068 -8.1369444703265409e-05
4 76 12.121212 230.303030 0.63296234415004526 -8.1048316678846761e-05
4 77 12.121212 233.333333 0.62784224240598996 -8.0407327975972814e-05
4 78 12.121212 236.363636 0.62280159525611345 -7.9449008284213774e-05
4 79 12.121212 239.393939 0.61785926968941074 -7.8177139653578544e-05
4 80 12.121212 242.424242 0.61303342792479332 -7.6596741568490666e-05
4 81 12.121212 245.454545 0.60834147691116225 -7.4714051138176718e-05
4 82 12.121212 248.484848 0.6038000254693725 -7.2536498481645892e-05
4 83 12.121212 251.515152 0.59942484883772473 -7.0072677404404084e-05
4 84 12.121212 254.545455 0.59523086028633032 -6.7332311482630594e-05
4 85 12.121212 257.575758 0.59123208937818661 -6.4326215688664459e-05
4 86 12.121212 260.606061 0.58744166637740369 -6.1066253709249967e-05
4 87 12.121212 263.636364 0.58387181223881712 -5.7565291124984893e-05
4 88 12.121212 266.666667 0.58053383355913946 -5.3837144635751672e-05
4 89 12.121212 269.696970 0.57743812182858067 -4.98965275325152e-05
4 90 12.121212 272.727273 0.57459415629397548 -4.5758991630685197e-05
4 91 12.121212 275.757576 0.57201050973020584 -4.1440865894205909e-05
4 92 12.121212 278.787879 0.56969485641613904 -3.6959191992595172e-05
4 93 12.121212 281.818182 0.56765398162425817 -3.2331657045260599e-05
4 94 12.121212 284.848485 0.56589379195923228 -2.7576523818519703e-05
4 95 12.121212 287.878788 0.5644193259192668 -2.2712558650804733e-05
4 96 12.121212 290.909091 0.56323476410437645 -1.7758957390498326e-05
4 97 12.121212 293.939394 0.56234343855670266 -1.2735269638689751e-05
4 98 12.121212 296.969697 0.56174784078852191 -7.6613215958308067e-06
4 99 12.121212 300.000000 0.56144962813226229 -2.5571378167802622e-06
5 0 15.151515 0.000000 0.56305118171868473 3.104756843928134e-06
5 1 15.151515 3.030303 0.56333717840975417 9.3020174748693147e-06
5 2 15.151515 6.060606 0.56390836176707404 1.5462567292501693e-05
5 3 15.151515 9.090909 0.5647631099121333 2.1562093421182548e-05
5 4 15.151515 12.121212 0.56589898554145823 2.7576523817890405e-05
5 5 15.151515 15.151515 0.56731273078430489 3.3482122273581324e-05
5 6 15.151515 18.181818 0.56900026074240173 3.9255582089161996e-05
5 7 15.151515 21.212121 0.57095665604188728 4.487411805638323e-05
5 8 15.151515 24.242424 0.57317615479854078 5.0315556380647326e-05
5 9 15.151515 27.272727 0.57565214446090407 5.5558422190845088e-05
5 10 15.151515 30.303030 0.57837715405074452 6.0582024290861237e-05
5 11 15.151515 33.333333 0.58134284736541297 6.5366536818272489e-05
5 12 15.151515 36.363636 0.5845400177411153 6.9893077487968993e-05
5 13 15.151515 39.393939 0.58795858499919418 7.4143782111907178e-05
5 14 15.151515 42.424242 0.59158759520864435 7.8101875100898663e-05
5 15 15.151515 45.454545 0.59541522389692869 8.175173567019647e-05
5 16 15.151515 48.484848 0.59942878332755489 8.5078959487596309e-05
5 17 15.151515 51.515152 0.60361473443686386 8.8070415520754891e-05
5 18 15.151515 54.545455 0.6079587039843487 9.0714297859375578e-05
5 19 15.151515 57.575758 0.61244550742100989 9.3000172307742792e-05
5 20 15.151515 60.606061 0.61705917791943354 9.4919017563725502e-05
5 21 15.151515 63.636364 0.62178300193826996 9.6463260821735372e-05
5 22 15.151515 66.666667 0.62659956161366015 9.7626807659130673e-05
5 23 15.151515 69.696970 0.63149078418199955 9.840506608811815e-05
5 24 15.151515 72.727273 0.63643799854364924 9.8794964678231153e-05
5 25 15.151515 75.757576 0.64142199897715257 9.8794964677862104e-05
5 26 15.151515 78.787879 0.64642311590977097 9.8405066087012535e-05
5 27 15.151515 81.818182 0.65142129354430389 9.7626807657292855e-05
5 28 15.151515 84.848485 0.65639617403582651 9.6463260819172576e-05
5 29 15.151515 87.878788 0.66132718780688804 9.4919017560447864e-05
5 30 15.151515 90.909091 0.6661936494874664 9.3000172303763255e-05
5 31 15.151515 93.939394 0.67097485886826136 9.0714297854709836e-05
5 32 15.151515 96.969697 0.67565020616424842 8.8070415515421416e-05
5 33 15.151515 100.000000 0.68019928080137992 8.507895948161604e-05
5 34 15.151515 103.030303 0.68460198286419538 8.1751735663593042e-05
5 35 15.151515 106.060606 0.68883863627726316 7.8101875093698138e-05
5 36 15.151515 109.090909 0.69289010273984208 7.4143782104138029e-05
5 37 15.151515 112.121212 0.69673789539192033 6.9893077479661836e-05
5 38 15.151515 115.151515 0.70036429116162158 6.5366536809460094e-05
5 39 15.151515 118.181818 0.70375244072941878 6.05820242815784e-05
5 40 15.151515 121.212121 0.70688647504404323 5.5558422181128441e-05
5 41 15.151515 124.242424 0.70975160733859577 5.0315556370535257e-05
5 42 15.151515 127.272727 0.71233422962307158 4.4874118045915617e-05
5 43 15.151515 130.303030 0.71462200267106013 3.9255582078380127e-05
5 44 15.151515 133.333333 0.7166039385732903 3.3482122262527755e-05
5 45 15.151515 136.363636 0.71827047499829288 2.7576523806608787e-05
5 46 15.151515 139.393939 0.71961354037984304 2.1562093409717384e-05
5 47 15.151515 142.424242 0.72062660934103528 1.5462567280898243e-05
5 48 15.151515 145.454545 0.721304747764549 9.3020174631733652e-06
5 49 15.151515 148.484848 0.72164464702658748 3.1047568321858268e-06
5 50 15.151515 151.515152 0.72164464702658782 -3.104756855612934e-06
5 51 15.151515 154.545455 0.72130474776454956 -9.3020174865541139e-06
5 52 15.151515 157.575758 0.72062660934103639 -1.5462567304186485e-05
5 53 15.151515 160.606061 0.71961354037984504 -2.156209343286735e-05
5 54 15.151515 163.636364 0.71827047499829522 -2.7576523829575207e-05
5 55 15.151515 166.666667 0.7166039385732933 -3.3482122285266124e-05
5 56 15.151515 169.696970 0.71462200267106357 -3.9255582100846796e-05
5 57 15.151515 172.727273 0.71233422962307558 -4.4874118068068049e-05
5 58 15.151515 175.757576 0.7097516073386001 -5.0315556392332132e-05
5 59 15.151515 178.787879 0.706886475044048 -5.5558422202529887e-05
5 60 15.151515 181.818182 0.70375244072942411 -6.0582024302546029e-05
5 61 15.151515 184.848485 0.70036429116162724 -6.5366536829957275e-05
5 62 15.151515 187.878788 0.69673789539192621 -6.9893077499653806e-05
5 63 15.151515 190.909091 0.69289010273984875 -7.4143782123592004e-05
5 64 15.151515 193.939394 0.68883863627726993 -7.8101875112583449e-05
5 65 15.151515 196.969697 0.68460198286420226 -8.175173568188127e-05
5 66 15.151515 200.000000 0.68019928080138703 -8.5078959499281095e-05
5 67 15.151515 203.030303 0.67565020616425597 -8.807041553243969e-05
5 68 15.151515 206.060606 0.67097485886826891 -9.0714297871060377e-05
5 69 15.151515 209.090909 0.66619364948747439 -9.3000172319427591e-05
5 70 15.151515 212.121212 0.66132718780689559 -9.4919017575410301e-05
5 71 15.151515 215.151515 0.65639617403583428 -9.6463260833420171e-05
5 72 15.151515 218.181818 0.65142129354431189 -9.7626807670815485e-05
5 73 15.151515 221.212121 0.64642311590977919 -9.8405066099802963e-05
5 74 15.151515 224.242424 0.64142199897716057 -9.8794964689915939e-05
5 75 15.151515 227.272727 0.63643799854365712 -9.8794964689546917e-05
5 76 15.151515 230.303030 0.63149078418200755 -9.8405066098697347e-05
5 77 15.151515 233.333333 0.62659956161366781 -9.7626807668977654e-05
5 78 15.151515 236.363636 0.62178300193827762 -9.6463260830857389e-05
5 79 15.151515 239.393939 0.61705917791944076 -9.4919017572132663e-05
5 80 15.151515 242.424242 0.61244550742101733 -9.3000172315448054e-05
5 81 15.151515 245.454545 0.6079587039843557 -9.0714297866394662e-05
5 82 15.151515 248.484848 0.60361473443687086 -8.8070415527106188e-05
5 83 15.151515 251.515152 0.59942878332756155 -8.5078959493300826e-05
5 84 15.151515 254.545455 0.59541522389693491 -8.1751735675277855e-05
5 85 15.151515 257.575758 0.59158759520865034 -7.810187510538295e-05
5 86 15.151515 260.606061 0.58795858499919995 -7.4143782115822856e-05
5 87 15.151515 263.636364 0.58454001774112041 -6.9893077491346635e-05
5 88 15.151515 266.666667 0.58134284736541775 -6.5366536821144893e-05
5 89 15.151515 269.696970 0.57837715405074919 -6.0582024293263212e-05
5 90 15.151515 272.727273 0.57565214446090818 -5.5558422192813254e-05
5 91 15.151515 275.757576 0.57317615479854445 -5.0315556382220056e-05
5 92 15.151515 278.787879 0.57095665604189083 -4.4874118057600416e-05
5 93 15.151515 281.818182 0.56900026074240451 -3.9255582090064927e-05
5 94 15.151515 284.848485 0.56731273078430755 -3.3482122274212567e-05
5 95 15.151515 287.878788 0.56589898554146001 -2.7576523818293569e-05
5 96 15.151515 290.909091 0.56476310991213485 -2.1562093421402183e-05
5 97 15.151515 293.939394 0.56390836176707504 -1.5462567292583028e-05
5 98 15.151515 296.969697 0.5633371784097545 -9.302017474858161e-06
5 99 15.151515 300.000000 0.56305118171868485 -3.104756843870617e-06
6 0 18.181818 0.000000 0.56496348550813436 3.6401228140677775e-06
6 1 18.181818 3.030303 0.56523485586905886 1.0906002540494032e-05
6 2 18.181818 6.060606 0.56577680959450616 1.8128841257347807e-05
6 3 18.181818 9.090909 0.56658777131907823 2.5280133720014799e-05
6 4 18.181818 12.121212 0.56766537463923772 3.2331657044259623e-05
6 5 18.181818 15.151515 0.5690064582982941 3.9255582089056036e-05
6 6 18.181818 18.181818 0.57060706144802376 4.6024583285492678e-05
6 7 18.181818 21.212121 0.57246241827710553 5.2611946478309757e-05
6 8 18.181818 24.242424 0.57456695235880351 5.8991674354465157e-05
6 9 18.181818 27.272727 0.57691427112596594 6.5138589042652097e-05
6 10 18.181818 30.303030 0.57949716092935288 7.1028431478854529e-05
6 11 18.181818 33.333333 0.58230758317459408 7.6637957145789809e-05
6 12 18.181818 36.363636 0.58533667206291762 8.1945027808399046e-05
6 13 18.181818 39.393939 0.58857473448051878 8.6928698883346884e-05
6 14 18.181818 42.424242 0.59201125259054344 9.1569302097723278e-05
6 15 18.181818 45.454545 0.5956348896798781 9.5848523110730969e-05
6 16 18.181818 48.484848 0.59943349980008609 9.9749473792021739e-05
6 17 18.181818 51.515152 0.60339414171798922 0.00010325675887143139
6 18 18.181818 54.545455 0.60750309765678179 0.00010635653669707769
6 19 18.181818 57.575758 0.61174589726361306 0.00010903657386203652
6 20 18.181818 60.606061 0.61610734718485016 0.00011128629348401027
6 21 18.181818 63.636364 0.62057156656650669 0.00011309681694745023
6 22 18.181818 66.666667 0.62512202872549572 0.00011446099894339564
6 23 18.181818 69.696970 0.6297416091584801 0.00011537345566874394
6 24 18.181818 72.727273 0.63441263997033759 0.00011583058607366214
6 25 18.181818 75.757576 0.63911697071488027 0.00011583058607328488
6 26 18.181818 78.787879 0.64383603554786317 0.00011537345566761376
6 27 18.181818 81.818182 0.64855092649789148 0.00011446099894151695
6 28 18.181818 84.848485 0.65324247256605272 0.00011309681694483044
6 29 18.181818 87.878788 0.65789132427148334 0.00011128629348065973
6 30 18.181818 90.909091 0.6624780431690559 0.00010903657385796843
6 31 18.181818 93.939394 0.66698319577845833 0.00010635653669230823
6 32 18.181818 96.969697 0.67138745128248523 0.00010325675886597934
6 33 18.181818 100.000000 0.67567168227773877 9.9749473785908479e-05
6 34 18.181818 103.030303 0.67981706779436046 9.5848523103980726e-05
6 35 18.181818 106.060606 0.68380519774401682 9.1569302090362643e-05
6 36 18.181818 109.090909 0.68761817790812674 8.6928698875404981e-05
6 37 18.181818 112.121212 0.69123873454209672 8.1945027799907181e-05
6 38 18.181818 115.151515 0.69465031764678908 7.6637957136781499e-05
6 39 18.181818 118.181818 0.69783720194611543 7.1028431469365294e-05
6 40 18.181818 121.212121 0.70078458460982485 6.5138589032719409e-05
6 41 18.181818 124.242424 0.70347867877340098 5.8991674344128224e-05
6 42 18.181818 127.272727 0.70590680193244926 5.261194646760938e-05
6 43 18.181818 130.303030 0.70805745832676592 4.6024583274471072e-05
6 44 18.181818 133.333333 0.70992041447906684 3.9255582077756684e-05
6 45 18.181818 136.363636 0.71148676711445924 3.2331657032727161e-05
6 46 18.181818 139.393939 0.71274900275839281 2.5280133708294713e-05
6 47 18.181818 142.424242 0.71370104839213766 1.8128841245486357e-05
6 48 18.181818 145.454545 0.7143383126346291 1.0906002528538019e-05
6 49 18.181818 148.484848 0.71465771701667979 3.6401228020643775e-06
6 50 18.181818 151.515152 0.71465771701667979 -3.6401228261188744e-06
6 51 18.181818 154.545455 0.71433831263462977 -1.0906002552545125e-05
6 52 18.181818 157.575758 0.71370104839213877 -1.8128841269398897e-05
6 53 18.181818 160.606061 0.71274900275839481 -2.5280133732065896e-05
6 54 18.181818 163.636364 0.71148676711446157 -3.2331657056310726e-05
6 55 18.181818 166.666667 0.70992041447906951 -3.9255582101107133e-05
6 56 18.181818 169.696970 0.70805745832676903 -4.6024583297543789e-05
6 57 18.181818 172.727273 0.70590680193245314 -5.2611946490360854e-05
6 58 18.181818 175.757576 0.7034786787734052 -5.899167436651624e-05
6 59 18.181818 178.787879 0.7007845846098294 -6.5138589054703207e-05
6 60 18.181818 181.818182 0.69783720194612064 -7.102843149090564e-05
6 61 18.181818 184.848485 0.69465031764679452 -7.6637957157840893e-05
6 62 18.181818 187.878788 0.69123873454210261 -8.194502782045017e-05
6 63 18.181818 190.909091 0.68761817790813295 -8.6928698895397994e-05
6 64 18.181818 193.939394 0.68380519774402326 -9.1569302109774362e-05
6 65 18.181818 196.969697 0.6798170677943669 -9.5848523122782066e-05
6 66 18.181818 200.000000 0.67567168227774554 -9.9749473804072836e-05
6 67 18.181818 203.030303 0.67138745128249244 -0.00010325675888348245
6 68 18.181818 206.060606 0.66698319577846565 -0.00010635653670912874
6 69 18.181818 209.090909 0.66247804316906334 -0.0001090365738740876
6 70 18.181818 212.121212 0.65789132427149066 -0.00011128629349606138
6 71 18.181818 215.151515 0.65324247256606027 -0.00011309681695950129
6 72 18.181818 218.181818 0.64855092649789903 -0.00011446099895544671
6 73 18.181818 221.212121 0.64383603554787106 -0.00011537345568079507
6 74 18.181818 224.242424 0.63911697071488793 -0.00011583058608571323
6 75 18.181818 227.272727 0.63441263997034525 -0.00011583058608533599
6 76 18.181818 230.303030 0.62974160915848776 -0.00011537345567966487
6 77 18.181818 233.333333 0.62512202872550304 -0.00011446099895356804
6 78 18.181818 236.363636 0.62057156656651391 -0.00011309681695688154
6 79 18.181818 239.393939 0.61610734718485716 -0.00011128629349271087
6 80 18.181818 242.424242 0.61174589726362016 -0.00010903657387001957
6 81 18.181818 245.454545 0.60750309765678878 -0.00010635653670435928
6 82 18.181818 248.484848 0.6033941417179961 -0.00010325675887803045
6 83 18.181818 251.515152 0.59943349980009253 -9.9749473797959576e-05
6 84 18.181818 254.545455 0.59563488967988398 -9.5848523116031796e-05
6 85 18.181818 257.575758 0.59201125259054932 -9.1569302102413781e-05
6 86 18.181818 260.606061 0.58857473448052433 -8.6928698887456078e-05
6 87 18.181818 263.636364 0.58533667206292272 -8.1945027811958264e-05
6 88 18.181818 266.666667 0.58230758317459874 -7.6637957148832582e-05
6 89 18.181818 269.696970 0.57949716092935755 -7.1028431481416404e-05
6 90 18.181818 272.727273 0.57691427112596994 -6.5138589044770519e-05
6 91 18.181818 275.757576 0.57456695235880717 -5.8991674356179328e-05
6 92 18.181818 278.787879 0.57246241827710886 -5.2611946479660497e-05
6 93 18.181818 281.818182 0.57060706144802653 -4.6024583286522183e-05
6 94 18.181818 284.848485 0.56900645829829644 -3.9255582089807781e-05
6 95 18.181818 287.878788 0.56766537463923961 -3.2331657044778251e-05
6 96 18.181818 290.909091 0.56658777131908 -2.528013372034581e-05
6 97 18.181818 293.939394 0.56577680959450727 -1.8128841257537441e-05
6 98 18.181818 296.969697 0.56523485586905953 -1.0906002540589111e-05
6 99 18.181818 300.000000 0.56496348550813436 -3.6401228141154629e-06
7 0 21.212121 0.000000 0.56718127149343334 4.1611228824859382e-06
7 1 21.212121 3.030303 0.56743562478542831 1.2466946596582183e-05
7 2 21.212121 6.060606 0.56794357393423289 2.0723568968043427e-05
7 3 21.212121 9.090909 0.56870360317314916 2.889840488046146e-05
7 4 21.212121 12.121212 0.56971343667613206 3.6959191991217246e-05
7 5 21.212121 15.151515 0.57097003612684927 4.4874118056207962e-05
7 6 21.212121 18.181818 0.57246959777421924 5.2611946478240822e-05
7 7 21.212121 21.212121 0.5742075492215799 6.0142139583611686e-05
7 8 21.212121 24.242424 0.57617854624954579 6.743497914035158e-05
7 9 21.212121 27.272727 0.57837647001977621 7.4461683642511529e-05
7 10 21.212121 30.303030 0.58079442504741041 8.1194521897617457e-05
7 11 21.212121 33.333333 0.58342473836298048 8.7606922469017664e-05
7 12 21.212121 36.363636 0.58625896030949565 9.3673578541203967e-05
7 13 21.212121 39.393939 0.5892878674365456 9.9370547794250938e-05
7 14 21.212121 42.424242 0.59250146796025549 0.00010467534689321463
7 15 21.212121 45.454545 0.59588901025550245 0.00010956704021958347
7 16 21.212121 48.484848 0.59943899483483598 0.00011402632249460038
7 17 21.212121 51.515152 0.60313919024707907 0.00011803559496837827
7 18 21.212121 54.545455 0.60697665329786443 0.00012157903487412541
7 19 21.212121 57.575758 0.61093775395468319 0.00012464265787337758
7 20 21.212121 60.606061 0.61500820525097344 0.00012721437324579279
7 21 21.212121 63.636364 0.61917309844794544 0.00012928403160570131
7 22 21.212121 66.666667 0.62341694365006461 0.00013084346495709345
7 23 21.212121 69.696970 0.62772371600128307 0.00013188651892896854
7 24 21.212121 72.727273 0.63207690751524037 0.00013240907706382578
7 25 21.212121 75.757576 0.63645958451487006 0.00013240907706344089
7 26 21.212121 78.787879 0.6408544505763083 0.00013188651892781538
7 27 21.212121 81.818182 0.64524391478998055 0.0001308434649551765
7 28 21.212121 84.848485 0.6496101650694569 0.00012928403160302821
7 29 21.212121 87.878788 0.65393524615749865 0.00012721437324237408
7 30 21.212121 90.909091 0.65820114189983714 0.00012464265786922665
7 31 21.212121 93.939394 0.66238986128201616 0.00012157903486925878
7 32 21.212121 96.969697 0.66648352765420149 0.00011803559496281516
7 33 21.212121 100.000000 0.67046447050445779 0.00011402632248836264
7 34 21.212121 103.030303 0.67431531908360942 0.00010956704021269573
7 35 21.212121 106.060606 0.67801909713547515 0.0001046753468857041
7 36 21.212121 109.090909 0.68155931794581237 9.9370547786147286e-05
7 37 21.212121 112.121212 0.68492007889246498 9.3673578532539118e-05
7 38 21.212121 115.151515 0.68808615465858269 8.7606922459825852e-05
7 39 21.212121 118.181818 0.69104308826077987 8.1194521887934976e-05
7 40 21.212121 121.212121 0.69377727904503317 7.4461683632376556e-05
7 41 21.212121 124.242424 0.69627606681508192 6.7434979129804136e-05
7 42 21.212121 127.272727 0.69852781128106101 6.014213957269339e-05
7 43 21.212121 130.303030 0.70052196604982209 5.2611946466994745e-05
7 44 21.212121 133.333333 0.7022491464225521 4.4874118044678488e-05
7 45 21.212121 136.363636 0.70370119031931844 3.6959191979449912e-05
7 46 21.212121 139.393939 0.7048712117133713 2.8898404868502676e-05
7 47 21.212121 142.424242 0.7057536460296453 2.07235689559404e-05
7 48 21.212121 145.454545 0.70634428704090368 1.2466946584382669e-05
7 49 21.212121 148.484848 0.70664031488038048 4.1611228702380739e-06
7 50 21.212121 151.515152 0.70664031488038059 -4.1611228948635654e-06
7 51 21.212121 154.545455 0.70634428704090424 -1.2466946608959802e-05
7 52 21.212121 157.575758 0.70575364602964641 -2.0723568980421045e-05
7 53 21.212121 160.606061 0.70487121171337319 -2.8898404892839085e-05
7 54 21.212121 163.636364 0.70370119031932055 -3.6959192003594877e-05
7 55 21.212121 166.666667 0.70224914642255465 -4.4874118068585593e-05
7 56 21.212121 169.696970 0.70052196604982508 -5.2611946490618467e-05
7 57 21.212121 172.727273 0.69852781128106467 -6.014213959598931e-05
7 58 21.212121 175.757576 0.69627606681508569 -6.7434979152729212e-05
7 59 21.212121 178.787879 0.69377727904503739 -7.4461683654889174e-05
7 60 21.212121 181.818182 0.69104308826078498 -8.1194521909995075e-05
7 61 21.212121 184.848485 0.6880861546585878 -8.7606922481395268e-05
7 62 21.212121 187.878788 0.68492007889247053 -9.3673578553581598e-05
7 63 21.212121 190.909091 0.68155931794581837 -9.9370547806628597e-05
7 64 21.212121 193.939394 0.67801909713548147 -0.00010467534690559225
7 65 21.212121 196.969697 0.67431531908361575 -0.00010956704023196106
7 66 21.212121 200.000000 0.67046447050446445 -0.00011402632250697799
7 67 21.212121 203.030303 0.66648352765420849 -0.00011803559498075587
7 68 21.212121 206.060606 0.66238986128202326 -0.00012157903488650302
7 69 21.212121 209.090909 0.65820114189984469 -0.00012464265788575518
7 70 21.212121 212.121212 0.65393524615750565 -0.00012721437325817042
7 71 21.212121 215.151515 0.64961016506946423 -0.00012928403161807891
7 72 21.212121 218.181818 0.64524391478998777 -0.00013084346496947108
7 73 21.212121 221.212121 0.64085445057631607 -0.0001318865189413462
7 74 21.212121 224.242424 0.63645958451487739 -0.00013240907707620341
7 75 21.212121 227.272727 0.6320769075152477 -0.00013240907707581855
7 76 21.212121 230.303030 0.62772371600129062 -0.00013188651894019301
7 77 21.212121 233.333333 0.62341694365007183 -0.00013084346496755413
7 78 21.212121 236.363636 0.61917309844795243 -0.00012928403161540584
7 79 21.212121 239.393939 0.61500820525098032 -0.00012721437325475168
7 80 21.212121 242.424242 0.61093775395469019 -0.00012464265788160429
7 81 21.212121 245.454545 0.60697665329787109 -0.00012157903488163645
7 82 21.212121 248.484848 0.60313919024708562 -0.00011803559497519277
7 83 21.212121 251.515152 0.59943899483484198 -0.00011402632250074025
7 84 21.212121 254.545455 0.59588901025550822 -0.00010956704022507333
7 85 21.212121 257.575758 0.59250146796026104 -0.00010467534689808175
7 86 21.212121 260.606061 0.58928786743655104 -9.9370547798524944e-05
7 87 21.212121 263.636364 0.58625896030950064 -9.3673578544916763e-05
7 88 21.212121 266.666667 0.58342473836298492 -8.760692247220347e-05
7 89 21.212121 269.696970 0.58079442504741474 -8.1194521900312581e-05
7 90 21.212121 272.727273 0.57837647001978021 -7.4461683644754201e-05
7 91 21.212121 275.757576 0.57617854624954945 -6.7434979142181768e-05
7 92 21.212121 278.787879 0.57420754922158324 -6.0142139585071028e-05
7 93 21.212121 281.818182 0.57246959777422191 -5.261194647937239e-05
7 94 21.212121 284.848485 0.57097003612685182 -4.4874118057056119e-05
7 95 21.212121 287.878788 0.56971343667613394 -3.695919199182753e-05
7 96 21.212121 290.909091 0.56870360317315083 -2.8898404880880304e-05
7 97 21.212121 293.939394 0.56794357393423367 -2.0723568968318014e-05
7 98 21.212121 296.969697 0.56743562478542875 -1.2466946596760288e-05
7 99 21.212121 300.000000 0.56718127149343334 -4.1611228826156884e-06
8 0 24.242424 0.000000 0.56969835226569476 4.665700899934861e-06
8 1 24.242424 3.030303 0.56993332202700453 1.3978689310071888e-05
8 2 24.242424 6.060606 0.57040254134656809 2.3236510219732755e-05
8 3 24.242424 9.090909 0.57110456939425447 3.2402627239283095e-05
8 4 24.242424 12.121212 0.57203724391800592 4.1440865892447272e-05
8 5 24.242424 15.151515 0.57319768018350081 5.0315556380439681e-05
8 6 24.242424 18.181818 0.57458226980381633 5.8991674354364658e-05
8 7 24.242424 21.212121 0.57618667966171011 6.7434979140320423e-05
8 8 24.242424 24.242424 0.57800585117035341 7.5612148871695794e-05
8 9 24.242424 27.272727 0.5800340001567823 8.3490911995354563e-05
8 10 24.242424 30.303030 0.58226461768521076 9.1040174632712082e-05
8 11 24.242424 33.333333 0.58469047216397152 9.8230143293068789e-05
8 12 24.242424 36.363636 0.58730361309965373 0.00010503244245490646
8 13 24.242424 39.393939 0.59009537687451363 0.00011142022655110816
8 14 24.242424 42.424242 0.59305639492806561 0.00011736828591614725
8 15 24.242424 45.454545 0.59617660472076328 0.00012285314627711965
8 16 24.242424 48.484848 0.59944526384668773 0.00012785316139597496
8 17 24.242424 51.515152 0.60285096764326684 0.00013234859849732886
8 18 24.242424 54.545455 0.60638167061941495 0.0001363217161447119
8 19 24.242424 57.575758 0.61002471198940467 0.00013975683425791475
8 20 24.242424 60.606061 0.61376684555872629 0.00014264039599510084
8 21 24.242424 63.636364 0.61759427416066359 0.0001449610212554675
8 22 24.242424 66.666667 0.62149268878903663 0.00014670955159130488
8 23 24.242424 69.696970 0.62544731251424279 0.00014787908635220494
8 24 24.242424 72.727273 0.62944294920729282 0.00014846500991877611
8 25 24.242424 75.757576 0.63346403703083565 0.00014846500991838412
8 26 24.242424 78.787879 0.63749470658829144 0.0001478790863510304
8 27 24.242424 81.818182 0.64151884355311173 0.00014670955158935242
8 28 24.242424 84.848485 0.6455201555309914 0.00014496102125274485
8 29 24.242424 87.878788 0.64948224283965972 0.00014264039599161876
8 30 24.242424 90.909091 0.65338867282468871 0.00013975683425368696
8 31 24.242424 93.939394 0.65722305726674224 0.00013632171613975512
8 32 24.242424 96.969697 0.66096913237676014 0.00013234859849166263
8 33 24.242424 100.000000 0.66461084082180777 0.0001278531613896217
8 34 24.242424 103.030303 0.66813241517650968 0.00012285314627010437
8 35 24.242424 106.060606 0.6715184621540522 0.00011736828590849762
8 36 24.242424 109.090909 0.67475404693730867 0.00011142022654285438
8 37 24.242424 112.121212 0.67782477690538623 0.00010503244244608114
8 38 24.242424 115.151515 0.68071688403428643 9.8230143283706717e-05
8 39 24.242424 118.181818 0.68341730524275068 9.1040174622850247e-05
8 40 24.242424 121.212121 0.68591375995602466 8.3490911985031847e-05
8 41 24.242424 124.242424 0.68819482417123146 7.5612148860952977e-05
8 42 24.242424 127.272727 0.69025000032834283 6.7434979129199883e-05
8 43 24.242424 130.303030 0.6920697823201073 5.8991674342910279e-05
8 44 24.242424 133.333333 0.69364571501248629 5.0315556368696646e-05
8 45 24.242424 136.363636 0.69497044769368932 4.1440865880461959e-05
8 46 24.242424 139.393939 0.69603778092417157 3.2402627227102802e-05
8 47 24.242424 142.424242 0.69684270632136536 2.3236510207405552e-05
8 48 24.242424 145.454545 0.69738143888054316 1.3978689297646399e-05
8 49 24.242424 148.484848 0.6976514415062598 4.6657008874601282e-06
8 50 24.242424 151.515152 0.6976514415062598 -4.6657009125979612e-06
8 51 24.242424 154.545455 0.6973814388805436 -1.3978689322734983e-05
8 52 24.242424 157.575758 0.69684270632136636 -2.3236510232395853e-05
8 53 24.242424 160.606061 0.69603778092417334 -3.2402627251946197e-05
8 54 24.242424 163.636364 0.69497044769369143 -4.1440865905110374e-05
8 55 24.242424 166.666667 0.69364571501248895 -5.0315556393102783e-05
8 56 24.242424 169.696970 0.69206978232011007 -5.8991674367027753e-05
8 57 24.242424 172.727273 0.69025000032834638 -6.7434979152983539e-05
8 58 24.242424 175.757576 0.68819482417123501 -7.5612148884358896e-05
8 59 24.242424 178.787879 0.68591375995602899 -8.3490912008017651e-05
8 60 24.242424 181.818182 0.68341730524275568 -9.104017464537517e-05
8 61 24.242424 184.848485 0.6807168840342912 -9.8230143305731864e-05
8 62 24.242424 187.878788 0.67782477690539145 -0.00010503244246756956
8 63 24.242424 190.909091 0.67475404693731433 -0.00011142022656377127
8 64 24.242424 193.939394 0.6715184621540583 -0.00011736828592881032
8 65 24.242424 196.969697 0.66813241517651567 -0.00012285314628978278
8 66 24.242424 200.000000 0.66461084082181399 -0.00012785316140863812
8 67 24.242424 203.030303 0.66096913237676691 -0.00013234859850999191
8 68 24.242424 206.060606 0.65722305726674901 -0.00013632171615737498
8 69 24.242424 209.090909 0.65338867282469582 -0.00013975683427057788
8 70 24.242424 212.121212 0.64948224283966649 -0.00014264039600776394
8 71 24.242424 215.151515 0.6455201555309984 -0.00014496102126813058
8 72 24.242424 218.181818 0.64151884355311894 -0.00014670955160396798
8 73 24.242424 221.212121 0.63749470658829888 -0.00014787908636486804
8 74 24.242424 224.242424 0.63346403703084253 -0.00014846500993143924
8 75 24.242424 227.272727 0.62944294920729971 -0.00014846500993104722
8 76 24.242424 230.303030 0.62544731251425023 -0.0001478790863636935
8 77 24.242424 233.333333 0.62149268878904362 -0.00014670955160201552
8 78 24.242424 236.363636 0.61759427416067048 -0.00014496102126540796
8 79 24.242424 239.393939 0.61376684555873284 -0.00014264039600428186
8 80 24.242424 242.424242 0.61002471198941155 -0.00013975683426635009
8 81 24.242424 245.454545 0.60638167061942139 -0.00013632171615241822
8 82 24.242424 248.484848 0.60285096764327317 -0.00013234859850432576
8 83 24.242424 251.515152 0.59944526384669361 -0.0001278531614022848
8 84 24.242424 254.545455 0.59617660472076894 -0.00012285314628276745
8 85 24.242424 257.575758 0.59305639492807116 -0.00011736828592116072
8 86 24.242424 260.606061 0.59009537687451885 -0.00011142022655551752
8 87 24.242424 263.636364 0.58730361309965828 -0.00010503244245874422
8 88 24.242424 266.666667 0.58469047216397574 -9.8230143296369819e-05
8 89 24.242424 269.696970 0.5822646176852152 -9.1040174635513349e-05
8 90 24.242424 272.727273 0.58003400015678608 -8.3490911997694922e-05
8 91 24.242424 275.757576 0.57800585117035652 -7.5612148873616079e-05
8 92 24.242424 278.787879 0.57618667966171333 -6.7434979141862999e-05
8 93 24.242424 281.818182 0.57458226980381899 -5.8991674355573381e-05
8 94 24.242424 284.848485 0.57319768018350303 -5.0315556381359748e-05
8 95 24.242424 287.878788 0.57203724391800781 -4.1440865893125047e-05
8 96 24.242424 290.909091 0.57110456939425591 -3.2402627239765904e-05
8 97 24.242424 293.939394 0.57040254134656909 -2.3236510220068634e-05
8 98 24.242424 296.969697 0.56993332202700508 -1.3978689310309496e-05
8 99 24.242424 300.000000 0.56969835226569476 -4.6657009001232149e-06
9 0 27.272727 0.000000 0.57250760497879105 5.15186552749944e-06
9 1 27.272727 3.030303 0.57272085425600516 1.5435264523122557e-05
9 2 27.272727 6.060606 0.5731466787384687 2.5657747581349034e-05
9 3 27.272727 9.090909 0.57378373030052876 3.5778971231756337e-05
9 4 27.272727 12.121212 0.57462998684099209 4.5758991628543559e-05
9 5 27.272727 15.151515 0.57568275250350665 5.5558422190642146e-05
9 6 27.272727 18.181818 0.57693865816068934 6.5138589042557514e-05
9 7 27.272727 21.212121 0.57839366232024192 7.446168364248708e-05
9 8 27.272727 24.242424 0.58004305264487843 8.3490911995361637e-05
9 9 27.272727 27.272727 0.58188144830763888 9.2190639861934484e-05
9 10 27.272727 30.303030 0.58390280342944212 0.00010052653339084386
9 11 27.272727 33.333333 0.5861004118659926 0.00010846569461863861
9 12 27.272727 36.363636 0.58846691362595727 0.00011597679130301042
9 13 27.272727 39.393939 0.59099430321124213 0.00012303018057683972
9 14 27.272727 42.424242 0.59367394017301067 0.00012959802593504985
9 15 27.272727 45.454545 0.59649656217355784 0.0001356544070925749
9 16 27.272727 48.484848 0.59945230083428225 0.00014117542227988359
9 17 27.272727 51.515152 0.60253070063375425 0.00014613928257234353
9 18 27.272727 54.545455 0.60572074109746987 0.00015052639788115245
9 19 27.272727 57.575758 0.60901086249251368 0.00015431945426646872
9 20 27.272727 60.606061 0.61238899520641399 0.00015750348226762221
9 21 27.272727 63.636364 0.61584259295039556 0.00016006591598073636
9 22 27.272727 66.666667 0.61935866988355659 0.00016199664265061016
9 23 27.272727 69.696970 0.62292384170686566 0.00016328804258114256
9 24 27.272727 72.727273 0.62652437072494704 0.00016393501920679252
9 25 27.272727 75.757576 0.63014621482019995 0.00016393501920639394
9 26 27.272727 78.787879 0.63377508022864304 0.00016328804257994845
9 27 27.272727 81.818182 0.63739647795087295 0.00016199664264862502
9 28 27.272727 84.848485 0.64099578357549925 0.00016006591597796826
9 29 27.272727 87.878788 0.6445583002373082 0.00015750348226408197
9 30 27.272727 90.909091 0.64806932437899856 0.00015431945426217034
9 31 27.272727 93.939394 0.65151421393459341 0.00015052639787611289
9 32 27.272727 96.969697 0.65487845850527571 0.00014613928256658267
9 33 27.272727 100.000000 0.65814775105529832 0.00014117542227342416
9 34 27.272727 103.030303 0.66130806061744718 0.00013565440708544239
9 35 27.272727 106.060606 0.66434570546497207 0.00012959802592727243
9 36 27.272727 109.090909 0.66724742618052701 0.00012303018056844807
9 37 27.272727 112.121212 0.67000045803294384 0.00011597679129403769
9 38 27.272727 115.151515 0.67259260206003957 0.00010846569460912015
9 39 27.272727 118.181818 0.67501229425037657 0.00010052653338081729
9 40 27.272727 121.212121 0.67724867221915785 9.2190639851439353e-05
9 41 27.272727 124.242424 0.6792916387833432 8.3490911984439358e-05
9 42 27.272727 127.272727 0.68113192185853 7.4461683631180762e-05
9 43 27.272727 130.303030 0.68276113012504935 6.5138589030911759e-05
9 44 27.272727 133.333333 0.68417180394278343 5.5558422178702952e-05
9 45 27.272727 136.363636 0.6853574610330887 4.5758991616358041e-05
9 46 27.272727 139.393939 0.68631263649137952 3.5778971219372587e-05
9 47 27.272727 142.424242 0.68703291674490563 2.5657747568815918e-05
9 48 27.272727 145.454545 0.68751496712628968 1.5435264510489511e-05
9 49 27.272727 148.484848 0.68775655279386594 5.1518655148163287e-06
9 50 27.272727 151.515152 0.68775655279386594 -5.1518655404058335e-06
9 51 27.272727 154.545455 0.68751496712629001 -1.5435264536028943e-05
9 52 27.272727 157.575758 0.68703291674490652 -2.5657747594255424e-05
9 53 27.272727 160.606061 0.68631263649138119 -3.5778971244662727e-05
9 54 27.272727 163.636364 0.68535746103309048 -4.5758991641449949e-05
9 55 27.272727 166.666667 0.68417180394278598 -5.5558422203548529e-05
9 56 27.272727 169.696970 0.68276113012505213 -6.5138589055463897e-05
9 57 27.272727 172.727273 0.68113192185853344 -7.4461683655393463e-05
9 58 27.272727 175.757576 0.67929163878334675 -8.3490912008268021e-05
9 59 27.272727 178.787879 0.67724867221916196 -9.2190639874840895e-05
9 60 27.272727 181.818182 0.67501229425038112 -0.00010052653340375024
9 61 27.272727 184.848485 0.67259260206004434 -0.00010846569463154499
9 62 27.272727 187.878788 0.67000045803294872 -0.00011597679131591683
9 63 27.272727 190.909091 0.66724742618053257 -0.00012303018058974614
9 64 27.272727 193.939394 0.66434570546497784 -0.00012959802594795619
9 65 27.272727 196.969697 0.66130806061745295 -0.00013565440710548127
9 66 27.272727 200.000000 0.65814775105530443 -0.00014117542229278999
9 67 27.272727 203.030303 0.65487845850528215 -0.00014613928258524992
9 68 27.272727 206.060606 0.65151421393459974 -0.00015052639789405882
9 69 27.272727 209.090909 0.64806932437900522 -0.00015431945427937511
9 70 27.272727 212.121212 0.64455830023731464 -0.00015750348228052861
9 71 27.272727 215.151515 0.64099578357550613 -0.00016006591599364273
9 72 27.272727 218.181818 0.63739647795087973 -0.00016199664266351656
9 73 27.272727 221.212121 0.63377508022865015 -0.00016328804259404899
9 74 27.272727 224.242424 0.63014621482020694 -0.00016393501921969892
9 75 27.272727 227.272727 0.62652437072495393 -0.00016393501921930037
9 76 27.272727 230.303030 0.62292384170687254 -0.00016328804259285482
9 77 27.272727 233.333333 0.61935866988356314 -0.00016199664266153149
9 78 27.272727 236.363636 0.615842592950402 -0.00016006591599087466
9 79 27.272727 239.393939 0.61238899520642043 -0.00015750348227698839
9 80 27.272727 242.424242 0.60901086249252023 -0.00015431945427507674
9 81 27.272727 245.454545 0.60572074109747609 -0.00015052639788901923
9 82 27.272727 248.484848 0.60253070063376035 -0.00014613928257948912
9 83 27.272727 251.515152 0.5994523008342878 -0.00014117542228633055
9 84 27.272727 254.545455 0.59649656217356317 -0.00013565440709834882
9 85 27.272727 257.575758 0.59367394017301589 -0.0001295980259401788
9 86 27.272727 260.606061 0.59099430321124724 -0.00012303018058135452
9 87 27.272727 263.636364 0.58846691362596171 -0.00011597679130694407
9 88 27.272727 266.666667 0.58610041186599682 -0.00010846569462202654
9 89 27.272727 269.696970 0.58390280342944623 -0.00010052653339372367
9 90 27.272727 272.727273 0.58188144830764266 -9.2190639864345736e-05
9 91 27.272727 275.757576 0.58004305264488154 -8.3490911997345754e-05
9 92 27.272727 278.787879 0.57839366232024514 -7.4461683644087173e-05
9 93 27.272727 281.818182 0.57693865816069179 -6.5138589043818197e-05
9 94 27.272727 284.848485 0.57568275250350887 -5.5558422191609349e-05
9 95 27.272727 287.878788 0.57462998684099376 -4.5758991629264424e-05
9 96 27.272727 290.909091 0.5737837303005302 -3.5778971232278984e-05
9 97 27.272727 293.939394 0.57314667873846947 -2.5657747581722298e-05
9 98 27.272727 296.969697 0.5727208542560055 -1.5435264523395898e-05
9 99 27.272727 300.000000 0.57250760497879127 -5.1518655277227077e-06
10 0 30.303030 0.000000 0.57560095513005838 5.6176980955021719e-06
10 1 30.303030 3.030303 0.57579018233402557 1.6830923798814189e-05
10 2 30.303030 6.060606 0.57616801899149928 2.7977725535184093e-05
10 3 30.303030 9.090909 0.57673323000445365 3.901411197064775e-05
10 4 30.303030 12.121212 0.57748396376359412 4.9896527529989728e-05
10 5 30.303030 15.151515 0.57841775347843583 6.0582024290700023e-05
10 6 30.303030 18.181818 0.57953151909018175 7.1028431478803274e-05
10 7 30.303030 21.212121 0.58082156988321776 8.1194521897637515e-05
10 8 30.303030 24.242424 0.58228360793543021 9.1040174632764476e-05
10 9 30.303030 27.272727 0.58391273256902576 0.00010052653339088955
10 10 30.303030 30.303030 0.58570344598159907 0.00010961615984789945
10 11 30.303030 33.333333 0.58764966025142518 0.00011827318140082368
10 12 30.303030 36.363636 0.58974470592104455 0.00012646343274060978
10 13 30.303030 39.393939 0.59198134236879252 0.00013415459068698955
10 14 30.303030 42.424242 0.59435177017889107 0.0001413163017533045
10 15 30.303030 45.454545 0.59684764571684157 0.00014792030193785033
10 16 30.303030 48.484848 0.5994600981081678 0.00015394052826897943
10 17 30.303030 51.515152 0.60217974880504399 0.00015935322166374264
10 18 30.303030 54.545455 0.60499673390711806 0.00016413702069413517
10 19 30.303030 57.575758 0.60790072938014783 0.00016827304589089393
10 20 30.303030 60.606061 0.6108809792891351 0.00017174497425213753
10 21 30.303030 63.636364 0.61392632713183504 0.00017453910366279729
10 22 30.303030 66.666667 0.61702525032428468 0.00017664440697060571
10 23 30.303030 69.696970 0.62016589785275955 0.00017805257550522835
10 24 30.303030 72.727273 0.62333613106693442 0.00017875805186879019
10 25 30.303030 75.757576 0.62652356754751892 0.00017875805186838562
10 26 30.303030 78.787879 0.62971562793892433 0.00017805257550401632
10 27 30.303030 81.818182 0.63289958559423676 0.00017664440696859101
10 28 30.303030 84.848485 0.6360626188365579 0.00017453910365998791
10 29 30.303030 87.878788 0.63919186559837993 0.00017174497424854451
10 30 30.303030 90.909091 0.64227448015966604 0.00016827304588653148
10 31 30.303030 93.939394 0.64529769166645512 0.00016413702068902047
10 32 30.303030 96.969697 0.6482488640756805 0.00015935322165789594
10 33 30.303030 100.000000 0.65111555713910696 0.00015394052826242369
10 34 30.303030 103.030303 0.65388558801042262 0.00014792030193061154
10 35 30.303030 106.060606 0.65654709303503911 0.00014131630174541113
10 36 30.303030 109.090909 0.659088589262534 0.00013415459067847281
10 37 30.303030 112.121212 0.66149903520727493 0.0001264634327315033
10 38 30.303030 115.151515 0.66376789037388662 0.00011827318139116333
10 39 30.303030 118.181818 0.66588517306110939 0.00010961615983772341
10 40 30.303030 121.212121 0.66784151596034902 0.00010052653338023796
10 41 30.303030 124.242424 0.66962821907393433 9.1040174621679403e-05
10 42 30.303030 127.272727 0.67123729949269673 8.1194521886162658e-05
10 43 30.303030 130.303030 0.67266153759288438 7.1028431466983925e-05
10 44 30.303030 133.333333 0.67389451923838972 6.0582024278582857e-05
10 45 30.303030 136.363636 0.67493067360553083 4.9896527517622552e-05
10 46 30.303030 139.393939 0.67576530628379361 3.9014111958079393e-05
10 47 30.303030 142.424242 0.67639462734661993 2.7977725522464138e-05
10 48 30.303030 145.454545 0.67681577413093141 1.6830923785992824e-05
10 49 30.303030 148.484848 0.67702682851212936 5.6176980826299935e-06
10 50 30.303030 151.515152 0.67702682851212936 -5.6176981086087142e-06
10 51 30.303030 154.545455 0.67681577413093164 -1.6830923811920729e-05
10 52 30.303030 157.575758 0.67639462734662104 -2.7977725548290634e-05
10 53 30.303030 160.606061 0.67576530628379528 -3.901411198375429e-05
10 54 30.303030 163.636364 0.67493067360553261 -4.9896527543096268e-05
10 55 30.303030 166.666667 0.67389451923839228 -6.0582024303806564e-05
10 56 30.303030 169.696970 0.67266153759288705 -7.1028431491909814e-05
10 57 30.303030 172.727273 0.67123729949269972 -8.1194521910744029e-05
10 58 30.303030 175.757576 0.66962821907393766 -9.1040174645871044e-05
10 59 30.303030 178.787879 0.66784151596035268 -0.00010052653340399611
10 60 30.303030 181.818182 0.66588517306111372 -0.00010961615986100599
10 61 30.303030 184.848485 0.66376789037389095 -0.00011827318141393021
10 62 30.303030 187.878788 0.66149903520727971 -0.00012646343275371635
10 63 30.303030 190.909091 0.65908858926253955 -0.00013415459070009609
10 64 30.303030 193.939394 0.65654709303504444 -0.00014131630176641104
10 65 30.303030 196.969697 0.6538855880104284 -0.00014792030195095689
10 66 30.303030 200.000000 0.65111555713911284 -0.000153940528282086
10 67 30.303030 203.030303 0.6482488640756866 -0.00015935322167684915
10 68 30.303030 206.060606 0.64529769166646134 -0.00016413702070724171
10 69 30.303030 209.090909 0.64227448015967226 -0.00016827304590400047
10 70 30.303030 212.121212 0.63919186559838614 -0.00017174497426524407
10 71 30.303030 215.151515 0.63606261883656423 -0.0001745391036759038
10 72 30.303030 218.181818 0.63289958559424342 -0.00017664440698371225
10 73 30.303030 221.212121 0.62971562793893099 -0.00017805257551833486
10 74 30.303030 224.242424 0.62652356754752525 -0.0001787580518818967
10 75 30.303030 227.272727 0.62333613106694119 -0.00017875805188149218
10 76 30.303030 230.303030 0.62016589785276621 -0.00017805257551712291
10 77 30.303030 233.333333 0.6170252503242909 -0.00017664440698169758
10 78 30.303030 236.363636 0.61392632713184137 -0.00017453910367309445
10 79 30.303030 239.393939 0.61088097928914109 -0.00017174497426165108
10 80 30.303030 242.424242 0.60790072938015405 -0.00016827304589963802
10 81 30.303030 245.454545 0.60499673390712416 -0.00016413702070212701
10 82 30.303030 248.484848 0.60217974880504976 -0.00015935322167100248
10 83 30.303030 251.515152 0.59946009810817324 -0.00015394052827553026
10 84 30.303030 254.545455 0.59684764571684656 -0.00014792030194371806
10 85 30.303030 257.575758 0.5943517701788964 -0.0001413163017585177
10 86 30.303030 260.606061 0.59198134236879729 -0.00013415459069157938
10 87 30.303030 263.636364 0.58974470592104877 -0.00012646343274460984
10 88 30.303030 266.666667 0.5876496602514294 -0.00011827318140426989
10 89 30.303030 269.696970 0.58570344598160295 -0.00010961615985082995
10 90 30.303030 272.727273 0.58391273256902931 -0.00010052653339334449
10 91 30.303030 275.757576 0.5822836079354331 -9.1040174634785944e-05
10 92 30.303030 278.787879 0.58082156988322076 -8.1194521899269212e-05
10 93 30.303030 281.818182 0.57953151909018408 -7.1028431480090493e-05
10 94 30.303030 284.848485 0.57841775347843771 -6.0582024291689398e-05
10 95 30.303030 287.878788 0.57748396376359568 -4.9896527530729086e-05
10 96 30.303030 290.909091 0.57673323000445487 -3.901411197118592e-05
10 97 30.303030 293.939394 0.57616801899150005 -2.7977725535570672e-05
10 98 30.303030 296.969697 0.57579018233402601 -1.6830923799099361e-05
10 99 30.303030 300.000000 0.5756009551300586 -5.6176980957365231e-06
11 0 33.333333 0.000000 0.57896936092035689 6.0613601756158041e-06
11 1 33.333333 3.030303 0.57913230633668655 1.8160159107601706e-05
11 2 33.333333 6.060606 0.57945764725731985 3.0187288188151251e-05
11 3 33.333333 9.090909 0.57994428455928215 4.2095281833456139e-05
11 4 33.333333 12.121212 0.58059057133120695 5.3837144632843137e-05
11 5 33.333333 15.151515 0.5813943150577322 6.5366536818189887e-05
11 6 33.333333 18.181818 0.58235278062517071 7.6637957145819164e-05
11 7 33.333333 21.212121 0.58346269422564934 8.7606922469119863e-05
11 8 33.333333 24.242424 0.58472024825297186 9.8230143293204559e-05
11 9 33.333333 27.272727 0.58612110729743072 0.00010846569461876848
11 10 33.333333 30.303030 0.58766041535835556 0.00011827318140090825
11 11 33.333333 33.333333 0.58933280440201297 0.00012761389796990926
11 12 33.333333 36.363636 0.59113240439835857 0.00013645098078484113
11 13 33.333333 39.393939 0.59305285497285121 0.00014474955391711243
11 14 33.333333 42.424242 0.5950873188089294 0.00015247686668982762
11 15 33.333333 45.454545 0.59722849693275948 0.00015960242292974606
11 16 33.333333 48.484848 0.59946864600443772 0.0001660981013217458
11 17 33.333333 51.515152 0.60179959772899072 0.00017193826639080691
11 18 33.333333 54.545455 0.60421278048639038 0.00017709986967351932
11 19 33.333333 57.575758 0.60669924326248437 0.00018156254067983841
11 20 33.333333 60.606061 0.60924968194249229 0.0001853086672861027
11 21 33.333333 63.636364 0.61185446800573429 0.00018832346524203975
11 22 33.333333 66.666667 0.6145036796348996 0.00019059503651744759
11 23 33.333333 69.696970 0.61718713522573809 0.00019211441625828434
11 24 33.333333 72.727273 0.61989442925399141 0.00019287560816685166
11 25 33.333333 75.757576 0.62261497042606517 0.00019287560816644178
11 26 33.333333 78.787879 0.6253380220088498 0.00019211441625705645
11 27 33.333333 81.818182 0.62805274420270296 0.00019059503651540642
11 28 33.333333 84.848485 0.63074823839035876 0.00018832346523919348
11 29 33.333333 87.878788 0.63341359306397194 0.00018530866728246249
11 30 33.333333 90.909091 0.63603793120306396 0.00018156254067541866
11 31 33.333333 93.939394 0.63861045884834045 0.00017709986966833746
11 32 33.333333 96.969697 0.64112051459062047 0.00017193826638488345
11 33 33.333333 100.000000 0.64355761967091252 0.00016609810131510403
11 34 33.333333 103.030303 0.64591152836735399 0.00015960242292241221
11 35 33.333333 106.060606 0.64817227832773239 0.0001524768666818306
11 36 33.333333 109.090909 0.65033024049285371 0.00014474955390848392
11 37 33.333333 112.121212 0.65237616824646116 0.00013645098077561508
11 38 33.333333 115.151515 0.65430124542192103 0.00012761389796012208
11 39 33.333333 118.181818 0.65609713279462134 0.00011827318139059861
11 40 33.333333 121.212121 0.65775601269209538 0.00010846569460797702
11 41 33.333333 124.242424 0.65927063136131792 9.8230143281973918e-05
11 42 33.333333 127.272727 0.66063433874437838 8.7606922457494384e-05
11 43 33.333333 130.303030 0.66184112532973816 7.6637957133844639e-05
11 44 33.333333 133.333333 0.66288565576635916 6.5366536805913642e-05
11 45 33.333333 136.363636 0.66376329895196928 5.3837144620313588e-05
11 46 33.333333 139.393939 0.66447015433426526 4.2095281820722767e-05
11 47 33.333333 142.424242 0.6650030741947186 3.0187288175264292e-05
11 48 33.333333 145.454545 0.6653596817183669 1.8160159094612002e-05
11 49 33.333333 148.484848 0.66553838468922799 6.0613601625746214e-06
11 50 33.333333 151.515152 0.6655383846892281 -6.0613601888785672e-06
11 51 33.333333 154.545455 0.66535968171836724 -1.8160159120864463e-05
11 52 33.333333 157.575758 0.66500307419471938 -3.0187288201414005e-05
11 53 33.333333 160.606061 0.66447015433426682 -4.2095281846718886e-05
11 54 33.333333 163.636364 0.66376329895197106 -5.3837144646105904e-05
11 55 33.333333 166.666667 0.66288565576636149 -6.5366536831452661e-05
11 56 33.333333 169.696970 0.66184112532974071 -7.6637957159081925e-05
11 57 33.333333 172.727273 0.66063433874438171 -8.7606922482382651e-05
11 58 33.333333 175.757576 0.65927063136132102 -9.8230143306467319e-05
11 59 33.333333 178.787879 0.65775601269209882 -0.00010846569463203127
11 60 33.333333 181.818182 0.65609713279462556 -0.00011827318141417101
11 61 33.333333 184.848485 0.65430124542192525 -0.00012761389798317198
11 62 33.333333 187.878788 0.65237616824646549 -0.0001364509807981039
11 63 33.333333 190.909091 0.65033024049285881 -0.00014474955393037521
11 64 33.333333 193.939394 0.64817227832773772 -0.00015247686670309039
11 65 33.333333 196.969697 0.64591152836735888 -0.0001596024229430088
11 66 33.333333 200.000000 0.64355761967091796 -0.0001660981013350086
11 67 33.333333 203.030303 0.64112051459062647 -0.00017193826640406963
11 68 33.333333 206.060606 0.63861045884834633 -0.00017709986968678204
11 69 33.333333 209.090909 0.63603793120307017 -0.00018156254069310118
11 70 33.333333 212.121212 0.63341359306397782 -0.00018530866729936544
11 71 33.333333 215.151515 0.63074823839036476 -0.00018832346525530244
11 72 33.333333 218.181818 0.62805274420270918 -0.00019059503653071037
11 73 33.333333 221.212121 0.62533802200885646 -0.00019211441627154708
11 74 33.333333 224.242424 0.6226149704260715 -0.00019287560818011441
11 75 33.333333 227.272727 0.61989442925399751 -0.00019287560817970458
11 76 33.333333 230.303030 0.61718713522574442 -0.00019211441627031925
11 77 33.333333 233.333333 0.6145036796349056 -0.00019059503652866925
11 78 33.333333 236.363636 0.61185446800574017 -0.00018832346525245622
11 79 33.333333 239.393939 0.60924968194249818 -0.00018530866729572529
11 80 33.333333 242.424242 0.60669924326249014 -0.0001815625406886814
11 81 33.333333 245.454545 0.60421278048639604 -0.00017709986968160021
11 82 33.333333 248.484848 0.60179959772899638 -0.00017193826639814617
11 83 33.333333 251.515152 0.59946864600444305 -0.00016609810132836681
11 84 33.333333 254.545455 0.59722849693276447 -0.00015960242293567493
11 85 33.333333 257.575758 0.59508731880893417 -0.00015247686669509343
11 86 33.333333 260.606061 0.59305285497285609 -0.00014474955392174669
11 87 33.333333 263.636364 0.59113240439836279 -0.00013645098078887783
11 88 33.333333 266.666667 0.58933280440201685 -0.00012761389797338483
11 89 33.333333 269.696970 0.58766041535835933 -0.00011827318140386137
11 90 33.333333 272.727273 0.58612110729743394 -0.0001084656946212398
11 91 33.333333 275.757576 0.58472024825297464 -9.8230143295236692e-05
11 92 33.333333 278.787879 0.58346269422565233 -8.7606922470757171e-05
11 93 33.333333 281.818182 0.58235278062517282 -7.6637957147107413e-05
11 94 33.333333 284.848485 0.58139431505773409 -6.5366536819176402e-05
11 95 33.333333 287.878788 0.5805905713312085 -5.3837144633576349e-05
11 96 33.333333 290.909091 0.5799442845592836 -4.2095281833985521e-05
11 97 33.333333 293.939394 0.57945764725732085 -3.0187288188527042e-05
11 98 33.333333 296.969697 0.579132306336687 -1.8160159107874759e-05
11 99 33.333333 300.000000 0.57896936092035689 -6.0613601758373676e-06
12 0 36.363636 0.000000 0.58260279900441425 6.4811008363000552e-06
12 1 36.363636 3.030303 0.58273725197344473 1.9417724564991177e-05
12 2 36.363636 6.060606 0.58300568868677016 3.227771540591241e-05
12 3 36.363636 9.090909 0.58340717157842792 4.5010320850385598e-05
12 4 36.363636 12.121212 0.58394029652002 5.7565291121695539e-05
12 5 36.363636 15.151515 0.58460319551808004 6.9893077488001614e-05
12 6 36.363636 18.181818 0.5853935403642172 8.1945027808545914e-05
12 7 36.363636 21.212121 0.58630854728232984 9.36735785414257e-05
12 8 36.363636 24.242424 0.58734498262616641 0.00010503244245516331
12 9 36.363636 27.272727 0.58849916968815263 0.00011597679130326258
12 10 36.363636 30.303030 0.58976699668649757 0.00012646343274081744
12 11 36.363636 33.333333 0.591143926001929 0.00013645098078496462
12 12 36.363636 36.363636 0.59262500473784885 0.00014590001914645056
12 13 36.363636 39.393939 0.59420487667811794 0.00015477325678771737
12 14 36.363636 42.424242 0.59587779571495392 0.00016303567509359188
12 15 36.363636 45.454545 0.59763764081555382 0.00017065466607376039
12 16 36.363636 48.484848 0.59947793258997628 0.00017760016105161021
12 17 36.363636 51.515152 0.60139185151458263 0.00018384474933155865
12 18 36.363636 54.545455 0.60337225785498971 0.00018936378637654565
12 19 36.363636 57.575758 0.60541171332016019 0.00019413549106876287
12 20 36.363636 60.606061 0.60750250446504372 0.00019814103166977456
12 21 36.363636 63.636364 0.60963666784328752 0.00020136460014078613
12 22 36.363636 66.666667 0.61180601689416103 0.00020379347452975074
12 23 36.363636 69.696970 0.61400217052919726 0.00020541806917910219
12 24 36.363636 72.727273 0.61621658336443275 0.00020623197255596645
12 25 36.363636 75.757576 0.61844057752378423 0.00020623197255555199
12 26 36.363636 78.787879 0.62066537591835047 0.00020541806917786037
12 27 36.363636 81.818182 0.62288213688557426 0.00020379347452768637
12 28 36.363636 84.848485 0.62508199005155263 0.00020136460013790751
12 29 36.363636 87.878788 0.62725607325970101 0.00019814103166609299
12 30 36.363636 90.909091 0.6293955703897246 0.00019413549106429281
12 31 36.363636 93.939394 0.63149174987278944 0.00018936378637130483
12 32 36.363636 96.969697 0.63353600369219765 0.00018384474932556783
12 33 36.363636 100.000000 0.63551988664402748 0.0001776001610448929
12 34 36.363636 103.030303 0.63743515561939224 0.00017065466606634315
12 35 36.363636 106.060606 0.6392738086594042 0.0001630356750855039
12 36 36.363636 109.090909 0.6410281235258406 0.00015477325677899073
12 37 36.363636 112.121212 0.64269069552504299 0.00014590001913711959
12 38 36.363636 115.151515 0.64425447431989524 0.00013645098077506615
12 39 36.363636 118.181818 0.6457127994649271 0.00012646343273039058
12 40 36.363636 121.212121 0.64705943440268499 0.00011597679129234843
12 41 36.363636 124.242424 0.64828859866561306 0.000105032442443805
12 42 36.363636 127.272727 0.64939499803667278 9.3673578529668015e-05
12 43 36.363636 130.303030 0.65037385243378754 8.1945027796435254e-05
12 44 36.363636 133.333333 0.65122092129781917 6.9893077475585765e-05
12 45 36.363636 136.363636 0.65193252628101983 5.7565291109023526e-05
12 46 36.363636 139.393939 0.65250557105251628 4.5010320837507452e-05
12 47 36.363636 142.424242 0.65293755805927944 3.2277715392878925e-05
12 48 36.363636 145.454545 0.65322660210479266 1.9417724551853774e-05
12 49 36.363636 148.484848 0.65337144063315433 6.481100823110591e-06
12 50 36.363636 151.515152 0.65337144063315433 -6.4811008496744869e-06
12 51 36.363636 154.545455 0.65322660210479311 -1.94177245783656e-05
12 52 36.363636 157.575758 0.65293755805928 -3.2277715419286837e-05
12 53 36.363636 160.606061 0.65250557105251783 -4.5010320863760032e-05
12 54 36.363636 163.636364 0.65193252628102127 -5.7565291135069959e-05
12 55 36.363636 166.666667 0.65122092129782128 -6.9893077501376048e-05
12 56 36.363636 169.696970 0.65037385243378987 -8.1945027821920361e-05
12 57 36.363636 172.727273 0.649394998036676 -9.3673578554800147e-05
12 58 36.363636 175.757576 0.64828859866561594 -0.00010503244246853777
12 59 36.363636 178.787879 0.6470594344026882 -0.00011597679131663706
12 60 36.363636 181.818182 0.64571279946493099 -0.00012646343275419188
12 61 36.363636 184.848485 0.64425447431989924 -0.00013645098079833907
12 62 36.363636 187.878788 0.64269069552504698 -0.00014590001915982501
12 63 36.363636 190.909091 0.64102812352584548 -0.00015477325680109184
12 64 36.363636 193.939394 0.63927380865940897 -0.0001630356751069663
12 65 36.363636 196.969697 0.63743515561939701 -0.00017065466608713484
12 66 36.363636 200.000000 0.63551988664403247 -0.00017760016106498465
12 67 36.363636 203.030303 0.63353600369220309 -0.00018384474934493301
12 68 36.363636 206.060606 0.63149174987279499 -0.00018936378638992007
12 69 36.363636 209.090909 0.62939557038973026 -0.00019413549108213729
12 70 36.363636 212.121212 0.62725607325970667 -0.00019814103168314904
12 71 36.363636 215.151515 0.62508199005155818 -0.00020136460015416052
12 72 36.363636 218.181818 0.62288213688558014 -0.00020379347454312516
12 73 36.363636 221.212121 0.62066537591835658 -0.00020541806919247664
12 74 36.363636 224.242424 0.61844057752379011 -0.00020623197256934095
12 75 36.363636 227.272727 0.61621658336443863 -0.00020623197256892641
12 76 36.363636 230.303030 0.61400217052920325 -0.00020541806919123484
12 77 36.363636 233.333333 0.61180601689416692 -0.00020379347454106082
12 78 36.363636 236.363636 0.60963666784329307 -0.00020136460015128196
12 79 36.363636 239.393939 0.60750250446504928 -0.00019814103167946741
12 80 36.363636 242.424242 0.60541171332016563 -0.00019413549107766723
12 81 36.363636 245.454545 0.60337225785499515 -0.00018936378638467933
12 82 36.363636 248.484848 0.60139185151458818 -0.00018384474933894225
12 83 36.363636 251.515152 0.5994779325899815 -0.00017760016105826734
12 84 36.363636 254.545455 0.59763764081555848 -0.00017065466607971757
12 85 36.363636 257.575758 0.59587779571495858 -0.00016303567509887837
12 86 36.363636 260.606061 0.5942048766781225 -0.00015477325679236518
12 87 36.363636 263.636364 0.59262500473785262 -0.00014590001915049404
12 88 36.363636 266.666667 0.59114392600193266 -0.00013645098078844057
12 89 36.363636 269.696970 0.58976699668650134 -0.000126463432743765
12 90 36.363636 272.727273 0.58849916968815597 -0.00011597679130572285
12 91 36.363636 275.757576 0.5873449826261693 -0.00010503244245717942
12 92 36.363636 278.787879 0.58630854728233284 -9.3673578543042448e-05
12 93 36.363636 281.818182 0.58539354036421931 -8.1945027809809715e-05
12 94 36.363636 284.848485 0.58460319551808182 -6.9893077488960211e-05
12 95 36.363636 287.878788 0.58394029652002133 -5.7565291122397946e-05
12 96 36.363636 290.909091 0.58340717157842925 -4.5010320850881878e-05
12 97 36.363636 293.939394 0.58300568868677105 -3.2277715406253338e-05
12 98 36.363636 296.969697 0.58273725197344495 -1.9417724565228201e-05
12 99 36.363636 300.000000 0.58260279900441436 -6.4811008364850066e-06
13 0 39.393939 0.000000 0.58649025247517006 6.8752635529284718e-06
13 1 39.393939 3.030303 0.58659405924047825 2.0598657134649282e-05
13 2 39.393939 6.060606 0.58680129838935668 3.4240757227264403e-05
13 3 39.393939 9.090909 0.58711122207920108 4.7747724694190977e-05
13 4 39.393939 12.121212 0.58752271085343044 6.106625370558352e-05
13 5 39.393939 15.151515 0.58803427642452388 7.414378211209114e-05
13 6 39.393939 18.181818 0.58864406540800152 8.6928698883647804e-05
13 7 39.393939 21.212121 0.58934986402636436 9.9370547794629081e-05
13 8 39.393939 24.242424 0.59014910380558983 0.00011142022655152338
13 9 39.393939 27.272727 0.59103886828965102 0.00012303018057725185
13 10 39.393939 30.303030 0.5920159008005339 0.00013415459068735834
13 11 39.393939 33.333333 0.59307661327225714 0.0001447495539173979
13 12 39.393939 36.363636 0.59421709618741125 0.00015477325678787975
13 13 39.393939 39.393939 0.59543312964361594 0.00016418614032296834
13 14 39.393939 42.424242 0.59672019557502298 0.00017295105617168825
13 15 39.393939 45.454545 0.59807349115052821 0.00018103341321549355
13 16 39.393939 48.484848 0.59948794336573175 0.00018840131408361013
13 17 39.393939 51.515152 0.60095822483985173 0.00019502568103738532
13 18 39.393939 54.545455 0.60247877082186274 0.00020088037072683786
13 19 39.393939 57.575758 0.60404379740211922 0.00020594227736651677
13 20 39.393939 60.606061 0.60564732091673401 0.00021019142392348042
13 21 39.393939 63.636364 0.60728317852209357 0.00021361104095751895
13 22 39.393939 66.666667 0.60894504990626053 0.00021618763280247335
13 23 39.393939 69.696970 0.61062648009275045 0.00021791103082746444
13 24 39.393939 72.727273 0.61232090328042821 0.00021877443356783325
13 25 39.393939 75.757576 0.61402166765121935 0.0002187744335674148
13 26 39.393939 78.787879 0.61572206106515759 0.00021791103082621058
13 27 39.393939 81.818182 0.61741533755013522 0.00021618763280038919
13 28 39.393939 84.848485 0.6190947444818119 0.00021361104095461258
13 29 39.393939 87.878788 0.62075355033764412 0.0002101914239197634
13 30 39.393939 90.909091 0.62238507289807643 0.00020594227736200373
13 31 39.393939 93.939394 0.62398270775781617 0.00020088037072154663
13 32 39.393939 96.969697 0.62553995700093001 0.00019502568103133683
13 33 39.393939 100.000000 0.62705045788541958 0.00018840131407682817
13 34 39.393939 103.030303 0.62850801137613166 0.00018103341320800491
13 35 39.393939 106.060606 0.6299066103594213 0.00017295105616352242
13 36 39.393939 109.090909 0.63124046736908634 0.00016418614031415765
13 37 39.393939 112.121212 0.63250404165076723 0.00015477325677845896
13 38 39.393939 115.151515 0.63369206539139633 0.00014474955390740411
13 39 39.393939 118.181818 0.63479956894137757 0.00013415459067683111
13 40 39.393939 121.212121 0.63582190486004575 0.00012303018056623264
13 41 39.393939 124.242424 0.6367547706196155 0.00011142022654005572
13 42 39.393939 127.272727 0.63759422980921021 9.9370547782758219e-05
13 43 39.393939 130.303030 0.63833673168867622 8.6928698871420552e-05
13 44 39.393939 133.333333 0.63897912895163755 7.4143782099555757e-05
13 45 39.393939 136.363636 0.63951869356854829 6.1066253692789528e-05
13 46 39.393939 139.393939 0.63995313059325099 4.7747724681188852e-05
13 47 39.393939 142.424242 0.64028058983060554 3.4240757214105448e-05
13 48 39.393939 145.454545 0.64049967527797147 2.0598657121385411e-05
13 49 39.393939 148.484848 0.64060945226954091 6.875263539612033e-06
13 50 39.393939 151.515152 0.64060945226954114 -6.8752635663695819e-06
13 51 39.393939 154.545455 0.6404996752779718 -2.0598657148090388e-05
13 52 39.393939 157.575758 0.64028058983060609 -3.4240757240705515e-05
13 53 39.393939 160.606061 0.63995313059325232 -4.7747724707632103e-05
13 54 39.393939 163.636364 0.63951869356854962 -6.1066253719024632e-05
13 55 39.393939 166.666667 0.63897912895163955 -7.4143782125532265e-05
13 56 39.393939 169.696970 0.63833673168867833 -8.6928698897088916e-05
13 57 39.393939 172.727273 0.63759422980921265 -9.9370547808070193e-05
13 58 39.393939 175.757576 0.63675477061961838 -0.00011142022656496452
13 59 39.393939 178.787879 0.63582190486004897 -0.00012303018059069295
13 60 39.393939 181.818182 0.63479956894138101 -0.00013415459070079943
13 61 39.393939 184.848485 0.63369206539139999 -0.00014474955393083898
13 62 39.393939 187.878788 0.63250404165077101 -0.00015477325680132085
13 63 39.393939 190.909091 0.63124046736909067 -0.00016418614033640946
13 64 39.393939 193.939394 0.62990661035942597 -0.00017295105618512932
13 65 39.393939 196.969697 0.6285080113761361 -0.00018103341322893467
13 66 39.393939 200.000000 0.62705045788542413 -0.00018840131409705125
13 67 39.393939 203.030303 0.62553995700093501 -0.00019502568105082645
13 68 39.393939 206.060606 0.62398270775782128 -0.00020088037074027896
13 69 39.393939 209.090909 0.62238507289808165 -0.0002059422773799579
13 70 39.393939 212.121212 0.62075355033764934 -0.00021019142393692157
13 71 39.393939 215.151515 0.61909474448181712 -0.00021361104097096002
13 72 39.393939 218.181818 0.61741533755014055 -0.00021618763281591442
13 73 39.393939 221.212121 0.61572206106516336 -0.00021791103084090551
13 74 39.393939 224.242424 0.61402166765122468 -0.00021877443358127435
13 75 39.393939 227.272727 0.61232090328043354 -0.0002187744335808559
13 76 39.393939 230.303030 0.61062648009275611 -0.00021791103083965174
13 77 39.393939 233.333333 0.60894504990626575 -0.00021618763281383026
13 78 39.393939 236.363636 0.6072831785220989 -0.00021361104096805371
13 79 39.393939 239.393939 0.60564732091673901 -0.00021019142393320452
13 80 39.393939 242.424242 0.60404379740212444 -0.00020594227737544483
13 81 39.393939 245.454545 0.60247877082186763 -0.00020088037073498775
13 82 39.393939 248.484848 0.60095822483985684 -0.00019502568104477796
13 83 39.393939 251.515152 0.5994879433657363 -0.00018840131409026927
13 84 39.393939 254.545455 0.59807349115053265 -0.00018103341322144598
13 85 39.393939 257.575758 0.59672019557502742 -0.00017295105617696354
13 86 39.393939 260.606061 0.59543312964362038 -0.0001641861403275988
13 87 39.393939 263.636364 0.59421709618741481 -0.00015477325679190006
13 88 39.393939 266.666667 0.59307661327226069 -0.00014474955392084523
13 89 39.393939 269.696970 0.59201590080053734 -0.00013415459069027221
13 90 39.393939 272.727273 0.59103886828965402 -0.00012303018057967371
13 91 39.393939 275.757576 0.5901491038055926 -0.00011142022655349684
13 92 39.393939 278.787879 0.58934986402636702 -9.9370547796199358e-05
13 93 39.393939 281.818182 0.5886440654080034 -8.6928698884861664e-05
13 94 39.393939 284.848485 0.58803427642452555 -7.4143782112996883e-05
13 95 39.393939 287.878788 0.587522710853432 -6.1066253706230626e-05
13 96 39.393939 290.909091 0.58711122207920241 -4.7747724694629964e-05
13 97 39.393939 293.939394 0.58680129838935746 -3.424075722754656e-05
13 98 39.393939 296.969697 0.5865940592404788 -2.0598657134826522e-05
13 99 39.393939 300.000000 0.58649025247517006 -6.8752635530531296e-06
14 0 42.424242 0.000000 0.59061970194288071 7.2422927453343336e-06
14 1 42.424242 3.030303 0.59069077415117666 2.169829621524036e-05
14 2 42.424242 6.060606 0.59083265443571464 3.6068666422966867e-05
14 3 42.424242 9.090909 0.59104481531682673 5.0296690082501634e-05
14 4 42.424242 12.121212 0.59132646753708851 6.4326215684626186e-05
14 5 42.424242 15.151515 0.59167656241846156 7.8101875101269433e-05
14 6 42.424242 18.181818 0.59209379500937886 9.1569302098214083e-05
14 7 42.424242 21.212121 0.5925766080249828 0.00010467534689378535
14 8 42.424242 24.242424 0.59312319658404666 0.00011736828591675741
14 9 42.424242 27.272727 0.59373151374610522 0.00012959802593565884
14 10 42.424242 30.303030 0.59439927685195781 0.00014131630175387175
14 11 42.424242 33.333333 0.59512397466991762 0.00015247686669031269
14 12 42.424242 36.363636 0.59590287534898301 0.00016303567509395468
14 13 42.424242 39.393939 0.59673303517841247 0.0001729510561718891
14 14 42.424242 42.424242 0.59761130815101693 0.00018218387844490827
14 15 42.424242 45.454545 0.59853435632482099 0.00019069770418157563
14 16 42.424242 48.484848 0.59949866097460358 0.00019845893320130569
14 17 42.424242 51.515152 0.60050053452118402 0.00020543693547892585
14 18 42.424242 54.545455 0.60153613322225286 0.00021160417202739225
14 19 42.424242 57.575758 0.60260147060402602 0.00021693630358159057
14 20 42.424242 60.606061 0.60369243160812669 0.00022141228665429545
14 21 42.424242 63.636364 0.60480478742287092 0.0002250144565852012
14 22 42.424242 66.666667 0.60593421096264655 0.00022772859725526536
14 23 42.424242 69.696970 0.60707629295337173 0.00022954399719123607
14 24 42.424242 72.727273 0.60822655857619345 0.00023045349183894353
14 25 42.424242 75.757576 0.60938048461568683 0.00023045349183852177
14 26 42.424242 78.787879 0.61053351705295245 0.00022954399718997241
14 27 42.424242 81.818182 0.61168108903824914 0.00022772859725316472
14 28 42.424242 84.848485 0.61281863917222956 0.00022501445658227188
14 29 42.424242 87.878788 0.61394163001956759 0.0002214122866505491
14 30 42.424242 90.909091 0.61504556677383249 0.00021693630357704191
14 31 42.424242 93.939394 0.61612601598800965 0.00021160417202205931
14 32 42.424242 96.969697 0.61717862428109771 0.00020543693547282957
14 33 42.424242 100.000000 0.61819913692788631 0.00019845893319447015
14 34 42.424242 103.030303 0.61918341623632023 0.00019069770417402785
14 35 42.424242 106.060606 0.62012745961491966 0.00018218387843667796
14 36 42.424242 109.090909 0.62102741723154231 0.00017295105616300889
14 37 42.424242 112.121212 0.6218796091644232 0.00016303567508445951
14 38 42.424242 115.151515 0.62268054194693967 0.00015247686668024005
14 39 42.424242 118.181818 0.62342692440891745 0.0001413163017432614
14 40 42.424242 121.212121 0.62411568271956586 0.0001295980259245526
14 41 42.424242 124.242424 0.62474397454027597 0.00011736828590519918
14 42 42.424242 127.272727 0.62530920219954733 0.00010467534688182075
14 43 42.424242 130.303030 0.6258090248071716 9.1569302085890269e-05
14 44 42.424242 133.333333 0.62624136923049323 7.8101875088635062e-05
14 45 42.424242 136.363636 0.62660443986203096 6.4326215671731146e-05
14 46 42.424242 139.393939 0.62689672711488553 5.0296690069396842e-05
14 47 42.424242 142.424242 0.62711701459020364 3.6068666409704005e-05
14 48 42.424242 145.454545 0.6272643848693128 2.1698296201871747e-05
14 49 42.424242 148.484848 0.62733822389205318 7.2422927319127382e-06
14 50 42.424242 151.515152 0.62733822389205329 -7.2422927587968745e-06
14 51 42.424242 154.545455 0.62726438486931313 -2.1698296228702898e-05
14 52 42.424242 157.575758 0.62711701459020397 -3.6068666436429406e-05
14 53 42.424242 160.606061 0.62689672711488709 -5.0296690095964179e-05
14 54 42.424242 163.636364 0.62660443986203207 -6.4326215698088724e-05
14 55 42.424242 166.666667 0.62624136923049489 -7.8101875114731971e-05
14 56 42.424242 169.696970 0.62580902480717338 -9.1569302111676608e-05
14 57 42.424242 172.727273 0.62530920219955 -0.00010467534690724791
14 58 42.424242 175.757576 0.62474397454027841 -0.00011736828593021995
14 59 42.424242 178.787879 0.62411568271956841 -0.00012959802594912138
14 60 42.424242 181.818182 0.62342692440892089 -0.00014131630176733432
14 61 42.424242 184.848485 0.62268054194694311 -0.00015247686670377523
14 62 42.424242 187.878788 0.62187960916442675 -0.00016303567510741722
14 63 42.424242 190.909091 0.62102741723154642 -0.00017295105618535166
14 64 42.424242 193.939394 0.62012745961492399 -0.00018218387845837076
14 65 42.424242 196.969697 0.61918341623632434 -0.00019069770419503814
14 66 42.424242 200.000000 0.61819913692789075 -0.00019845893321476823
14 67 42.424242 203.030303 0.61717862428110282 -0.00020543693549238834
14 68 42.424242 206.060606 0.61612601598801431 -0.00021160417204085479
14 69 42.424242 209.090909 0.61504556677383737 -0.00021693630359505311
14 70 42.424242 212.121212 0.61394163001957236 -0.00022141228666775801
14 71 42.424242 215.151515 0.61281863917223467 -0.00022501445659866372
14 72 42.424242 218.181818 0.61168108903825413 -0.0002277285972687279
14 73 42.424242 221.212121 0.61053351705295777 -0.00022954399720469861
14 74 42.424242 224.242424 0.60938048461569194 -0.00023045349185240606
14 75 42.424242 227.272727 0.60822655857619845 -0.00023045349185198434
14 76 42.424242 230.303030 0.60707629295337695 -0.00022954399720343495
14 77 42.424242 233.333333 0.60593421096265165 -0.00022772859726662728
14 78 42.424242 236.363636 0.60480478742287569 -0.00022501445659573442
14 79 42.424242 239.393939 0.60369243160813124 -0.00022141228666401163
14 80 42.424242 242.424242 0.6026014706040308 -0.00021693630359050445
14 81 42.424242 245.454545 0.60153613322225752 -0.00021160417203552179
14 82 42.424242 248.484848 0.60050053452118868 -0.00020543693548629214
14 83 42.424242 251.515152 0.59949866097460802 -0.00019845893320793269
14 84 42.424242 254.545455 0.5985343563248251 -0.00019069770418749042
14 85 42.424242 257.575758 0.59761130815102093 -0.0001821838784501405
14 86 42.424242 260.606061 0.59673303517841647 -0.00017295105617647142
14 87 42.424242 263.636364 0.59590287534898623 -0.00016303567509792202
14 88 42.424242 266.666667 0.59512397466992095 -0.00015247686669370259
14 89 42.424242 269.696970 0.59439927685196114 -0.00014131630175672394
14 90 42.424242 272.727273 0.59373151374610833 -0.00012959802593801514
14 91 42.424242 275.757576 0.593123196584049 -0.00011736828591866172
14 92 42.424242 278.787879 0.59257660802498546 -0.0001046753468952833
14 93 42.424242 281.818182 0.59209379500938086 -9.1569302099352834e-05
14 94 42.424242 284.848485 0.59167656241846323 -7.8101875102097601e-05
14 95 42.424242 287.878788 0.59132646753708962 -6.4326215685193671e-05
14 96 42.424242 290.909091 0.59104481531682806 -5.0296690082859374e-05
14 97 42.424242 293.939394 0.59083265443571542 -3.606866642316653e-05
14 98 42.424242 296.969697 0.5906907741511771 -2.1698296215334286e-05
14 99 42.424242 300.000000 0.59061970194288094 -7.2422927453752622e-06
15 0 45.454545 0.000000 0.59497812057056731 7.5807399169749058e-06
15 1 45.454545 3.030303 0.59501444438942241 2.2712302033690625e-05
15 2 45.454545 6.060606 0.59508695471599715 3.7754229070516649e-05
15 3 45.454545 9.090909 0.59519537737463457 5.2647157413441412e-05
15 4 45.454545 12.121212 0.59533930221811904 6.7332311478227161e-05
15 5 45.454545 15.151515 0.59551818446645299 8.1751735670788851e-05
15 6 45.454545 18.181818 0.59573134649057191 9.5848523111446786e-05
15 7 45.454545 21.212121 0.59597798003973956 0.00010956704022038226
15 8 45.454545 24.242424 0.59625714891087556 0.00012285314627796061
15 9 45.454545 27.272727 0.59656779205749355 0.00013565440709341705
15 10 45.454545 30.303030 0.59690872713521737 0.00014792030193865274
15 11 45.454545 33.333333 0.59727865448000528 0.00015960242293046786
15 12 45.454545 36.363636 0.5976761615142332 0.00017065466607436109
15 13 45.454545 39.393939 0.59809972757465135 0.00018103341321593311
15 14 45.454545 42.424242 0.59854772915493992 0.00019069770418181475
15 15 45.454545 45.454545 0.59901844555413519 0.00019960939843075806
15 16 45.454545 48.484848 0.5995100649206121 0.00020773332557692844
15 17 45.454545 51.515152 0.60002069067953367 0.00021503742419134921
15 18 45.454545 54.545455 0.60054834832982085 0.00022149286833371445
15 19 45.454545 57.575758 0.60109099259465382 0.00022707418131520616
15 20 45.454545 60.606061 0.60164651490741805 0.00023175933624334567
15 21 45.454545 63.636364 0.60221275121278506 0.00023552984295207538
15 22 45.454545 66.666667 0.60278749006035304 0.00023837082097399669
15 23 45.454545 69.696970 0.60336848096594853 0.00024027105826677621
15 24 45.454545 72.727273 0.60395344301337162 0.00024122305546195547
15 25 45.454545 75.757576 0.60454007366704787 0.00024122305546153106
15 26 45.454545 78.787879 0.60512605776379313 0.00024027105826550474
15 27 45.454545 81.818182 0.6057090766497053 0.00023837082097188304
15 28 45.454545 84.848485 0.60628681742612267 0.00023552984294912798
15 29 45.454545 87.878788 0.60685698226666096 0.00023175933623957617
15 30 45.454545 90.909091 0.60741729776557118 0.00022707418131062937
15 31 45.454545 93.939394 0.60796552427611739 0.00022149286832834846
15 32 45.454545 96.969697 0.60849946519633413 0.00021503742418521528
15 33 45.454545 100.000000 0.60901697615848227 0.00020773332557005067
15 34 45.454545 103.030303 0.6095159740777143 0.00019960939842316361
15 35 45.454545 106.060606 0.60999444601500918 0.00019069770417353359
15 36 45.454545 109.090909 0.61045045780927232 0.00018103341320699801
15 37 45.454545 112.121212 0.61088216243368121 0.00017065466606480727
15 38 45.454545 115.151515 0.61128780803189953 0.00015960242292033293
15 39 45.454545 118.181818 0.611665745590662 0.00014792030192797682
15 40 45.454545 121.212121 0.61201443620648555 0.00013565440708224218
15 41 45.454545 124.242424 0.612332457905859 0.00012285314626633099
15 42 45.454545 127.272727 0.61261851198022133 0.00010956704020834374
15 43 45.454545 130.303030 0.612871428799319 9.5848523099046847e-05
15 44 45.454545 133.333333 0.61309017306915115 8.1751735658076418e-05
15 45 45.454545 136.363636 0.61327384850363187 6.7332311465252459e-05
15 46 45.454545 139.393939 0.61342170188228762 5.264715740025563e-05
15 47 45.454545 142.424242 0.61353312646977454 3.7754229057171828e-05
15 48 45.454545 145.454545 0.61360766477666606 2.2712302020239407e-05
15 49 45.454545 148.484848 0.61364501064484356 7.5807399034703791e-06
15 50 45.454545 151.515152 0.61364501064484378 -7.5807399304135366e-06
15 51 45.454545 154.545455 0.61360766477666651 -2.2712302047129254e-05
15 52 45.454545 157.575758 0.6135331264697752 -3.7754229083955274e-05
15 53 45.454545 160.606061 0.61342170188228873 -5.2647157426880044e-05
15 54 45.454545 163.636364 0.61327384850363309 -6.7332311491665793e-05
15 55 45.454545 166.666667 0.61309017306915259 -8.1751735684227483e-05
15 56 45.454545 169.696970 0.61287142879932088 -9.5848523124885418e-05
15 57 45.454545 172.727273 0.61261851198022355 -0.00010956704023382092
15 58 45.454545 175.757576 0.61233245790586122 -0.00012285314629139927
15 59 45.454545 178.787879 0.61201443620648832 -0.00013565440710685571
15 60 45.454545 181.818182 0.61166574559066522 -0.00014792030195209138
15 61 45.454545 184.848485 0.61128780803190264 -0.00015960242294390647
15 62 45.454545 187.878788 0.61088216243368465 -0.00017065466608779978
15 63 45.454545 190.909091 0.61045045780927609 -0.00018103341322937177
15 64 45.454545 193.939394 0.60999444601501296 -0.00019069770419525336
15 65 45.454545 196.969697 0.60951597407771818 -0.00019960939844419672
15 66 45.454545 200.000000 0.60901697615848638 -0.00020773332559036704
15 67 45.454545 203.030303 0.60849946519633857 -0.00021503742420478784
15 68 45.454545 206.060606 0.60796552427612138 -0.00022149286834715303
15 69 45.454545 209.090909 0.60741729776557574 -0.00022707418132864477
15 70 45.454545 212.121212 0.60685698226666518 -0.0002317593362567843
15 71 45.454545 215.151515 0.60628681742612711 -0.00023552984296551407
15 72 45.454545 218.181818 0.60570907664970974 -0.00023837082098743533
15 73 45.454545 221.212121 0.60512605776379802 -0.00024027105828021485
15 74 45.454545 224.242424 0.60454007366705265 -0.00024122305547539413
15 75 45.454545 227.272727 0.60395344301337628 -0.00024122305547496972
15 76 45.454545 230.303030 0.6033684809659533 -0.00024027105827894337
15 77 45.454545 233.333333 0.60278749006035748 -0.00023837082098532173
15 78 45.454545 236.363636 0.60221275121278939 -0.00023552984296256667
15 79 45.454545 239.393939 0.60164651490742216 -0.0002317593362530148
15 80 45.454545 242.424242 0.60109099259465826 -0.00022707418132406794
15 81 45.454545 245.454545 0.60054834832982507 -0.00022149286834178715
15 82 45.454545 248.484848 0.600020690679538 -0.00021503742419865389
15 83 45.454545 251.515152 0.5995100649206162 -0.0002077333255834893
15 84 45.454545 254.545455 0.5990184455541393 -0.00019960939843660229
15 85 45.454545 257.575758 0.59854772915494359 -0.00019069770418697225
15 86 45.454545 260.606061 0.5980997275746549 -0.00018103341322043664
15 87 45.454545 263.636364 0.59767616151423641 -0.0001706546660782459
15 88 45.454545 266.666667 0.59727865448000839 -0.00015960242293377159
15 89 45.454545 269.696970 0.59690872713522047 -0.00014792030194141545
15 90 45.454545 272.727273 0.59656779205749633 -0.00013565440709568084
15 91 45.454545 275.757576 0.59625714891087789 -0.00012285314627976963
15 92 45.454545 278.787879 0.59597798003974178 -0.00010956704022178238
15 93 45.454545 281.818182 0.5957313464905738 -9.5848523112485479e-05
15 94 45.454545 284.848485 0.59551818446645466 -8.1751735671515064e-05
15 95 45.454545 287.878788 0.59533930221812015 -6.7332311478691064e-05
15 96 45.454545 290.909091 0.59519537737463568 -5.2647157413694261e-05
15 97 45.454545 293.939394 0.59508695471599782 -3.7754229070610446e-05
15 98 45.454545 296.969697 0.59501444438942286 -2.2712302033678035e-05
15 99 45.454545 300.000000 0.59497812057056754 -7.5807399169089956e-06
16 0 48.484848 0.000000 0.59955147391176888 7.889269371485526e-06
16 1 48.484848 3.030303 0.59955111971538355 2.3636672772289845e-05
16 2 48.484848 6.060606 0.59955041845192236 3.9290793024204164e-05
16 3 48.484848 9.090909 0.59954938426147908 5.4789850466281472e-05
16 4 48.484848 12.121212 0.5995480380597763 7.0072677399643664e-05
16 5 48.484848 15.151515 0.59954640719013397 8.5078959488444223e-05
16 6 48.484848 18.181818 0.59954452496812438 9.974947379299683e-05
16 7 48.484848 21.212121 0.5995424301261888 0.00011402632249566191
16 8 48.484848 24.242424 0.59954016616709227 0.00012785316139708175
16 9 48.484848 27.272727 0.59953778063655483 0.00014117542228099425
16 10 48.484848 30.303030 0.59953532432669498 0.00015394052827005268
16 11 48.484848 33.333333 0.59953285042302562 0.00016609810132274039
16 12 48.484848 36.363636 0.59953041360866843 0.00017760016105248529
16 13 48.484848 39.393939 0.59952806914013312 0.00018840131408432527
16 14 48.484848 42.424242 0.59952587190948348 0.00019845893320182117
16 15 48.484848 45.454545 0.59952387550793829 0.00020773332557720524
16 16 48.484848 48.484848 0.5995221313059631 0.00021618788942083864
16 17 48.484848 51.515152 0.59952068756464494 0.00022378925843175354
16 18 48.484848 54.545455 0.59951958859267951 0.0002305074334791989
16 19 48.484848 57.575758 0.59951887396258818 0.00023631590099550468
16 20 48.484848 60.606061 0.59951857779885986 0.00024119173761302044
16 21 48.484848 63.636364 0.59951872814959251 0.00024511570063217469
16 22 48.484848 66.666667 0.59951934645189731 0.00024807230396361904
16 23 48.484848 69.696970 0.59952044709986319 0.00025004987924474777
16 24 48.484848 72.727273 0.5995220371222626 0.00025104062188939459
16 25 48.484848 75.757576 0.59952411597546151 0.00025104062188896834
16 26 48.484848 78.787879 0.59952667545517568 0.00025004987924347058
16 27 48.484848 81.818182 0.59952969972885073 0.00024807230396149595
16 28 48.484848 84.848485 0.5995331654885323 0.00024511570062921411
16 29 48.484848 87.878788 0.59953704222220561 0.00024119173760923403
16 30 48.484848 90.909091 0.59954129259969613 0.00023631590099090739
16 31 48.484848 93.939394 0.59954587296743145 0.00023050743347380895
16 32 48.484848 96.969697 0.59955073394462166 0.00022378925842559216
16 33 48.484848 100.000000 0.5995558211118297 0.00021618788941393016
16 34 48.484848 103.030303 0.59956107578142237 0.00020773332556957682
16 35 48.484848 106.060606 0.59956643583810076 0.00019845893319350298
16 36 48.484848 109.090909 0.59957183663658953 0.00018840131407535024
16 37 48.484848 112.121212 0.59957721194265068 0.00017760016104288875
16 38 48.484848 115.151515 0.59958249490288951 0.0001660981013125602
16 39 48.484848 118.181818 0.59958761902835911 0.00015394052825932897
16 40 48.484848 121.212121 0.59959251917672307 0.00014117542226976942
16 41 48.484848 124.242424 0.59959713251775371 0.00012785316138540009
16 42 48.484848 127.272727 0.59960139946718327 0.00011402632248356956
16 43 48.484848 130.303030 0.59960526457440344 9.9749473780541434e-05
16 44 48.484848 133.333333 0.59960867735022072 8.5078959475674951e-05
16 45 48.484848 136.363636 0.59961159302179767 7.0072677386610958e-05
16 46 48.484848 139.393939 0.59961397320303533 5.4789850453036749e-05
16 47 48.484848 142.424242 0.59961578646996916 3.9290793010799691e-05
16 48 48.484848 145.454545 0.59961700883221747 2.3636672758778491e-05
16 49 48.484848 148.484848 0.59961762409314734 7.8892693579206237e-06
16 50 48.484848 151.515152 0.59961762409314745 -7.8892693848550094e-06
16 51 48.484848 154.545455 0.59961700883221736 -2.3636672785659325e-05
16 52 48.484848 157.575758 0.59961578646996949 -3.9290793037573651e-05
16 53 48.484848 160.606061 0.59961397320303644 -5.4789850479650945e-05
16 54 48.484848 163.636364 0.59961159302179889 -7.0072677413013151e-05
16 55 48.484848 166.666667 0.59960867735022216 -8.507895950181371e-05
16 56 48.484848 169.696970 0.59960526457440522 -9.9749473806366317e-05
16 57 48.484848 172.727273 0.59960139946718527 -0.0001140263225090314
16 58 48.484848 175.757576 0.59959713251775582 -0.00012785316141045123
16 59 48.484848 178.787879 0.59959251917672562 -0.00014117542229436376
16 60 48.484848 181.818182 0.599587619028362 -0.00015394052828342214
16 61 48.484848 184.848485 0.5995824949028925 -0.00016609810133610991
16 62 48.484848 187.878788 0.59957721194265368 -0.00017760016106585481
16 63 48.484848 190.909091 0.59957183663659297 -0.00018840131409769478
16 64 48.484848 193.939394 0.59956643583810421 -0.00019845893321519063
16 65 48.484848 196.969697 0.59956107578142581 -0.0002077333255905747
16 66 48.484848 200.000000 0.59955582111183314 -0.00021618788943420815
16 67 48.484848 203.030303 0.59955073394462566 -0.00022378925844512295
16 68 48.484848 206.060606 0.59954587296743556 -0.00023050743349256831
16 69 48.484848 209.090909 0.59954129259970035 -0.00023631590100887414
16 70 48.484848 212.121212 0.59953704222220949 -0.0002411917376263899
16 71 48.484848 215.151515 0.59953316548853641 -0.00024511570064554415
16 72 48.484848 218.181818 0.59952969972885517 -0.0002480723039769885
16 73 48.484848 221.212121 0.59952667545518024 -0.00025004987925811723
16 74 48.484848 224.242424 0.59952411597546584 -0.0002510406219027641
16 75 48.484848 227.272727 0.5995220371222667 -0.0002510406219023378
16 76 48.484848 230.303030 0.59952044709986774 -0.00025004987925684004
16 77 48.484848 233.333333 0.59951934645190152 -0.00024807230397486541
16 78 48.484848 236.363636 0.59951872814959661 -0.00024511570064258352
16 79 48.484848 239.393939 0.59951857779886386 -0.00024119173762260354
16 80 48.484848 242.424242 0.5995188739625924 -0.0002363159010042769
16 81 48.484848 245.454545 0.59951958859268362 -0.00023050743348717841
16 82 48.484848 248.484848 0.59952068756464894 -0.00022378925843896167
16 83 48.484848 251.515152 0.59952213130596688 -0.00021618788942729961
16 84 48.484848 254.545455 0.59952387550794184 -0.00020773332558294628
16 85 48.484848 257.575758 0.59952587190948703 -0.00019845893320687253
16 86 48.484848 260.606061 0.59952806914013668 -0.0001884013140887197
16 87 48.484848 263.636364 0.59953041360867132 -0.00017760016105625824
16 88 48.484848 266.666667 0.59953285042302829 -0.00016609810132592968
16 89 48.484848 269.696970 0.59953532432669776 -0.00015394052827269846
16 90 48.484848 272.727273 0.59953778063655727 -0.00014117542228313891
16 91 48.484848 275.757576 0.59954016616709427 -0.0001278531613987696
16 92 48.484848 278.787879 0.59954243012619091 -0.00011402632249693905
16 93 48.484848 281.818182 0.59954452496812605 -9.9749473793910948e-05
16 94 48.484848 284.848485 0.59954640719013552 -8.5078959489044438e-05
16 95 48.484848 287.878788 0.59954803805977741 -7.0072677399980418e-05
16 96 48.484848 290.909091 0.59954938426148019 -5.4789850466406229e-05
16 97 48.484848 293.939394 0.59955041845192281 -3.9290793024169164e-05
16 98 48.484848 296.969697 0.59955111971538377 -2.3636672772147967e-05
16 99 48.484848 300.000000 0.59955147391176888 -7.8892693712900901e-06
17 0 51.515152 0.000000 0.60432472536458226 8.1666634840629441e-06
17 1 51.515152 3.030303 0.60428585792195966 2.4467760362037596e-05
17 2 51.515152 6.060606 0.60420829312946112 4.067229416809355e-05
17 3 51.515152 9.090909 0.60409237023792184 5.671631301044559e-05
17 4 51.515152 12.121212 0.60393859579479092 7.2536498476537972e-05
17 5 51.515152 15.151515 0.60374764087142829 8.8070415521891216e-05
17 6 51.515152 18.181818 0.60352033740231692 0.00010325675887269898
17 7 51.515152 21.212121 0.60325767366660255 0.00011803559496973597
17 8 51.515152 24.242424 0.60296078894927441 0.00013234859849873518
17 9 51.515152 27.272727 0.60263096742573907 0.00014613928257375692
17 10 51.515152 30.303030 0.60226963131946565 0.00015935322166512125
17 11 51.515152 33.333333 0.60187833338768026 0.00017193826639210928
17 12 51.515152 36.363636 0.60145874879475392 0.00018384474933274343
17 13 51.515152 39.393939 0.60101266643687845 0.00019502568103841174
17 14 51.515152 42.424242 0.6005419797848196 0.00020543693547975386
17 15 51.515152 45.454545 0.60004867731395795 0.00021503742419193926
17 16 51.515152 48.484848 0.59953483259247009 0.0002237892584320672
17 17 51.515152 51.515152 0.599002594099315 0.00023165789870872468
17 18 51.515152 54.545455 0.59845417484373109 0.00023861229109357944
17 19 51.515152 57.575758 0.59789184185719424 0.00024462498977704812
17 20 51.515152 60.606061 0.59731790562729536 0.00024967226538436785
17 21 51.515152 63.636364 0.59673470954076635 0.00025373419862459738
17 22 51.515152 66.666667 0.59614461940000996 0.00025679475890295835
17 23 51.515152 69.696970 0.59555001307398114 0.00025884186758626894
17 24 51.515152 72.727273 0.59495327034023449 0.0002598674456717913
17 25 51.515152 75.757576 0.59435676297042184 0.00025986744567136385
17 26 51.515152 78.787879 0.59376284510661281 0.00025884186758498822
17 27 51.515152 81.818182 0.59317384397057393 0.00025679475890082935
17 28 51.515152 84.848485 0.59259205094266476 0.00025373419862162862
17 29 51.515152 87.878788 0.59201971304141388 0.00024967226538057097
17 30 51.515152 90.909091 0.59145902482915569 0.0002446249897724382
17 31 51.515152 93.939394 0.59091212076347044 0.00023861229108817453
17 32 51.515152 96.969697 0.59038106800865042 0.0002316578987025463
17 33 51.515152 100.000000 0.58986785971608025 0.00022378925842513956
17 34 51.515152 103.030303 0.58937440877736669 0.00021503742418428975
17 35 51.515152 106.060606 0.58890254204933146 0.0002054369354714126
17 36 51.515152 109.090909 0.58845399504568174 0.00019502568102941183
17 37 51.515152 112.121212 0.58803040708631871 0.00018384474932312027
17 38 51.515152 115.151515 0.5876333168919039 0.00017193826638190084
17 39 51.515152 118.181818 0.5872641586085281 0.00015935322165436789
17 40 51.515152 121.212121 0.58692425824508188 0.00014613928256250095
17 41 51.515152 124.242424 0.58661483050432062 0.00013234859848702116
17 42 51.515152 127.272727 0.58633697598757661 0.00011803559495761013
17 43 51.515152 130.303030 0.58609167875262669 0.00010325675886020908
17 44 51.515152 133.333333 0.58587980420436681 8.8070415509086572e-05
17 45 51.515152 136.363636 0.58570209729864542 7.2536498463469148e-05
17 46 51.515152 139.393939 0.58555918104079263 5.6716312997164174e-05
17 47 51.515152 142.424242 0.58545155526210091 4.0672294154651923e-05
17 48 51.515152 145.454545 0.5853795956595923 2.4467760348488799e-05
17 49 51.515152 148.484848 0.58534355308690778 8.1666634704604572e-06
17 50 51.515152 151.515152 0.58534355308690778 -8.1666634973183049e-06
17 51 51.515152 154.545455 0.5853795956595923 -2.446776037529295e-05
17 52 51.515152 157.575758 0.58545155526210135 -4.0672294181348897e-05
17 53 51.515152 160.606061 0.58555918104079363 -5.6716313023700958e-05
17 54 51.515152 163.636364 0.58570209729864653 -7.2536498489793333e-05
17 55 51.515152 166.666667 0.58587980420436836 -8.8070415535146577e-05
17 56 51.515152 169.696970 0.58609167875262835 -0.00010325675888595435
17 57 51.515152 172.727273 0.58633697598757861 -0.00011803559498299135
17 58 51.515152 175.757576 0.5866148305043225 -0.00013234859851199055
17 59 51.515152 178.787879 0.58692425824508387 -0.00014613928258701229
17 60 51.515152 181.818182 0.58726415860853054 -0.0001593532216783766
17 61 51.515152 184.848485 0.58763331689190634 -0.0001719382664053646
17 62 51.515152 187.878788 0.58803040708632126 -0.00018384474934599884
17 63 51.515152 190.909091 0.58845399504568507 -0.00019502568105166714
17 64 51.515152 193.939394 0.58890254204933445 -0.00020543693549300915
17 65 51.515152 196.969697 0.58937440877736968 -0.00021503742420519458
17 66 51.515152 200.000000 0.58986785971608358 -0.00022378925844532255
17 67 51.515152 203.030303 0.59038106800865386 -0.00023165789872198
17 68 51.515152 206.060606 0.59091212076347399 -0.00023861229110683479
17 69 51.515152 209.090909 0.59145902482915935 -0.00024462498979030352
17 70 51.515152 212.121212 0.59201971304141743 -0.00024967226539762319
17 71 51.515152 215.151515 0.59259205094266842 -0.00025373419863785273
17 72 51.515152 218.181818 0.59317384397057771 -0.00025679475891621369
17 73 51.515152 221.212121 0.59376284510661703 -0.00025884186759952428
17 74 51.515152 224.242424 0.59435676297042561 -0.00025986744568504665
17 75 51.515152 227.272727 0.59495327034023826 -0.0002598674456846192
17 76 51.515152 230.303030 0.59555001307398536 -0.00025884186759824357
17 77 51.515152 233.333333 0.59614461940001373 -0.00025679475891408475
17 78 51.515152 236.363636 0.59673470954077024 -0.00025373419863488397
17 79 51.515152 239.393939 0.59731790562729892 -0.00024967226539382632
17 80 51.515152 242.424242 0.59789184185719813 -0.00024462498978569355
17 81 51.515152 245.454545 0.59845417484373498 -0.00023861229110142996
17 82 51.515152 248.484848 0.59900259409931877 -0.00023165789871580162
17 83 51.515152 251.515152 0.5995348325924732 -0.00022378925843839488
17 84 51.515152 254.545455 0.60004867731396094 -0.00021503742419754507
17 85 51.515152 257.575758 0.60054197978482304 -0.00020543693548466798
17 86 51.515152 260.606061 0.60101266643688167 -0.0001950256810426672
17 87 51.515152 263.636364 0.60145874879475658 -0.00018384474933637567
17 88 51.515152 266.666667 0.60187833338768271 -0.00017193826639515616
17 89 51.515152 269.696970 0.60226963131946842 -0.00015935322166762324
17 90 51.515152 272.727273 0.60263096742574129 -0.00014613928257575632
17 91 51.515152 275.757576 0.60296078894927618 -0.00013234859850027653
17 92 51.515152 278.787879 0.60325767366660454 -0.00011803559497086551
17 93 51.515152 281.818182 0.60352033740231847 -0.00010325675887346445
17 94 51.515152 284.848485 0.60374764087142974 -8.8070415522341933e-05
17 95 51.515152 287.878788 0.60393859579479181 -7.2536498476724495e-05
17 96 51.515152 290.909091 0.60409237023792273 -5.6716313010419542e-05
17 97 51.515152 293.939394 0.60420829312946145 -4.0672294167907277e-05
17 98 51.515152 296.969697 0.60428585792195988 -2.4467760361744157e-05
17 99 51.515152 300.000000 0.60432472536458248 -8.1666634837158045e-06
18 0 54.545455 0.000000 0.60928184800795082 8.4118275068741313e-06
18 1 54.545455 3.030303 0.60920273709268613 2.5202284879904938e-05
18 2 54.545455 6.060606 0.60904486757317877 4.1893280348317661e-05
18 3 54.545455 9.090909 0.60880894204871816 5.8418942178388986e-05
18 4 54.545455 12.121212 0.6084960093793077 7.4714051132732383e-05
18 5 54.545455 15.151515 0.60810745868899352 9.0714297860832068e-05
18 6 54.545455 18.181818 0.60764501145303507 0.00010635653669866978
18 7 54.545455 21.212121 0.60711071173847464 0.00012157903487581173
18 8 54.545455 24.242424 0.60650691468339324 0.00013632171614645058
18 9 54.545455 27.272727 0.60583627331478329 0.0001505263978829016
18 10 54.545455 30.303030 0.6051017238183769 0.0001641370206958526
18 11 54.545455 33.333333 0.60430646938573684 0.00017709986967516319
18 12 54.545455 36.363636 0.60345396277435426 0.00018936378637807432
18 13 54.545455 39.393939 0.60254788772526002 0.00020088037072821014
18 14 54.545455 42.424242 0.60159213938963652 0.00021160417202856772
18 15 54.545455 45.454545 0.60059080392108743 0.00022149286833465312
18 16 54.545455 48.484848 0.59954813739352397 0.00023050743347986197
18 17 54.545455 51.515152 0.59846854420601836 0.00023861229109392929
18 18 54.545455 54.545455 0.59735655513552832 0.00024577545500660943
18 19 54.545455 57.575758 0.59621680519610032 0.00025196865548247736
18 20 54.545455 60.606061 0.59505401145911796 0.0002571674507886591
18 21 54.545455 63.636364 0.59387295098342707 0.00026135132365518463
18 22 54.545455 66.666667 0.59267843899691586 0.00026450376224727964
18 23 54.545455 69.696970 0.59147530746241661 0.00026661232533003326
18 24 54.545455 72.727273 0.59026838415085736 0.00026766869136826861
18 25 54.545455 75.757576 0.58906247233354003 0.00026766869136784078
18 26 54.545455 78.787879 0.58786233119347797 0.00026661232532875114
18 27 54.545455 81.818182 0.58667265704307769 0.00026450376224514843
18 28 54.545455 84.848485 0.58549806542228044 0.00026135132365221267
18 29 54.545455 87.878788 0.58434307413785169 0.0002571674507848581
18 30 54.545455 90.909091 0.58321208729095975 0.0002519686554778624
18 31 54.545455 93.939394 0.58210938032679427 0.00024577545500119872
18 32 54.545455 96.969697 0.58103908612688937 0.00023861229108774418
18 33 54.545455 100.000000 0.58000518215227626 0.00023050743347292684
18 34 54.545455 103.030303 0.57901147863373148 0.00022149286832699538
18 35 54.545455 106.060606 0.57806160779442517 0.00021160417202021752
18 36 54.545455 109.090909 0.57715901408032289 0.00020088037071920052
18 37 54.545455 112.121212 0.57630694536489446 0.00018936378636844081
18 38 54.545455 115.151515 0.57550844508717702 0.00017709986966494374
18 39 54.545455 118.181818 0.57476634527605786 0.00016413702068508767
18 40 54.545455 121.212121 0.57408326040889501 0.00015052639787163348
18 41 54.545455 124.242424 0.57346158204930364 0.00013632171613472396
18 42 54.545455 127.272727 0.5729034742071144 0.00012157903486367282
18 43 54.545455 130.303030 0.57241086936314012 0.00010635653668616645
18 44 54.545455 133.333333 0.57198546510244375 9.0714297848013654e-05
18 45 54.545455 136.363636 0.57162872130222042 7.4714051119649465e-05
18 46 54.545455 139.393939 0.57134185782407199 5.841894216509328e-05
18 47 54.545455 142.424242 0.57112585266532578 4.189328033486158e-05
18 48 54.545455 145.454545 0.57098144052991762 2.5202284866341555e-05
18 49 54.545455 148.484848 0.57090911178615034 8.4118274932570027e-06
18 50 54.545455 151.515152 0.57090911178615034 -8.4118275199708531e-06
18 51 54.545455 154.545455 0.57098144052991773 -2.5202284893001656e-05
18 52 54.545455 157.575758 0.57112585266532623 -4.1893280361414382e-05
18 53 54.545455 160.606061 0.57134185782407287 -5.8418942191485715e-05
18 54 54.545455 163.636364 0.57162872130222142 -7.4714051145829098e-05
18 55 54.545455 166.666667 0.57198546510244497 -9.0714297873928796e-05
18 56 54.545455 169.696970 0.57241086936314134 -0.0001063565367117665
18 57 54.545455 172.727273 0.57290347420711596 -0.00012157903488890846
18 58 54.545455 175.757576 0.57346158204930531 -0.00013632171615954731
18 59 54.545455 178.787879 0.57408326040889712 -0.00015052639789599827
18 60 54.545455 181.818182 0.57476634527606019 -0.00016413702070894933
18 61 54.545455 184.848485 0.57550844508717913 -0.00017709986968825989
18 62 54.545455 187.878788 0.57630694536489691 -0.00018936378639117105
18 63 54.545455 190.909091 0.57715901408032577 -0.00020088037074130686
18 64 54.545455 193.939394 0.57806160779442828 -0.00021160417204166439
18 65 54.545455 196.969697 0.57901147863373426 -0.00022149286834774985
18 66 54.545455 200.000000 0.58000518215227925 -0.00023050743349295873
18 67 54.545455 203.030303 0.58103908612689259 -0.00023861229110702599
18 68 54.545455 206.060606 0.58210938032679749 -0.0002457754550197061
18 69 54.545455 209.090909 0.58321208729096308 -0.00025196865549557414
18 70 54.545455 212.121212 0.58434307413785491 -0.00025716745080175577
18 71 54.545455 215.151515 0.58549806542228389 -0.00026135132366828141
18 72 54.545455 218.181818 0.58667265704308103 -0.00026450376226037637
18 73 54.545455 221.212121 0.58786233119348164 -0.00026661232534312993
18 74 54.545455 224.242424 0.58906247233354336 -0.00026766869138136539
18 75 54.545455 227.272727 0.5902683841508608 -0.00026766869138093746
18 76 54.545455 230.303030 0.59147530746242027 -0.00026661232534184786
18 77 54.545455 233.333333 0.5926784389969193 -0.00026450376225824516
18 78 54.545455 236.363636 0.5938729509834304 -0.00026135132366530945
18 79 54.545455 239.393939 0.59505401145912107 -0.00025716745079795483
18 80 54.545455 242.424242 0.59621680519610376 -0.00025196865549095918
18 81 54.545455 245.454545 0.59735655513553165 -0.00024577545501429539
18 82 54.545455 248.484848 0.59846854420602158 -0.00023861229110084097
18 83 54.545455 251.515152 0.59954813739352708 -0.0002305074334860236
18 84 54.545455 254.545455 0.60059080392109021 -0.0002214928683400921
18 85 54.545455 257.575758 0.6015921393896394 -0.00021160417203331425
18 86 54.545455 260.606061 0.60254788772526302 -0.00020088037073229728
18 87 54.545455 263.636364 0.60345396277435659 -0.00018936378638153753
18 88 54.545455 266.666667 0.60430646938573895 -0.0001770998696780405
18 89 54.545455 269.696970 0.60510172381837946 -0.0001641370206981844
18 90 54.545455 272.727273 0.60583627331478518 -0.00015052639788473021
18 91 54.545455 275.757576 0.6065069146833949 -0.00013632171614782069
18 92 54.545455 278.787879 0.60711071173847642 -0.00012157903487676956
18 93 54.545455 281.818182 0.6076450114530364 -0.00010635653669926318
18 94 54.545455 284.848485 0.60810745868899474 -9.0714297861110382e-05
18 95 54.545455 287.878788 0.60849600937930837 -7.471405113274618e-05
18 96 54.545455 290.909091 0.60880894204871905 -5.8418942178189995e-05
18 97 54.545455 293.939394 0.60904486757317922 -4.1893280347958288e-05
18 98 54.545455 296.969697 0.60920273709268624 -2.5202284879438277e-05
18 99 54.545455 300.000000 0.60928184800795082 -8.4118275063537075e-06
19 0 57.575758 0.000000 0.61440584352268157 8.6237938895258369e-06
19 1 57.575758 3.030303 0.61428487484940408 2.5837347493192183e-05
19 2 57.575758 6.060606 0.61404349182262996 4.2948932890238714e-05
19 3 57.575758 9.090909 0.6136827996813331 5.9891018470643058e-05
19 4 57.575758 12.121212 0.61320444781504657 7.6596741562722005e-05
19 5 57.575758 15.151515 0.61261061969186059 9.3000172309549967e-05
19 6 57.575758 18.181818 0.61190401957898044 0.00010903657386398394
19 7 57.575758 21.212121 0.61108785618178441 0.00012464265787542352
19 8 57.575758 24.242424 0.61016582335565195 0.00013975683426001721
19 9 57.575758 27.272727 0.60914207807117504 0.00015431945426858532
19 10 57.575758 30.303030 0.60802121583730007 0.00016827304589298229
19 11 57.575758 33.333333 0.60680824380826859 0.00018156254068185624
19 12 57.575758 36.363636 0.60550855181857854 0.00019413549107066822
19 13 57.575758 39.393939 0.60412788160544539 0.00020594227736826808
19 14 57.575758 42.424242 0.60267229449013771 0.000216936303583147
19 15 57.575758 45.454545 0.60114813779805909 0.0002270741813165274
19 16 57.575758 48.484848 0.59956201030242884 0.00023631590099655155
19 17 57.575758 51.515152 0.59792072697785337 0.0002446249897777825
19 18 57.575758 54.545455 0.59623128334804731 0.00025196865548286236
19 19 57.575758 57.575758 0.59450081970650548 0.00025831791601825478
19 20 57.575758 60.606061 0.59273658548019392 0.00026364771375332781
19 21 57.575758 63.636364 0.59094590399449975 0.00026793701441137416
19 22 57.575758 66.666667 0.58913613788297448 0.00027116889008229163
19 23 57.575758 69.696970 0.58731465536809291 0.00027333058602931038
19 24 57.575758 72.727273 0.58548879761962924 0.00027441357102611278
19 25 57.575758 75.757576 0.58366584737565508 0.00027441357102568511
19 26 57.575758 78.787879 0.58185299898795606 0.00027333058602802907
19 27 57.575758 81.818182 0.58005733002921411 0.00027116889008016161
19 28 57.575758 84.848485 0.57828577457400199 0.00026793701440840404
19 29 57.575758 87.878788 0.57654509823991851 0.0002636477137495292
19 30 57.575758 90.909091 0.57484187504940287 0.00025831791601364264
19 31 57.575758 93.939394 0.57318246614736157 0.00025196865547745496
19 32 57.575758 96.969697 0.57157300038507253 0.00024462498977160119
19 33 57.575758 100.000000 0.57001935675728344 0.00023631590098962066
19 34 57.575758 103.030303 0.568527148657337 0.00022707418130887429
19 35 57.575758 106.060606 0.5671017098948653 0.00021693630357480189
19 36 57.575758 109.090909 0.56574808240236618 0.000205942277359264
19 37 57.575758 112.121212 0.56447100554108409 0.00019413549106104061
19 38 57.575758 115.151515 0.56327490690324522 0.00018156254067164311
19 39 57.575758 118.181818 0.56216389449702175 0.00016827304588222394
19 40 57.575758 121.212121 0.56114175019275425 0.0001543194542573242
19 41 57.575758 124.242424 0.56021192430396138 0.00013975683424829777
19 42 57.575758 127.272727 0.55937753117461508 0.00012464265786329206
19 43 57.575758 130.303030 0.55864134564493606 0.00010903657385148824
19 44 57.575758 133.333333 0.55800580027155677 9.3000172296739387e-05
19 45 57.575758 136.363636 0.55747298318416671 7.6596741549647123e-05
19 46 57.575758 139.393939 0.55704463646949109 5.9891018457355503e-05
19 47 57.575758 142.424242 0.55672215498450761 4.2948932876790881e-05
19 48 57.575758 145.454545 0.55650658551387322 2.5837347479637129e-05
19 49 57.575758 148.484848 0.55639862620136038 8.6237938759170633e-06
19 50 57.575758 151.515152 0.55639862620136071 -8.623793902420028e-06
19 51 57.575758 154.545455 0.55650658551387333 -2.583734750608637e-05
19 52 57.575758 157.575758 0.55672215498450806 -4.29489329031329e-05
19 53 57.575758 160.606061 0.55704463646949176 -5.9891018483537244e-05
19 54 57.575758 163.636364 0.55747298318416771 -7.6596741575616191e-05
19 55 57.575758 166.666667 0.55800580027155766 -9.300017232244414e-05
19 56 57.575758 169.696970 0.55864134564493739 -0.00010903657387687811
19 57 57.575758 172.727273 0.55937753117461653 -0.00012464265788831772
19 58 57.575758 175.757576 0.56021192430396272 -0.00013975683427291138
19 59 57.575758 178.787879 0.56114175019275592 -0.00015431945428147955
19 60 57.575758 181.818182 0.56216389449702386 -0.00016827304590587646
19 61 57.575758 184.848485 0.56327490690324689 -0.00018156254069475044
19 62 57.575758 187.878788 0.5644710055410862 -0.00019413549108356239
19 63 57.575758 190.909091 0.56574808240236851 -0.00020594227738116228
19 64 57.575758 193.939394 0.56710170989486774 -0.00021693630359604109
19 65 57.575758 196.969697 0.56852714865733955 -0.00022707418132942155
19 66 57.575758 200.000000 0.5700193567572861 -0.00023631590100944578
19 67 57.575758 203.030303 0.57157300038507541 -0.0002446249897906767
19 68 57.575758 206.060606 0.57318246614736446 -0.00025196865549575651
19 69 57.575758 209.090909 0.57484187504940587 -0.00025831791603114892
19 70 57.575758 212.121212 0.57654509823992139 -0.00026364771376622201
19 71 57.575758 215.151515 0.57828577457400498 -0.00026793701442426836
19 72 57.575758 218.181818 0.58005733002921722 -0.00027116889009518578
19 73 57.575758 221.212121 0.58185299898795939 -0.00027333058604220458
19 74 57.575758 224.242424 0.58366584737565796 -0.00027441357103900703
19 75 57.575758 227.272727 0.58548879761963235 -0.00027441357103857937
19 76 57.575758 230.303030 0.58731465536809624 -0.00027333058604092327
19 77 57.575758 233.333333 0.58913613788297747 -0.00027116889009305586
19 78 57.575758 236.363636 0.59094590399450264 -0.00026793701442129824
19 79 57.575758 239.393939 0.59273658548019681 -0.0002636477137624234
19 80 57.575758 242.424242 0.5945008197065087 -0.00025831791602653684
19 81 57.575758 245.454545 0.5962312833480502 -0.0002519686554903491
19 82 57.575758 248.484848 0.59792072697785614 -0.0002446249897844955
19 83 57.575758 251.515152 0.5995620103024315 -0.00023631590100251486
19 84 57.575758 254.545455 0.60114813779806164 -0.00022707418132176854
19 85 57.575758 257.575758 0.60267229449014026 -0.00021693630358769609
19 86 57.575758 260.606061 0.60412788160544784 -0.00020594227737215823
19 87 57.575758 263.636364 0.60550855181858076 -0.00019413549107393478
19 88 57.575758 266.666667 0.60680824380827048 -0.00018156254068453728
19 89 57.575758 269.696970 0.60802121583730251 -0.00016827304589511812
19 90 57.575758 272.727273 0.60914207807117671 -0.00015431945427021838
19 91 57.575758 275.757576 0.61016582335565339 -0.00013975683426119197
19 92 57.575758 278.787879 0.61108785618178574 -0.00012464265787618626
19 93 57.575758 281.818182 0.61190401957898188 -0.00010903657386438246
19 94 57.575758 284.848485 0.61261061969186159 -9.3000172309633586e-05
19 95 57.575758 287.878788 0.61320444781504735 -7.6596741562541309e-05
19 96 57.575758 290.909091 0.61368279968133388 -5.9891018470249689e-05
19 97 57.575758 293.939394 0.61404349182263018 -4.2948932889685067e-05
19 98 57.575758 296.969697 0.61428487484940408 -2.5837347492531315e-05
19 99 57.575758 300.000000 0.61440584352268168 -8.6237938888112358e-06
20 0 60.606061 0.000000 0.61967876882164008 8.8017260975439705e-06
20 1 60.606061 3.030303 0.61951445520115334 2.6370441899897201e-05
20 2 60.606061 6.060606 0.61918660439675266 4.3835085615555501e-05
20 3 60.606061 9.090909 0.6186967641992478 6.1126732274609938e-05
20 4 60.606061 12.121212 0.61804724364089336 7.8177139647499152e-05
20 5 60.606061 15.151515 0.61724109795520887 9.491901756591246e-05
20 6 60.606061 18.181818 0.61628210876224176 0.0001112862934863424
20 7 60.606061 21.212121 0.61517475967981261 0.00012721437324822815
20 8 60.606061 24.242424 0.61392420760624855 0.00014264039599759694
20 9 60.606061 27.272727 0.61253624996177436 0.00015750348227013656
20 10 60.606061 30.303030 0.61101728821350221 0.00017174497425462737
20 11 60.606061 33.333333 0.60937428804237792 0.00018530866728852546
20 12 60.606061 36.363636 0.60761473653904996 0.00019814103167208793
20 13 60.606061 39.393939 0.60574659683910448 0.00021019142392564245
20 14 60.606061 42.424242 0.60377826062613071 0.0002214122866562649
20 15 60.606061 45.454545 0.60171849894350216 0.00023175933624508194
20 16 60.606061 48.484848 0.5995764117624377 0.00024119173761448387
20 17 60.606061 51.515152 0.59736137675480083 0.00024967226538552003
20 18 60.606061 54.545455 0.59508299771432782 0.0002571674507894626
20 19 60.606061 57.575758 0.59275105305959686 0.0002636477137537468
20 20 60.606061 60.606061 0.5903754448363927 0.00026908747964100312
20 21 60.606061 63.636364 0.58796614861637875 0.00027346528018046712
20 22 60.606061 66.666667 0.58553316466364624 0.00027676383819343655
20 23 60.606061 69.696970 0.58308647071111397 0.00027897013577840173
20 24 60.606061 72.727273 0.58063597665548949 0.00028007546568675659
20 25 60.606061 75.757576 0.5781914814430672 0.00028007546568632985
20 26 60.606061 78.787879 0.57576263237966652 0.00027897013577712329
20 27 60.606061 81.818182 0.57335888705712468 0.00027676383819131146
20 28 60.606061 84.848485 0.57098947804659728 0.00027346528017750384
20 29 60.606061 87.878788 0.56866338046618747 0.00026908747963721324
20 30 60.606061 90.909091 0.56638928248773845 0.00026364771374914534
20 31 60.606061 93.939394 0.56417555880571602 0.00025716745078406772
20 32 60.606061 96.969697 0.56203024705054228 0.00024967226537935298
20 33 60.606061 100.000000 0.55996102709021678 0.00024119173760756897
20 34 60.606061 103.030303 0.55797520312807292 0.0002317593362374465
20 35 60.606061 106.060606 0.55607968847166522 0.00022141228664793904
20 36 60.606061 109.090909 0.55428099281849263 0.00021019142391665911
20 37 60.606061 112.121212 0.55258521187896248 0.00019814103166248249
20 38 60.606061 115.151515 0.55099801913604995 0.0001853086672783358
20 39 60.606061 118.181818 0.54952465952472651 0.00017174497424389374
20 40 60.606061 121.212121 0.54816994480267567 0.00015750348225890132
20 41 60.606061 124.242424 0.54693825037712229 0.00014264039598590452
20 42 60.606061 127.272727 0.54583351335086905 0.0001272143732361246
20 43 60.606061 130.303030 0.5448592315537395 0.00011128629347387547
20 44 60.606061 133.333333 0.54401846333348081 9.491901755313137e-05
20 45 60.606061 136.363636 0.543313827892552 7.817713963445437e-05
20 46 60.606061 139.393939 0.54274750597380172 6.1126732261352964e-05
20 47 60.606061 142.424242 0.5423212407185023 4.3835085602138621e-05
20 48 60.606061 145.454545 0.54203633854409206 2.6370441886373338e-05
20 49 60.606061 148.484848 0.54189366991582888 8.8017260839665152e-06
20 50 60.606061 151.515152 0.54189366991582888 -8.8017261101925306e-06
20 51 60.606061 154.545455 0.54203633854409217 -2.6370441912545762e-05
20 52 60.606061 157.575758 0.54232124071850252 -4.3835085628204061e-05
20 53 60.606061 160.606061 0.5427475059738025 -6.1126732287258498e-05
20 54 60.606061 163.636364 0.54331382789255278 -7.8177139660147725e-05
20 55 60.606061 166.666667 0.54401846333348181 -9.4919017578561006e-05
20 56 60.606061 169.696970 0.5448592315537405 -0.00011128629349899094
20 57 60.606061 172.727273 0.54583351335087027 -0.00012721437326087669
20 58 60.606061 175.757576 0.54693825037712351 -0.00014264039601024557
20 59 60.606061 178.787879 0.548169944802677 -0.00015750348228278511
20 60 60.606061 181.818182 0.54952465952472829 -0.00017174497426727589
20 61 60.606061 184.848485 0.5509980191360514 -0.000185308667301174
20 62 60.606061 187.878788 0.55258521187896426 -0.0001981410316847365
20 63 60.606061 190.909091 0.55428099281849463 -0.000210191423938291
20 64 60.606061 193.939394 0.55607968847166767 -0.00022141228666891347
20 65 60.606061 196.969697 0.55797520312807491 -0.00023175933625773051
20 66 60.606061 200.000000 0.559961027090219 -0.00024119173762713247
20 67 60.606061 203.030303 0.56203024705054472 -0.0002496722653981686
20 68 60.606061 206.060606 0.56417555880571824 -0.00025716745080211118
20 69 60.606061 209.090909 0.56638928248774101 -0.00026364771376639537
20 70 60.606061 212.121212 0.56866338046618992 -0.0002690874796536517
20 71 60.606061 215.151515 0.57098947804659994 -0.0002734652801931157
20 72 60.606061 218.181818 0.57335888705712712 -0.00027676383820608502
20 73 60.606061 221.212121 0.5757626323796694 -0.0002789701357910503
20 74 60.606061 224.242424 0.57819148144306987 -0.00028007546569940511
20 75 60.606061 227.272727 0.58063597665549227 -0.00028007546569897842
20 76 60.606061 230.303030 0.58308647071111686 -0.00027897013578977192
20 77 60.606061 233.333333 0.58553316466364891 -0.00027676383820396004
20 78 60.606061 236.363636 0.5879661486163813 -0.00027346528019015236
20 79 60.606061 239.393939 0.59037544483639492 -0.00026908747964986181
20 80 60.606061 242.424242 0.59275105305959963 -0.00026364771376179386
20 81 60.606061 245.454545 0.59508299771433038 -0.00025716745079671624
20 82 60.606061 248.484848 0.59736137675480361 -0.00024967226539200155
20 83 60.606061 251.515152 0.59957641176243992 -0.00024119173762021748
20 84 60.606061 254.545455 0.60171849894350438 -0.00023175933625009504
20 85 60.606061 257.575758 0.60377826062613282 -0.00022141228666058762
20 86 60.606061 260.606061 0.60574659683910681 -0.00021019142392930765
20 87 60.606061 263.636364 0.60761473653905185 -0.00019814103167513104
20 88 60.606061 266.666667 0.60937428804237981 -0.00018530866729098437
20 89 60.606061 269.696970 0.6110172882135041 -0.00017174497425654234
20 90 60.606061 272.727273 0.6125362499617758 -0.00015750348227154987
20 91 60.606061 275.757576 0.61392420760624999 -0.00014264039599855307
20 92 60.606061 278.787879 0.61517475967981405 -0.00012721437324877318
20 93 60.606061 281.818182 0.61628210876224265 -0.00011128629348652406
20 94 60.606061 284.848485 0.61724109795520998 -9.4919017565779943e-05
20 95 60.606061 287.878788 0.61804724364089414 -7.817713964710293e-05
20 96 60.606061 290.909091 0.61869676419924835 -6.1126732274001524e-05
20 97 60.606061 293.939394 0.6191866043967531 -4.3835085614787181e-05
20 98 60.606061 296.969697 0.61951445520115334 -2.6370441899021895e-05
20 99 60.606061 300.000000 0.61967876882164019 -8.8017260966150617e-06
21 0 63.636364 0.000000 0.62508177092200456 8.9449219137929659e-06
21 1 63.636364 3.030303 0.62487276351565613 2.6799464219944388e-05
21 2 63.636364 6.060606 0.62445576744496922 4.4548241284305877e-05
21 3 63.636364 9.090909 0.62383281311576866 6.2121206792449359e-05
21 4 63.636364 12.121212 0.62300692851745887 7.9449008277838434e-05
21 5 63.636364 15.151515 0.62198211829199757 9.6463260824329733e-05
21 6 63.636364 18.181818 0.62076333617632373 0.00011309681695019491
21 7 63.636364 21.212121 0.61935645111234661 0.00012928403160855412
21 8 63.636364 24.242424 0.61776820738438853 0.00014496102125838574
21 9 63.636364 27.272727 0.61600617920478729 0.00016006591598367718
21 10 63.636364 30.303030 0.6140787202233321 0.00017453910366571767
21 11 63.636364 33.333333 0.61199490848465532 0.00018832346524489673
21 12 63.636364 36.363636 0.60976448739892752 0.00020136460014353713
21 13 63.636364 39.393939 0.60739780332474602 0.00021361104096012166
21 14 63.636364 42.424242 0.60490574038847211 0.00022501445658761412
21 15 63.636364 45.454545 0.60229965318124201 0.0002355298429542575
21 16 63.636364 48.484848 0.59959129798325739 0.00024511570063408592
21 17 63.636364 51.515152 0.5967927631647143 0.00025373419862619896
21 18 63.636364 54.545455 0.59391639940395535 0.00026135132365643878
21 19 63.636364 57.575758 0.59097475034637914 0.0002679370144122445
21 20 63.636364 60.606061 0.58798048430261052 0.00027346528018091891
21 21 63.636364 63.636364 0.58494632755194453 0.00027791430342309745
21 22 63.636364 66.666667 0.58188499977766173 0.00028126652587660855
21 23 63.636364 69.696970 0.57880915211516615 0.00028350871785091291
21 24 63.636364 72.727273 0.57573130824280228 0.00028463203043864812
21 25 63.636364 75.757576 0.57266380888946489 0.00028463203043822312
21 26 63.636364 78.787879 0.56961876007369394 0.00028350871784963956
21 27 63.636364 81.818182 0.56660798532675194 0.00028126652587449192
21 28 63.636364 84.848485 0.56364298208823083 0.00027791430342014592
21 29 63.636364 87.878788 0.56073488239806524 0.0002734652801771441
21 30 63.636364 90.909091 0.55789441794438832 0.00026793701440766142
21 31 63.636364 93.939394 0.55513188946354308 0.00026135132365106537
21 32 63.636364 96.969697 0.55245714042765803 0.00025373419862005647
21 33 63.636364 100.000000 0.5498795348974812 0.00024511570062719863
21 34 63.636364 103.030303 0.54740793936450127 0.00023552984294665253
21 35 63.636364 106.060606 0.54505070835756331 0.00022501445657932144
21 36 63.636364 109.090909 0.54281567354593163 0.00021361104095117423
21 37 63.636364 112.121212 0.54071013603367579 0.00020136460013397004
21 38 63.636364 115.151515 0.53874086150987299 0.00018832346523474779
21 39 63.636364 118.181818 0.536914077895838 0.00017453910365502692
21 40 63.636364 121.212121 0.53523547511467595 0.00016006591597248678
21 41 63.636364 124.242424 0.53371020660007928 0.00014496102124673989
21 42 63.636364 127.272727 0.53234289216048725 0.00012928403159649885
21 43 63.636364 130.303030 0.53113762182138402 0.00011309681693777772
21 44 63.636364 133.333333 0.53009796028244149 9.646326081159964e-05
21 45 63.636364 136.363636 0.52922695164707223 7.9449008264845694e-05
21 46 63.636364 139.393939 0.52852712410926239 6.2121206779245267e-05
21 47 63.636364 142.424242 0.52800049431582441 4.4548241270942516e-05
21 48 63.636364 145.454545 0.52764857116069053 2.6799464206474477e-05
21 49 63.636364 148.484848 0.52747235881093546 8.94492190026968e-06
21 50 63.636364 151.515152 0.52747235881093546 -8.9449219261537803e-06
21 51 63.636364 154.545455 0.52764857116069075 -2.6799464232305197e-05
21 52 63.636364 157.575758 0.52800049431582463 -4.4548241296666676e-05
21 53 63.636364 160.606061 0.52852712410926306 -6.2121206804810158e-05
21 54 63.636364 163.636364 0.52922695164707267 -7.9449008290199234e-05
21 55 63.636364 166.666667 0.53009796028244227 -9.6463260836690532e-05
21 56 63.636364 169.696970 0.5311376218213848 -0.00011309681696255571
21 57 63.636364 172.727273 0.53234289216048847 -0.00012928403162091494
21 58 63.636364 175.757576 0.53371020660008028 -0.00014496102127074657
21 59 63.636364 178.787879 0.53523547511467728 -0.00016006591599603801
21 60 63.636364 181.818182 0.53691407789583967 -0.00017453910367807847
21 61 63.636364 184.848485 0.53874086150987432 -0.0001883234652572575
21 62 63.636364 187.878788 0.54071013603367724 -0.00020136460015589801
21 63 63.636364 190.909091 0.54281567354593363 -0.00021361104097248254
21 64 63.636364 193.939394 0.54505070835756519 -0.00022501445659997492
21 65 63.636364 196.969697 0.54740793936450327 -0.0002355298429666183
21 66 63.636364 200.000000 0.54987953489748309 -0.00024511570064644674
21 67 63.636364 203.030303 0.55245714042766036 -0.00025373419863855968
21 68 63.636364 206.060606 0.55513188946354541 -0.00026135132366879955
21 69 63.636364 209.090909 0.55789441794439054 -0.00026793701442460533
21 70 63.636364 212.121212 0.56073488239806724 -0.00027346528019327974
21 71 63.636364 215.151515 0.56364298208823282 -0.00027791430343545817
21 72 63.636364 218.181818 0.56660798532675383 -0.00028126652588896938
21 73 63.636364 221.212121 0.56961876007369638 -0.00028350871786327368
21 74 63.636364 224.242424 0.57266380888946722 -0.00028463203045100895
21 75 63.636364 227.272727 0.57573130824280461 -0.00028463203045058394
21 76 63.636364 230.303030 0.57880915211516881 -0.00028350871786200044
21 77 63.636364 233.333333 0.58188499977766406 -0.00028126652588685274
21 78 63.636364 236.363636 0.58494632755194687 -0.00027791430343250675
21 79 63.636364 239.393939 0.58798048430261252 -0.00027346528018950498
21 80 63.636364 242.424242 0.59097475034638147 -0.00026793701442002214
21 81 63.636364 245.454545 0.59391639940395768 -0.00026135132366342614
21 82 63.636364 248.484848 0.59679276316471652 -0.00025373419863241724
21 83 63.636364 251.515152 0.59959129798325927 -0.00024511570063955946
21 84 63.636364 254.545455 0.60229965318124368 -0.00023552984295901336
21 85 63.636364 257.575758 0.60490574038847444 -0.00022501445659168232
21 86 63.636364 260.606061 0.60739780332474802 -0.00021361104096353503
21 87 63.636364 263.636364 0.60976448739892875 -0.00020136460014633084
21 88 63.636364 266.666667 0.61199490848465687 -0.00018832346524710856
21 89 63.636364 269.696970 0.61407872022333376 -0.00017453910366738772
21 90 63.636364 272.727273 0.6160061792047884 -0.00016006591598484758
21 91 63.636364 275.757576 0.61776820738438964 -0.00014496102125910072
21 92 63.636364 278.787879 0.61935645111234783 -0.0001292840316088597
21 93 63.636364 281.818182 0.62076333617632462 -0.00011309681695013855
21 94 63.636364 284.848485 0.62198211829199845 -9.646326082396044e-05
21 95 63.636364 287.878788 0.62300692851745942 -7.9449008277206507e-05
21 96 63.636364 290.909091 0.62383281311576932 -6.2121206791606066e-05
21 97 63.636364 293.939394 0.62445576744496945 -4.4548241283303322e-05
21 98 63.636364 296.969697 0.62487276351565613 -2.6799464218835287e-05
21 99 63.636364 300.000000 0.62508177092200456 -8.9449219126304741e-06
22 0 66.666667 0.000000 0.63059513048877236 9.0528162098060457e-06
22 1 66.666667 3.030303 0.63034023003270523 2.7122721298238184e-05
22 2 66.666667 6.060606 0.62983171018492923 4.5085585396875119e-05
22 3 66.666667 9.090909 0.62907212368007337 6.2870517287571542e-05
22 4 66.666667 12.121212 0.6280652762403498 8.0407327969317399e-05
22 5 66.666667 15.151515 0.62681619881375905 9.7626807662158456e-05
22 6 66.666667 18.181818 0.62533111104370509 0.00011446099894657909
22 7 66.666667 21.212121 0.62361737637717107 0.00013084346496039021
22 8 66.666667 24.242424 0.62168344930948694 0.00014670955159467198
22 9 66.666667 27.272727 0.61953881534757493 0.00016199664265400445
22 10 66.666667 30.303030 0.61719392434923059 0.00017664440697398389
22 11 66.666667 33.333333 0.61466011796241404 0.0001905950365207665
22 12 66.666667 36.363636 0.61194955194485801 0.00020379347453296741
22 13 66.666667 39.393939 0.60907511418973104 0.00021618763280554522
22 14 66.666667 42.424242 0.6060503393170843 0.00022772859725815045
22 15 66.666667 45.454545 0.60288932071296231 0.00023837082097665364
22 16 66.666667 48.484848 0.59960662090813177 0.00024807230396600748
22 17 66.666667 51.515152 0.59621718118633615 0.00025679475890503909
22 18 66.666667 54.545455 0.59273623129798469 0.00026450376224901458
22 19 66.666667 57.575758 0.58917920012952352 0.00027116889008364385
22 20 66.666667 60.606061 0.58556162814194812 0.00027676383819437103
22 21 66.666667 63.636364 0.58189908234463239 0.00028126652587709162
22 22 66.666667 66.666667 0.57820707451372144 0.00028465918308060437
22 23 66.666667 69.696970 0.57450098329870547 0.00028692842053688444
22 24 66.666667 72.727273 0.57079598078756799 0.00028806528260240806
22 25 66.666667 75.757576 0.56710696402127758 0.0002880652826019856
22 26 66.666667 78.787879 0.56344849186365908 0.00028692842053561841
22 27 66.666667 81.818182 0.55983472754421026 0.00028465918307849977
22 28 66.666667 84.848485 0.55627938710061808 0.00028126652587415695
22 29 66.666667 87.878788 0.55279569385603389 0.00027676383819061768
22 30 66.666667 90.909091 0.54939633897500395 0.00027116889007908673
22 31 66.666667 93.939394 0.5460934480527766 0.00026450376224367164
22 32 66.666667 96.969697 0.54289855360684713 0.00025679475889893151
22 33 66.666667 100.000000 0.53982257325845429 0.00024807230395915928
22 34 66.666667 103.030303 0.53687579331643664 0.00023837082096909182
22 35 66.666667 106.060606 0.53406785740763241 0.00022772859724990487
22 36 66.666667 109.090909 0.53140775973778209 0.00021618763279664848
22 37 66.666667 112.121212 0.52890384251559419 0.00020379347452345459
22 38 66.666667 115.151515 0.52656379703097689 0.00019059503651067513
22 39 66.666667 118.181818 0.52439466784695643 0.00017664440696335386
22 40 66.666667 121.212121 0.5224028595439304 0.00016199664264287758
22 41 66.666667 124.242424 0.52059414544483151 0.00014670955158309229
22 42 66.666667 127.272727 0.51897367775054959 0.00013084346494840338
22 43 66.666667 130.303030 0.51754599852643801 0.00011446099893423242
22 44 66.666667 133.333333 0.51631505100261776 9.762680764950064e-05
22 45 66.666667 136.363636 0.51528419068257281 8.0407327956398425e-05
22 46 66.666667 139.393939 0.51445619579558044 6.2870517274442436e-05
22 47 66.666667 142.424242 0.5138332766780439 4.5085585383587638e-05
22 48 66.666667 145.454545 0.51341708372583528 2.7122721284844754e-05
22 49 66.666667 148.484848 0.51320871362328724 9.0528161963595501e-06
22 50 66.666667 151.515152 0.51320871362328713 -9.0528162218381182e-06
22 51 66.666667 154.545455 0.51341708372583528 -2.712272131027025e-05
22 52 66.666667 157.575758 0.51383327667804402 -4.5085585408907181e-05
22 53 66.666667 160.606061 0.51445619579558111 -6.2870517299603611e-05
22 54 66.666667 163.636364 0.51528419068257336 -8.0407327981349454e-05
22 55 66.666667 166.666667 0.51631505100261832 -9.7626807674190525e-05
22 56 66.666667 169.696970 0.51754599852643868 -0.00011446099895861117
22 57 66.666667 172.727273 0.51897367775055048 -0.00013084346497242231
22 58 66.666667 175.757576 0.52059414544483251 -0.00014670955160670407
22 59 66.666667 178.787879 0.52240285954393129 -0.00016199664266603652
22 60 66.666667 181.818182 0.52439466784695776 -0.00017664440698601599
22 61 66.666667 184.848485 0.52656379703097822 -0.00019059503653279857
22 62 66.666667 187.878788 0.52890384251559552 -0.00020379347454499953
22 63 66.666667 190.909091 0.53140775973778365 -0.00021618763281757729
22 64 66.666667 193.939394 0.53406785740763429 -0.00022772859727018249
22 65 66.666667 196.969697 0.5368757933164382 -0.00023837082098868568
22 66 66.666667 200.000000 0.53982257325845595 -0.00024807230397803958
22 67 66.666667 203.030303 0.54289855360684913 -0.00025679475891707108
22 68 66.666667 206.060606 0.54609344805277837 -0.00026450376226104657
22 69 66.666667 209.090909 0.54939633897500595 -0.00027116889009567595
22 70 66.666667 212.121212 0.55279569385603544 -0.00027676383820640312
22 71 66.666667 215.151515 0.55627938710062008 -0.00028126652588912366
22 72 66.666667 218.181818 0.55983472754421204 -0.00028465918309263647
22 73 66.666667 221.212121 0.56344849186366108 -0.00028692842054891653
22 74 66.666667 224.242424 0.56710696402127958 -0.00028806528261444026
22 75 66.666667 227.272727 0.57079598078756966 -0.00028806528261401764
22 76 66.666667 230.303030 0.57450098329870747 -0.00028692842054765051
22 77 66.666667 233.333333 0.57820707451372311 -0.00028465918309053187
22 78 66.666667 236.363636 0.58189908234463417 -0.00028126652588618899
22 79 66.666667 239.393939 0.5855616281419499 -0.00027676383820264978
22 80 66.666667 242.424242 0.58917920012952552 -0.00027116889009111877
22 81 66.666667 245.454545 0.59273623129798647 -0.00026450376225570373
22 82 66.666667 248.484848 0.59621718118633793 -0.00025679475891096361
22 83 66.666667 251.515152 0.59960662090813344 -0.00024807230397119138
22 84 66.666667 254.545455 0.60288932071296375 -0.00023837082098112391
22 85 66.666667 257.575758 0.60605033931708596 -0.00022772859726193694
22 86 66.666667 260.606061 0.6090751141897327 -0.00021618763280868057
22 87 66.666667 263.636364 0.61194955194485934 -0.00020379347453548669
22 88 66.666667 266.666667 0.61466011796241515 -0.0001905950365227072
22 89 66.666667 269.696970 0.61719392434923193 -0.00017664440697538593
22 90 66.666667 272.727273 0.61953881534757582 -0.00016199664265490962
22 91 66.666667 275.757576 0.6216834493094876 -0.00014670955159512439
22 92 66.666667 278.787879 0.62361737637717207 -0.00013084346496043548
22 93 66.666667 281.818182 0.62533111104370576 -0.00011446099894626452
22 94 66.666667 284.848485 0.62681619881375972 -9.7626807661532723e-05
22 95 66.666667 287.878788 0.62806527624035025 -8.0407327968430481e-05
22 96 66.666667 290.909091 0.62907212368007381 -6.2870517286474505e-05
22 97 66.666667 293.939394 0.62983171018492956 -4.5085585395619708e-05
22 98 66.666667 296.969697 0.63034023003270501 -2.7122721296876826e-05
22 99 66.666667 300.000000 0.63059513048877236 -9.052816208391604e-06
23 0 69.696970 0.000000 0.63619831436435847 9.1249831760890577e-06
23 1 69.696970 3.030303 0.63589648222628758 2.7338937386772657e-05
23 2 69.696970 6.060606 0.63529438091798796 4.5444997301540065e-05
23 3 69.696970 9.090909 0.63439512434372225 6.3371706573779669e-05
23 4 69.696970 12.121212 0.63320335342127487 8.1048316671928372e-05
23 5 69.696970 15.151515 0.63172520054546133 9.840506609160367e-05
23 6 69.696970 18.181818 0.62996824284987851 0.00011537345567239075
23 7 69.696970 21.212121 0.62794144480676062 0.00013188651893273403
23 8 69.696970 24.242424 0.62565509082511195 0.00014787908635604589
23 9 69.696970 27.272727 0.62312070861814794 0.00016328804258501563
23 10 69.696970 30.303030 0.62035098421092438 0.00017805257550908998
23 11 69.696970 33.333333 0.61735966954648236 0.00019211441626209108
23 12 69.696970 36.363636 0.61416148372267942 0.00020541806918281076
23 13 69.696970 39.393939 0.61077200895113115 0.00021791103083103184
23 14 69.696970 42.424242 0.607207582373539 0.00022954399719462014
23 15 69.696970 45.454545 0.60348518489865211 0.00024027105826993523
23 16 69.696970 48.484848 0.59962232823487405 0.00025004987924764102
23 17 69.696970 51.515152 0.59563694128901878 0.00025884186758885677
23 18 69.696970 54.545455 0.59154725708119882 0.00026661232533227718
23 19 69.696970 57.575758 0.58737170128966676 0.00027333058603117336
23 20 69.696970 60.606061 0.5831287834883887 0.00027897013577984805
23 21 69.696970 63.636364 0.57883699207502115 0.00028350871785190869
23 22 69.696970 66.666667 0.574514693808994 0.00028692842053739754
23 23 69.696970 69.696970 0.57018003878980883 0.00028921574783212853
23 24 69.696970 72.727273 0.56585087160598402 0.00029036167270024994
23 25 69.696970 75.757576 0.56154464927687309 0.00029036167269983057
23 26 69.696970 78.787879 0.55727836649468265 0.00028921574783087183
23 27 69.696970 81.818182 0.55306848855418822 0.0002869284205353085
23 28 69.696970 84.848485 0.5489308922348376 0.00028350871784899549
23 29 69.696970 87.878788 0.54488081477609862 0.00027897013577612246
23 30 69.696970 90.909091 0.54093281096394319 0.0002733305860266498
23 31 69.696970 93.939394 0.53710071822624661 0.00026661232532697359
23 32 69.696970 96.969697 0.53339762951944092 0.00025884186758279423
23 33 69.696970 100.000000 0.52983587367978746 0.00025004987924084324
23 34 69.696970 103.030303 0.526427002811788 0.00024027105826242919
23 35 69.696970 106.060606 0.5231817861950594 0.00022954399718643533
23 36 69.696970 109.090909 0.52011021011081804 0.00021791103082220069
23 37 69.696970 112.121212 0.51722148292111925 0.00020541806917336811
23 38 69.696970 115.151515 0.51452404467916513 0.00019211441625207408
23 39 69.696970 118.181818 0.51202558050807367 0.00017805257549853825
23 40 69.696970 121.212121 0.50973303695900907 0.00016328804257397084
23 41 69.696970 124.242424 0.50765264054782377 0.00014787908634455158
23 42 69.696970 127.272727 0.50578991767237613 0.00013188651892083556
23 43 69.696970 130.303030 0.50414971513027318 0.00011537345566013508
23 44 69.696970 133.333333 0.50273622048852584 9.8405066079039163e-05
23 45 69.696970 136.363636 0.50155298160183537 8.1048316659104632e-05
23 46 69.696970 139.393939 0.50060292463401601 6.3371706560747329e-05
23 47 69.696970 142.424242 0.4998883700064275 4.5444997288350542e-05
23 48 69.696970 145.454545 0.49941104577681827 2.7338937373477956e-05
23 49 69.696970 148.484848 0.49917209804038187 9.1249831627416752e-06
23 50 69.696970 151.515152 0.49917209804038187 -9.124983187752698e-06
23 51 69.696970 154.545455 0.49941104577681805 -2.7338937398436294e-05
23 52 69.696970 157.575758 0.49988837000642744 -4.5444997313203708e-05
23 53 69.696970 160.606061 0.50060292463401657 -6.3371706585443313e-05
23 54 69.696970 163.636364 0.5015529816018357 -8.1048316683592002e-05
23 55 69.696970 166.666667 0.50273622048852662 -9.8405066103267327e-05
23 56 69.696970 169.696970 0.50414971513027373 -0.00011537345568405438
23 57 69.696970 172.727273 0.50578991767237691 -0.00013188651894439766
23 58 69.696970 175.757576 0.50765264054782433 -0.00014787908636770957
23 59 69.696970 178.787879 0.50973303695900973 -0.00016328804259667929
23 60 69.696970 181.818182 0.51202558050807478 -0.00017805257552075361
23 61 69.696970 184.848485 0.51452404467916624 -0.00019211441627375474
23 62 69.696970 187.878788 0.51722148292112025 -0.00020541806919447444
23 63 69.696970 190.909091 0.52011021011081948 -0.0002179110308426955
23 64 69.696970 193.939394 0.52318178619506073 -0.00022954399720628374
23 65 69.696970 196.969697 0.52642700281178934 -0.00024027105828159891
23 66 69.696970 200.000000 0.52983587367978879 -0.00025004987925930465
23 67 69.696970 203.030303 0.53339762951944236 -0.00025884186760052045
23 68 69.696970 206.060606 0.53710071822624805 -0.00026661232534394081
23 69 69.696970 209.090909 0.54093281096394497 -0.00027333058604283699
23 70 69.696970 212.121212 0.54488081477610018 -0.00027897013579151174
23 71 69.696970 215.151515 0.54893089223483915 -0.00028350871786357227
23 72 69.696970 218.181818 0.55306848855418977 -0.00028692842054906111
23 73 69.696970 221.212121 0.55727836649468432 -0.00028921574784379216
23 74 69.696970 224.242424 0.56154464927687453 -0.00029036167271191362
23 75 69.696970 227.272727 0.56585087160598557 -0.00029036167271149414
23 76 69.696970 230.303030 0.57018003878981038 -0.00028921574784253546
23 77 69.696970 233.333333 0.57451469380899556 -0.00028692842054697207
23 78 69.696970 236.363636 0.57883699207502293 -0.00028350871786065918
23 79 69.696970 239.393939 0.5831287834883897 -0.00027897013578778609
23 80 69.696970 242.424242 0.58737170128966831 -0.00027333058603831343
23 81 69.696970 245.454545 0.59154725708120037 -0.00026661232533863733
23 82 69.696970 248.484848 0.59563694128902056 -0.00025884186759445792
23 83 69.696970 251.515152 0.59962232823487505 -0.00025004987925250687
23 84 69.696970 254.545455 0.60348518489865322 -0.00024027105827409282
23 85 69.696970 257.575758 0.60720758237354022 -0.00022954399719809899
23 86 69.696970 260.606061 0.61077200895113259 -0.00021791103083386437
23 87 69.696970 263.636364 0.61416148372268042 -0.00020541806918503174
23 88 69.696970 266.666667 0.61735966954648325 -0.00019211441626373774
23 89 69.696970 269.696970 0.62035098421092583 -0.00017805257551020191
23 90 69.696970 272.727273 0.62312070861814872 -0.00016328804258563444
23 91 69.696970 275.757576 0.6256550908251125 -0.00014787908635621521
23 92 69.696970 278.787879 0.62794144480676162 -0.00013188651893249924
23 93 69.696970 281.818182 0.62996824284987907 -0.00011537345567179872
23 94 69.696970 284.848485 0.63172520054546177 -9.8405066090702807e-05
23 95 69.696970 287.878788 0.63320335342127498 -8.1048316670768249e-05
23 96 69.696970 290.909091 0.6343951243437228 -6.3371706572410973e-05
23 97 69.696970 293.939394 0.63529438091798829 -4.5444997300014185e-05
23 98 69.696970 296.969697 0.63589648222628736 -2.7338937385141596e-05
23 99 69.696970 300.000000 0.63619831436435847 -9.1249831744053019e-06
24 0 72.727273 0.000000 0.64187003727587222 9.161138002596029e-06
24 1 72.727273 3.030303 0.64152040620101958 2.7447259179426107e-05
24 2 72.727273 6.060606 0.64082300779622203 4.5625058563712715e-05
24 3 72.727273 9.090909 0.6397815545643839 6.3622796685932687e-05
24 4 72.727273 12.121212 0.63840157797208308 8.1369444696102058e-05
24 5 72.727273 15.151515 0.63669038420423107 9.8794964682196853e-05
24 6 72.727273 18.181818 0.63465699599583569 0.00011583058607779488
24 7 72.727273 21.212121 0.63231208123304339 0.00013240907706808279
24 8 72.727273 24.242424 0.62966786916967332 0.00014846500992311398
24 9 72.727273 27.272727 0.62673805524725701 0.00016393501921116766
24 10 72.727273 30.303030 0.62353769563411388 0.00017875805187315876
24 11 72.727273 33.333333 0.62008309271045947 0.00019287560817116996
24 12 72.727273 36.363636 0.61639167282036111 0.00020623197256019099
24 13 72.727273 39.393939 0.61248185768628127 0.00021877443357192069
24 14 72.727273 42.424242 0.60837293093693612 0.00023045349184285137
24 15 72.727273 45.454545 0.60408490123360081 0.00024122305546564165
24 16 72.727273 48.484848 0.59963836349342725 0.00025104062189281812
24 17 72.727273 51.515152 0.59505435970071829 0.00025986744567491212
24 18 72.727273 54.545455 0.59035424076875498 0.00026766869137104791
24 19 72.727273 57.575758 0.58555953086622181 0.00027441357102851298
24 20 72.727273 60.606061 0.58069179555446393 0.00028007546568874176
24 21 72.727273 63.636364 0.57577251499587601 0.00028463203044018401
24 22 72.727273 66.666667 0.57082296339117045 0.00028806528260346201
24 23 72.727273 69.696970 0.5658640956857629 0.00029036167270079117
24 24 72.727273 72.727273 0.56091644245500671 0.0002915121379295782
24 25 72.727273 75.757576 0.55600001373662278 0.00029151213792916251
24 26 72.727273 78.787879 0.55113421242865945 0.00029036167269954585
24 27 72.727273 81.818182 0.54633775771512016 0.000288065282601392
24 28 72.727273 84.848485 0.54162861882145508 0.00028463203043729726
24 29 72.727273 87.878788 0.53702395924101121 0.00028007546568504995
24 30 72.727273 90.909091 0.53254009141372927 0.00027441357102403051
24 31 72.727273 93.939394 0.52819244168246415 0.00026766869136579251
24 32 72.727273 96.969697 0.52399552520259796 0.0002598674456689045
24 33 72.727273 100.000000 0.51996293033954788 0.00025104062188608203
24 34 72.727273 103.030303 0.51610731195837778 0.00024122305545820367
24 35 72.727273 106.060606 0.51244039289210153 0.00023045349183474081
24 36 72.727273 109.090909 0.50897297277209086 0.00021877443356316966
24 37 72.727273 112.121212 0.50571494331685907 0.000206231972550834
24 38 72.727273 115.151515 0.50267530910560854 0.00019287560816124384
24 39 72.727273 118.181818 0.49986221281128818 0.00017875805186270277
24 40 72.727273 121.212121 0.49728296383520443 0.00016393501920022299
24 41 72.727273 124.242424 0.49494406927179174 0.00014846500991172392
24 42 72.727273 127.272727 0.49285126613808039 0.00013240907705629223
24 43 72.727273 130.303030 0.49100955382738543 0.00011583058606565036
24 44 72.727273 133.333333 0.48942322579025804 9.8794964669746295e-05
24 45 72.727273 136.363636 0.48809589950688276 8.1369444683394626e-05
24 46 72.727273 139.393939 0.48703054389272549 6.3622796673018565e-05
24 47 72.727273 142.424242 0.48622950337192816 4.5625058550642807e-05
24 48 72.727273 145.454545 0.4856945179589986 2.744725916625198e-05
24 49 72.727273 148.484848 0.4854267388069391 9.1611379893696993e-06
24 50 72.727273 151.515152 0.4854267388069391 -9.161138013853002e-06
24 51 72.727273 154.545455 0.48569451795899854 -2.7447259190683076e-05
24 52 72.727273 157.575758 0.48622950337192816 -4.5625058574969681e-05
24 53 72.727273 160.606061 0.48703054389272599 -6.362279669718966e-05
24 54 72.727273 163.636364 0.48809589950688304 -8.1369444707359031e-05
24 55 72.727273 166.666667 0.48942322579025849 -9.8794964693453839e-05
24 56 72.727273 169.696970 0.49100955382738598 -0.00011583058608905184
24 57 72.727273 172.727273 0.49285126613808106 -0.00013240907707933976
24 58 72.727273 175.757576 0.49494406927179252 -0.00014846500993437098
24 59 72.727273 178.787879 0.49728296383520498 -0.00016393501922242463
24 60 72.727273 181.818182 0.49986221281128895 -0.00017875805188441576
24 61 72.727273 184.848485 0.50267530910560931 -0.0001928756081824269
24 62 72.727273 187.878788 0.50571494331685996 -0.00020623197257144796
24 63 72.727273 190.909091 0.50897297277209175 -0.00021877443358317769
24 64 72.727273 193.939394 0.51244039289210275 -0.00023045349185410832
24 65 72.727273 196.969697 0.51610731195837889 -0.00024122305547689862
24 66 72.727273 200.000000 0.51996293033954888 -0.00025104062190407507
24 67 72.727273 203.030303 0.52399552520259918 -0.00025986744568616901
24 68 72.727273 206.060606 0.52819244168246515 -0.00026766869138230485
24 69 72.727273 209.090909 0.53254009141373049 -0.00027441357103977004
24 70 72.727273 212.121212 0.53702395924101187 -0.00028007546569999876
24 71 72.727273 215.151515 0.54162861882145619 -0.0002846320304514409
24 72 72.727273 218.181818 0.54633775771512094 -0.00028806528261471906
24 73 72.727273 221.212121 0.55113421242866079 -0.00029036167271204812
24 74 72.727273 224.242424 0.55600001373662389 -0.00029151213794083509
24 75 72.727273 227.272727 0.56091644245500782 -0.00029151213794041951
24 76 72.727273 230.303030 0.56586409568576435 -0.00029036167271080285
24 77 72.727273 233.333333 0.57082296339117167 -0.000288065282612649
24 78 72.727273 236.363636 0.57577251499587689 -0.00028463203044855426
24 79 72.727273 239.393939 0.58069179555446471 -0.00028007546569630695
24 80 72.727273 242.424242 0.58555953086622303 -0.00027441357103528746
24 81 72.727273 245.454545 0.5903542407687562 -0.0002676686913770494
24 82 72.727273 248.484848 0.5950543597007194 -0.0002598674456801615
24 83 72.727273 251.515152 0.59963836349342825 -0.00025104062189733892
24 84 72.727273 254.545455 0.60408490123360181 -0.00024122305546946067
24 85 72.727273 257.575758 0.60837293093693701 -0.00023045349184599781
24 86 72.727273 260.606061 0.61248185768628249 -0.00021877443357442666
24 87 72.727273 263.636364 0.61639167282036167 -0.00020623197256209092
24 88 72.727273 266.666667 0.62008309271046014 -0.00019287560817250082
24 89 72.727273 269.696970 0.62353769563411487 -0.00017875805187395974
24 90 72.727273 272.727273 0.62673805524725756 -0.00016393501921147996
24 91 72.727273 275.757576 0.62966786916967377 -0.00014846500992298086
24 92 72.727273 278.787879 0.63231208123304383 -0.00013240907706754923
24 93 72.727273 281.818182 0.63465699599583603 -0.00011583058607690735
24 94 72.727273 284.848485 0.63669038420423152 -9.8794964681003255e-05
24 95 72.727273 287.878788 0.63840157797208319 -8.1369444694651572e-05
24 96 72.727273 290.909091 0.63978155456438424 -6.3622796684275525e-05
24 97 72.727273 293.939394 0.64082300779622181 -4.5625058561899773e-05
24 98 72.727273 296.969697 0.64152040620101924 -2.7447259177508953e-05
24 99 72.727273 300.000000 0.64187003727587244 -9.161138000626657e-06
25 0 75.757576 0.000000 0.64758833278135064 9.1611380027443106e-06
25 1 75.757576 3.030303 0.64719021718030234 2.7447259179570448e-05
25 2 75.757576 6.060606 0.64639616839083569 4.5625058563853431e-05
25 3 75.757576 9.090909 0.64521053298572995 6.3622796686070083e-05
25 4 75.757576 12.121212 0.64363978541700029 8.1369444696236445e-05
25 5 75.757576 15.151515 0.64169247415138608 9.8794964682328624e-05
25 6 75.757576 18.181818 0.63937915088132824 0.00011583058607792434
25 7 75.757576 21.212121 0.63671228367514088 0.00013240907706821035
25 8 75.757576 24.242424 0.63370615512207629 0.00014846500992323999
25 9 75.757576 27.272727 0.63037674670456734 0.00016393501921129248
25 10 75.757576 30.303030 0.62674161078855961 0.00017875805187328285
25 11 75.757576 33.333333 0.62281973176123906 0.00019287560817129364
25 12 75.757576 36.363636 0.61863137796166956 0.00020623197256031459
25 13 75.757576 39.393939 0.61419794614228118 0.00021877443357204472
25 14 75.757576 42.424242 0.60954180026648208 0.00023045349184297613
25 15 75.757576 45.454545 0.60468610648913379 0.00024122305546576755
25 16 75.757576 48.484848 0.59965466618167984 0.00025104062189294552
25 17 75.757576 51.515152 0.59447174885235143 0.00025986744567504141
25 18 75.757576 54.545455 0.58916192677440171 0.00026766869137117948
25 19 75.757576 57.575758 0.5837499130725099 0.00027441357102864726
25 20 75.757576 60.606061 0.57826040493046738 0.00028007546568887892
25 21 75.757576 63.636364 0.57271793347351108 0.00028463203044032436
25 22 75.757576 66.666667 0.56714672174805891 0.00028806528260360604
25 23 75.757576 69.696970 0.56157055207228357 0.00029036167270093905
25 24 75.757576 72.727273 0.55601264386535876 0.00029151213792973031
25 25 75.757576 75.757576 0.55049554288404534 0.00029151213792931913
25 26 75.757576 78.787879 0.54504102260539233 0.00029036167269970729
25 27 75.757576 81.818182 0.53966999829677242 0.00028806528260155826
25 28 75.757576 84.848485 0.53440245411237008 0.00028463203043746878
25 29 75.757576 87.878788 0.52925738335183359 0.00028007546568522683
25 30 75.757576 90.909091 0.52425274181520243 0.00027441357102421298
25 31 75.757576 93.939394 0.5194054139917017 0.00026766869136598067
25 32 75.757576 96.969697 0.51473119163149272 0.00025986744566909857
25 33 75.757576 100.000000 0.5102447640720178 0.00025104062188628201
25 34 75.757576 103.030303 0.50595971952679641 0.00024122305545840969
25 35 75.757576 106.060606 0.50188855639701402 0.00023045349183495298
25 36 75.757576 109.090909 0.49804270353714614 0.00021877443356338799
25 37 75.757576 112.121212 0.49443254829714767 0.0002062319725510584
25 38 75.757576 115.151515 0.49106747107696808 0.00019287560816147445
25 39 75.757576 118.181818 0.48795588506557824 0.00017875805186293951
25 40 75.757576 121.212121 0.48510527979713686 0.00016393501920046574
25 41 75.757576 124.242424 0.48252226714186036 0.00014846500991197266
25 42 75.757576 127.272727 0.48021262835864909 0.00013240907705654685
25 43 75.757576 130.303030 0.47818136087020302 0.00011583058606591071
25 44 75.757576 133.333333 0.4764327234785361 9.8794964670012209e-05
25 45 75.757576 136.363636 0.47497027881833337 8.1369444683665948e-05
25 46 75.757576 139.393939 0.47379693194602329 6.3622796673295091e-05
25 47 75.757576 142.424242 0.47291496408196759 4.5625058550924347e-05
25 48 75.757576 145.454545 0.47232606065965621 2.744725916653827e-05
25 49 75.757576 148.484848 0.47203133298687994 9.1611379896604908e-06
25 50 75.757576 151.515152 0.47203133298688005 -9.1611380135579821e-06
25 51 75.757576 154.545455 0.4723260606596561 -2.7447259190384121e-05
25 52 75.757576 157.575758 0.47291496408196765 -4.5625058574667101e-05
25 53 75.757576 160.606061 0.47379693194602368 -6.3622796696883753e-05
25 54 75.757576 163.636364 0.47497027881833376 -8.1369444707050142e-05
25 55 75.757576 166.666667 0.47643272347853644 -9.8794964693142294e-05
25 56 75.757576 169.696970 0.47818136087020324 -0.00011583058608873803
25 57 75.757576 172.727273 0.48021262835864958 -0.00013240907707902404
25 58 75.757576 175.757576 0.48252226714186069 -0.00014846500993405368
25 59 75.757576 178.787879 0.48510527979713736 -0.00016393501922210617
25 60 75.757576 181.818182 0.48795588506557902 -0.00017875805188409649
25 61 75.757576 184.848485 0.49106747107696852 -0.00019287560818210731
25 62 75.757576 187.878788 0.49443254829714817 -0.00020623197257112831
25 63 75.757576 190.909091 0.49804270353714708 -0.00021877443358285842
25 64 75.757576 193.939394 0.5018885563970148 -0.0002304534918537898
25 65 75.757576 196.969697 0.50595971952679708 -0.00024122305547658125
25 66 75.757576 200.000000 0.51024476407201858 -0.00025104062190375918
25 67 75.757576 203.030303 0.51473119163149361 -0.00025986744568585508
25 68 75.757576 206.060606 0.51940541399170248 -0.00026766869138199309
25 69 75.757576 209.090909 0.52425274181520332 -0.00027441357103946088
25 70 75.757576 212.121212 0.52925738335183403 -0.00028007546569969253
25 71 75.757576 215.151515 0.53440245411237086 -0.00028463203045113803
25 72 75.757576 218.181818 0.53966999829677309 -0.00028806528261441977
25 73 75.757576 221.212121 0.54504102260539344 -0.00029036167271175278
25 74 75.757576 224.242424 0.55049554288404601 -0.00029151213794054403
25 75 75.757576 227.272727 0.55601264386535942 -0.0002915121379401328
25 76 75.757576 230.303030 0.56157055207228468 -0.00029036167271052096
25 77 75.757576 233.333333 0.56714672174805947 -0.00028806528261237204
25 78 75.757576 236.363636 0.57271793347351163 -0.00028463203044828251
25 79 75.757576 239.393939 0.57826040493046793 -0.0002800754656960405
25 80 75.757576 242.424242 0.5837499130725109 -0.00027441357103502665
25 81 75.757576 245.454545 0.58916192677440227 -0.0002676686913767944
25 82 75.757576 248.484848 0.59447174885235221 -0.00025986744567991224
25 83 75.757576 251.515152 0.59965466618168062 -0.00025104062189709568
25 84 75.757576 254.545455 0.60468610648913435 -0.00024122305546922339
25 85 75.757576 257.575758 0.60954180026648275 -0.00023045349184576665
25 86 75.757576 260.606061 0.61419794614228163 -0.00021877443357420164
25 87 75.757576 263.636364 0.61863137796167 -0.0002062319725618721
25 88 75.757576 266.666667 0.62281973176123928 -0.00019287560817228815
25 89 75.757576 269.696970 0.6267416107885605 -0.00017875805187375315
25 90 75.757576 272.727273 0.63037674670456767 -0.00016393501921127941
25 91 75.757576 275.757576 0.63370615512207662 -0.00014846500992278633
25 92 75.757576 278.787879 0.63671228367514132 -0.00013240907706736055
25 93 75.757576 281.818182 0.63937915088132846 -0.00011583058607672438
25 94 75.757576 284.848485 0.64169247415138608 -9.8794964680825906e-05
25 95 75.757576 287.878788 0.6436397854170004 -8.1369444694479617e-05
25 96 75.757576 290.909091 0.64521053298573039 -6.3622796684108761e-05
25 97 75.757576 293.939394 0.64639616839083569 -4.5625058561738003e-05
25 98 75.757576 296.969697 0.64719021718030212 -2.744725917735194e-05
25 99 75.757576 300.000000 0.64758833278135075 -9.1611380004741471e-06
26 0 78.787879 0.000000 0.65333063338087449 9.1249831765333163e-06
26 1 78.787879 3.030303 0.65288353901049057 2.7338937387205118e-05
26 2 78.787879 6.060606 0.65199186798309794 4.5444997301961636e-05
26 3 78.787879 9.090909 0.65066063391019657 6.3371706574191314e-05
26 4 78.787879 12.121212 0.64889730294435122 8.1048316672331086e-05
26 5 78.787879 15.151515 0.64671172942314226 9.8405066091998496e-05
26 6 78.787879 18.181818 0.6441160713183699 0.00011537345567277871
26 7 78.787879 21.212121 0.64112468654427601 0.00013188651893311624
26 8 78.787879 24.242424 0.63775401141258414 0.00014787908635642349
26 9 78.787879 27.272727 0.63402242273725706 0.00016328804258538974
26 10 78.787879 30.303030 0.62995008528487728 0.00017805257550946167
26 11 78.787879 33.333333 0.62555878643473917 0.00019211441626246152
26 12 78.787879 36.363636 0.62087176005363587 0.00020541806918318123
26 13 78.787879 39.393939 0.61591350170200054 0.00021791103083140337
26 14 78.787879 42.424242 0.61070957736893883 0.00022954399719499397
26 15 78.787879 45.454545 0.60528642798277177 0.0002402710582703125
26 16 78.787879 48.484848 0.59967117196036945 0.00025004987924802277
26 17 78.787879 51.515152 0.59389140804276741 0.00025884186758924426
26 18 78.787879 54.545455 0.58797502061675844 0.00026661232533267139
26 19 78.787879 57.575758 0.58194998964322686 0.00027333058603157533
26 20 78.787879 60.606061 0.57584420720439577 0.00027897013578025902
26 21 78.787879 63.636364 0.56968530254568983 0.00028350871785232936
26 22 78.787879 66.666667 0.56350047732590969 0.00028692842053782905
26 23 78.787879 69.696970 0.55731635260448009 0.0002892157478325718
26 24 78.787879 72.727273 0.55115882888974121 0.00029036167270070573
26 25 78.787879 75.757576 0.54505296035084239 0.00029036167270029975
26 26 78.787879 78.787879 0.53902284406140044 0.00028921574783135522
26 27 78.787879 81.818182 0.53309152489935985 0.00028692842053580679
26 28 78.787879 84.848485 0.52728091647836872 0.00028350871784950946
26 29 78.787879 87.878788 0.52161173823538964 0.00027897013577665242
26 30 78.787879 90.909091 0.51610346855109812 0.00027333058602719646
26 31 78.787879 93.939394 0.51077431353784375 0.00026661232532753748
26 32 78.787879 96.969697 0.50564119089825899 0.00025884186758337558
26 33 78.787879 100.000000 0.50071972803964748 0.00025004987924144247
26 34 78.787879 103.030303 0.49602427342837691 0.00024027105826304653
26 35 78.787879 106.060606 0.49156791998776694 0.000229543997187071
26 36 78.787879 109.090909 0.4873625391850897 0.00021791103082285479
26 37 78.787879 112.121212 0.48341882432069189 0.00020541806917404059
26 38 78.787879 115.151515 0.47974634142682626 0.00019211441625276501
26 39 78.787879 118.181818 0.47635358610707268 0.00017805257549924748
26 40 78.787879 121.212121 0.47324804460025 0.0001632880425746982
26 41 78.787879 124.242424 0.47043625733605465 0.00014787908634529684
26 42 78.787879 127.272727 0.46792388326335316 0.00013188651892159843
26 43 78.787879 130.303030 0.46571576327568381 0.00011537345566091511
26 44 78.787879 133.333333 0.46381598113118871 9.8405066079835902e-05
26 45 78.787879 136.363636 0.46222792036451954 8.104831665991754e-05
26 46 78.787879 139.393939 0.46095431581440049 6.3371706561575876e-05
26 47 78.787879 142.424242 0.4599972985402887 4.5444997289194031e-05
26 48 78.787879 145.454545 0.45935843307228436 2.7338937374335696e-05
26 49 78.787879 148.484848 0.45903874612719764 9.1249831636128977e-06
26 50 78.787879 151.515152 0.45903874612719769 -9.1249831868688056e-06
26 51 78.787879 154.545455 0.45935843307228413 -2.7338937397540604e-05
26 52 78.787879 157.575758 0.4599972985402887 -4.5444997312297132e-05
26 53 78.787879 160.606061 0.46095431581440072 -6.337170658452681e-05
26 54 78.787879 163.636364 0.4622279203645196 -8.1048316682666568e-05
26 55 78.787879 166.666667 0.46381598113118877 -9.8405066102333978e-05
26 56 78.787879 169.696970 0.46571576327568398 -0.0001153734556831142
26 57 78.787879 172.727273 0.46792388326335355 -0.00013188651894345175
26 58 78.787879 175.757576 0.47043625733605476 -0.000147879086366759
26 59 78.787879 178.787879 0.47324804460025027 -0.00016328804259572522
26 60 78.787879 181.818182 0.47635358610707318 -0.00017805257551979718
26 61 78.787879 184.848485 0.47974634142682654 -0.00019211441627279706
26 62 78.787879 187.878788 0.48341882432069216 -0.00020541806919351674
26 63 78.787879 190.909091 0.4873625391850902 -0.00021791103084173891
26 64 78.787879 193.939394 0.49156791998776728 -0.00022954399720532943
26 65 78.787879 196.969697 0.4960242734283774 -0.00024027105828064798
26 66 78.787879 200.000000 0.50071972803964804 -0.00025004987925835831
26 67 78.787879 203.030303 0.50564119089825954 -0.00025884186759957969
26 68 78.787879 206.060606 0.51077431353784419 -0.00026661232534300682
26 69 78.787879 209.090909 0.51610346855109857 -0.00027333058604191076
26 70 78.787879 212.121212 0.52161173823538998 -0.00027897013579059439
26 71 78.787879 215.151515 0.52728091647836917 -0.00028350871786266484
26 72 78.787879 218.181818 0.53309152489936051 -0.00028692842054816448
26 73 78.787879 221.212121 0.53902284406140122 -0.00028921574784290723
26 74 78.787879 224.242424 0.54505296035084272 -0.00029036167271104127
26 75 78.787879 227.272727 0.55115882888974144 -0.00029036167271063524
26 76 78.787879 230.303030 0.55731635260448065 -0.00028921574784169076
26 77 78.787879 233.333333 0.56350047732591002 -0.00028692842054614228
26 78 78.787879 236.363636 0.56968530254569016 -0.00028350871785984483
26 79 78.787879 239.393939 0.575844207204396 -0.00027897013578698796
26 80 78.787879 242.424242 0.58194998964322731 -0.00027333058603753199
26 81 78.787879 245.454545 0.58797502061675855 -0.00026661232533787296
26 82 78.787879 248.484848 0.59389140804276785 -0.00025884186759371106
26 83 78.787879 251.515152 0.59967117196036968 -0.00025004987925177796
26 84 78.787879 254.545455 0.6052864279827721 -0.00024027105827338201
26 85 78.787879 257.575758 0.61070957736893927 -0.00022954399719740654
26 86 78.787879 260.606061 0.61591350170200088 -0.00021791103083319027
26 87 78.787879 263.636364 0.6208717600536362 -0.0002054180691843761
26 88 78.787879 266.666667 0.62555878643473906 -0.0001921144162631005
26 89 78.787879 269.696970 0.6299500852848775 -0.00017805257550958296
26 90 78.787879 272.727273 0.63402242273725717 -0.00016328804258503368
26 91 78.787879 275.757576 0.63775401141258425 -0.00014787908635563235
26 92 78.787879 278.787879 0.64112468654427623 -0.00013188651893193391
26 93 78.787879 281.818182 0.64411607131837012 -0.00011537345567125059
26 94 78.787879 284.848485 0.64671172942314248 -9.8405066090171398e-05
26 95 78.787879 287.878788 0.64889730294435088 -8.1048316670253022e-05
26 96 78.787879 290.909091 0.6506606339101968 -6.3371706571911359e-05
26 97 78.787879 293.939394 0.65199186798309772 -4.544499729952952e-05
26 98 78.787879 296.969697 0.65288353901049057 -2.7338937384671181e-05
26 99 78.787879 300.000000 0.65333063338087449 -9.1249831739483717e-06
27 0 81.818182 0.000000 0.65907385958017983 9.052816210544533e-06
27 1 81.818182 3.030303 0.6585774924693496 2.7122721298957058e-05
27 2 81.818182 6.060606 0.65758762636744494 4.50855853975759e-05
27 3 81.818182 9.090909 0.65610997185642117 6.2870517288255809e-05
27 4 81.818182 12.121212 0.65415303099270095 8.0407327969986812e-05
27 5 81.818182 15.151515 0.65172802163917964 9.7626807662814737e-05
27 6 81.818182 18.181818 0.6488487780797586 0.00011446099894722402
27 7 81.818182 21.212121 0.64553162917781648 0.00013084346496102555
27 8 81.818182 24.242424 0.64179525561994066 0.00014670955159529965
27 9 81.818182 27.272727 0.63766052804337414 0.00016199664265462626
27 10 81.818182 30.303030 0.63315032807616323 0.0001766444069746018
27 11 81.818182 33.333333 0.62828935451961021 0.00019059503652138241
27 12 81.818182 36.363636 0.62310391707041846 0.00020379347453358321
27 13 81.818182 39.393939 0.61762172011250704 0.00021618763280616284
27 14 81.818182 42.424242 0.61187163920400045 0.00022772859725877186
27 15 81.818182 45.454545 0.60588349294212562 0.00023837082097728069
27 16 81.818182 48.484848 0.59968781290700013 0.00024807230396664212
27 17 81.818182 51.515152 0.59331561436446456 0.00025679475890568311
27 18 81.818182 54.545455 0.58679817034878268 0.00026450376224966982
27 19 81.818182 57.575758 0.58016679164927987 0.0002711688900843121
27 20 81.818182 60.606061 0.57345261509254541 0.00027676383819505391
27 21 81.818182 63.636364 0.5666864023458974 0.00028126652587779093
27 22 81.818182 66.666667 0.55989835127120613 0.00028465918308132163
27 23 81.818182 69.696970 0.55311792163404161 0.00028692842053762121
27 24 81.818182 72.727273 0.54637367672517534 0.0002880652826031658
27 25 81.818182 75.757576 0.53969314218364894 0.00028806528260276557
27 26 81.818182 78.787879 0.53310268302725128 0.00028692842053642197
27 27 81.818182 81.818182 0.52662739960184046 0.00028465918307932811
27 28 81.818182 84.848485 0.52029104286014327 0.00028126652587501114
27 29 81.818182 87.878788 0.51411594907826963 0.0002767638381914987
27 30 81.818182 90.909091 0.50812299381889658 0.00027116889007999551
27 31 81.818182 93.939394 0.50233156465864781 0.00026450376224460887
27 32 81.818182 96.969697 0.49675955191811594 0.00025679475889989792
27 33 81.818182 100.000000 0.49142335637064455 0.00024807230396015539
27 34 81.818182 103.030303 0.48633791266438653 0.00023837082097011807
27 35 81.818182 106.060606 0.4815167269750536 0.00022772859725096148
27 36 81.818182 109.090909 0.47697192721742571 0.00021618763279773572
27 37 81.818182 112.121212 0.47271432398498109 0.00020379347452457254
27 38 81.818182 115.151515 0.46875348026125535 0.0001905950365118237
27 39 81.818182 118.181818 0.46509778785558087 0.00017664440696453284
27 40 81.818182 121.212121 0.46175454846091218 0.00016199664264408671
27 41 81.818182 124.242424 0.4587300572132133 0.00014670955158433113
27 42 81.818182 127.272727 0.45602968665040128 0.00013084346494967146
27 43 81.818182 130.303030 0.45365796902360944 0.00011446099893552905
27 44 81.818182 133.333333 0.45161867500344222 9.7626807650825034e-05
27 45 81.818182 136.363636 0.44991488694728277 8.0407327957749748e-05
27 46 81.818182 139.393939 0.44854906504833642 6.2870517275819685e-05
27 47 81.818182 142.424242 0.447523104870307 4.5085585384989763e-05
27 48 81.818182 145.454545 0.44683838498015638 2.7122721286270554e-05
27 49 81.818182 148.484848 0.44649580362179475 9.0528161978077664e-06
27 50 81.818182 151.515152 0.44649580362179475 -9.0528162203688396e-06
27 51 81.818182 154.545455 0.44683838498015627 -2.7122721308781363e-05
27 52 81.818182 157.575758 0.44752310487030711 -4.5085585407400194e-05
27 53 81.818182 160.606061 0.44854906504833653 -6.2870517298080117e-05
27 54 81.818182 163.636364 0.44991488694728277 -8.0407327979811107e-05
27 55 81.818182 166.666667 0.45161867500344233 -9.7626807672639059e-05
27 56 81.818182 169.696970 0.45365796902360955 -0.00011446099895704833
27 57 81.818182 172.727273 0.45602968665040167 -0.00013084346497084986
27 58 81.818182 175.757576 0.45873005721321325 -0.00014670955160512396
27 59 81.818182 178.787879 0.46175454846091241 -0.0001619966426644506
27 60 81.818182 181.818182 0.4650977878555812 -0.00017664440698442608
27 61 81.818182 184.848485 0.46875348026125552 -0.00019059503653120672
27 62 81.818182 187.878788 0.4727143239849812 -0.00020379347454340754
27 63 81.818182 190.909091 0.47697192721742615 -0.0002161876328159872
27 64 81.818182 193.939394 0.48151672697505393 -0.00022772859726859614
27 65 81.818182 196.969697 0.48633791266438686 -0.00023837082098710497
27 66 81.818182 200.000000 0.49142335637064471 -0.00024807230397646645
27 67 81.818182 203.030303 0.49675955191811627 -0.00025679475891550734
27 68 81.818182 206.060606 0.50233156465864814 -0.00026450376225949405
27 69 81.818182 209.090909 0.50812299381889681 -0.00027116889009413638
27 70 81.818182 212.121212 0.51411594907826952 -0.00027676383820487825
27 71 81.818182 215.151515 0.52029104286014327 -0.00028126652588761521
27 72 81.818182 218.181818 0.52662739960184046 -0.00028465918309114585
27 73 81.818182 221.212121 0.5331026830272515 -0.00028692842054744549
27 74 81.818182 224.242424 0.53969314218364894 -0.00028806528261299014
27 75 81.818182 227.272727 0.54637367672517523 -0.00028806528261258991
27 76 81.818182 230.303030 0.55311792163404172 -0.00028692842054624631
27 77 81.818182 233.333333 0.55989835127120613 -0.00028465918308915244
27 78 81.818182 236.363636 0.5666864023458974 -0.00028126652588483542
27 79 81.818182 239.393939 0.5734526150925453 -0.00027676383820132304
27 80 81.818182 242.424242 0.58016679164928009 -0.00027116889008981985
27 81 81.818182 245.454545 0.58679817034878246 -0.00026450376225443321
27 82 81.818182 248.484848 0.59331561436446467 -0.0002567947589097222
27 83 81.818182 251.515152 0.59968781290700002 -0.00024807230396997962
27 84 81.818182 254.545455 0.60588349294212562 -0.00023837082097994235
27 85 81.818182 257.575758 0.61187163920400045 -0.00022772859726078582
27 86 81.818182 260.606061 0.61762172011250716 -0.00021618763280756005
27 87 81.818182 263.636364 0.62310391707041834 -0.00020379347453439688
27 88 81.818182 266.666667 0.62828935451960988 -0.00019059503652164798
27 89 81.818182 269.696970 0.63315032807616334 -0.00017664440697435715
27 90 81.818182 272.727273 0.63766052804337381 -0.00016199664265391099
27 91 81.818182 275.757576 0.64179525561994033 -0.00014670955159415544
27 92 81.818182 278.787879 0.64553162917781637 -0.00013084346495949577
27 93 81.818182 281.818182 0.64884877807975838 -0.00011446099894535337
27 94 81.818182 284.848485 0.65172802163917942 -9.7626807660649342e-05
27 95 81.818182 287.878788 0.65415303099270095 -8.0407327967574029e-05
27 96 81.818182 290.909091 0.65610997185642117 -6.2870517285643993e-05
27 97 81.818182 293.939394 0.65758762636744472 -4.5085585394814057e-05
27 98 81.818182 296.969697 0.65857749246934938 -2.7122721296094862e-05
27 99 81.818182 300.000000 0.65907385958017983 -9.0528162076320611e-06
28 0 84.848485 0.000000 0.6647945175552733 8.9449219148227665e-06
28 1 84.848485 3.030303 0.66424879203028253 2.6799464220946841e-05
28 2 84.848485 6.060606 0.66316057282419039 4.4548241285283082e-05
28 3 84.848485 9.090909 0.66153629386765611 6.2121206793403538e-05
28 4 84.848485 12.121212 0.65938553204943928 7.9449008278771933e-05
28 5 84.848485 15.151515 0.65672091948159506 9.6463260825244894e-05
28 6 84.848485 18.181818 0.6535580282923481 0.00011309681695109422
28 7 84.848485 21.212121 0.64991522943198732 0.0001292840316094401
28 8 84.848485 24.242424 0.64581352730652719 0.00014496102125926096
28 9 84.848485 27.272727 0.64127637235628909 0.0001600659159845443
28 10 84.848485 30.303030 0.63632945396752172 0.00017453910366657931
28 11 84.848485 33.333333 0.63100047634070544 0.00018832346524575558
28 12 84.848485 36.363636 0.6253189201358853 0.0002013646001443959
28 13 84.848485 39.393939 0.61931579287042449 0.000213611040960983
28 14 84.848485 42.424242 0.61302337115575023 0.00022501445658848067
28 15 84.848485 45.454545 0.60647493792556739 0.00023552984295513197
28 16 84.848485 48.484848 0.59970451782777245 0.0002451157006349709
28 17 84.848485 51.515152 0.59274661392586869 0.00025373419862709701
28 18 84.848485 54.545455 0.58563594878371594 0.00026135132365735249
28 19 84.848485 57.575758 0.57840721289122554 0.00026793701441317632
28 20 84.848485 60.606061 0.57109482323022198 0.00027346528018187127
28 21 84.848485 63.636364 0.56373269458174891 0.00027791430342407253
28 22 84.848485 66.666667 0.55635402594189376 0.00028126652587760873
28 23 84.848485 69.696970 0.54899110414656582 0.00028350871785194024
28 24 84.848485 72.727273 0.54167512651090477 0.00028463203043970468
28 25 84.848485 75.757576 0.5344360439708471 0.0002846320304393109
28 26 84.848485 78.787879 0.52730242587795617 0.0002835087178507602
28 27 84.848485 81.818182 0.52030134724924382 0.00028126652587564702
28 28 84.848485 84.848485 0.51345829891695616 0.00027791430342133703
28 29 84.848485 87.878788 0.50679712066478877 0.00027346528017837266
28 30 84.848485 90.909091 0.50033995708235179 0.00026793701440892863
28 31 84.848485 93.939394 0.49410723552454272 0.00026135132365237232
28 32 84.848485 96.969697 0.48811766523213773 0.00025373419862140408
28 33 84.848485 100.000000 0.48238825635955851 0.0002451157006285876
28 34 84.848485 103.030303 0.4769343573701843 0.00023552984294808351
28 35 84.848485 106.060606 0.4717697090031876 0.00022501445658079493
28 36 84.848485 109.090909 0.46690651279253936 0.00021361104095269035
28 37 84.848485 112.121212 0.46235551193196794 0.00020136460013552896
28 38 84.848485 115.151515 0.45812608213203726 0.00018832346523634934
28 39 84.848485 118.181818 0.45422633000924645 0.00017453910365667095
28 40 84.848485 121.212121 0.45066319648366587 0.00016006591597417282
28 41 84.848485 124.242424 0.44744256264184862 0.00014496102124846746
28 42 84.848485 127.272727 0.44456935554571231 0.00012928403159826713
28 43 84.848485 130.303030 0.44204765153509967 0.00011309681693958581
28 44 84.848485 133.333333 0.43988077468053383 9.6463260813446443e-05
28 45 84.848485 136.363636 0.43807138819125663 7.9449008266730051e-05
28 46 84.848485 139.393939 0.43662157676934538 6.2121206781165796e-05
28 47 84.848485 142.424242 0.43553291812037881 4.4548241272897726e-05
28 48 84.848485 145.454545 0.43480654208090203 2.6799464208462714e-05
28 49 84.848485 148.484848 0.43444317609868144 8.9449219022891742e-06
28 50 84.848485 151.515152 0.43444317609868144 -8.9449219241049161e-06
28 51 84.848485 154.545455 0.43480654208090208 -2.6799464230228988e-05
28 52 84.848485 157.575758 0.43553291812037864 -4.4548241294565235e-05
28 53 84.848485 160.606061 0.43662157676934549 -6.2121206802685691e-05
28 54 84.848485 163.636364 0.43807138819125646 -7.9449008288054085e-05
28 55 84.848485 166.666667 0.43988077468053394 -9.6463260834527047e-05
28 56 84.848485 169.696970 0.44204765153509962 -0.00011309681696037637
28 57 84.848485 172.727273 0.44456935554571242 -0.00012928403161872228
28 58 84.848485 175.757576 0.44744256264184862 -0.00014496102126854314
28 59 84.848485 178.787879 0.45066319648366587 -0.00016006591599382645
28 60 84.848485 181.818182 0.45422633000924645 -0.00017453910367586147
28 61 84.848485 184.848485 0.45812608213203709 -0.00018832346525503776
28 62 84.848485 187.878788 0.46235551193196772 -0.00020136460015367805
28 63 84.848485 190.909091 0.46690651279253953 -0.00021361104097026516
28 64 84.848485 193.939394 0.47176970900318771 -0.00022501445659776277
28 65 84.848485 196.969697 0.47693435737018419 -0.00023552984296441415
28 66 84.848485 200.000000 0.48238825635955851 -0.00024511570064425308
28 67 84.848485 203.030303 0.48811766523213795 -0.00025373419863637913
28 68 84.848485 206.060606 0.49410723552454278 -0.00026135132366663462
28 69 84.848485 209.090909 0.50033995708235168 -0.0002679370144224585
28 70 84.848485 212.121212 0.50679712066478866 -0.00027346528019115334
28 71 84.848485 215.151515 0.51345829891695594 -0.00027791430343335471
28 72 84.848485 218.181818 0.52030134724924326 -0.00028126652588689085
28 73 84.848485 221.212121 0.52730242587795617 -0.00028350871786122242
28 74 84.848485 224.242424 0.53443604397084687 -0.00028463203044898691
28 75 84.848485 227.272727 0.54167512651090433 -0.00028463203044859302
28 76 84.848485 230.303030 0.54899110414656571 -0.00028350871786004238
28 77 84.848485 233.333333 0.55635402594189343 -0.0002812665258849292
28 78 84.848485 236.363636 0.56373269458174857 -0.00027791430343061926
28 79 84.848485 239.393939 0.57109482323022143 -0.0002734652801876549
28 80 84.848485 242.424242 0.57840721289122521 -0.00026793701441821076
28 81 84.848485 245.454545 0.58563594878371561 -0.00026135132366165444
28 82 84.848485 248.484848 0.59274661392586825 -0.00025373419863068626
28 83 84.848485 251.515152 0.59970451782777179 -0.00024511570063786978
28 84 84.848485 254.545455 0.60647493792556695 -0.00023552984295736569
28 85 84.848485 257.575758 0.61302337115575001 -0.00022501445659007708
28 86 84.848485 260.606061 0.61931579287042438 -0.0002136110409619725
28 87 84.848485 263.636364 0.62531892013588486 -0.00020136460014481112
28 88 84.848485 266.666667 0.631000476340705 -0.00018832346524563152
28 89 84.848485 269.696970 0.63632945396752172 -0.0001745391036659531
28 90 84.848485 272.727273 0.64127637235628876 -0.00016006591598345497
28 91 84.848485 275.757576 0.64581352730652675 -0.00014496102125774961
28 92 84.848485 278.787879 0.64991522943198732 -0.00012928403160754928
28 93 84.848485 281.818182 0.65355802829234766 -0.00011309681694886796
28 94 84.848485 284.848485 0.65672091948159494 -9.646326082272861e-05
28 95 84.848485 287.878788 0.65938553204943884 -7.9449008276012204e-05
28 96 84.848485 290.909091 0.66153629386765589 -6.2121206790447949e-05
28 97 84.848485 293.939394 0.66316057282419028 -4.4548241282179879e-05
28 98 84.848485 296.969697 0.66424879203028231 -2.679946421774486e-05
28 99 84.848485 300.000000 0.66479451755527319 -8.9449219115713119e-06
29 0 87.878788 0.000000 0.67046880492883698 8.8017260988610136e-06
29 1 87.878788 3.030303 0.66987385059841065 2.6370441901179264e-05
29 2 87.878788 6.060606 0.66868754878839132 4.3835085616805301e-05
29 3 87.878788 9.090909 0.66691707911322839 6.1126732275830302e-05
29 4 87.878788 12.121212 0.66457312622416487 7.8177139648693034e-05
29 5 87.878788 15.151515 0.66166977933133675 9.491901756708291e-05
29 6 87.878788 18.181818 0.65822440029092433 0.00011128629348749257
29 7 87.878788 21.212121 0.65425746198139911 0.00012721437324936127
29 8 87.878788 24.242424 0.64979235907502697 0.00014264039599871635
29 9 87.878788 27.272727 0.64485519366146304 0.00015750348227124556
29 10 87.878788 30.303030 0.63947453849425417 0.00017174497425572936
29 11 87.878788 33.333333 0.63368118090377235 0.00018530866728962383
29 12 87.878788 36.363636 0.62750785064753734 0.00019814103167318619
29 13 87.878788 39.393939 0.62098893514775988 0.00021019142392674403
29 14 87.878788 42.424242 0.61416018569372433 0.00022141228665737317
29 15 87.878788 45.454545 0.60705841826161 0.00023175933624620032
29 16 87.878788 48.484848 0.59972121262559785 0.00024119173761561572
29 17 87.878788 51.515152 0.59218661340151735 0.00024967226538666858
29 18 87.878788 54.545455 0.58449283657867124 0.00025716745079063121
29 19 87.878788 57.575758 0.57667798495830691 0.00026364771375493855
29 20 87.878788 60.606061 0.56877977573094629 0.00026908747964222106
29 21 87.878788 63.636364 0.56083528319246845 0.00027346528018171428
29 22 87.878788 66.666667 0.55288069932436301 0.00027676383819471575
29 23 87.878788 69.696970 0.54495111465133894 0.00027897013577971573
29 24 87.878788 72.727273 0.53708032144459328 0.00028007546568810783
29 25 87.878788 75.757576 0.52930064096698981 0.00028007546568772099
29 26 87.878788 78.787879 0.52164277606317522 0.00027897013577855655
29 27 87.878788 81.818182 0.51413568998947967 0.00027676383819278874
29 28 87.878788 84.848485 0.50680651196179916 0.00027346528017902725
29 29 87.878788 87.878788 0.49968046948114103 0.00026908747963878452
29 30 87.878788 90.909091 0.49278084708266356 0.00026364771375076606
29 31 87.878788 93.939394 0.48612897075142858 0.00025716745078573923
29 32 87.878788 96.969697 0.47974421686291974 0.00024967226538107648
29 33 87.878788 100.000000 0.47364404414473821 0.00024119173760934546
29 34 87.878788 103.030303 0.46784404682330349 0.00023175933623927666
29 35 87.878788 106.060606 0.46235802682104082 0.00022141228664982344
29 36 87.878788 109.090909 0.45719808260996087 0.00021019142391859812
29 37 87.878788 112.121212 0.45237471211066654 0.00019814103166447623
29 38 87.878788 115.151515 0.44789692685491456 0.00018530866728038413
29 39 87.878788 118.181818 0.44377237450738838 0.00017174497424599642
29 40 87.878788 121.212121 0.440007466770031 0.00015750348226105775
29 41 87.878788 124.242424 0.43660750967104484 0.00014264039598811391
29 42 87.878788 127.272727 0.43357683327057128 0.00012721437323838609
29 43 87.878788 130.303030 0.43091891789538345 0.00011128629347618788
29 44 87.878788 133.333333 0.42863651414410031 9.4919017555493331e-05
29 45 87.878788 136.363636 0.42673175408015573 7.8177139636864334e-05
29 46 87.878788 139.393939 0.42520625124891143 6.1126732263809211e-05
29 47 87.878788 142.424242 0.42406118741417403 4.3835085604639211e-05
29 48 87.878788 145.454545 0.42329738420348284 2.6370441888916165e-05
29 49 87.878788 148.484848 0.42291535817598769 8.8017260865493203e-06
29 50 87.878788 151.515152 0.42291535817598752 -8.8017261075721664e-06
29 51 87.878788 154.545455 0.42329738420348262 -2.6370441909890418e-05
29 52 87.878788 157.575758 0.42406118741417387 -4.3835085625516446e-05
29 53 87.878788 160.606061 0.42520625124891148 -6.112673228454146e-05
29 54 87.878788 163.636364 0.42673175408015557 -7.8177139657404192e-05
29 55 87.878788 166.666667 0.42863651414410031 -9.4919017575794068e-05
29 56 87.878788 169.696970 0.43091891789538339 -0.00011128629349620372
29 57 87.878788 172.727273 0.43357683327057128 -0.00012721437325807243
29 58 87.878788 175.757576 0.43660750967104472 -0.00014264039600742751
29 59 87.878788 178.787879 0.440007466770031 -0.00015750348227995672
29 60 87.878788 181.818182 0.44377237450738838 -0.00017174497426444049
29 61 87.878788 184.848485 0.44789692685491422 -0.00018530866729833499
29 62 87.878788 187.878788 0.45237471211066638 -0.00019814103168189735
29 63 87.878788 190.909091 0.45719808260996075 -0.00021019142393545516
29 64 87.878788 193.939394 0.46235802682104049 -0.00022141228666608428
29 65 87.878788 196.969697 0.46784404682330316 -0.00023175933625491145
29 66 87.878788 200.000000 0.47364404414473782 -0.00024119173762432688
29 67 87.878788 203.030303 0.47974421686291951 -0.00024967226539537976
29 68 87.878788 206.060606 0.48612897075142808 -0.00025716745079934234
29 69 87.878788 209.090909 0.49278084708266329 -0.00026364771376364974
29 70 87.878788 212.121212 0.49968046948114042 -0.00026908747965093219
29 71 87.878788 215.151515 0.50680651196179893 -0.00027346528019042547
29 72 87.878788 218.181818 0.51413568998947889 -0.00027676383820342688
29 73 87.878788 221.212121 0.52164277606317466 -0.0002789701357884268
29 74 87.878788 224.242424 0.52930064096698903 -0.00028007546569681907
29 75 87.878788 227.272727 0.53708032144459239 -0.00028007546569643217
29 76 87.878788 230.303030 0.54495111465133839 -0.00027897013578726768
29 77 87.878788 233.333333 0.55288069932436223 -0.00027676383820149998
29 78 87.878788 236.363636 0.56083528319246778 -0.00027346528018773838
29 79 87.878788 239.393939 0.56877977573094518 -0.00026908747964749571
29 80 87.878788 242.424242 0.57667798495830636 -0.00026364771375947719
29 81 87.878788 245.454545 0.58449283657867035 -0.00025716745079445037
29 82 87.878788 248.484848 0.59218661340151679 -0.00024967226538978766
29 83 87.878788 251.515152 0.59972121262559708 -0.00024119173761805662
29 84 87.878788 254.545455 0.60705841826160933 -0.00023175933624798782
29 85 87.878788 257.575758 0.61416018569372366 -0.00022141228665853462
29 86 87.878788 260.606061 0.62098893514775944 -0.00021019142392730931
29 87 87.878788 263.636364 0.62750785064753667 -0.00019814103167318739
29 88 87.878788 266.666667 0.63368118090377168 -0.00018530866728909529
29 89 87.878788 269.696970 0.63947453849425373 -0.00017174497425470755
29 90 87.878788 272.727273 0.6448551936614626 -0.00015750348226976885
29 91 87.878788 275.757576 0.6497923590750263 -0.0001426403959968251
29 92 87.878788 278.787879 0.65425746198139878 -0.00012721437324709724
29 93 87.878788 281.818182 0.65822440029092399 -0.00011128629348489907
29 94 87.878788 284.848485 0.66166977933133653 -9.4919017564204489e-05
29 95 87.878788 287.878788 0.66457312622416442 -7.8177139645575492e-05
29 96 87.878788 290.909091 0.66691707911322839 -6.1126732272520368e-05
29 97 87.878788 293.939394 0.6686875487883911 -4.3835085613350363e-05
29 98 87.878788 296.969697 0.66987385059841043 -2.6370441897627316e-05
29 99 87.878788 300.000000 0.67046880492883687 -8.8017260952604595e-06
30 0 90.909091 0.000000 0.6760727240350517 8.6237938911249351e-06
30 1 90.909091 3.030303 0.67542889160267838 2.583734749474881e-05
30 2 90.909091 6.060606 0.67414521761400237 4.294893289175615e-05
30 3 90.909091 9.090909 0.67222964520420814 5.9891018472124749e-05
30 4 90.909091 12.121212 0.66969399304670685 7.6596741564171543e-05
30 5 90.909091 15.151515 0.66655384154666064 9.3000172310971058e-05
30 6 90.909091 18.181818 0.66282838345726836 0.0001090365738653804
30 7 90.909091 21.212121 0.65854024089452046 0.00012464265787679932
30 8 90.909091 24.242424 0.65371525116382234 0.00013975683426137626
30 9 90.909091 27.272727 0.64838222421338887 0.0001543194542699318
30 10 90.909091 30.303030 0.64257267488863723 0.00016827304589432025
30 11 90.909091 33.333333 0.63632053347364648 0.00018156254068318984
30 12 90.909091 36.363636 0.62966183826550837 0.00019413549107200162
30 13 90.909091 39.393939 0.62263441413133536 0.00020594227736960553
30 14 90.909091 42.424242 0.61527754114285571 0.00021693630358449254
30 15 90.909091 45.454545 0.60763161746797811 0.00022707418131788523
30 16 90.909091 48.484848 0.59973782072138093 0.00023631590099792573
30 17 90.909091 51.515152 0.59163777193696276 0.00024462498977917711
30 18 90.909091 54.545455 0.5833732062247915 0.00025196865548428115
30 19 90.909091 57.575758 0.57498565401578872 0.0002583179160197017
30 20 90.909091 60.606061 0.56651613658152633 0.00026364771375480666
30 21 90.909091 63.636364 0.55800487924778985 0.00026793701441288841
30 22 90.909091 66.666667 0.54949104540337768 0.0002711688900838447
30 23 90.909091 69.696970 0.54101249404512441 0.00027333058603090573
30 24 90.909091 72.727273 0.53260556320216568 0.00027441357102775345
30 25 90.909091 75.757576 0.52430488115337659 0.00027441357102737408
30 26 90.909091 78.787879 0.51614320689858195 0.00027333058602976905
30 27 90.909091 81.818182 0.50815130087375315 0.00027116889008195526
30 28 90.909091 84.848485 0.50035782642040949 0.00026793701441025364
30 29 90.909091 87.878788 0.49278928203746591 0.00026364771375143696
30 30 90.909091 90.909091 0.48546996396733788 0.00025831791601561052
30 31 90.909091 93.939394 0.47842195820474281 0.00025196865547948448
30 32 90.909091 96.969697 0.47166516057358682 0.00024462498977369387
30 33 90.909091 100.000000 0.46521732310145653 0.00023631590099177757
30 34 90.909091 103.030303 0.45909412453904158 0.00022707418131109641
30 35 90.909091 106.060606 0.45330926252917225 0.00021693630357708986
30 36 90.909091 109.090909 0.44787456463232539 0.00020594227736161829
30 37 90.909091 112.121212 0.44280011516696299 0.00019413549106346128
30 38 90.909091 115.151515 0.43809439462763544 0.00018156254067413008
30 39 90.909091 118.181818 0.43376442830427703 0.00016827304588477681
30 40 90.909091 121.212121 0.42981594064453427 0.00015431945425994234
30 41 90.909091 124.242424 0.42625351187828309 0.00013975683425098033
30 42 90.909091 127.272727 0.4230807334598724 0.00012464265786603785
30 43 90.909091 130.303030 0.42030035897813978 0.00010903657385429585
30 44 90.909091 133.333333 0.41791444733515531 9.3000172299607156e-05
30 45 90.909091 136.363636 0.41592449519924385 7.6596741552573195e-05
30 46 90.909091 139.393939 0.41433155599253546 5.9891018460337744e-05
30 47 90.909091 142.424242 0.41313634297380947 4.2948932879826972e-05
30 48 90.909091 145.454545 0.41233931431855758 2.5837347482724506e-05
30 49 90.909091 148.484848 0.41194073847434859 8.623793879052986e-06
30 50 90.909091 151.515152 0.41194073847434859 -8.6237938992385045e-06
30 51 90.909091 154.545455 0.41233931431855747 -2.5837347502862383e-05
30 52 90.909091 157.575758 0.41313634297380925 -4.2948932899869723e-05
30 53 90.909091 160.606061 0.41433155599253552 -5.9891018480238322e-05
30 54 90.909091 163.636364 0.41592449519924357 -7.6596741572285116e-05
30 55 90.909091 166.666667 0.4179144473351552 -9.3000172319084617e-05
30 56 90.909091 169.696970 0.42030035897813967 -0.00010903657387349396
30 57 90.909091 172.727273 0.42308073345987246 -0.00012464265788491286
30 58 90.909091 175.757576 0.42625351187828275 -0.00013975683426948988
30 59 90.909091 178.787879 0.42981594064453393 -0.00015431945427804534
30 60 90.909091 181.818182 0.43376442830427714 -0.00016827304590243377
30 61 90.909091 184.848485 0.438094394627635 -0.00018156254069130341
30 62 90.909091 187.878788 0.44280011516696283 -0.00019413549108011522
30 63 90.909091 190.909091 0.44787456463232511 -0.00020594227737771907
30 64 90.909091 193.939394 0.45330926252917192 -0.00021693630359260612
30 65 90.909091 196.969697 0.45909412453904108 -0.00022707418132599883
30 66 90.909091 200.000000 0.46521732310145592 -0.00023631590100603933
30 67 90.909091 203.030303 0.47166516057358637 -0.00024462498978729068
30 68 90.909091 206.060606 0.47842195820474237 -0.00025196865549239472
30 69 90.909091 209.090909 0.48546996396733727 -0.00025831791602781527
30 70 90.909091 212.121212 0.49278928203746486 -0.00026364771376292018
30 71 90.909091 215.151515 0.50035782642040838 -0.00026793701442100198
30 72 90.909091 218.181818 0.50815130087375249 -0.00027116889009195822
30 73 90.909091 221.212121 0.5161432068985814 -0.0002733305860390193
30 74 90.909091 224.242424 0.52430488115337548 -0.00027441357103586702
30 75 90.909091 227.272727 0.53260556320216468 -0.0002744135710354876
30 76 90.909091 230.303030 0.54101249404512342 -0.00027333058603788268
30 77 90.909091 233.333333 0.54949104540337645 -0.00027116889009006883
30 78 90.909091 236.363636 0.55800487924778863 -0.00026793701441836721
30 79 90.909091 239.393939 0.56651613658152511 -0.00026364771375955059
30 80 90.909091 242.424242 0.57498565401578794 -0.00025831791602372398
30 81 90.909091 245.454545 0.58337320622479061 -0.00025196865548759805
30 82 90.909091 248.484848 0.59163777193696199 -0.00024462498978180744
30 83 90.909091 251.515152 0.59973782072137993 -0.00023631590099989109
30 84 90.909091 254.545455 0.60763161746797723 -0.00022707418131920999
30 85 90.909091 257.575758 0.61527754114285493 -0.00021693630358520346
30 86 90.909091 260.606061 0.62263441413133469 -0.00020594227736973184
30 87 90.909091 263.636364 0.62966183826550726 -0.00019413549107157485
30 88 90.909091 266.666667 0.63632053347364548 -0.00018156254068224363
30 89 90.909091 269.696970 0.64257267488863645 -0.00016827304589289038
30 90 90.909091 272.727273 0.64838222421338798 -0.00015431945426805591
30 91 90.909091 275.757576 0.65371525116382156 -0.00013975683425909388
30 92 90.909091 278.787879 0.65854024089452012 -0.0001246426578741514
30 93 90.909091 281.818182 0.66282838345726769 -0.00010903657386240943
30 94 90.909091 284.848485 0.6665538415466602 -9.3000172307720742e-05
30 95 90.909091 287.878788 0.66969399304670629 -7.6596741560686754e-05
30 96 90.909091 290.909091 0.6722296452042078 -5.9891018468451316e-05
30 97 90.909091 293.939394 0.67414521761400181 -4.2948932887940545e-05
30 98 90.909091 296.969697 0.67542889160267816 -2.5837347490838072e-05
30 99 90.909091 300.000000 0.67607272403505148 -8.6237938871665435e-06
31 0 93.939394 0.000000 0.68158220192102936 8.4118275087489642e-06
31 1 93.939394 3.030303 0.68089006770189675 2.5202284881729982e-05
31 2 93.939394 6.060606 0.6795101807104531 4.1893280350096762e-05
31 3 93.939394 9.090909 0.67745126052871818 5.841894218012619e-05
31 4 93.939394 12.121212 0.67472627883194591 7.4714051134431856e-05
31 5 93.939394 15.151515 0.6713523317701191 9.0714297862498229e-05
31 6 93.939394 18.181818 0.66735047248182933 0.00010635653670030708
31 7 93.939394 21.212121 0.66274550597883197 0.00012157903487742474
31 8 93.939394 24.242424 0.65756574913523813 0.00013632171614804404
31 9 93.939394 27.272727 0.65184275896981625 0.00015052639788448019
31 10 93.939394 30.303030 0.64561103281648324 0.00016413702069742128
31 11 93.939394 33.333333 0.63890768433067135 0.00017709986967672674
31 12 93.939394 36.363636 0.6317720995727073 0.00018936378637963769
31 13 93.939394 39.393939 0.62424557763933564 0.00020088037072977816
31 14 93.939394 42.424242 0.61637096047773043 0.00021160417203014531
31 15 93.939394 45.454545 0.60819225661058041 0.00022149286833624508
31 16 93.939394 48.484848 0.59975426352486438 0.00023050743348147315
31 17 93.939394 51.515152 0.59110219343065795 0.00023861229109556429
31 18 93.939394 54.545455 0.58228130698078229 0.00024577545500827292
31 19 93.939394 57.575758 0.57333655935930683 0.00025196865548417381
31 20 93.939394 60.606061 0.56431226290004821 0.00025716745079039285
31 21 93.939394 63.636364 0.55525177008926985 0.00026135132365696006
31 22 93.939394 66.666667 0.5461971804449024 0.00026450376224910062
31 23 93.939394 69.696970 0.53718907435355068 0.00026661232533190372
31 24 93.939394 72.727273 0.52826627649302071 0.0002676686913701922
31 25 93.939394 75.757576 0.51946565097929398 0.00026766869136982092
31 26 93.939394 78.787879 0.51082192986064945 0.00026661232533079122
31 27 93.939394 81.818182 0.50236757604613758 0.0002645037622472514
31 28 93.939394 84.848485 0.49413268120936232 0.00026135132365438129
31 29 93.939394 87.878788 0.48614489866015115 0.00025716745078709481
31 30 93.939394 90.909091 0.4784294106348031 0.00025196865548016964
31 31 93.939394 93.939394 0.47100892892873569 0.00024577545500357816
31 32 93.939394 96.969697 0.46390372729172602 0.00023861229109019763
31 33 93.939394 100.000000 0.45713170353344568 0.00023050743347545572
31 34 93.939394 103.030303 0.45070846885291171 0.00022149286832960063
31 35 93.939394 106.060606 0.44464746151659218 0.00021160417202290002
31 36 93.939394 109.090909 0.4389600816721238 0.00020088037072196079
31 37 93.939394 112.121212 0.43365584380311251 0.00018936378637127892
31 38 93.939394 115.151515 0.42874254310950888 0.0001770998696678596
31 39 93.939394 118.181818 0.42422643194083337 0.0001641370206880808
31 40 93.939394 121.212121 0.42011240231833125 0.00015052639787470313
31 41 93.939394 124.242424 0.41640417055809159 0.00013632171613786904
31 42 93.939394 127.272727 0.41310446005042317 0.00012157903486689206
31 43 93.939394 130.303030 0.41021517836029242 0.00010635653668945818
31 44 93.939394 133.333333 0.40773758498741014 9.0714297851375927e-05
31 45 93.939394 136.363636 0.40567244635949434 7.4714051123080084e-05
31 46 93.939394 139.393939 0.40402017492428893 5.8418942168589771e-05
31 47 93.939394 142.424242 0.40278094955014615 4.1893280338421192e-05
31 48 93.939394 145.454545 0.40195481483554218 2.5202284869961306e-05
31 49 93.939394 148.484848 0.40154175735829511 8.4118274969336644e-06
31 50 93.939394 151.515152 0.40154175735829506 -8.4118275162407284e-06
31 51 93.939394 154.545455 0.40195481483554196 -2.5202284889221741e-05
31 52 93.939394 157.575758 0.40278094955014621 -4.1893280357588517e-05
31 53 93.939394 160.606061 0.40402017492428899 -5.8418942187617939e-05
31 54 93.939394 163.636364 0.40567244635949423 -7.4714051141923612e-05
31 55 93.939394 166.666667 0.40773758498740997 -9.0714297869989971e-05
31 56 93.939394 169.696970 0.41021517836029209 -0.00010635653670779883
31 57 93.939394 172.727273 0.41310446005042295 -0.00012157903488491651
31 58 93.939394 175.757576 0.41640417055809126 -0.00013632171615553579
31 59 93.939394 178.787879 0.42011240231833075 -0.00015052639789197195
31 60 93.939394 181.818182 0.4242264319408332 -0.00016413702070491304
31 61 93.939394 184.848485 0.42874254310950816 -0.0001770998696842185
31 62 93.939394 187.878788 0.4336558438031119 -0.0001893637863871295
31 63 93.939394 190.909091 0.4389600816721233 -0.00020088037073726997
31 64 93.939394 193.939394 0.44464746151659162 -0.00021160417203763707
31 65 93.939394 196.969697 0.4507084688529111 -0.00022149286834373687
31 66 93.939394 200.000000 0.45713170353344507 -0.00023050743348896493
31 67 93.939394 203.030303 0.46390372729172558 -0.00023861229110305602
31 68 93.939394 206.060606 0.47100892892873503 -0.00024577545501576465
31 69 93.939394 209.090909 0.47842941063480238 -0.0002519686554916656
31 70 93.939394 212.121212 0.48614489866014998 -0.00025716745079788463
31 71 93.939394 215.151515 0.49413268120936132 -0.00026135132366445174
31 72 93.939394 218.181818 0.50236757604613669 -0.0002645037622565924
31 73 93.939394 221.212121 0.51082192986064856 -0.0002666123253393954
31 74 93.939394 224.242424 0.51946565097929265 -0.00026766869137768398
31 75 93.939394 227.272727 0.52826627649301927 -0.0002676686913773127
31 76 93.939394 230.303030 0.53718907435354946 -0.00026661232533828301
31 77 93.939394 233.333333 0.54619718044490095 -0.00026450376225474313
31 78 93.939394 236.363636 0.55525177008926851 -0.00026135132366187307
31 79 93.939394 239.393939 0.56431226290004688 -0.0002571674507945866
31 80 93.939394 242.424242 0.57333655935930583 -0.00025196865548766126
31 81 93.939394 245.454545 0.58228130698078073 -0.00024577545501106989
31 82 93.939394 248.484848 0.59110219343065673 -0.00023861229109768935
31 83 93.939394 251.515152 0.59975426352486305 -0.00023050743348294747
31 84 93.939394 254.545455 0.60819225661057907 -0.00022149286833709242
31 85 93.939394 257.575758 0.61637096047772932 -0.00021160417203039181
31 86 93.939394 260.606061 0.62424557763933464 -0.00020088037072945252
31 87 93.939394 263.636364 0.63177209957270608 -0.00018936378637877065
31 88 93.939394 266.666667 0.63890768433067013 -0.00017709986967535135
31 89 93.939394 269.696970 0.64561103281648258 -0.00016413702069557252
31 90 93.939394 272.727273 0.65184275896981547 -0.00015052639788219489
31 91 93.939394 275.757576 0.65756574913523702 -0.00013632171614536083
31 92 93.939394 278.787879 0.6627455059788312 -0.00012157903487438384
31 93 93.939394 281.818182 0.66735047248182833 -0.00010635653669694994
31 94 93.939394 284.848485 0.67135233177011855 -9.0714297858867683e-05
31 95 93.939394 287.878788 0.67472627883194525 -7.4714051130571853e-05
31 96 93.939394 290.909091 0.67745126052871807 -5.8418942176081526e-05
31 97 93.939394 293.939394 0.67951018071045277 -4.1893280345912954e-05
31 98 93.939394 296.969697 0.68089006770189653 -2.5202284877453069e-05
31 99 93.939394 300.000000 0.68158220192102925 -8.4118275044254133e-06
32 0 96.969697 0.000000 0.68697321621236462 8.166663486206117e-06
32 1 96.969697 3.030303 0.68623358524401801 2.4467760364123855e-05
32 2 96.969697 6.060606 0.68475909921422395 4.0672294170127283e-05
32 3 96.969697 9.090909 0.68255926180369875 5.6716313012431435e-05
32 4 96.969697 12.121212 0.67964820885260946 7.253649847848074e-05
32 5 96.969697 15.151515 0.67604456655866207 8.8070415523795848e-05
32 6 96.969697 18.181818 0.67177126540376719 0.00010325675887457061
32 7 96.969697 21.212121 0.66685531231883388 0.00011803559497157989
32 8 96.969697 24.242424 0.66132752415177443 0.00013234859850055669
32 9 96.969697 27.272727 0.65522222601307478 0.00014613928257556152
32 10 96.969697 30.303030 0.64857691852866906 0.00015935322166691444
32 11 96.969697 33.333333 0.64143191842457514 0.00017193826639389661
32 12 96.969697 36.363636 0.63382997719591327 0.00018384474933453058
32 13 96.969697 39.393939 0.62581588286978052 0.00019502568104020428
32 14 96.969697 42.424242 0.61743605005325553 0.00020543693548155727
32 15 96.969697 45.454545 0.60873810356203262 0.00021503742419375912
32 16 96.969697 48.484848 0.59977046095052833 0.00022378925843390902
32 17 96.969697 51.515152 0.59058191921062975 0.00023165789871059379
32 18 96.969697 54.545455 0.58122125077473574 0.00023861229109548108
32 19 96.969697 57.575758 0.57173681375165175 0.00024462498977898743
32 20 96.969697 60.606061 0.56217618104481748 0.00024967226538634982
32 21 96.969697 63.636364 0.5525857926558122 0.00025373419862662684
32 22 96.969697 66.666667 0.54301063506781755 0.00025679475890503996
32 23 96.969697 69.696970 0.53349395114027776 0.00025884186758840709
32 24 96.969697 72.727273 0.5240769834348814 0.00025986744567399017
32 25 96.969697 75.757576 0.51479875334233027 0.0002598674456736275
32 26 96.969697 78.787879 0.50569587779797909 0.00025884186758732034
32 27 96.969697 81.818182 0.49680242477152181 0.00025679475890323335
32 28 96.969697 84.848485 0.4881498081010357 0.00025373419862410765
32 29 96.969697 87.878788 0.47976672162459683 0.0002496722653831279
32 30 96.969697 90.909091 0.47167911195301809 0.00024462498977507552
32 31 96.969697 93.939394 0.4639101886346722 0.00023861229109089458
32 32 96.969697 96.969697 0.4564804698970768 0.00023165789870535088
32 33 96.969697 100.000000 0.44940786161880164 0.00022378925842803034
32 34 96.969697 103.030303 0.44270776669755779 0.00021503742418726792
32 35 96.969697 106.060606 0.43639322154359056 0.00020543693547447911
32 36 96.969697 109.090909 0.43047505604845254 0.00019502568103256713
32 37 96.969697 112.121212 0.42496207306365114 0.00018384474932636459
32 38 96.969697 115.151515 0.4198612431763204 0.00017193826638523397
32 39 96.969697 118.181818 0.41517791039361335 0.00015935322165778936
32 40 96.969697 121.212121 0.41091600424646324 0.00014613928256600997
32 41 96.969697 124.242424 0.40707825379802426 0.00013234859849061643
32 42 96.969697 127.272727 0.40366639909258811 0.00011803559496129013
32 43 96.969697 130.303030 0.40068139570595318 0.00010325675886397195
32 44 96.969697 133.333333 0.39812360825579618 8.8070415512930082e-05
32 45 96.969697 136.363636 0.39599298899710511 7.2536498467390788e-05
32 46 96.969697 139.393939 0.3942892379585819 5.671631300116112e-05
32 47 96.969697 142.424242 0.39301194146556523 4.0672294158721015e-05
32 48 96.969697 145.454545 0.39216068633685319 2.4467760352626633e-05
32 49 96.969697 148.484848 0.39173514752955213 8.1666634746633517e-06
32 50 96.969697 151.515152 0.39173514752955191 -8.1666634930542987e-06
32 51 96.969697 154.545455 0.39216068633685286 -2.4467760370972032e-05
32 52 96.969697 157.575758 0.3930119414655649 -4.0672294176975463e-05
32 53 96.969697 160.606061 0.39428923795858195 -5.6716313019279608e-05
32 54 96.969697 163.636364 0.39599298899710472 -7.25364984853289e-05
32 55 96.969697 166.666667 0.39812360825579607 -8.8070415530644021e-05
32 56 96.969697 169.696970 0.40068139570595296 -0.00010325675888141879
32 57 96.969697 172.727273 0.40366639909258784 -0.00011803559497842807
32 58 96.969697 175.757576 0.40707825379802381 -0.00013234859850740489
32 59 96.969697 178.787879 0.41091600424646274 -0.00014613928258240969
32 60 96.969697 181.818182 0.41517791039361296 -0.00015935322167376264
32 61 96.969697 184.848485 0.41986124317631968 -0.00017193826640074481
32 62 96.969697 187.878788 0.42496207306365041 -0.00018384474934137881
32 63 96.969697 190.909091 0.43047505604845204 -0.00019502568104705245
32 64 96.969697 193.939394 0.43639322154358989 -0.00020543693548840541
32 65 96.969697 196.969697 0.44270776669755707 -0.00021503742420060729
32 66 96.969697 200.000000 0.44940786161880086 -0.00022378925844075719
32 67 96.969697 203.030303 0.45648046989707591 -0.00023165789871744188
32 68 96.969697 206.060606 0.46391018863467109 -0.00023861229110232922
32 69 96.969697 209.090909 0.47167911195301698 -0.00024462498978583563
32 70 96.969697 212.121212 0.47976672162459533 -0.00024967226539319802
32 71 96.969697 215.151515 0.48814980810103453 -0.00025373419863347499
32 72 96.969697 218.181818 0.49680242477152053 -0.00025679475891188816
32 73 96.969697 221.212121 0.50569587779797809 -0.00025884186759525529
32 74 96.969697 224.242424 0.51479875334232872 -0.00025986744568083848
32 75 96.969697 227.272727 0.52407698343487996 -0.00025986744568047565
32 76 96.969697 230.303030 0.53349395114027665 -0.00025884186759416854
32 77 96.969697 233.333333 0.54301063506781599 -0.00025679475891008155
32 78 96.969697 236.363636 0.55258579265581054 -0.00025373419863095579
32 79 96.969697 239.393939 0.56217618104481559 -0.00024967226538997604
32 80 96.969697 242.424242 0.57173681375165053 -0.00024462498978192361
32 81 96.969697 245.454545 0.58122125077473441 -0.00023861229109774281
32 82 96.969697 248.484848 0.59058191921062819 -0.00023165789871219908
32 83 96.969697 251.515152 0.59977046095052655 -0.00022378925843487857
32 84 96.969697 254.545455 0.60873810356203129 -0.00021503742419411612
32 85 96.969697 257.575758 0.61743605005325419 -0.00020543693548132728
32 86 96.969697 260.606061 0.62581588286977929 -0.00019502568103941533
32 87 96.969697 263.636364 0.63382997719591172 -0.00018384474933321279
32 88 96.969697 266.666667 0.64143191842457381 -0.00017193826639208215
32 89 96.969697 269.696970 0.64857691852866806 -0.00015935322166463756
32 90 96.969697 272.727273 0.65522222601307356 -0.00014613928257285812
32 91 96.969697 275.757576 0.66132752415177332 -0.00013234859849746463
32 92 96.969697 278.787879 0.66685531231883288 -0.00011803559496813832
32 93 96.969697 281.818182 0.6717712654037663 -0.00010325675887082015
32 94 96.969697 284.848485 0.67604456655866152 -8.8070415519778269e-05
32 95 96.969697 287.878788 0.67964820885260846 -7.2536498474238962e-05
32 96 96.969697 290.909091 0.6825592618036983 -5.6716313008009306e-05
32 97 96.969697 293.939394 0.68475909921422351 -4.0672294165569202e-05
32 98 96.969697 296.969697 0.68623358524401767 -2.4467760359474813e-05
32 99 96.969697 300.000000 0.68697321621236451 -8.1666634815115165e-06
33 0 100.000000 0.000000 0.69222192585938214 7.8892693738885822e-06
33 1 100.000000 3.030303 0.69143583350890492 2.3636672774629083e-05
33 2 100.000000 6.060606 0.68986882025272001 3.9290793026484512e-05
33 3 100.000000 9.090909 0.68753117594013546 5.4789850468508111e-05
33 4 100.000000 12.121212 0.68443820346846795 7.0072677401822003e-05
33 5 100.000000 15.151515 0.68061006254711232 8.507895949057979e-05
33 6 100.000000 18.181818 0.67607156471029228 9.9749473795095425e-05
33 7 100.000000 21.212121 0.67085192236553082 0.0001140263224977294
33 8 100.000000 24.242424 0.66498445528162853 0.00012785316139912411
33 9 100.000000 27.272727 0.65850625848521005 0.00014117542228301764
33 10 100.000000 30.303030 0.65145783604016783 0.00015394052827206331
33 11 100.000000 33.333333 0.64388270562205496 0.00016609810132474454
33 12 100.000000 36.363636 0.63582697916314246 0.00017760016105448917
33 13 100.000000 39.393939 0.62733892512811262 0.00018840131408633513
33 14 100.000000 42.424242 0.61846851818107829 0.00019845893320384326
33 15 100.000000 45.454545 0.60926698211901509 0.00020773332557924573
33 16 100.000000 48.484848 0.59978633197325848 0.00021618788942290377
33 17 100.000000 51.515152 0.59007892111937987 0.00022378925843384923
33 18 100.000000 54.545455 0.58019699908776123 0.00023050743348133106
33 19 100.000000 57.575758 0.57019228553513357 0.0002363159009976791
33 20 100.000000 60.606061 0.56011556552517383 0.00024119173761524265
33 21 100.000000 63.636364 0.55001631087906444 0.00024511570063445026
33 22 100.000000 66.666667 0.53994233190107688 0.000248072303965953
33 23 100.000000 69.696970 0.52993946326705654 0.00025004987924714522
33 24 100.000000 72.727273 0.52005128729351313 0.00025104062189186017
33 25 100.000000 75.757576 0.51031889719092938 0.00025104062189150651
33 26 100.000000 78.787879 0.50078070225673377 0.00025004987924608552
33 27 100.000000 81.818182 0.49147227629135148 0.00024807230396419144
33 28 100.000000 84.848485 0.48242624983556659 0.00024511570063199363
33 29 100.000000 87.878788 0.47367224613988063 0.00024119173761210098
33 30 100.000000 90.909091 0.4652368600974624 0.00023631590099386458
33 31 100.000000 93.939394 0.45714367871234185 0.0002305074334768587
33 32 100.000000 96.969697 0.44941334104401975 0.00022378925842873683
33 33 100.000000 100.000000 0.44206363497852391 0.00021618788941717146
33 34 100.000000 103.030303 0.43510962763329863 0.00020773332557291613
33 35 100.000000 106.060606 0.42856382571760793 0.00019845893319694129
33 36 100.000000 109.090909 0.42243636174884064 0.00018840131407888816
33 37 100.000000 112.121212 0.41673520167464967 0.00017760016104652649
33 38 100.000000 115.151515 0.4114663691765762 0.00016609810131629752
33 39 100.000000 118.181818 0.40663418173672994 0.00015394052826316537
33 40 100.000000 121.212121 0.40224149343806015 0.00014117542227370394
33 41 100.000000 124.242424 0.39828993944217278 0.00012785316138943132
33 42 100.000000 127.272727 0.3947801771466532 0.00011402632248769578
33 43 100.000000 130.303030 0.39171211916518855 9.9749473784760607e-05
33 44 100.000000 133.333333 0.38908515349587547 8.5078959479984532e-05
33 45 100.000000 136.363636 0.38689834654206157 7.007267739100813e-05
33 46 100.000000 139.393939 0.38515062502081687 5.4789850457518347e-05
33 47 100.000000 142.424242 0.38384093323043517 3.9290793015362204e-05
33 48 100.000000 145.454545 0.38296836264288803 2.3636672763418077e-05
33 49 100.000000 148.484848 0.38253225133175889 7.8892693626331593e-06
33 50 100.000000 151.515152 0.38253225133175889 -7.8892693800739488e-06
33 51 100.000000 154.545455 0.38296836264288775 -2.3636672780814449e-05
33 52 100.000000 157.575758 0.383840933230435 -3.9290793032669885e-05
33 53 100.000000 160.606061 0.38515062502081698 -5.4789850474693471e-05
33 54 100.000000 163.636364 0.38689834654206107 -7.0072677408007349e-05
33 55 100.000000 166.666667 0.38908515349587519 -8.5078959496765163e-05
33 56 100.000000 169.696970 0.39171211916518822 -9.9749473801280785e-05
33 57 100.000000 172.727273 0.39478017714665298 -0.00011402632250391474
33 58 100.000000 175.757576 0.39828993944217245 -0.00012785316140530951
33 59 100.000000 178.787879 0.40224149343805948 -0.00014117542228920304
33 60 100.000000 181.818182 0.40663418173672927 -0.00015394052827824868
33 61 100.000000 184.848485 0.41146636917657542 -0.00016609810133092992
33 62 100.000000 187.878788 0.41673520167464884 -0.00017760016106067457
33 63 100.000000 190.909091 0.42243636174883986 -0.00018840131409252051
33 64 100.000000 193.939394 0.42856382571760715 -0.00019845893321002861
33 65 100.000000 196.969697 0.43510962763329758 -0.00020773332558543113
33 66 100.000000 200.000000 0.44206363497852297 -0.00021618788942908914
33 67 100.000000 203.030303 0.44941334104401881 -0.0002237892584400346
33 68 100.000000 206.060606 0.45714367871234091 -0.00023050743348751641
33 69 100.000000 209.090909 0.46523686009746135 -0.00023631590100386447
33 70 100.000000 212.121212 0.47367224613987879 -0.00024119173762142805
33 71 100.000000 215.151515 0.48242624983556509 -0.00024511570064063558
33 72 100.000000 218.181818 0.49147227629135015 -0.00024807230397213832
33 73 100.000000 221.212121 0.50078070225673232 -0.00025004987925333059
33 74 100.000000 224.242424 0.51031889719092749 -0.00025104062189804555
33 75 100.000000 227.272727 0.52005128729351124 -0.00025104062189769183
33 76 100.000000 230.303030 0.5299394632670551 -0.00025004987925227084
33 77 100.000000 233.333333 0.53994233190107477 -0.00024807230397037676
33 78 100.000000 236.363636 0.55001631087906255 -0.00024511570063817905
33 79 100.000000 239.393939 0.56011556552517183 -0.00024119173761828633
33 80 100.000000 242.424242 0.57019228553513168 -0.00023631590100004992
33 81 100.000000 245.454545 0.58019699908775935 -0.00023050743348304419
33 82 100.000000 248.484848 0.59007892111937821 -0.00022378925843492223
33 83 100.000000 251.515152 0.59978633197325659 -0.00021618788942335678
33 84 100.000000 254.545455 0.6092669821190132 -0.00020773332557910148
33 85 100.000000 257.575758 0.61846851818107673 -0.00019845893320312666
33 86 100.000000 260.606061 0.62733892512811096 -0.00018840131408507353
33 87 100.000000 263.636364 0.63582697916314057 -0.00017760016105271184
33 88 100.000000 266.666667 0.64388270562205319 -0.0001660981013224829
33 89 100.000000 269.696970 0.65145783604016638 -0.00015394052826935074
33 90 100.000000 272.727273 0.65850625848520872 -0.00014117542227988928
33 91 100.000000 275.757576 0.66498445528162731 -0.00012785316139561666
33 92 100.000000 278.787879 0.67085192236552971 -0.00011402632249388119
33 93 100.000000 281.818182 0.67607156471029106 -9.9749473790945967e-05
33 94 100.000000 284.848485 0.68061006254711121 -8.5078959486169906e-05
33 95 100.000000 287.878788 0.68443820346846718 -7.0072677397193476e-05
33 96 100.000000 290.909091 0.68753117594013513 -5.4789850463703713e-05
33 97 100.000000 293.939394 0.68986882025271934 -3.9290793021547584e-05
33 98 100.000000 296.969697 0.69143583350890458 -2.3636672769603443e-05
33 99 100.000000 300.000000 0.69222192585938203 -7.889269368818514e-06
34 0 103.030303 0.000000 0.69730480568127728 7.5807399196283559e-06
34 1 103.030303 3.030303 0.69647351766719645 2.2712302036273608e-05
34 2 103.030303 6.060606 0.69481650676347484 3.77542290730346e-05
34 3 103.030303 9.090909 0.69234484522947182 5.2647157415900057e-05
34 4 103.030303 12.121212 0.68907499727744315 6.733231148063245e-05
34 5 103.030303 15.151515 0.68502864827994281 8.175173567314695e-05
34 6 103.030303 18.181818 0.68023248070947373 9.5848523113764038e-05
34 7 103.030303 21.212121 0.67471789987853215 0.00010956704022266518
34 8 103.030303 24.242424 0.66852071322696471 0.00012285314628021583
34 9 103.030303 27.272727 0.66168076752553429 0.00013565440709565135
34 10 103.030303 30.303030 0.65424154892036546 0.00014792030194087289
34 11 103.030303 33.333333 0.64624975122421946 0.00015960242293268077
34 12 103.030303 36.363636 0.6377548182601015 0.00017065466607657376
34 13 103.030303 39.393939 0.6288084663746949 0.00018103341321815239
34 14 103.030303 42.424242 0.61946419345893178 0.00019069770418404753
34 15 103.030303 45.454545 0.60977678093762266 0.00019960939843301123
34 16 103.030303 48.484848 0.59980179521781252 0.00020773332557920873
34 17 103.030303 51.515152 0.58959509501631546 0.00021503742419366322
34 18 103.030303 54.545455 0.57921235082210365 0.00022149286833606877
34 19 103.030303 57.575758 0.56870858249176659 0.0002270741813176071
34 20 103.030303 60.606061 0.5581377206304442 0.00023175933624579949
34 21 103.030303 63.636364 0.54755219698214663 0.00023552984295458808
34 22 103.030303 66.666667 0.5370025685491876 0.00023837082097657384
34 23 103.030303 69.696970 0.5265371795886995 0.00024027105826942348
34 24 103.030303 72.727273 0.51620186500406795 0.00024122305546467793
34 25 103.030303 75.757576 0.50603969797062964 0.00024122305546433369
34 26 103.030303 78.787879 0.49609078391901307 0.00024027105826839205
34 27 103.030303 81.818182 0.48639210225732582 0.00023837082097485939
34 28 103.030303 84.848485 0.47697739645684167 0.00023552984295219717
34 29 103.030303 87.878788 0.46787711236680934 0.00023175933624274182
34 30 103.030303 90.909091 0.45911838387446935 0.00022707418131389463
34 31 103.030303 93.939394 0.45072506429808729 0.00022149286833171607
34 32 103.030303 96.969697 0.44271780120523224 0.00021503742418868757
34 33 103.030303 100.000000 0.43511415169648199 0.00020773332557362973
34 34 103.030303 103.030303 0.4279287345963963 0.0001996093984268509
34 35 103.030303 106.060606 0.42117341545824855 0.00019069770417733014
34 36 103.030303 109.090909 0.41485751982488422 0.00018103341321090455
34 37 103.030303 112.121212 0.40898806980230562 0.00017065466606882405
34 38 103.030303 115.151515 0.40357003870101538 0.0001596024229244597
34 39 103.030303 118.181818 0.3986066182872679 0.00014792030193221294
34 40 103.030303 121.212121 0.39409949306526104 0.00013565440708658669
34 41 103.030303 124.242424 0.39004911598355479 0.00012285314627078227
34 42 103.030303 127.272727 0.38645498002473355 0.00010956704021289992
34 43 103.030303 130.303030 0.3833158802951489 9.5848523103705637e-05
34 44 103.030303 133.333333 0.38063016147863482 8.1751735662835063e-05
34 45 103.030303 136.363636 0.37839594585011693 6.7332311470107815e-05
34 46 103.030303 139.393939 0.37661133745635339 5.2647157405204226e-05
34 47 103.030303 142.424242 0.37527459855482559 3.775422906220975e-05
34 48 103.030303 145.454545 0.37438429494990449 2.2712302025362435e-05
34 49 103.030303 148.484848 0.37393940746883858 7.5807399086739575e-06
34 50 103.030303 151.515152 0.37393940746883858 -7.5807399251342903e-06
34 51 103.030303 154.545455 0.37438429494990416 -2.2712302041779536e-05
34 52 103.030303 157.575758 0.37527459855482531 -3.7754229078540531e-05
34 53 103.030303 160.606061 0.37661133745635317 -5.2647157421405988e-05
34 54 103.030303 163.636364 0.37839594585011666 -6.7332311486138394e-05
34 55 103.030303 166.666667 0.38063016147863449 -8.1751735678652895e-05
34 56 103.030303 169.696970 0.38331588029514835 -9.5848523119269969e-05
34 57 103.030303 172.727273 0.38645498002473327 -0.00010956704022817113
34 58 103.030303 175.757576 0.39004911598355418 -0.00012285314628572179
34 59 103.030303 178.787879 0.39409949306526043 -0.00013565440710115728
34 60 103.030303 181.818182 0.39860661828726729 -0.00014792030194637882
34 61 103.030303 184.848485 0.40357003870101443 -0.0001596024229381867
34 62 103.030303 187.878788 0.40898806980230468 -0.00017065466608207969
34 63 103.030303 190.909091 0.4148575198248835 -0.00018103341322365835
34 64 103.030303 193.939394 0.42117341545824771 -0.00019069770418955346
34 65 103.030303 196.969697 0.42792873459639508 -0.00019960939843851713
34 66 103.030303 200.000000 0.43511415169648049 -0.00020773332558471466
34 67 103.030303 203.030303 0.44271780120523091 -0.00021503742419916913
34 68 103.030303 206.060606 0.45072506429808579 -0.00022149286834157467
34 69 103.030303 209.090909 0.45911838387446802 -0.00022707418132311309
34 70 103.030303 212.121212 0.46787711236680773 -0.00023175933625130545
34 71 103.030303 215.151515 0.47697739645683973 -0.00023552984296009398
34 72 103.030303 218.181818 0.48639210225732421 -0.00023837082098207983
34 73 103.030303 221.212121 0.49609078391901135 -0.00024027105827492936
34 74 103.030303 224.242424 0.50603969797062764 -0.0002412230554701838
34 75 103.030303 227.272727 0.51620186500406584 -0.00024122305546983962
34 76 103.030303 230.303030 0.5265371795886975 -0.00024027105827389801
34 77 103.030303 233.333333 0.53700256854918527 -0.00023837082098036535
34 78 103.030303 236.363636 0.54755219698214441 -0.00023552984295770318
34 79 103.030303 239.393939 0.55813772063044176 -0.00023175933624824775
34 80 103.030303 242.424242 0.56870858249176448 -0.00022707418131940051
34 81 103.030303 245.454545 0.57921235082210154 -0.000221492868337222
34 82 103.030303 248.484848 0.58959509501631346 -0.00021503742419419353
34 83 103.030303 251.515152 0.59980179521781041 -0.0002077333255791356
34 84 103.030303 254.545455 0.60977678093762056 -0.00019960939843235683
34 85 103.030303 257.575758 0.61946419345892978 -0.0001906977041828361
34 86 103.030303 260.606061 0.62880846637469301 -0.00018103341321641051
34 87 103.030303 263.636364 0.6377548182600995 -0.00017065466607432995
34 88 103.030303 266.666667 0.64624975122421757 -0.00015960242292996563
34 89 103.030303 269.696970 0.6542415489203639 -0.00014792030193771889
34 90 103.030303 272.727273 0.66168076752553262 -0.00013565440709209262
34 91 103.030303 275.757576 0.66852071322696338 -0.00012285314627628817
34 92 103.030303 278.787879 0.67471789987853081 -0.00010956704021840587
34 93 103.030303 281.818182 0.68023248070947251 -9.5848523109211555e-05
34 94 103.030303 284.848485 0.68502864827994181 -8.175173566834098e-05
34 95 103.030303 287.878788 0.68907499727744237 -6.7332311475613732e-05
34 96 103.030303 290.909091 0.69234484522947137 -5.2647157410710157e-05
34 97 103.030303 293.939394 0.69481650676347417 -3.7754229067715681e-05
34 98 103.030303 296.969697 0.69647351766719601 -2.2712302030868372e-05
34 99 103.030303 300.000000 0.69730480568127706 -7.5807399141798808e-06
35 0 106.060606 0.000000 0.70219878353917031 7.2422927482277092e-06
35 1 106.060606 3.030303 0.70132379430321756 2.1698296218056893e-05
35 2 106.060606 6.060606 0.6995797697500391 3.6068666425712501e-05
35 3 106.060606 9.090909 0.69697855478159265 5.0296690085182595e-05
35 4 106.060606 12.121212 0.69353776028241176 6.4326215687248939e-05
35 5 106.060606 15.151515 0.68928057778123208 7.810187510384074e-05
35 6 106.060606 18.181818 0.6842355363331486 9.156930210074083e-05
35 7 106.060606 21.212121 0.6784362049724697 0.00010467534689627467
35 8 106.060606 24.242424 0.67192084482741521 0.00011736828591921652
35 9 106.060606 27.272727 0.66473201566664797 0.00012959802593809512
35 10 106.060606 30.303030 0.65691614225407025 0.00014131630175629267
35 11 106.060606 33.333333 0.64852304641323333 0.00015247686669272575
35 12 106.060606 36.363636 0.63960545113826639 0.00016303567509636736
35 13 106.060606 39.393939 0.63021846342796473 0.00017295105617430906
35 14 106.060606 42.424242 0.62041904275862148 0.00018218387844734293
35 15 106.060606 45.454545 0.61026546224597544 0.00019069770418403246
35 16 106.060606 48.484848 0.599816769575505 0.00019845893320379214
35 17 106.060606 51.515152 0.58913225470309394 0.00020543693548144912
35 18 106.060606 54.545455 0.57827093114641004 0.00021160417202995951
35 19 106.060606 57.575758 0.56729103740426601 0.0002169363035842087
35 20 106.060606 60.606061 0.55624956466159903 0.00022141228665697118
35 21 106.060606 63.636364 0.54520181646763899 0.00022501445658794098
35 22 106.060606 66.666667 0.53420100552206873 0.00022772859725807556
35 23 106.060606 69.696970 0.52329789207733324 0.00022954399719412265
35 24 106.060606 72.727273 0.51254046777485562 0.00023045349184191215
35 25 106.060606 75.757576 0.50197368798971531 0.00023045349184157776
35 26 106.060606 78.787879 0.4916392549742214 0.00022954399719312085
35 27 106.060606 81.818182 0.48157545327817591 0.00022772859725641014
35 28 106.060606 84.848485 0.47181703809534392 0.00022501445658561862
35 29 106.060606 87.878788 0.46239517635482102 0.00022141228665400101
35 30 106.060606 90.909091 0.45333743955566108 0.0002169363035806024
35 31 106.060606 93.939394 0.44466784654623936 0.00021160417202573139
35 32 106.060606 96.969697 0.43640695368883098 0.00020543693547661588
35 33 106.060606 100.000000 0.42857198913669958 0.00019845893319837279
35 34 106.060606 103.030303 0.4211770272967218 0.00019069770417804845
35 35 106.060606 106.060606 0.41423319896537542 0.00018218387844081779
35 36 106.060606 109.090909 0.40774893211882646 0.00017295105616726866
35 37 106.060606 112.121212 0.40173021791665176 0.00016303567508883944
35 38 106.060606 115.151515 0.39618089614981128 0.00015247686668473995
35 39 106.060606 118.181818 0.39110295413176849 0.00014131630174788056
35 40 106.060606 121.212121 0.38649683290049064 0.00012959802592928989
35 41 106.060606 124.242424 0.38236173457021672 0.00011736828591005295
35 42 106.060606 127.272727 0.37869592474544078 0.00010467534688678892
35 43 106.060606 130.303030 0.37549702408403773 9.1569302090970325e-05
35 44 106.060606 133.333333 0.37276228336867628 7.8101875093823959e-05
35 45 106.060606 136.363636 0.37048883681100409 6.4326215677025522e-05
35 46 106.060606 139.393939 0.36867392876525984 5.0296690074792875e-05
35 47 106.060606 142.424242 0.36731510955955182 3.6068666415197461e-05
35 48 106.060606 145.454545 0.36641039675506309 2.1698296207458001e-05
35 49 106.060606 148.484848 0.36595839880609438 7.2422927375868248e-06
35 50 106.060606 151.515152 0.36595839880609415 -7.2422927530402751e-06
35 51 106.060606 154.545455 0.36641039675506298 -2.1698296222869464e-05
35 52 106.060606 157.575758 0.36731510955955143 -3.6068666430525071e-05
35 53 106.060606 160.606061 0.36867392876525973 -5.0296690089995152e-05
35 54 106.060606 163.636364 0.37048883681100364 -6.4326215692061522e-05
35 55 106.060606 166.666667 0.37276228336867595 -7.8101875108653311e-05
35 56 106.060606 169.696970 0.37549702408403718 -9.1569302105553414e-05
35 57 106.060606 172.727273 0.37869592474544045 -0.00010467534690108725
35 58 106.060606 175.757576 0.38236173457021583 -0.00011736828592402909
35 59 106.060606 178.787879 0.38649683290048997 -0.00012959802594290768
35 60 106.060606 181.818182 0.39110295413176777 -0.0001413163017611052
35 61 106.060606 184.848485 0.39618089614981039 -0.0001524768666975383
35 62 106.060606 187.878788 0.40173021791665053 -0.00016303567510117994
35 63 106.060606 190.909091 0.40774893211882562 -0.00017295105617912162
35 64 106.060606 193.939394 0.41423319896537442 -0.00018218387845215549
35 65 106.060606 196.969697 0.42117702729672057 -0.00019069770418884507
35 66 106.060606 200.000000 0.42857198913669781 -0.00019845893320860473
35 67 106.060606 203.030303 0.43640695368882981 -0.00020543693548626167
35 68 106.060606 206.060606 0.44466784654623781 -0.00021160417203477201
35 69 106.060606 209.090909 0.45333743955565947 -0.00021693630358902123
35 70 106.060606 212.121212 0.46239517635481897 -0.00022141228666178371
35 71 106.060606 215.151515 0.47181703809534214 -0.00022501445659275357
35 72 106.060606 218.181818 0.48157545327817392 -0.00022772859726288814
35 73 106.060606 221.212121 0.49163925497421945 -0.00022954399719893521
35 74 106.060606 224.242424 0.50197368798971298 -0.00023045349184672479
35 75 106.060606 227.272727 0.51254046777485329 -0.00023045349184639031
35 76 106.060606 230.303030 0.52329789207733113 -0.00022954399719793343
35 77 106.060606 233.333333 0.5342010055220664 -0.00022772859726122275
35 78 106.060606 236.363636 0.54520181646763666 -0.00022501445659043121
35 79 106.060606 239.393939 0.55624956466159636 -0.00022141228665881356
35 80 106.060606 242.424242 0.56729103740426379 -0.00021693630358541493
35 81 106.060606 245.454545 0.57827093114640782 -0.00021160417203054397
35 82 106.060606 248.484848 0.58913225470309183 -0.00020543693548142844
35 83 106.060606 251.515152 0.59981676957550234 -0.0001984589332031854
35 84 106.060606 254.545455 0.61026546224597311 -0.00019069770418286104
35 85 106.060606 257.575758 0.62041904275861937 -0.00018218387844563038
35 86 106.060606 260.606061 0.63021846342796273 -0.00017295105617208119
35 87 106.060606 263.636364 0.63960545113826406 -0.000163035675093652
35 88 106.060606 266.666667 0.64852304641323122 -0.0001524768666895525
35 89 106.060606 269.696970 0.65691614225406847 -0.00014131630175269312
35 90 106.060606 272.727273 0.6647320156666463 -0.00012959802593410244
35 91 106.060606 275.757576 0.67192084482741343 -0.00011736828591486551
35 92 106.060606 278.787879 0.6784362049724687 -0.00010467534689160149
35 93 106.060606 281.818182 0.68423553633314727 -9.1569302095782882e-05
35 94 106.060606 284.848485 0.68928057778123097 -7.8101875098636543e-05
35 95 106.060606 287.878788 0.69353776028241065 -6.4326215681838106e-05
35 96 106.060606 290.909091 0.69697855478159199 -5.0296690079605439e-05
35 97 106.060606 293.939394 0.69957976975003833 -3.6068666420010024e-05
35 98 106.060606 296.969697 0.70132379430321712 -2.1698296212270567e-05
35 99 106.060606 300.000000 0.70219878353916998 -7.2422927423993814e-06
36 0 109.090909 0.000000 0.70688137889761238 6.875263556050354e-06
36 1 109.090909 3.030303 0.70596440827966489 2.0598657137688257e-05
36 2 109.090909 6.060606 0.70413680178821347 3.424075723022687e-05
36 3 109.090909 9.090909 0.70141116108074908 4.7747724697083676e-05
36 4 109.090909 12.121212 0.69780622000818482 6.1066253708413464e-05
36 5 109.090909 15.151515 0.69334664487897157 7.4143782114865532e-05
36 6 109.090909 18.181818 0.68806277247919168 8.6928698886374139e-05
36 7 109.090909 21.212121 0.68199028947891249 9.9370547797315002e-05
36 8 109.090909 24.242424 0.67516985765784243 0.00011142022655417672
36 9 109.090909 27.272727 0.66764669011865929 0.00012303018057988055
36 10 109.090909 30.303030 0.65947008431310739 0.00013415459068997042
36 11 109.090909 33.333333 0.65069291827421882 0.00014474955392000143
36 12 109.090909 36.363636 0.64137111691927695 0.00015477325679048303
36 13 109.090909 39.393939 0.63156309565541324 0.00016418614032557939
36 14 109.090909 42.424242 0.6213291887776069 0.00017295105617431522
36 15 109.090909 45.454545 0.61073107029371165 0.0001810334132181445
36 16 109.090909 48.484848 0.59983117484101589 0.00018840131408629299
36 17 109.090909 51.515152 0.58869212627365886 0.00019502568104010792
36 18 109.090909 54.545455 0.57737618130162782 0.00020088037072960786
36 19 109.090909 57.575758 0.56594469525352387 0.00020594227736934166
36 20 109.090909 60.606061 0.55445761662190607 0.00021019142392636751
36 21 109.090909 63.636364 0.54297301653862085 0.00021361104096047519
36 22 109.090909 66.666667 0.53154665872635998 0.00021618763280550554
36 23 109.090909 69.696970 0.52023161479146984 0.00021791103083057902
36 24 109.090909 72.727273 0.50907792897263227 0.00021877443357103636
36 25 109.090909 75.757576 0.49813233565247916 0.00021877443357071219
36 26 109.090909 78.787879 0.48743803208727893 0.00021791103082960771
36 27 109.090909 81.818182 0.47703450792710239 0.00021618763280389089
36 28 109.090909 84.848485 0.46695743219926794 0.00021361104095822365
36 29 109.090909 87.878788 0.45723859752562873 0.00021019142392348793
36 30 109.090909 90.909091 0.44790592045354966 0.00020594227736584543
36 31 109.090909 93.939394 0.43898349591530583 0.00020088037072550874
36 32 109.090909 96.969697 0.4304917030046051 0.00019502568103542213
36 33 109.090909 100.000000 0.42244735848497472 0.00018840131408103905
36 34 109.090909 103.030303 0.41486391373488307 0.00018103341321234307
36 35 109.090909 106.060606 0.40775169019973678 0.00017295105616798925
36 36 109.090909 109.090909 0.40111814787111094 0.00016418614031875391
36 37 109.090909 112.121212 0.39496818085716467 0.00015477325678318481
36 38 109.090909 115.151515 0.38930443375214008 0.00014474955391225941
36 39 109.090909 118.181818 0.38412763226243168 0.00013415459068181505
36 40 109.090909 121.212121 0.37943692140562935 0.00012303018057134406
36 41 109.090909 124.242424 0.3752302045690501 0.00011142022654529281
36 42 109.090909 127.272727 0.37150447679570636 9.9370547788118772e-05
36 43 109.090909 130.303030 0.36825614585675753 8.6928698876901804e-05
36 44 109.090909 133.333333 0.36548133496683771 7.4143782105154496e-05
36 45 109.090909 136.363636 0.36317616139716297 6.1066253698502027e-05
36 46 109.090909 139.393939 0.36133698573424461 4.7747724687011059e-05
36 47 109.090909 142.424242 0.35996062711120691 3.4240757220032754e-05
36 48 109.090909 145.454545 0.35904454039446898 2.059865712741285e-05
36 49 109.090909 148.484848 0.35858695203015867 6.8752635457342364e-06
36 50 109.090909 151.515152 0.35858695203015856 -6.8752635601583537e-06
36 51 109.090909 154.545455 0.35904454039446876 -2.0598657141796255e-05
36 52 109.090909 157.575758 0.35996062711120663 -3.4240757234334878e-05
36 53 109.090909 160.606061 0.36133698573424455 -4.7747724701191678e-05
36 54 109.090909 163.636364 0.36317616139716252 -6.1066253712521452e-05
36 55 109.090909 166.666667 0.36548133496683732 -7.4143782118973533e-05
36 56 109.090909 169.696970 0.36825614585675698 -8.692869889048214e-05
36 57 109.090909 172.727273 0.37150447679570603 -9.9370547801423017e-05
36 58 109.090909 175.757576 0.37523020456904932 -0.00011142022655828475
36 59 109.090909 178.787879 0.37943692140562851 -0.00012303018058398854
36 60 109.090909 181.818182 0.38412763226243074 -0.00013415459069407844
36 61 109.090909 184.848485 0.38930443375213897 -0.0001447495539241095
36 62 109.090909 187.878788 0.39496818085716362 -0.00015477325679459102
36 63 109.090909 190.909091 0.40111814787110994 -0.00016418614032968744
36 64 109.090909 193.939394 0.40775169019973578 -0.00017295105617842321
36 65 109.090909 196.969697 0.41486391373488157 -0.00018103341322225246
36 66 109.090909 200.000000 0.42244735848497322 -0.00018840131409040103
36 67 109.090909 203.030303 0.4304917030046036 -0.00019502568104421591
36 68 109.090909 206.060606 0.43898349591530411 -0.00020088037073371582
36 69 109.090909 209.090909 0.44790592045354799 -0.0002059422773734496
36 70 109.090909 212.121212 0.45723859752562662 -0.0002101914239304755
36 71 109.090909 215.151515 0.46695743219926578 -0.00021361104096458318
36 72 109.090909 218.181818 0.4770345079271 -0.0002161876328096135
36 73 109.090909 221.212121 0.48743803208727665 -0.00021791103083468696
36 74 109.090909 224.242424 0.49813233565247672 -0.00021877443357514435
36 75 109.090909 227.272727 0.50907792897262982 -0.00021877443357482017
36 76 109.090909 230.303030 0.5202316147914674 -0.0002179110308337157
36 77 109.090909 233.333333 0.53154665872635742 -0.00021618763280799894
36 78 109.090909 236.363636 0.54297301653861818 -0.00021361104096233162
36 79 109.090909 239.393939 0.55445761662190363 -0.00021019142392759597
36 80 109.090909 242.424242 0.56594469525352131 -0.00020594227736995342
36 81 109.090909 245.454545 0.57737618130162527 -0.00020088037072961678
36 82 109.090909 248.484848 0.58869212627365652 -0.00019502568103953015
36 83 109.090909 251.515152 0.59983117484101334 -0.00018840131408514704
36 84 109.090909 254.545455 0.61073107029370888 -0.00018103341321645109
36 85 109.090909 257.575758 0.62132918877760457 -0.00017295105617209727
36 86 109.090909 260.606061 0.63156309565541113 -0.00016418614032286192
36 87 109.090909 263.636364 0.6413711169192744 -0.00015477325678729282
36 88 109.090909 266.666667 0.65069291827421649 -0.00014474955391636742
36 89 109.090909 269.696970 0.65947008431310572 -0.00013415459068592307
36 90 109.090909 272.727273 0.66764669011865729 -0.00012303018057545204
36 91 109.090909 275.757576 0.67516985765784054 -0.00011142022654940084
36 92 109.090909 278.787879 0.68199028947891116 -9.9370547792226773e-05
36 93 109.090909 281.818182 0.68806277247919012 -8.6928698881009818e-05
36 94 109.090909 284.848485 0.69334664487897046 -7.4143782109262497e-05
36 95 109.090909 287.878788 0.69780622000818382 -6.1066253702610028e-05
36 96 109.090909 290.909091 0.70141116108074864 -4.774772469111906e-05
36 97 109.090909 293.939394 0.70413680178821292 -3.4240757224140769e-05
36 98 109.090909 296.969697 0.70596440827966445 -2.0598657131520848e-05
36 99 109.090909 300.000000 0.70688137889761227 -6.8752635498422267e-06
37 0 112.121212 0.000000 0.71133084147849412 6.4811008396381274e-06
37 1 112.121212 3.030303 0.71037382966724427 1.9417724568240599e-05
37 2 112.121212 6.060606 0.70846651054373655 3.2277715409080036e-05
37 3 112.121212 9.090909 0.70562222047619472 4.501032085347861e-05
37 4 112.121212 12.121212 0.70186078345731451 5.7565291124721425e-05
37 5 112.121212 15.151515 0.69720829725855971 6.9893077490968127e-05
37 6 112.121212 18.181818 0.69169685296610472 8.1945027811461076e-05
37 7 112.121212 21.212121 0.68536419180406249 9.3673578544297602e-05
37 8 112.121212 24.242424 0.67825330401413586 0.00010503244245800039
37 9 112.121212 27.272727 0.67041197535165187 0.00011597679130607335
37 10 112.121212 30.303030 0.66189228746409323 0.00012646343274361042
37 11 112.121212 33.333333 0.65275007902908 0.00013645098078774853
37 12 112.121212 36.363636 0.64304437503509126 0.00014590001914923409
37 13 112.121212 39.393939 0.63283679198252263 0.0001547732567905093
37 14 112.121212 42.424242 0.62219092705912604 0.00016303567509640078
37 15 112.121212 45.454545 0.61117173949858616 0.00017065466607659488
37 16 112.121212 48.484848 0.59984493236181835 0.00017760016105447887
37 17 112.121212 51.515152 0.5882763428874801 0.00018384474933446976
37 18 112.121212 54.545455 0.57653134934291672 0.00018936378637950747
37 19 112.121212 57.575758 0.56467430197308577 0.00019413549107178329
37 20 112.121212 60.606061 0.55276798519841608 0.00019814103167286156
37 21 112.121212 63.636364 0.54087311766040469 0.00020136460014394706
37 22 112.121212 66.666667 0.52904789606496361 0.00020379347453299286
37 23 112.121212 69.696970 0.51734758803853265 0.00020541806918243253
37 24 112.121212 72.727273 0.50582417840254357 0.00020623197255939134
37 25 112.121212 75.757576 0.49452607240087493 0.00020623197255907768
37 26 112.121212 78.787879 0.48349785849630156 0.00020541806918149272
37 27 112.121212 81.818182 0.47278013240020306 0.00020379347453143066
37 28 112.121212 84.848485 0.46240938303000301 0.00020136460014176863
37 29 112.121212 87.878788 0.45241794011628961 0.00019814103167007543
37 30 112.121212 90.909091 0.44283398222159848 0.00019413549106840058
37 31 112.121212 93.939394 0.4336816030005809 0.00018936378637554138
37 32 112.121212 96.969697 0.42498093264126724 0.00018384474932993608
37 33 112.121212 100.000000 0.41674831059339357 0.00017760016104939543
37 34 112.121212 103.030303 0.40899650492517964 0.0001706546660709818
37 35 112.121212 106.060606 0.40173497296652083 0.00016303567509028005
37 36 112.121212 109.090909 0.39497015730477691 0.00015477325678390526
37 37 112.121212 112.121212 0.38870581070834975 0.00014590001914217276
37 38 112.121212 115.151515 0.3829433431705026 0.00013645098078025772
37 39 112.121212 118.181818 0.37768218399714149 0.00012646343273571971
37 40 112.121212 121.212121 0.37292015171146436 0.00011597679129781384
37 41 112.121212 124.242424 0.36865382451753409 0.00010503244244940473
37 42 112.121212 127.272727 0.36487890415407198 9.3673578535399785e-05
37 43 112.121212 130.303030 0.36159056617727942 8.1945027802296112e-05
37 44 112.121212 133.333333 0.35878379003363747 6.98930774815722e-05
37 45 112.121212 136.363636 0.35645366271486217 5.756529111513163e-05
37 46 112.121212 139.393939 0.35459565032027929 4.5010320843732825e-05
37 47 112.121212 142.424242 0.35320583247797832 3.2277715399216696e-05
37 48 112.121212 145.454545 0.35228109528480306 1.94177245582986e-05
37 49 112.121212 148.484848 0.35181927920496886 6.4811008296567462e-06
37 50 112.121212 151.515152 0.35181927920496886 -6.4811008430331371e-06
37 51 112.121212 154.545455 0.35228109528480273 -1.9417724571635612e-05
37 52 112.121212 157.575758 0.35320583247797788 -3.2277715412475039e-05
37 53 112.121212 160.606061 0.35459565032027912 -4.5010320856873627e-05
37 54 112.121212 163.636364 0.35645366271486145 -5.7565291128116428e-05
37 55 112.121212 166.666667 0.35878379003363703 -6.9893077494363143e-05
37 56 112.121212 169.696970 0.3615905661772788 -8.1945027814856066e-05
37 57 112.121212 172.727273 0.36487890415407165 -9.3673578547692632e-05
37 58 112.121212 175.757576 0.36865382451753348 -0.00010503244246139541
37 59 112.121212 178.787879 0.37292015171146364 -0.00011597679130946837
37 60 112.121212 181.818182 0.37768218399714076 -0.00012646343274700541
37 61 112.121212 184.848485 0.38294334317050144 -0.00013645098079114354
37 62 112.121212 187.878788 0.38870581070834842 -0.0001459000191526291
37 63 112.121212 190.909091 0.39497015730477575 -0.00015477325679390434
37 64 112.121212 193.939394 0.40173497296651961 -0.00016303567509979577
37 65 112.121212 196.969697 0.40899650492517825 -0.00017065466607998989
37 66 112.121212 200.000000 0.41674831059339196 -0.00017760016105787389
37 67 112.121212 203.030303 0.42498093264126552 -0.00018384474933786477
37 68 112.121212 206.060606 0.43368160300057879 -0.00018936378638290244
37 69 112.121212 209.090909 0.44283398222159687 -0.00019413549107517831
37 70 112.121212 212.121212 0.45241794011628722 -0.00019814103167625655
37 71 112.121212 215.151515 0.46240938303000068 -0.00020136460014734208
37 72 112.121212 218.181818 0.47278013240020061 -0.00020379347453638782
37 73 112.121212 221.212121 0.48349785849629928 -0.00020541806918582749
37 74 112.121212 224.242424 0.49452607240087232 -0.00020623197256278635
37 75 112.121212 227.272727 0.50582417840254079 -0.00020623197256247269
37 76 112.121212 230.303030 0.51734758803852998 -0.00020541806918488771
37 77 112.121212 233.333333 0.52904789606496072 -0.00020379347453482568
37 78 112.121212 236.363636 0.5408731176604018 -0.00020136460014516365
37 79 112.121212 239.393939 0.55276798519841308 -0.00019814103167347045
37 80 112.121212 242.424242 0.56467430197308321 -0.0001941354910717956
37 81 112.121212 245.454545 0.57653134934291395 -0.00018936378637893637
37 82 112.121212 248.484848 0.58827634288747754 -0.00018384474933333105
37 83 112.121212 251.515152 0.59984493236181546 -0.00017760016105279039
37 84 112.121212 254.545455 0.61117173949858328 -0.00017065466607437679
37 85 112.121212 257.575758 0.62219092705912349 -0.00016303567509367504
37 86 112.121212 260.606061 0.63283679198252019 -0.00015477325678730028
37 87 112.121212 263.636364 0.64304437503508882 -0.00014590001914556775
37 88 112.121212 266.666667 0.65275007902907745 -0.00013645098078365271
37 89 112.121212 269.696970 0.66189228746409123 -0.00012646343273911472
37 90 112.121212 272.727273 0.67041197535164987 -0.00011597679130120882
37 91 112.121212 275.757576 0.67825330401413397 -0.00010503244245279973
37 92 112.121212 278.787879 0.68536419180406094 -9.3673578538794788e-05
37 93 112.121212 281.818182 0.69169685296610339 -8.1945027805691115e-05
37 94 112.121212 284.848485 0.69720829725855848 -6.9893077484967203e-05
37 95 112.121212 287.878788 0.70186078345731318 -5.756529111852664e-05
37 96 112.121212 290.909091 0.70562222047619394 -4.5010320847127849e-05
37 97 112.121212 293.939394 0.70846651054373599 -3.2277715402611699e-05
37 98 112.121212 296.969697 0.71037382966724349 -1.9417724561693617e-05
37 99 112.121212 300.000000 0.71133084147849357 -6.4811008330517525e-06
38 0 115.151515 0.000000 0.71552628867267698 6.061360179156888e-06
38 1 115.151515 3.030303 0.71453138942454753 1.8160159111048747e-05
38 2 115.151515 6.060606 0.71254865102612364 3.0187288191511512e-05
38 3 115.151515 9.090909 0.70959211639001263 4.2095281836737239e-05
38 4 115.151515 12.121212 0.70568265776184591 5.3837144636053059e-05
38 5 115.151515 15.151515 0.70084774919205162 6.536653682133681e-05
38 6 115.151515 18.181818 0.69512116814827996 7.6637957148911553e-05
38 7 115.151515 21.212121 0.68854263044185848 8.7606922472166444e-05
38 8 115.151515 24.242424 0.68115736356420087 9.8230143296214155e-05
38 9 115.151515 27.272727 0.67301562437386842 0.00010846569462175015
38 10 115.151515 30.303030 0.66417216782918509 0.00011827318140387108
38 11 115.151515 33.333333 0.65468567411352907 0.00012761389797286246
38 12 115.151515 36.363636 0.6446181420408339 0.00013645098078779395
38 13 115.151515 39.393939 0.63403425704940042 0.00014474955392007415
38 14 115.151515 42.424242 0.62300074238660064 0.00015247686669280739
38 15 115.151515 45.454545 0.61158570225128028 0.00015960242293275295
38 16 115.151515 48.484848 0.59985796569240424 0.00016609810132478891
38 17 115.151515 51.515152 0.58788643996162382 0.00017193826639389501
38 18 115.151515 54.545455 0.57573948178593204 0.00017709986967666123
38 19 115.151515 57.575758 0.56348429466836492 0.00018156254068304258
38 20 115.151515 60.606061 0.5511863598457869 0.00018530866728937742
38 21 115.151515 63.636364 0.53890890794093504 0.00018832346524539286
38 22 115.151515 66.666667 0.52671243765072917 0.0001905950365208869
38 23 115.151515 69.696970 0.51465428702550164 0.00019211441626181713
38 24 115.151515 72.727273 0.50278826202690063 0.0001928756081704848
38 25 115.151515 75.757576 0.49116432611955446 0.00019287560817018198
38 26 115.151515 78.787879 0.47982835366801774 0.00019211441626090973
38 27 115.151515 81.818182 0.4688219488916141 0.0001905950365193784
38 28 115.151515 84.848485 0.45818233109167278 0.00018832346524328935
38 29 115.151515 87.878788 0.44794228582473627 0.00018530866728668708
38 30 115.151515 90.909091 0.43813018066795634 0.0001815625406797762
38 31 115.151515 93.939394 0.42877004322527812 0.00017709986967283159
38 32 115.151515 96.969697 0.41988169807077386 0.00017193826638951733
38 33 115.151515 100.000000 0.41148095843353533 0.00016609810131988032
38 34 115.151515 103.030303 0.40357986761077519 0.00015960242292733287
38 35 115.151515 106.060606 0.39618698436495897 0.00015247686668689724
38 36 115.151515 109.090909 0.38930770592818414 0.00014474955391369731
38 37 115.151515 112.121212 0.38294462171239224 0.00013645098078097557
38 38 115.151515 115.151515 0.37709789041533837 0.00012761389796562932
38 39 115.151515 118.181818 0.37176563292570702 0.00011827318139625183
38 40 115.151515 121.212121 0.36694433327052817 0.00010846569461377477
38 41 115.151515 124.242424 0.36262923981631151 9.8230143287914235e-05
38 42 115.151515 127.272727 0.35881475903219512 8.7606922463574711e-05
38 43 115.151515 130.303030 0.3554948343469615 7.6637957140061902e-05
38 44 115.151515 133.333333 0.35266330297807869 6.5366536812264125e-05
38 45 115.151515 136.363636 0.35031422407408275 5.383714462679316e-05
38 46 115.151515 139.393939 0.34844217208383066 4.2095281827326744e-05
38 47 115.151515 142.424242 0.34704248993798414 3.0187288181987497e-05
38 48 115.151515 145.454545 0.34611149738838398 1.8160159101448788e-05
38 49 115.151515 148.484848 0.34564665068731854 6.0613601695188949e-06
38 50 115.151515 151.515152 0.34564665068731854 -6.0613601818333097e-06
38 51 115.151515 154.545455 0.34611149738838382 -1.8160159113725168e-05
38 52 115.151515 157.575758 0.34704248993798398 -3.0187288194187936e-05
38 53 115.151515 160.606061 0.34844217208383044 -4.209528183941366e-05
38 54 115.151515 163.636364 0.35031422407408208 -5.3837144638729474e-05
38 55 115.151515 166.666667 0.35266330297807824 -6.5366536824013245e-05
38 56 115.151515 169.696970 0.35549483434696094 -7.6637957151587987e-05
38 57 115.151515 172.727273 0.35881475903219462 -8.7606922474842879e-05
38 58 115.151515 175.757576 0.36262923981631057 -9.8230143298890603e-05
38 59 115.151515 178.787879 0.36694433327052722 -0.00010846569462442658
38 60 115.151515 181.818182 0.3717656329257063 -0.00011827318140654752
38 61 115.151515 184.848485 0.37709789041533714 -0.00012761389797553892
38 62 115.151515 187.878788 0.38294462171239096 -0.00013645098079047042
38 63 115.151515 190.909091 0.38930770592818292 -0.00014474955392275053
38 64 115.151515 193.939394 0.39618698436495753 -0.00015247686669548374
38 65 115.151515 196.969697 0.40357986761077352 -0.00015960242293542939
38 66 115.151515 200.000000 0.41148095843353338 -0.00016609810132746535
38 67 115.151515 203.030303 0.41988169807077219 -0.00017193826639657148
38 68 115.151515 206.060606 0.42877004322527607 -0.00017709986967933761
38 69 115.151515 209.090909 0.43813018066795423 -0.00018156254068571896
38 70 115.151515 212.121212 0.44794228582473372 -0.00018530866729205378
38 71 115.151515 215.151515 0.45818233109167028 -0.00018832346524806935
38 72 115.151515 218.181818 0.46882194889161166 -0.00019059503652356331
38 73 115.151515 221.212121 0.47982835366801524 -0.00019211441626449353
38 74 115.151515 224.242424 0.49116432611955163 -0.00019287560817316126
38 75 115.151515 227.272727 0.50278826202689786 -0.00019287560817285839
38 76 115.151515 230.303030 0.51465428702549898 -0.00019211441626358614
38 77 115.151515 233.333333 0.52671243765072606 -0.00019059503652205489
38 78 115.151515 236.363636 0.53890890794093205 -0.00018832346524596584
38 79 115.151515 239.393939 0.55118635984578379 -0.00018530866728936357
38 80 115.151515 242.424242 0.56348429466836192 -0.00018156254068245261
38 81 115.151515 245.454545 0.57573948178592915 -0.00017709986967550799
38 82 115.151515 248.484848 0.58788643996162115 -0.00017193826639219376
38 83 115.151515 251.515152 0.59985796569240135 -0.00016609810132255673
38 84 115.151515 254.545455 0.61158570225127717 -0.00015960242293000927
38 85 115.151515 257.575758 0.62300074238659775 -0.00015247686668957365
38 86 115.151515 260.606061 0.63403425704939786 -0.00014474955391637371
38 87 115.151515 263.636364 0.64461814204083101 -0.00013645098078365198
38 88 115.151515 266.666667 0.65468567411352629 -0.00012761389796830578
38 89 115.151515 269.696970 0.66417216782918265 -0.00011827318139892825
38 90 115.151515 272.727273 0.67301562437386608 -0.00010846569461645122
38 91 115.151515 275.757576 0.68115736356419876 -9.8230143290590669e-05
38 92 115.151515 278.787879 0.68854263044185682 -8.7606922466251159e-05
38 93 115.151515 281.818182 0.69512116814827829 -7.6637957142738309e-05
38 94 115.151515 284.848485 0.70084774919205017 -6.536653681494056e-05
38 95 115.151515 287.878788 0.70568265776184447 -5.3837144629469594e-05
38 96 115.151515 290.909091 0.70959211639001196 -4.2095281830003172e-05
38 97 115.151515 293.939394 0.71254865102612286 -3.0187288184663932e-05
38 98 115.151515 296.969697 0.71453138942454686 -1.8160159104125209e-05
38 99 115.151515 300.000000 0.71552628867267698 -6.0613601721953123e-06
39 0 118.181818 0.000000 0.7194478403537069 5.6176980992322907e-06
39 1 118.181818 3.030303 0.7184174124929571 1.6830923802445243e-05
39 2 118.181818 6.060606 0.71636395528376107 2.7977725538723742e-05
39 3 118.181818 9.090909 0.71330218400637235 3.9014111974104023e-05
39 4 118.181818 12.121212 0.70925396837157428 4.9896527533370988e-05
39 5 118.181818 15.151515 0.70424809187514981 6.0582024294014951e-05
39 6 118.181818 18.181818 0.69831993622793465 7.1028431482060773e-05
39 7 118.181818 21.212121 0.6915110952921143 8.1194521900846713e-05
39 8 118.181818 24.242424 0.68386892393371279 9.1040174635934751e-05
39 9 118.181818 27.272727 0.67544602809783016 0.00010052653339403041
39 10 118.181818 30.303030 0.66629970321355492 0.00010961615985102044
39 11 118.181818 33.333333 0.65649132872744131 0.00011827318140393453
39 12 118.181818 36.363636 0.64608572713758672 0.00012646343274372028
39 13 118.181818 39.393939 0.63515049634611132 0.00013415459069010934
39 14 118.181818 42.424242 0.62375532445963056 0.00014131630175644327
39 15 118.181818 45.454545 0.61197129634064151 0.00014792030194101771
39 16 118.181818 48.484848 0.59987020124531376 0.00015394052827218498
39 17 118.181818 51.515152 0.58752385077480351 0.00015935322166699565
39 18 118.181818 54.545455 0.57500341612003181 0.00016413702069744481
39 19 118.181818 57.575758 0.56237879319805217 0.00016827304589426919
39 20 118.181818 60.606061 0.54971800376805913 0.00017174497425558703
39 21 118.181818 63.636364 0.53708663998503892 0.00017453910366632946
39 22 118.181818 66.666667 0.52454735910924921 0.00017664440697422859
39 23 118.181818 69.696970 0.51215943425199539 0.00017805257550894974
39 24 118.181818 72.727273 0.49997836611596891 0.00017875805187261726
39 25 118.181818 75.757576 0.48805555969639736 0.00017875805187232544
39 26 118.181818 78.787879 0.47643806886320617 0.00017805257550807527
39 27 118.181818 81.818182 0.46516841066089271 0.00017664440697277503
39 28 118.181818 84.848485 0.45428445005897961 0.00017453910366430249
39 29 118.181818 87.878788 0.44381935477921275 0.00017174497425299467
39 30 118.181818 90.909091 0.43380161873348722 0.00016827304589112161
39 31 118.181818 93.939394 0.42425515154603655 0.00016413702069375451
39 32 118.181818 96.969697 0.4151994306213202 0.00015935322166277721
39 33 118.181818 100.000000 0.40664971127114929 0.00015394052826745501
39 34 118.181818 103.030303 0.39861728954567904 0.0001479203019357949
39 35 118.181818 106.060606 0.39110981163651559 0.00014131630175074814
39 36 118.181818 109.090909 0.38413162304833259 0.00013415459068396451
39 37 118.181818 112.121212 0.37768415017843532 0.00012646343273714993
39 38 118.181818 115.151515 0.3717663065101583 0.00011827318139696454
39 39 118.181818 118.181818 0.36637491532234229 0.0001096161598436784
39 40 118.181818 121.212121 0.36150514064789319 0.00010052653338634526
39 41 118.181818 124.242424 0.35715091818186806 9.1040174627936835e-05
39 42 118.181818 127.272727 0.35330537794380512 8.1194521892567583e-05
39 43 118.181818 130.303030 0.34996125073804035 7.1028431473533102e-05
39 44 118.181818 133.333333 0.34711125082535371 6.0582024285272358e-05
39 45 118.181818 136.363636 0.34474842771319764 4.9896527524448025e-05
39 46 118.181818 139.393939 0.34286648058165242 3.9014111965035919e-05
39 47 118.181818 142.424242 0.34146002957814031 2.7977725529546262e-05
39 48 118.181818 145.454545 0.34052483902388431 1.6830923793194582e-05
39 49 118.181818 148.484848 0.34005798846596946 5.6176980899449836e-06
39 50 118.181818 151.515152 0.3400579884659693 -5.6176981011873529e-06
39 51 118.181818 154.545455 0.34052483902388386 -1.6830923804400307e-05
39 52 118.181818 157.575758 0.34146002957813992 -2.7977725540678806e-05
39 53 118.181818 160.606061 0.3428664805816522 -3.9014111976059077e-05
39 54 118.181818 163.636364 0.34474842771319697 -4.9896527535326056e-05
39 55 118.181818 166.666667 0.34711125082535338 -6.0582024295970018e-05
39 56 118.181818 169.696970 0.34996125073803969 -7.1028431484015819e-05
39 57 118.181818 172.727273 0.35330537794380484 -8.1194521902801787e-05
39 58 118.181818 175.757576 0.35715091818186712 -9.1040174637889838e-05
39 59 118.181818 178.787879 0.3615051406478923 -0.00010052653339598545
39 60 118.181818 181.818182 0.36637491532234157 -0.00010961615985297548
39 61 118.181818 184.848485 0.37176630651015702 -0.00011827318140588957
39 62 118.181818 187.878788 0.37768415017843382 -0.00012646343274567531
39 63 118.181818 190.909091 0.38413162304833148 -0.0001341545906920644
39 64 118.181818 193.939394 0.3911098116365142 -0.00014131630175839833
39 65 118.181818 196.969697 0.39861728954567727 -0.00014792030194297283
39 66 118.181818 200.000000 0.40664971127114746 -0.00015394052827414007
39 67 118.181818 203.030303 0.41519943062131842 -0.00015935322166895068
39 68 118.181818 206.060606 0.42425515154603471 -0.00016413702069939984
39 69 118.181818 209.090909 0.43380161873348522 -0.00016827304589622425
39 70 118.181818 212.121212 0.44381935477921036 -0.00017174497425754203
39 71 118.181818 215.151515 0.45428445005897694 -0.00017453910366828452
39 72 118.181818 218.181818 0.46516841066089004 -0.00017664440697618365
39 73 118.181818 221.212121 0.47643806886320367 -0.00017805257551090474
39 74 118.181818 224.242424 0.48805555969639447 -0.00017875805187457234
39 75 118.181818 227.272727 0.49997836611596597 -0.00017875805187428053
39 76 118.181818 230.303030 0.51215943425199251 -0.00017805257551003036
39 77 118.181818 233.333333 0.5245473591092461 -0.00017664440697473015
39 78 118.181818 236.363636 0.53708663998503536 -0.00017453910366625752
39 79 118.181818 239.393939 0.54971800376805569 -0.00017174497425494973
39 80 118.181818 242.424242 0.56237879319804918 -0.00016827304589307667
39 81 118.181818 245.454545 0.5750034161200287 -0.0001641370206957096
39 82 118.181818 248.484848 0.5875238507748004 -0.00015935322166473227
39 83 118.181818 251.515152 0.59987020124531043 -0.00015394052826941008
39 84 118.181818 254.545455 0.6119712963406384 -0.00014792030193774996
39 85 118.181818 257.575758 0.62375532445962767 -0.00014131630175270323
39 86 118.181818 260.606061 0.63515049634610865 -0.00013415459068591957
39 87 118.181818 263.636364 0.64608572713758372 -0.00012646343273910496
39 88 118.181818 266.666667 0.65649132872743854 -0.00011827318139891963
39 89 118.181818 269.696970 0.6662997032135527 -0.00010961615984563346
39 90 118.181818 272.727273 0.67544602809782772 -0.00010052653338830028
39 91 118.181818 275.757576 0.68386892393371068 -9.1040174629891909e-05
39 92 118.181818 278.787879 0.69151109529211285 -8.1194521894522643e-05
39 93 118.181818 281.818182 0.69831993622793276 -7.1028431475488163e-05
39 94 118.181818 284.848485 0.70424809187514859 -6.0582024287227425e-05
39 95 118.181818 287.878788 0.70925396837157262 -4.9896527526403092e-05
39 96 118.181818 290.909091 0.71330218400637124 -3.901411196699098e-05
39 97 118.181818 293.939394 0.71636395528375996 -2.7977725531501329e-05
39 98 118.181818 296.969697 0.71841741249295643 -1.6830923795149646e-05
39 99 118.181818 300.000000 0.71944784035370668 -5.617698091900039e-06
40 0 121.212121 0.000000 0.72307674973518055 5.1518655314038773e-06
40 1 121.212121 3.030303 0.72201334696875319 1.5435264526923299e-05
40 2 121.212121 6.060606 0.7198942582430734 2.5657747585054102e-05
40 3 121.212121 9.090909 0.71673483120461023 3.5778971235374137e-05
40 4 121.212121 12.121212 0.71255787361811418 4.5758991632082842e-05
40 5 121.212121 15.151515 0.70739340030337694 5.5558422194111979e-05
40 6 121.212121 18.181818 0.70127830129990898 6.5138589045967248e-05
40 7 121.212121 21.212121 0.69425593593427115 7.4461683645846263e-05
40 8 121.212121 24.242424 0.68637565849788595 8.3490911998680069e-05
40 9 121.212121 27.272727 0.6776922821889424 9.219063986522211e-05
40 10 121.212121 30.303030 0.66826548881615699 0.00010052653339411069
40 11 121.212121 33.333333 0.65815919249180044 0.00010846569462189483
40 12 121.212121 36.363636 0.64744086614558904 0.00011597679130626624
40 13 121.212121 39.393939 0.63618084016069298 0.0001230301805801053
40 14 121.212121 42.424242 0.62445158276127821 0.0001295980259383353
40 15 121.212121 45.454545 0.61232697196296382 0.00013565440709589034
40 16 121.212121 48.484848 0.59988156893088329 0.00014117542228323892
40 17 121.212121 51.515152 0.58718990247452241 0.00014613928257574857
40 18 121.212121 54.545455 0.57432577414641817 0.00015052639788461678
40 19 121.212121 57.575758 0.56136159300755795 0.0001543194542700017
40 20 121.212121 60.606061 0.54836774858264359 0.00015750348227123293
40 21 121.212121 63.636364 0.53541202986205683 0.00016006591598443363
40 22 121.212121 66.666667 0.52255909742515227 0.00016199664265440238
40 23 121.212121 69.696970 0.50987001487394612 0.00016328804258503791
40 24 121.212121 72.727273 0.49740184479156618 0.00016393501921079849
40 25 121.212121 75.757576 0.48520731339144102 0.00016393501921051787
40 26 121.212121 78.787879 0.47333454691785515 0.00016328804258419701
40 27 121.212121 81.818182 0.46182688171365072 0.0001619966426530046
40 28 121.212121 84.848485 0.45072274870464774 0.00016006591598248445
40 29 121.212121 87.878788 0.440055631881203 0.00015750348226874011
40 30 121.212121 90.909091 0.42985409920360751 0.00015431945426697504
40 31 121.212121 93.939394 0.42014190323794315 0.00015052639788106818
40 32 121.212121 96.969697 0.41093814776008775 0.00014613928257169211
40 33 121.212121 100.000000 0.40225751556457978 0.00014117542227869059
40 34 121.212121 103.030303 0.39411055179758631 0.00013565440709086804
40 35 121.212121 106.060606 0.38650399631362026 0.00012959802593285886
40 36 121.212121 109.090909 0.37944115784655208 0.00012303018057419643
40 37 121.212121 112.121212 0.37292232219785459 0.00011597679129994816
40 38 121.212121 115.151515 0.36694518618784155 0.0001084656946151925
40 39 121.212121 118.181818 0.3615053087958312 0.00010052653338705056
40 40 121.212121 121.212121 0.3565965707373942 9.2190639857832039e-05
40 41 121.212121 124.242424 0.35221163369353814 8.349091199098924e-05
40 42 121.212121 127.272727 0.34834239051800536 7.4461683637885021e-05
40 43 121.212121 130.303030 0.3449803980026166 6.5138589037766993e-05
40 44 121.212121 133.333333 0.34211728417234388 5.5558422185705075e-05
40 45 121.212121 136.363636 0.33974512260492601 4.5758991623502479e-05
40 46 121.212121 139.393939 0.33785676691557132 3.5778971226654211e-05
40 47 121.212121 142.424242 0.33644613930500994 2.5657747576228998e-05
40 48 121.212121 145.454545 0.33550846792633149 1.5435264518027823e-05
40 49 121.212121 148.484848 0.3350404687686982 5.1518655224731626e-06
40 50 121.212121 151.515152 0.33504046876869814 -5.1518655326376562e-06
40 51 121.212121 154.545455 0.33550846792633138 -1.543526452815708e-05
40 52 121.212121 157.575758 0.33644613930500955 -2.5657747586287883e-05
40 53 121.212121 160.606061 0.33785676691557115 -3.5778971236607912e-05
40 54 121.212121 163.636364 0.33974512260492551 -4.5758991633316616e-05
40 55 121.212121 166.666667 0.34211728417234338 -5.5558422195345761e-05
40 56 121.212121 169.696970 0.34498039800261598 -6.5138589047201016e-05
40 57 121.212121 172.727273 0.34834239051800481 -7.4461683647080031e-05
40 58 121.212121 175.757576 0.35221163369353736 -8.3490911999913877e-05
40 59 121.212121 178.787879 0.35659657073739348 -9.2190639866455892e-05
40 60 121.212121 181.818182 0.36150530879583026 -0.00010052653339534447
40 61 121.212121 184.848485 0.36694518618784033 -0.00010846569462312861
40 62 121.212121 187.878788 0.37292232219785321 -0.00011597679130750002
40 63 121.212121 190.909091 0.37944115784655053 -0.00012303018058133907
40 64 121.212121 193.939394 0.38650399631361881 -0.00012959802593956907
40 65 121.212121 196.969697 0.39411055179758464 -0.0001356544070971241
40 66 121.212121 200.000000 0.40225751556457773 -0.00014117542228447275
40 67 121.212121 203.030303 0.41093814776008597 -0.00014613928257698234
40 68 121.212121 206.060606 0.42014190323794082 -0.00015052639788585054
40 69 121.212121 209.090909 0.42985409920360534 -0.00015431945427123549
40 70 121.212121 212.121212 0.44005563188120045 -0.0001575034822724667
40 71 121.212121 215.151515 0.45072274870464507 -0.00016006591598566739
40 72 121.212121 218.181818 0.46182688171364789 -0.00016199664265563614
40 73 121.212121 221.212121 0.47333454691785232 -0.00016328804258627165
40 74 121.212121 224.242424 0.48520731339143797 -0.00016393501921203226
40 75 121.212121 227.272727 0.49740184479156285 -0.00016393501921175164
40 76 121.212121 230.303030 0.50987001487394323 -0.00016328804258543083
40 77 121.212121 233.333333 0.52255909742514906 -0.00016199664265423839
40 78 121.212121 236.363636 0.53541202986205361 -0.00016006591598371824
40 79 121.212121 239.393939 0.54836774858263981 -0.0001575034822699739
40 80 121.212121 242.424242 0.56136159300755495 -0.00015431945426820884
40 81 121.212121 245.454545 0.57432577414641484 -0.00015052639788230195
40 82 121.212121 248.484848 0.58718990247451919 -0.00014613928257292588
40 83 121.212121 251.515152 0.59988156893088007 -0.00014117542227992436
40 84 121.212121 254.545455 0.61232697196296049 -0.00013565440709210181
40 85 121.212121 257.575758 0.62445158276127499 -0.00012959802593409266
40 86 121.212121 260.606061 0.63618084016069032 -0.0001230301805754302
40 87 121.212121 263.636364 0.64744086614558594 -0.00011597679130118196
40 88 121.212121 266.666667 0.65815919249179755 -0.00010846569461642628
40 89 121.212121 269.696970 0.66826548881615488 -0.00010052653338828435
40 90 121.212121 272.727273 0.67769228218893995 -9.2190639859065794e-05
40 91 121.212121 275.757576 0.68637565849788362 -8.3490911992223008e-05
40 92 121.212121 278.787879 0.69425593593426937 -7.4461683639118803e-05
40 93 121.212121 281.818182 0.70127830129990698 -6.5138589039000788e-05
40 94 121.212121 284.848485 0.7073934003033755 -5.555842218693885e-05
40 95 121.212121 287.878788 0.71255787361811262 -4.5758991624736261e-05
40 96 121.212121 290.909091 0.71673483120460935 -3.5778971227887992e-05
40 97 121.212121 293.939394 0.71989425824307263 -2.5657747577462786e-05
40 98 121.212121 296.969697 0.72201334696875241 -1.5435264519261604e-05
40 99 121.212121 300.000000 0.72307674973518021 -5.1518655237069389e-06
41 0 124.242424 0.000000 0.72639552892897075 4.6657009039982051e-06
41 1 124.242424 3.030303 0.72530188803008411 1.397868931402732e-05
41 2 124.242424 6.060606 0.72312261840980352 2.3236510223588618e-05
41 3 124.242424 9.090909 0.71987365451337604 3.2402627243048143e-05
41 4 124.242424 12.121212 0.71557867450841839 4.1440865896130612e-05
41 5 124.242424 15.151515 0.7102688356325324 5.0315556384050745e-05
41 6 124.242424 18.181818 0.70398242717841142 5.8991674357913184e-05
41 7 124.242424 21.212121 0.69676444601935505 6.7434979143816338e-05
41 8 124.242424 24.242424 0.68866610066153044 7.5612148875149317e-05
41 9 124.242424 27.272727 0.67974425080106182 8.3490911998775993e-05
41 10 124.242424 30.303030 0.67006079024910847 9.1040174636111909e-05
41 11 124.242424 33.333333 0.65968198185296623 9.8230143296457545e-05
41 12 124.242424 36.363636 0.64867775367441616 0.0001050324424582948
41 13 124.242424 39.393939 0.6371209661785221 0.00011142022655450667
41 14 124.242424 42.424242 0.62508666052953288 0.00011736828591956644
41 15 124.242424 45.454545 0.61265129828056275 0.00012285314628057001
41 16 124.242424 48.484848 0.59989200277768073 0.00012785316139946691
41 17 124.242424 51.515152 0.58688581247683413 0.00013234859850087244
41 18 124.242424 54.545455 0.57370895609595751 0.00013632171614831723
41 19 124.242424 57.575758 0.56043615909936584 0.00013975683426159153
41 20 124.242424 60.606061 0.54713999044416006 0.00014264039599885852
41 21 124.242424 63.636364 0.53389025781806354 0.00014496102125931528
41 22 124.242424 66.666667 0.52075345877623869 0.00014670955159525146
41 23 124.242424 69.696970 0.50779229425429717 0.00014787908635625883
41 24 124.242424 72.727273 0.49506524991088441 0.00014846500992294514
41 25 124.242424 75.757576 0.48262624965209261 0.00014846500992267585
41 26 124.242424 78.787879 0.47052438452910378 0.00014787908635545196
41 27 124.242424 81.818182 0.45880371899824091 0.00014670955159391022
41 28 124.242424 84.848485 0.44750317530802108 0.0001449610212574449
41 29 124.242424 87.878788 0.436656495550236 0.0001426403959964665
41 30 124.242424 90.909091 0.42629227970079947 0.00013975683425868727
41 31 124.242424 93.939394 0.41643409680022564 0.0001363217161449121
41 32 124.242424 96.969697 0.40710066530152839 0.00013234859849697994
41 33 124.242424 100.000000 0.39830609756268126 0.00012785316139510251
41 34 124.242424 103.030303 0.39006020249791362 0.00012285314627575079
41 35 124.242424 106.060606 0.38236883954208944 0.00011736828591431149
41 36 124.242424 109.090909 0.37523431633849708 0.00011142022654883672
41 37 124.242424 112.121212 0.36865582194409879 0.00010503244245223218
41 38 124.242424 115.151515 0.36262988686704428 9.823014329002622e-05
41 39 124.242424 118.181818 0.35715086091629838 9.1040174629337245e-05
41 40 124.242424 121.212121 0.35221139965749132 8.3490911991684701e-05
41 41 124.242424 124.242424 0.34780295023513708 7.5612148867769397e-05
41 42 124.242424 127.272727 0.34391622743931122 6.7434979136177009e-05
41 43 124.242424 130.303030 0.34054167116243511 5.8991674350044506e-05
41 44 124.242424 133.333333 0.33766987680433141 5.0315556375983759e-05
41 45 124.242424 136.363636 0.33529199073421534 4.144086588789718e-05
41 46 124.242424 139.393939 0.33340006359756807 3.2402627234680786e-05
41 47 124.242424 142.424242 0.33198735505274612 2.3236510215120345e-05
41 48 124.242424 145.454545 0.33104858442354362 1.3978689305491516e-05
41 49 124.242424 148.484848 0.33058012274508058 4.6657008954285898e-06
41 50 124.242424 151.515152 0.33058012274508058 -4.665700904513628e-06
41 51 124.242424 154.545455 0.33104858442354335 -1.3978689314542746e-05
41 52 124.242424 157.575758 0.3319873550527459 -2.3236510224104044e-05
41 53 124.242424 160.606061 0.33340006359756791 -3.2402627243563552e-05
41 54 124.242424 163.636364 0.33529199073421467 -4.1440865896646028e-05
41 55 124.242424 166.666667 0.33766987680433092 -5.0315556384566154e-05
41 56 124.242424 169.696970 0.34054167116243445 -5.8991674358428607e-05
41 57 124.242424 172.727273 0.34391622743931066 -6.7434979144331754e-05
41 58 124.242424 175.757576 0.34780295023513619 -7.5612148875664719e-05
41 59 124.242424 178.787879 0.35221139965749032 -8.349091199929141e-05
41 60 124.242424 181.818182 0.35715086091629739 -9.1040174636627326e-05
41 61 124.242424 184.848485 0.36262988686704284 -9.8230143296972988e-05
41 62 124.242424 187.878788 0.36865582194409741 -0.00010503244245881022
41 63 124.242424 190.909091 0.37523431633849591 -0.00011142022655502207
41 64 124.242424 193.939394 0.38236883954208795 -0.00011736828592008189
41 65 124.242424 196.969697 0.3900602024979119 -0.00012285314628108544
41 66 124.242424 200.000000 0.39830609756267943 -0.00012785316139998237
41 67 124.242424 203.030303 0.40710066530152667 -0.0001323485985013879
41 68 124.242424 206.060606 0.41643409680022347 -0.0001363217161488326
41 69 124.242424 209.090909 0.42629227970079703 -0.00013975683426210696
41 70 124.242424 212.121212 0.43665649555023328 -0.00014264039599937392
41 71 124.242424 215.151515 0.44750317530801842 -0.00014496102125983066
41 72 124.242424 218.181818 0.45880371899823802 -0.00014670955159576689
41 73 124.242424 221.212121 0.47052438452910089 -0.0001478790863567742
41 74 124.242424 224.242424 0.48262624965208933 -0.00014846500992346057
41 75 124.242424 227.272727 0.49506524991088119 -0.00014846500992319128
41 76 124.242424 230.303030 0.50779229425429406 -0.00014787908635596736
41 77 124.242424 233.333333 0.52075345877623536 -0.00014670955159442565
41 78 124.242424 236.363636 0.5338902578180601 -0.00014496102125796027
41 79 124.242424 239.393939 0.54713999044415618 -0.0001426403959969819
41 80 124.242424 242.424242 0.56043615909936262 -0.00013975683425920265
41 81 124.242424 245.454545 0.57370895609595396 -0.0001363217161454275
41 82 124.242424 248.484848 0.5868858124768308 -0.00013234859849749539
41 83 124.242424 251.515152 0.59989200277767718 -0.00012785316139561786
41 84 124.242424 254.545455 0.61265129828055931 -0.00012285314627626624
41 85 124.242424 257.575758 0.62508666052952977 -0.00011736828591482689
41 86 124.242424 260.606061 0.63712096617851888 -0.00011142022654935213
41 87 124.242424 263.636364 0.64867775367441283 -0.0001050324424527476
41 88 124.242424 266.666667 0.65968198185296301 -9.823014329054165e-05
41 89 124.242424 269.696970 0.67006079024910603 -9.1040174629852648e-05
41 90 124.242424 272.727273 0.67974425080105927 -8.3490911992200131e-05
41 91 124.242424 275.757576 0.68866610066152789 -7.561214886828484e-05
41 92 124.242424 278.787879 0.69676444601935306 -6.7434979136692412e-05
41 93 124.242424 281.818182 0.70398242717840953 -5.8991674350559908e-05
41 94 124.242424 284.848485 0.71026883563253107 -5.0315556376499182e-05
41 95 124.242424 287.878788 0.71557867450841683 -4.144086588841261e-05
41 96 124.242424 290.909091 0.71987365451337526 -3.2402627235196215e-05
41 97 124.242424 293.939394 0.72312261840980241 -2.3236510215635772e-05
41 98 124.242424 296.969697 0.72530188803008333 -1.3978689306006944e-05
41 99 124.242424 300.000000 0.72639552892897064 -4.6657008959440077e-06
42 0 127.272727 0.000000 0.72938806789543631 4.161122886692153e-06
42 1 127.272727 3.030303 0.72826709532997103 1.2466946600676696e-05
42 2 127.272727 6.060606 0.72603343218309635 2.0723568972034866e-05
42 3 127.272727 9.090909 0.72270354889447563 2.8898404884358889e-05
42 4 127.272727 12.121212 0.71830191863113613 3.6959191995030114e-05
42 5 127.272727 15.151515 0.71286074199633931 4.4874118059946006e-05
42 6 127.272727 18.181818 0.70641958608034094 5.261194648191414e-05
42 7 127.272727 21.212121 0.69902494296576867 6.0142139587230536e-05
42 8 127.272727 24.242424 0.69072971393001004 6.7434979143926534e-05
42 9 127.272727 27.272727 0.6815926266210196 7.4461683646053292e-05
42 10 127.272727 30.303030 0.67167759340563715 8.1194521901136832e-05
42 11 127.272727 33.333333 0.66105301988678178 8.7606922472525573e-05
42 12 127.272727 36.363636 0.64979107324571805 9.3673578544711442e-05
42 13 127.272727 39.393939 0.63796692057807691 9.9370547797768998e-05
42 14 127.272727 42.424242 0.62565794774982986 0.0001046753468967541
42 15 127.272727 45.454545 0.61294296949678628 0.00010956704022315517
42 16 127.272727 48.484848 0.59990144152575597 0.00011402632249821513
42 17 127.272727 51.515152 0.58661268524710175 0.00011803559497204653
42 18 127.272727 54.545455 0.57315513547948183 0.00012157903487785756
42 19 127.272727 57.575758 0.55960562102296318 0.00012464265787718361
42 20 127.272727 60.606061 0.54603868740383354 0.00012721437324968263
42 21 127.272727 63.636364 0.53252597036286009 0.0001292840316096844
42 22 127.272727 66.666667 0.51913562780035727 0.00013084346496117886
42 23 127.272727 69.696970 0.50593183691991817 0.000131886518933165
42 24 127.272727 72.727273 0.49297436224359686 0.00013240907706814142
42 25 127.272727 75.757576 0.4803181990216972 0.00013240907706788362
42 26 127.272727 78.787879 0.46801329534840452 0.00013188651893239242
42 27 127.272727 81.818182 0.45610435503947888 0.0001308434649598946
42 28 127.272727 84.848485 0.44463072204995457 0.00012928403160789351
42 29 127.272727 87.878788 0.4336263459284726 0.00012721437324739225
42 30 127.272727 90.909091 0.42311982654063618 0.00012464265787440274
42 31 127.272727 93.939394 0.41313453506658265 0.00012157903487459713
42 32 127.272727 96.969697 0.40368880710700178 0.00011803559496831948
42 33 127.272727 100.000000 0.39479620263550314 0.00011402632249403615
42 34 127.272727 103.030303 0.38646582653061068 0.00010956704021854075
42 35 127.272727 106.060606 0.37870270252345367 0.00010467534689172244
42 36 127.272727 109.090909 0.37150819262128937 9.9370547792339964e-05
42 37 127.272727 112.121212 0.36488045342435099 9.3673578538906461e-05
42 38 127.272727 115.151515 0.35881492025398976 8.7606922466367576e-05
42 39 127.272727 118.181818 0.35330480966121708 8.1194521894650064e-05
42 40 127.272727 121.212121 0.34834163069172125 7.4461683639263381e-05
42 41 127.272727 124.242424 0.34391569524886872 6.743497913686026e-05
42 42 127.272727 127.272727 0.34001661802026495 6.0142139579915844e-05
42 43 127.272727 130.303030 0.3366337967137325 5.2611946474379836e-05
42 44 127.272727 133.333333 0.3337568637801987 4.4874118052221838e-05
42 45 127.272727 136.363636 0.3313761013766951 3.6959191987146568e-05
42 46 127.272727 139.393939 0.32948281203284657 2.8898404876347123e-05
42 47 127.272727 142.424242 0.3280696383172047 2.0723568963926454e-05
42 48 127.272727 145.454545 0.3271308257418431 1.2466946592503626e-05
42 49 127.272727 148.484848 0.32666242417940655 4.1611228784867162e-06
42 50 127.272727 151.515152 0.3266624241794065 -4.1611228864949782e-06
42 51 127.272727 154.545455 0.32713082574184288 -1.2466946600479519e-05
42 52 127.272727 157.575758 0.32806963831720465 -2.0723568971837694e-05
42 53 127.272727 160.606061 0.32948281203284641 -2.8898404884161717e-05
42 54 127.272727 163.636364 0.33137610137669454 -3.6959191994832938e-05
42 55 127.272727 166.666667 0.33375686378019814 -4.487411805974883e-05
42 56 127.272727 169.696970 0.33663379671373178 -5.261194648171695e-05
42 57 127.272727 172.727273 0.34001661802026445 -6.0142139587033373e-05
42 58 127.272727 175.757576 0.34391569524886784 -6.7434979143729358e-05
42 59 127.272727 178.787879 0.34834163069172042 -7.4461683645856116e-05
42 60 127.272727 181.818182 0.35330480966121613 -8.1194521900939656e-05
42 61 127.272727 184.848485 0.35881492025398842 -8.7606922472328424e-05
42 62 127.272727 187.878788 0.3648804534243496 -9.3673578544514307e-05
42 63 127.272727 190.909091 0.37150819262128792 -9.9370547797571809e-05
42 64 127.272727 193.939394 0.37870270252345217 -0.00010467534689655689
42 65 127.272727 196.969697 0.38646582653060879 -0.00010956704022295801
42 66 127.272727 200.000000 0.39479620263550108 -0.00011402632249801799
42 67 127.272727 203.030303 0.40368880710699973 -0.00011803559497184933
42 68 127.272727 206.060606 0.41313453506658043 -0.00012157903487766034
42 69 127.272727 209.090909 0.42311982654063379 -0.00012464265787698645
42 70 127.272727 212.121212 0.43362634592846983 -0.00012721437324948547
42 71 127.272727 215.151515 0.4446307220499518 -0.00012928403160948718
42 72 127.272727 218.181818 0.45610435503947583 -0.00013084346496098167
42 73 127.272727 221.212121 0.46801329534840153 -0.00013188651893296781
42 74 127.272727 224.242424 0.4803181990216937 -0.00013240907706794431
42 75 127.272727 227.272727 0.49297436224359337 -0.00013240907706768643
42 76 127.272727 230.303030 0.50593183691991483 -0.00013188651893219523
42 77 127.272727 233.333333 0.51913562780035372 -0.00013084346495969741
42 78 127.272727 236.363636 0.53252597036285676 -0.00012928403160769635
42 79 127.272727 239.393939 0.54603868740382988 -0.00012721437324719509
42 80 127.272727 242.424242 0.55960562102295974 -0.00012464265787420553
42 81 127.272727 245.454545 0.57315513547947794 -0.00012157903487439999
42 82 127.272727 248.484848 0.58661268524709842 -0.00011803559496812233
42 83 127.272727 251.515152 0.59990144152575242 -0.00011402632249383899
42 84 127.272727 254.545455 0.61294296949678284 -0.00010956704021834359
42 85 127.272727 257.575758 0.62565794774982653 -0.00010467534689152524
42 86 127.272727 260.606061 0.63796692057807347 -9.9370547792142788e-05
42 87 127.272727 263.636364 0.6497910732457145 -9.3673578538709326e-05
42 88 127.272727 266.666667 0.66105301988677878 -8.7606922466170386e-05
42 89 127.272727 269.696970 0.67167759340563449 -8.1194521894452875e-05
42 90 127.272727 272.727273 0.68159262662101672 -7.4461683639066178e-05
42 91 127.272727 275.757576 0.69072971393000737 -6.7434979136663098e-05
42 92 127.272727 278.787879 0.69902494296576645 -6.0142139579718661e-05
42 93 127.272727 281.818182 0.70641958608033883 -5.2611946474182667e-05
42 94 127.272727 284.848485 0.71286074199633775 -4.4874118052024649e-05
42 95 127.272727 287.878788 0.71830191863113468 -3.6959191986949406e-05
42 96 127.272727 290.909091 0.72270354889447486 -2.8898404876149951e-05
42 97 127.272727 293.939394 0.72603343218309524 -2.0723568963729291e-05
42 98 127.272727 296.969697 0.72826709532997058 -1.2466946592306455e-05
42 99 127.272727 300.000000 0.72938806789543609 -4.1611228782895362e-06
43 0 130.303030 0.000000 0.7320397455287021 3.6401228184002642e-06
43 1 130.303030 3.030303 0.73089450261773536 1.0906002544711461e-05
43 2 130.303030 6.060606 0.72861254058287561 1.8128841261459068e-05
43 3 130.303030 9.090909 0.72521081021273048 2.5280133724029227e-05
43 4 130.303030 12.121212 0.72071449710417745 3.2331657048186949e-05
43 5 130.303030 15.151515 0.71515673679587266 3.9255582092906282e-05
43 6 130.303030 18.181818 0.70857824127775615 4.6024583289276246e-05
43 7 130.303030 21.212121 0.70102684217837274 5.2611946482037264e-05
43 8 130.303030 24.242424 0.69255695710317033 5.8991674358147399e-05
43 9 130.303030 27.272727 0.68322898666904397 6.5138589046300152e-05
43 10 130.303030 30.303030 0.67310865073696857 7.1028431482479573e-05
43 11 130.303030 33.333333 0.66226627317101605 7.6637957149403062e-05
43 12 130.303030 36.363636 0.65077602513590183 8.1945027812011851e-05
43 13 130.303030 39.393939 0.63871513747616693 8.6928698886970518e-05
43 14 130.303030 42.424242 0.62616309309025031 9.1569302101368962e-05
43 15 130.303030 45.454545 0.61320081041673413 9.5848523114409911e-05
43 16 130.303030 48.484848 0.59990982918511582 9.9749473795744944e-05
43 17 130.303030 51.515152 0.58637150944946048 0.00010325675887520977
43 18 130.303030 54.545455 0.57266625462272136 0.00010635653670092186
43 19 130.303030 57.575758 0.55887276876747238 0.00010903657386595683
43 20 130.303030 60.606061 0.54506735778290394 0.00011128629348801684
43 21 130.303030 63.636364 0.53132328336818091 0.00011309681695155288
43 22 130.303030 66.666667 0.51771017775093631 0.0001144609989476036
43 23 130.303030 69.696970 0.50429352616101342 0.0001153734556730663
43 24 130.303030 72.727273 0.49113422291973757 0.0001158305860781073
43 25 130.303030 75.757576 0.47828820582160525 0.00011583058607786099
43 26 130.303030 78.787879 0.4658061722273148 0.00011537345567232822
43 27 130.303030 81.818182 0.45373337898444849 0.00011446099894637667
43 28 130.303030 84.848485 0.44210952696541661 0.00011309681694984179
43 29 130.303030 87.878788 0.43096872968249633 0.00011128629348582862
43 30 130.303030 90.909091 0.42033956412782864 0.00010903657386329994
43 31 130.303030 93.939394 0.4102452007127535 0.00010635653669780677
43 32 130.303030 96.969697 0.40070360796582977 0.00010325675887164887
43 33 130.303030 100.000000 0.3917278265113826 9.9749473791752301e-05
43 34 130.303030 103.030303 0.38332630580814125 9.5848523110001206e-05
43 35 130.303030 106.060606 0.37550329619681694 9.1569302096561624e-05
43 36 130.303030 109.090909 0.36825928800066293 8.6928698881783546e-05
43 37 130.303030 112.121212 0.36159148875668234 8.1945027806465669e-05
43 38 130.303030 115.151515 0.35549432913732243 7.6637957143519598e-05
43 39 130.303030 118.181818 0.34995998776113207 7.1028431476281975e-05
43 40 130.303030 121.212121 0.34497892489124871 6.5138589039812978e-05
43 41 130.303030 124.242424 0.34054041498549958 5.8991674351396174e-05
43 42 130.303030 127.272727 0.33663306819150451 5.2611946475048626e-05
43 43 130.303030 130.303030 0.33324533117193705 4.6024583282077848e-05
43 44 130.303030 133.333333 0.33036595809399361 3.925558208552647e-05
43 45 130.303030 136.363636 0.32798444321559045 3.2331657040654867e-05
43 46 130.303030 139.393939 0.32609140723883906 2.5280133716374641e-05
43 47 130.303030 142.424242 0.32467893046690682 1.8128841253712152e-05
43 48 130.303030 145.454545 0.32374082677910387 1.0906002536902766e-05
43 49 130.303030 148.484848 0.3232728535151223 3.6401228105606414e-06
43 50 130.303030 151.515152 0.32327285351512203 -3.6401228174990635e-06
43 51 130.303030 154.545455 0.32374082677910337 -1.0906002543810264e-05
43 52 130.303030 157.575758 0.32467893046690643 -1.8128841260557872e-05
43 53 130.303030 160.606061 0.32609140723883884 -2.5280133723128028e-05
43 54 130.303030 163.636364 0.32798444321558984 -3.2331657047285733e-05
43 55 130.303030 166.666667 0.33036595809399311 -3.9255582092005093e-05
43 56 130.303030 169.696970 0.33324533117193633 -4.6024583288375057e-05
43 57 130.303030 172.727273 0.33663306819150385 -5.2611946481136035e-05
43 58 130.303030 175.757576 0.34054041498549864 -5.8991674357246217e-05
43 59 130.303030 178.787879 0.34497892489124765 -6.5138589045398977e-05
43 60 130.303030 181.818182 0.34995998776113113 -7.1028431481578357e-05
43 61 130.303030 184.848485 0.35549432913732099 -7.66379571485019e-05
43 62 130.303030 187.878788 0.36159148875668085 -8.1945027811110662e-05
43 63 130.303030 190.909091 0.36825928800066143 -8.6928698886069302e-05
43 64 130.303030 193.939394 0.37550329619681522 -9.1569302100467774e-05
43 65 130.303030 196.969697 0.38332630580813953 -9.5848523113508695e-05
43 66 130.303030 200.000000 0.39172782651138049 -9.9749473794843741e-05
43 67 130.303030 203.030303 0.40070360796582782 -0.00010325675887430861
43 68 130.303030 206.060606 0.41024520071275128 -0.0001063565367000206
43 69 130.303030 209.090909 0.42033956412782636 -0.00010903657386505562
43 70 130.303030 212.121212 0.43096872968249345 -0.00011128629348711565
43 71 130.303030 215.151515 0.44210952696541389 -0.00011309681695065165
43 72 130.303030 218.181818 0.45373337898444571 -0.00011446099894670239
43 73 130.303030 221.212121 0.46580617222731174 -0.00011537345567216512
43 74 130.303030 224.242424 0.47828820582160192 -0.00011583058607720614
43 75 130.303030 227.272727 0.49113422291973419 -0.00011583058607695973
43 76 130.303030 230.303030 0.50429352616100986 -0.00011537345567142705
43 77 130.303030 233.333333 0.51771017775093264 -0.00011446099894547545
43 78 130.303030 236.363636 0.53132328336817725 -0.00011309681694894064
43 79 130.303030 239.393939 0.54506735778290005 -0.00011128629348492741
43 80 130.303030 242.424242 0.55887276876746894 -0.00010903657386239874
43 81 130.303030 245.454545 0.57266625462271759 -0.0001063565366969056
43 82 130.303030 248.484848 0.58637150944945693 -0.00010325675887074768
43 83 130.303030 251.515152 0.59990982918511226 -9.9749473790851058e-05
43 84 130.303030 254.545455 0.61320081041673047 -9.5848523109099977e-05
43 85 130.303030 257.575758 0.62616309309024676 -9.1569302095660408e-05
43 86 130.303030 260.606061 0.63871513747616382 -8.6928698880882343e-05
43 87 130.303030 263.636364 0.65077602513589838 -8.194502780556448e-05
43 88 130.303030 266.666667 0.66226627317101261 -7.6637957142618369e-05
43 89 130.303030 269.696970 0.67310865073696602 -7.1028431475380759e-05
43 90 130.303030 272.727273 0.6832289866690413 -6.5138589038911762e-05
43 91 130.303030 275.757576 0.69255695710316767 -5.8991674350494965e-05
43 92 130.303030 278.787879 0.70102684217837075 -5.261194647414743e-05
43 93 130.303030 281.818182 0.70857824127775426 -4.6024583281176639e-05
43 94 130.303030 284.848485 0.715156736795871 -3.9255582084625281e-05
43 95 130.303030 287.878788 0.72071449710417579 -3.2331657039753672e-05
43 96 130.303030 290.909091 0.7252108102127296 -2.5280133715473439e-05
43 97 130.303030 293.939394 0.72861254058287472 -1.8128841252810963e-05
43 98 130.303030 296.969697 0.73089450261773459 -1.0906002536001572e-05
43 99 130.303030 300.000000 0.73203974552870199 -3.6401228096594399e-06
44 0 133.333333 0.000000 0.73433753168939875 3.1047568483697914e-06
44 1 133.333333 3.030303 0.73317121841954069 9.3020174791930147e-06
44 2 133.333333 6.060606 0.7308473272573075 1.5462567296716546e-05
44 3 133.333333 9.090909 0.72738322931157129 2.1562093425298118e-05
44 4 133.333333 12.121212 0.72280473355145713 2.7576523821916668e-05
44 5 133.333333 15.151515 0.71714579353045338 3.3482122277528586e-05
44 6 133.333333 18.181818 0.71044812288199333 3.9255582093040885e-05
44 7 133.333333 21.212121 0.70276072505459297 4.4874118060204636e-05
44 8 133.333333 24.242424 0.69413934396258981 5.0315556384422348e-05
44 9 133.333333 27.272727 0.6846458433341418 5.5558422194585078e-05
44 10 133.333333 30.303030 0.6743475235245 6.058202429457757e-05
44 11 133.333333 33.333333 0.66331638541469018 6.5366536821976747e-05
44 12 133.333333 36.363636 0.65162835172067901 6.989307749167279e-05
44 13 133.333333 39.393939 0.63936245658530688 7.4143782115622102e-05
44 14 133.333333 42.424242 0.62660001470652305 7.8101875104636192e-05
44 15 133.333333 45.454545 0.6134237814653144 8.1751735673968085e-05
44 16 133.333333 48.484848 0.59991711555222582 8.5078959491413338e-05
44 17 133.333333 51.515152 0.58616315545244657 8.807041552462842e-05
44 18 133.333333 54.545455 0.57224402083862624 9.0714297863316585e-05
44 19 133.333333 57.575758 0.55824004944318861 9.3000172311761875e-05
44 20 133.333333 60.606061 0.54422907934576659 9.4919017567833029e-05
44 21 133.333333 63.636364 0.5302857858268254 9.6463260825941358e-05
44 22 133.333333 66.666667 0.5164810810182382 9.7626807663444686e-05
44 23 133.333333 69.696970 0.50288158354024437 9.8405066092549433e-05
44 24 133.333333 72.727273 0.48954916416850958 9.8794964682788326e-05
44 25 133.333333 75.757576 0.47654057234313552 9.8794964682553501e-05
44 26 133.333333 78.787879 0.46390714703299646 9.8405066091845745e-05
44 27 133.333333 81.818182 0.45169461412428458 9.7626807662274995e-05
44 28 133.333333 84.848485 0.43994297113287484 9.646326082431019e-05
44 29 133.333333 87.878788 0.42868645866771049 9.4919017565746916e-05
44 30 133.333333 90.909091 0.41795361671844056 9.3000172309229057e-05
44 31 133.333333 93.939394 0.40776742252637649 9.0714297860346955e-05
44 32 133.333333 96.969697 0.39814550554402323 8.8070415521233797e-05
44 33 133.333333 100.000000 0.38910043381472376 8.507895948760707e-05
44 34 133.333333 103.030303 0.38064006502857117 8.1751735669765215e-05
44 35 133.333333 106.060606 0.3727679545505509 7.8101875100053256e-05
44 36 133.333333 109.090909 0.36548381188670359 7.4143782110677286e-05
44 37 133.333333 112.121212 0.35878399636681912 6.989307748638557e-05
44 38 133.333333 115.151515 0.35266204228829556 6.5366536816367953e-05
44 39 133.333333 118.181818 0.34710920339342144 6.0582024288669353e-05
44 40 133.333333 121.212121 0.34211500634696845 5.5558422188400748e-05
44 41 133.333333 124.242424 0.33766780284545644 5.0315556377986321e-05
44 42 133.333333 127.272727 0.33375531012393256 4.4874118053542315e-05
44 43 133.333333 130.303030 0.33036512992799932 3.9255582086178577e-05
44 44 133.333333 133.333333 0.32748523648291245 3.3482122270493334e-05
44 45 133.333333 136.363636 0.32510442461006134 2.7576523814736254e-05
44 46 133.333333 139.393939 0.32321270990372369 2.1562093418000916e-05
44 47 133.333333 142.424242 0.32180167377516461 1.546256728933131e-05
44 48 133.333333 145.454545 0.32086474718221325 9.3020174717488927e-06
44 49 133.333333 148.484848 0.32039742797395104 3.1047568408961842e-06
44 50 133.333333 151.515152 0.32039742797395104 -3.1047568467759142e-06
44 51 133.333333 154.545455 0.32086474718221308 -9.3020174775991376e-06
44 52 133.333333 157.575758 0.32180167377516433 -1.546256729512267e-05
44 53 133.333333 160.606061 0.32321270990372342 -2.1562093423704246e-05
44 54 133.333333 163.636364 0.32510442461006089 -2.7576523820322806e-05
44 55 133.333333 166.666667 0.32748523648291211 -3.3482122275934714e-05
44 56 133.333333 169.696970 0.33036512992799871 -3.9255582091447013e-05
44 57 133.333333 172.727273 0.33375531012393206 -4.487411805861077e-05
44 58 133.333333 175.757576 0.3376678028454555 -5.0315556382828476e-05
44 59 133.333333 178.787879 0.34211500634696757 -5.5558422192991192e-05
44 60 133.333333 181.818182 0.34710920339342044 -6.0582024292983698e-05
44 61 133.333333 184.848485 0.35266204228829406 -6.5366536820382875e-05
44 62 133.333333 187.878788 0.35878399636681763 -6.9893077490078905e-05
44 63 133.333333 190.909091 0.36548381188670215 -7.414378211402823e-05
44 64 133.333333 193.939394 0.37276795455054917 -7.810187510304232e-05
44 65 133.333333 196.969697 0.38064006502856934 -8.1751735672374185e-05
44 66 133.333333 200.000000 0.38910043381472176 -8.5078959489819466e-05
44 67 133.333333 203.030303 0.39814550554402123 -8.8070415523034548e-05
44 68 133.333333 206.060606 0.4077674225263741 -9.0714297861722658e-05
44 69 133.333333 209.090909 0.41795361671843823 -9.3000172310168017e-05
44 70 133.333333 212.121212 0.42868645866770755 -9.491901756623913e-05
44 71 133.333333 215.151515 0.43994297113287184 -9.6463260824347473e-05
44 72 133.333333 218.181818 0.45169461412428152 -9.7626807661850841e-05
44 73 133.333333 221.212121 0.46390714703299341 -9.840506609095552e-05
44 74 133.333333 224.242424 0.47654057234313224 -9.879496468119444e-05
44 75 133.333333 227.272727 0.48954916416850613 -9.8794964680959602e-05
44 76 133.333333 230.303030 0.50288158354024104 -9.84050660902519e-05
44 77 133.333333 233.333333 0.51648108101823442 -9.7626807660681109e-05
44 78 133.333333 236.363636 0.53028578582682184 -9.6463260822716345e-05
44 79 133.333333 239.393939 0.5442290793457627 -9.4919017564153044e-05
44 80 133.333333 242.424242 0.55824004944318495 -9.3000172307635131e-05
44 81 133.333333 245.454545 0.57224402083862258 -9.0714297858753124e-05
44 82 133.333333 248.484848 0.58616315545244291 -8.8070415519639925e-05
44 83 133.333333 251.515152 0.59991711555222182 -8.5078959486013171e-05
44 84 133.333333 254.545455 0.61342378146531051 -8.1751735668171343e-05
44 85 133.333333 257.575758 0.62660001470651971 -7.8101875098459398e-05
44 86 133.333333 260.606061 0.63936245658530355 -7.4143782109083414e-05
44 87 133.333333 263.636364 0.65162835172067557 -6.9893077484791685e-05
44 88 133.333333 266.666667 0.66331638541468674 -6.5366536814774067e-05
44 89 133.333333 269.696970 0.67434752352449745 -6.0582024287075481e-05
44 90 133.333333 272.727273 0.68464584333413903 -5.5558422186806862e-05
44 91 133.333333 275.757576 0.69413934396258736 -5.0315556376392435e-05
44 92 133.333333 278.787879 0.70276072505459086 -4.4874118051948443e-05
44 93 133.333333 281.818182 0.71044812288199122 -3.9255582084584671e-05
44 94 133.333333 284.848485 0.71714579353045182 -3.3482122268899448e-05
44 95 133.333333 287.878788 0.72280473355145558 -2.7576523813142385e-05
44 96 133.333333 290.909091 0.72738322931157029 -2.1562093416407037e-05
44 97 133.333333 293.939394 0.73084732725730672 -1.5462567287737441e-05
44 98 133.333333 296.969697 0.73317121841953992 -9.3020174701550207e-06
44 99 133.333333 300.000000 0.73433753168939842 -3.104756839302307e-06
45 0 136.363636 0.000000 0.73627007908307729 2.5571378214990014e-06
45 1 136.363636 3.030303 0.73508601669329177 7.6613216003838866e-06
45 2 136.363636 6.060606 0.73272680671916812 1.2735269643041425e-05
45 3 136.363636 9.090909 0.72921017669239463 1.7758957394613636e-05
45 4 136.363636 12.121212 0.72456246417034553 2.2712558654649673e-05
45 5 136.363636 15.151515 0.71881831630750415 2.7576523822061324e-05
45 6 136.363636 18.181818 0.7120202959832227 3.2331657048467127e-05
45 7 136.363636 21.212121 0.70421840009543779 3.6959191995436195e-05
45 8 136.363636 24.242424 0.6954694968691274 4.1440865896652431e-05
45 9 136.363636 27.272727 0.6858366901624009 4.5758991632709829e-05
45 10 136.363636 30.303030 0.67538861976484998 4.9896527534092112e-05
45 11 136.363636 33.333333 0.6641987075567336 5.3837144636856921e-05
45 12 136.363636 36.363636 0.65234436012048203 5.7565291125596336e-05
45 13 136.363636 39.393939 0.63990613895701953 6.1066253709347423e-05
45 14 136.363636 42.424242 0.62696690985012582 6.4326215688229762e-05
45 15 136.363636 45.454545 0.61361098313684403 6.7332311481647629e-05
45 16 136.363636 48.484848 0.59992325667783708 7.0072677402859029e-05
45 17 136.363636 51.515152 0.58598837317844299 7.2536498479526968e-05
45 18 136.363636 54.545455 0.57188990319166011 7.4714051135474683e-05
45 19 136.363636 57.575758 0.55770956464380383 7.6596741565198282e-05
45 20 136.363636 60.606061 0.54352648907017875 7.8177139649691002e-05
45 21 136.363636 63.636364 0.52941654394243221 7.9449008279728714e-05
45 22 136.363636 66.666667 0.51545171952425928 8.0407327970890156e-05
45 23 136.363636 69.696970 0.50169958762297162 8.1048316673168821e-05
45 24 136.363636 72.727273 0.48822283842817255 8.1369444696996742e-05
45 25 136.363636 75.757576 0.47507890036413497 8.1369444696773383e-05
45 26 136.363636 78.787879 0.46231964654950297 8.1048316672499543e-05
45 27 136.363636 81.818182 0.44999119007779342 8.0407327969777534e-05
45 28 136.363636 84.848485 0.43813376892662254 7.9449008278177221e-05
45 29 136.363636 87.878788 0.42678171989488001 7.8177139647706763e-05
45 30 136.363636 90.909091 0.41596353957733884 7.6596741562789023e-05
45 31 136.363636 93.939394 0.40570202903736768 7.4714051132650024e-05
45 32 136.363636 96.969697 0.39601451755159217 7.2536498476298024e-05
45 33 136.363636 100.000000 0.3869131595957882 7.0072677399238539e-05
45 34 136.363636 103.030303 0.37840529813772322 6.7332311477649877e-05
45 35 136.363636 106.060606 0.37049388631736863 6.4326215683870551e-05
45 36 136.363636 109.090909 0.36317795874313075 6.1066253704643951e-05
45 37 136.363636 112.121212 0.35645314292768615 5.7565291120567149e-05
45 38 136.363636 115.151515 0.35031220083945164 5.3837144631521867e-05
45 39 136.363636 118.181818 0.34474559016399103 4.9896527528472278e-05
45 40 136.363636 121.212121 0.33974203465936809 4.5758991626827341e-05
45 41 136.363636 124.242424 0.33528909295358317 4.1440865890530538e-05
45 42 136.363636 127.272727 0.3313737152708624 3.6959191989099047e-05
45 43 136.363636 130.303030 0.32798277788408509 3.2331657041939742e-05
45 44 136.363636 133.333333 0.32510358556768876 2.7576523815369438e-05
45 45 136.363636 136.363636 0.32272433296093134 2.2712558647819721e-05
45 46 136.363636 139.393939 0.32083451653488571 1.775895738767258e-05
45 47 136.363636 142.424242 0.31942528977511425 1.2735269636016647e-05
45 48 136.363636 145.454545 0.31848975523056849 7.6613215933030909e-06
45 49 136.363636 148.484848 0.31802318822094983 2.5571378143901631e-06
45 50 136.363636 151.515152 0.31802318822094972 -2.5571378192265323e-06
45 51 136.363636 154.545455 0.31848975523056816 -7.6613215981114192e-06
45 52 136.363636 157.575758 0.31942528977511392 -1.2735269640768964e-05
45 53 136.363636 160.606061 0.32083451653488548 -1.7758957392341161e-05
45 54 136.363636 163.636364 0.32272433296093078 -2.2712558652377215e-05
45 55 136.363636 166.666667 0.32510358556768826 -2.757652381978886e-05
45 56 136.363636 169.696970 0.32798277788408442 -3.2331657046194659e-05
45 57 136.363636 172.727273 0.33137371527086185 -3.6959191993163714e-05
45 58 136.363636 175.757576 0.33528909295358217 -4.1440865894379977e-05
45 59 136.363636 178.787879 0.33974203465936692 -4.5758991630437382e-05
45 60 136.363636 181.818182 0.34474559016399015 -4.9896527531819651e-05
45 61 136.363636 184.848485 0.35031220083945036 -5.3837144634584453e-05
45 62 136.363636 187.878788 0.35645314292768454 -5.7565291123323889e-05
45 63 136.363636 190.909091 0.36317795874312953 -6.1066253707074949e-05
45 64 136.363636 193.939394 0.37049388631736702 -6.4326215685957274e-05
45 65 136.363636 196.969697 0.37840529813772106 -6.7332311479375196e-05
45 66 136.363636 200.000000 0.38691315959578615 -7.0072677400586581e-05
45 67 136.363636 203.030303 0.39601451755159017 -7.2536498477254507e-05
45 68 136.363636 206.060606 0.40570202903736546 -7.4714051133202181e-05
45 69 136.363636 209.090909 0.41596353957733634 -7.6596741562925795e-05
45 70 136.363636 212.121212 0.42678171989487707 -7.8177139647418568e-05
45 71 136.363636 215.151515 0.43813376892661954 -7.944900827745628e-05
45 72 136.363636 218.181818 0.44999119007779026 -8.0407327968617682e-05
45 73 136.363636 221.212121 0.46231964654949981 -8.1048316670896334e-05
45 74 136.363636 224.242424 0.47507890036413175 -8.1369444694724322e-05
45 75 136.363636 227.272727 0.48822283842816916 -8.1369444694500908e-05
45 76 136.363636 230.303030 0.50169958762296818 -8.1048316670227056e-05
45 77 136.363636 233.333333 0.51545171952425561 -8.0407327967505101e-05
45 78 136.363636 236.363636 0.52941654394242843 -7.9449008275904773e-05
45 79 136.363636 239.393939 0.54352648907017476 -7.8177139645434302e-05
45 80 136.363636 242.424242 0.55770956464380006 -7.6596741560516508e-05
45 81 136.363636 245.454545 0.57188990319165633 -7.4714051130377537e-05
45 82 136.363636 248.484848 0.58598837317843933 -7.2536498474025564e-05
45 83 136.363636 251.515152 0.59992325667783319 -7.0072677396966092e-05
45 84 136.363636 254.545455 0.61361098313684015 -6.733231147537743e-05
45 85 136.363636 257.575758 0.62696690985012249 -6.4326215681598077e-05
45 86 136.363636 260.606061 0.6399061389570162 -6.1066253702371449e-05
45 87 136.363636 263.636364 0.65234436012047847 -5.7565291118294702e-05
45 88 136.363636 266.666667 0.66419870755673038 -5.3837144629249406e-05
45 89 136.363636 269.696970 0.67538861976484721 -4.9896527526199791e-05
45 90 136.363636 272.727273 0.68583669016239779 -4.5758991624554867e-05
45 91 136.363636 275.757576 0.69546949686912474 -4.1440865888258064e-05
45 92 136.363636 278.787879 0.70421840009543557 -3.6959191986826579e-05
45 93 136.363636 281.818182 0.71202029598322036 -3.2331657039667281e-05
45 94 136.363636 284.848485 0.71881831630750226 -2.7576523813096971e-05
45 95 136.363636 287.878788 0.72456246417034376 -2.271255864554727e-05
45 96 136.363636 290.909091 0.7292101766923933 -1.7758957385400116e-05
45 97 136.363636 293.939394 0.73272680671916701 -1.2735269633744188e-05
45 98 136.363636 296.969697 0.7350860166932911 -7.6613215910306269e-06
45 99 136.363636 300.000000 0.73627007908307707 -2.5571378121176961e-06
46 0 139.393939 0.000000 0.73782780398370962 1.9994269399036163e-06
46 1 139.393939 3.030303 0.73662941647278835 5.9903899853550837e-06
46 2 139.393939 6.060606 0.73424170185658644 9.9577116982889893e-06
46 3 139.393939 9.090909 0.73068267688794519 1.3885734872401291e-05
46 4 139.393939 12.121212 0.72597910803784826 1.7758957394766854e-05
46 5 139.393939 15.151515 0.72016620524852692 2.1562093425596918e-05
46 6 139.393939 18.181818 0.71328722044111781 2.5280133724465422e-05
46 7 139.393939 21.212121 0.70539295650270439 2.8898404884923752e-05
46 8 139.393939 24.242424 0.69654119374214996 3.240262724373243e-05
46 9 139.393939 27.272727 0.68679604196142774 3.5778971236168193e-05
46 10 139.393939 30.303030 0.67622722732154616 3.9014111974997677e-05
46 11 139.393939 33.333333 0.66490932407387771 4.2095281837719933e-05
46 12 139.393939 36.363636 0.65292094196524375 4.5010320854539529e-05
46 13 139.393939 39.393939 0.64034388069735415 4.7747724698211558e-05
46 14 139.393939 42.424242 0.62726226321961731 5.0296690086366029e-05
46 15 139.393939 45.454545 0.61376165985315689 5.2647157417127333e-05
46 16 139.393939 48.484848 0.59992821528004237 5.4789850469767385e-05
46 17 139.393939 51.515152 0.58584779028516965 5.6716313013710766e-05
46 18 139.393939 54.545455 0.57160512981160316 5.841894218141349e-05
46 19 139.393939 57.575758 0.55728306838902364 5.9891018473407916e-05
46 20 139.393939 60.606061 0.54296178332749678 6.1126732277097301e-05
46 21 139.393939 63.636364 0.52871810524587637 6.2121206794642334e-05
46 22 139.393939 66.666667 0.51462489453907023 6.287051728945457e-05
46 23 139.393939 69.696970 0.50075049129655858 6.3371706575338251e-05
46 24 139.393939 72.727273 0.48715824498342203 6.3622796687153634e-05
46 25 139.393939 75.757576 0.47390612890377803 6.3622796686941673e-05
46 26 139.393939 78.787879 0.46104644310547671 6.3371706574703044e-05
46 27 139.393939 81.818182 0.4486256079757065 6.2870517288398612e-05
46 28 139.393939 84.848485 0.43668404934209065 6.2121206793169879e-05
46 29 139.393939 87.878788 0.42525617445558034 6.1126732275214096e-05
46 30 139.393939 90.909091 0.41437043681261665 5.9891018471121415e-05
46 31 139.393939 93.939394 0.40404948639696708 5.8418942178732651e-05
46 32 139.393939 96.969697 0.39431040060796957 5.6716313010646215e-05
46 33 139.393939 100.000000 0.38516498991222425 5.4789850466331331e-05
46 34 139.393939 103.030303 0.37662017112926349 5.2647157413333181e-05
46 35 139.393939 106.060606 0.36867840025600085 5.0296690082228863e-05
46 36 139.393939 109.090909 0.3613381558654023 4.7747724693747681e-05
46 37 139.393939 112.121212 0.35459446339527734 4.5010320849766492e-05
46 38 139.393939 115.151515 0.3484394500844083 4.2095281832656628e-05
46 39 139.393939 118.181818 0.3428629199238778 3.9014111969664039e-05
46 40 139.393939 121.212121 0.33785293777719411 3.5778971230585318e-05
46 41 139.393939 124.242424 0.33339641178662566 3.2402627237922347e-05
46 42 139.393939 127.272727 0.32947966332519835 2.8898404878909391e-05
46 43 139.393939 130.303030 0.32608897407135412 2.5280133718270501e-05
46 44 139.393939 133.333333 0.32321110027087441 2.1562093419245878e-05
46 45 139.393939 136.363636 0.32083374490011679 1.7758957388284761e-05
46 46 139.393939 139.393939 0.31894597924512935 1.388573486581377e-05
46 47 139.393939 142.424242 0.31753860634967812 9.9577116916220065e-06
46 48 139.393939 145.454545 0.3166044598462176 5.9903899786349411e-06
46 49 139.393939 148.484848 0.31613863285013161 1.9994269331568608e-06
46 50 139.393939 151.515152 0.3161386328501315 -1.9994269369693193e-06
46 51 139.393939 154.545455 0.31660445984621743 -5.9903899824207888e-06
46 52 139.393939 157.575758 0.3175386063496779 -9.9577116953546977e-06
46 53 139.393939 160.606061 0.31894597924512902 -1.3885734869466989e-05
46 54 139.393939 163.636364 0.32083374490011624 -1.7758957391832549e-05
46 55 139.393939 166.666667 0.32321110027087385 -2.1562093422662626e-05
46 56 139.393939 169.696970 0.32608897407135323 -2.5280133721531117e-05
46 57 139.393939 172.727273 0.32947966332519774 -2.889840488198946e-05
46 58 139.393939 175.757576 0.33339641178662482 -3.2402627240798166e-05
46 59 139.393939 178.787879 0.33785293777719289 -3.5778971233233874e-05
46 60 139.393939 181.818182 0.34286291992387691 -3.9014111972063365e-05
46 61 139.393939 184.848485 0.3484394500844068 -4.2095281834785689e-05
46 62 139.393939 187.878788 0.35459446339527584 -4.5010320851605217e-05
46 63 139.393939 190.909091 0.36133815586540091 -4.7747724695277273e-05
46 64 139.393939 193.939394 0.36867840025599907 -5.0296690083431731e-05
46 65 139.393939 196.969697 0.37662017112926161 -5.2647157414193021e-05
46 66 139.393939 200.000000 0.38516498991222237 -5.47898504668331e-05
46 67 139.393939 203.030303 0.39431040060796746 -5.6716313010776482e-05
46 68 139.393939 206.060606 0.40404948639696459 -5.8418942178479179e-05
46 69 139.393939 209.090909 0.41437043681261426 -5.9891018470473604e-05
46 70 139.393939 212.121212 0.4252561744555774 -6.1126732274162989e-05
46 71 139.393939 215.151515 0.43668404934208765 -6.2121206791708076e-05
46 72 139.393939 218.181818 0.44862560797570328 -6.2870517286520259e-05
46 73 139.393939 221.212121 0.46104644310547338 -6.3371706572403912e-05
46 74 139.393939 224.242424 0.47390612890377465 -6.3622796684219363e-05
46 75 139.393939 227.272727 0.48715824498341836 -6.3622796684007348e-05
46 76 139.393939 230.303030 0.50075049129655513 -6.3371706571768705e-05
46 77 139.393939 233.333333 0.51462489453906657 -6.28705172854643e-05
46 78 139.393939 236.363636 0.52871810524587259 -6.212120679023554e-05
46 79 139.393939 239.393939 0.54296178332749279 -6.1126732272279798e-05
46 80 139.393939 242.424242 0.55728306838901998 -5.9891018468187089e-05
46 81 139.393939 245.454545 0.5716051298115995 -5.8418942175798394e-05
46 82 139.393939 248.484848 0.58584779028516598 -5.671631300771193e-05
46 83 139.393939 251.515152 0.59992821528003837 -5.478985046339702e-05
46 84 139.393939 254.545455 0.61376165985315312 -5.264715741039891e-05
46 85 139.393939 257.575758 0.62726226321961387 -5.0296690079294537e-05
46 86 139.393939 260.606061 0.64034388069735071 -4.7747724690813383e-05
46 87 139.393939 263.636364 0.65292094196524031 -4.5010320846832207e-05
46 88 139.393939 266.666667 0.66490932407387426 -4.2095281829722343e-05
46 89 139.393939 269.696970 0.67622722732154328 -3.9014111966729741e-05
46 90 139.393939 272.727273 0.68679604196142496 -3.5778971227650992e-05
46 91 139.393939 275.757576 0.69654119374214707 -3.2402627234988049e-05
46 92 139.393939 278.787879 0.70539295650270217 -2.8898404875975079e-05
46 93 139.393939 281.818182 0.71328722044111548 -2.5280133715336203e-05
46 94 139.393939 284.848485 0.72016620524852548 -2.1562093416311587e-05
46 95 139.393939 287.878788 0.7259791080378466 -1.7758957385350463e-05
46 96 139.393939 290.909091 0.73068267688794408 -1.3885734862879475e-05
46 97 139.393939 293.939394 0.73424170185658544 -9.9577116886877217e-06
46 98 139.393939 296.969697 0.7366294164727879 -5.9903899757006462e-06
46 99 139.393939 300.000000 0.7378278039837094 -1.9994269302225646e-06
47 0 142.424242 0.000000 0.73900295491687862 1.4338252336394303e-06
47 1 142.424242 3.030303 0.73779374962948097 4.2958170378150866e-06
47 2 142.424242 6.060606 0.73538450987359538 7.140855214721651e-06
47 3 142.424242 9.090909 0.73179347172485942 9.9577116984491903e-06
47 4 142.424242 12.121212 0.72704772690187303 1.2735269643355772e-05
47 5 142.424242 15.151515 0.72118291209882801 1.5462567297178338e-05
47 6 142.424242 18.181818 0.7142428017038428 1.8128841262061051e-05
47 7 142.424242 21.212121 0.70627880971542123 2.0723568972769186e-05
47 8 142.424242 24.242424 0.69734940795332834 2.3236510224446967e-05
47 9 142.424242 27.272727 0.68751946883513415 2.5657747586027671e-05
47 10 142.424242 30.303030 0.67685954203773757 2.7977725539803211e-05
47 11 142.424242 33.333333 0.66544507526842789 3.0187288192687163e-05
47 12 142.424242 36.363636 0.65335559011867506 3.2277715410341823e-05
47 13 142.424242 39.393939 0.64067382455465116 3.4240757231564423e-05
47 14 142.424242 42.424242 0.62748485400273546 3.6068666427115025e-05
47 15 142.424242 45.454545 0.61387520321013544 3.7754229074491097e-05
47 16 142.424242 48.484848 0.5999319610971473 3.9290793027983842e-05
47 17 142.424242 51.515152 0.58574191066840187 4.0672294171658027e-05
47 18 142.424242 54.545455 0.57139068571839458 4.1893280351647496e-05
47 19 142.424242 57.575758 0.55696196555734123 4.2948932893315233e-05
47 20 142.424242 60.606061 0.54253671830527073 4.3835085618361267e-05
47 21 142.424242 63.636364 0.52819250246628857 4.4548241286824282e-05
47 22 142.424242 66.666667 0.51400283551456349 4.5085585399090794e-05
47 23 142.424242 69.696970 0.50003663711452662 4.5444997303438868e-05
47 24 142.424242 72.727273 0.48635775337771225 4.562505856528161e-05
47 25 142.424242 75.757576 0.4730245672470163 4.5625058565080856e-05
47 26 142.424242 78.787879 0.46008969871674266 4.5444997302837326e-05
47 27 142.424242 81.818182 0.44759979716552778 4.5085585398090862e-05
47 28 142.424242 84.848485 0.43559542662170214 4.4548241285429917e-05
47 29 142.424242 87.878788 0.42411104331991228 4.3835085616577931e-05
47 30 142.424242 90.909091 0.41317506346683303 4.2948932891150108e-05
47 31 142.424242 93.939394 0.40281001773530167 4.1893280349108945e-05
47 32 142.424242 96.969697 0.39303278767207167 4.0672294168756147e-05
47 33 142.424242 100.000000 0.3838549179556226 3.9290793024730083e-05
47 34 142.424242 103.030303 0.37528299729648484 3.7754229070898322e-05
47 35 142.424242 106.060606 0.36731909975129007 3.6068666423197328e-05
47 36 142.424242 109.090909 0.35996127733901417 3.4240757227337363e-05
47 37 142.424242 112.121212 0.3532040941173426 3.2277715405822069e-05
47 38 142.424242 115.151515 0.34703919130994221 3.0187288187892537e-05
47 39 142.424242 118.181818 0.34145587268027172 2.7977725534752577e-05
47 40 142.424242 121.212121 0.33644169913028094 2.5657747580741e-05
47 41 142.424242 124.242424 0.3319830814659368 2.3236510218945143e-05
47 42 142.424242 127.272727 0.32806586041613994 2.0723568967073933e-05
47 43 142.424242 130.303030 0.32467586331449588 1.8128841256194819e-05
47 44 142.424242 133.333333 0.32179942734903261 1.5462567291164269e-05
47 45 142.424242 136.363636 0.31942387994497923 1.2735269637217616e-05
47 46 142.424242 139.393939 0.31753796765918424 9.9577116922111924e-06
47 47 142.424242 142.424242 0.31613222591834805 7.1408552084084027e-06
47 48 142.424242 145.454545 0.31519928301128397 4.295817031451494e-06
47 49 142.424242 148.484848 0.31473409293042681 1.4338252272506403e-06
47 50 142.424242 151.515152 0.31473409293042681 -1.4338252300626753e-06
47 51 142.424242 154.545455 0.31519928301128369 -4.2958170342383358e-06
47 52 142.424242 157.575758 0.31613222591834783 -7.1408552111449019e-06
47 53 142.424242 160.606061 0.31753796765918402 -9.9577116948724446e-06
47 54 142.424242 163.636364 0.31942387994497867 -1.2735269639779017e-05
47 55 142.424242 166.666667 0.32179942734903222 -1.5462567293601569e-05
47 56 142.424242 169.696970 0.32467586331449511 -1.8128841258484281e-05
47 57 142.424242 172.727273 0.32806586041613933 -2.0723568969192444e-05
47 58 142.424242 175.757576 0.33198308146593603 -2.3236510220870218e-05
47 59 142.424242 178.787879 0.33644169913027994 -2.5657747582450909e-05
47 60 142.424242 181.818182 0.34145587268027089 -2.7977725536226442e-05
47 61 142.424242 184.848485 0.34703919130994093 -3.0187288189110435e-05
47 62 142.424242 187.878788 0.35320409411734122 -3.2277715406765068e-05
47 63 142.424242 190.909091 0.35996127733901284 -3.424075722798764e-05
47 64 142.424242 193.939394 0.3673190997512884 -3.6068666423538242e-05
47 65 142.424242 196.969697 0.37528299729648307 -3.7754229070914355e-05
47 66 142.424242 200.000000 0.38385491795562032 -3.9290793024407113e-05
47 67 142.424242 203.030303 0.39303278767206962 -4.0672294168081285e-05
47 68 142.424242 206.060606 0.40281001773529912 -4.189328034807074e-05
47 69 142.424242 209.090909 0.41317506346683058 -4.2948932889738504e-05
47 70 142.424242 212.121212 0.42411104331990918 -4.3835085614784511e-05
47 71 142.424242 215.151515 0.43559542662169903 -4.4548241283247526e-05
47 72 142.424242 218.181818 0.44759979716552456 -4.5085585395514011e-05
47 73 142.424242 221.212121 0.46008969871673955 -4.5444997299862085e-05
47 74 142.424242 224.242424 0.47302456724701281 -4.5625058561704854e-05
47 75 142.424242 227.272727 0.48635775337770865 -4.56250585615041e-05
47 76 142.424242 230.303030 0.50003663711452317 -4.5444997299260543e-05
47 77 142.424242 233.333333 0.51400283551455961 -4.5085585394514133e-05
47 78 142.424242 236.363636 0.52819250246628469 -4.4548241281853161e-05
47 79 142.424242 239.393939 0.54253671830526662 -4.3835085613001202e-05
47 80 142.424242 242.424242 0.55696196555733735 -4.2948932887573325e-05
47 81 142.424242 245.454545 0.5713906857183908 -4.1893280345532176e-05
47 82 142.424242 248.484848 0.5857419106683982 -4.0672294165179364e-05
47 83 142.424242 251.515152 0.59993196109714364 -3.92907930211533e-05
47 84 142.424242 254.545455 0.61387520321013145 -3.7754229067321553e-05
47 85 142.424242 257.575758 0.62748485400273202 -3.6068666419620545e-05
47 86 142.424242 260.606061 0.64067382455464772 -3.4240757223760567e-05
47 87 142.424242 263.636364 0.6533555901186715 -3.22777154022453e-05
47 88 142.424242 266.666667 0.66544507526842434 -3.0187288184315767e-05
47 89 142.424242 269.696970 0.67685954203773457 -2.7977725531175848e-05
47 90 142.424242 272.727273 0.68751946883513104 -2.5657747577164224e-05
47 91 142.424242 275.757576 0.69734940795332567 -2.3236510215368367e-05
47 92 142.424242 278.787879 0.70627880971541912 -2.0723568963497177e-05
47 93 142.424242 281.818182 0.71424280170384069 -1.8128841252618056e-05
47 94 142.424242 284.848485 0.72118291209882623 -1.5462567287587506e-05
47 95 142.424242 287.878788 0.72704772690187125 -1.2735269633640867e-05
47 96 142.424242 290.909091 0.73179347172485842 -9.9577116886344468e-06
47 97 142.424242 293.939394 0.73538450987359427 -7.140855204831657e-06
47 98 142.424242 296.969697 0.73779374962948041 -4.2958170278747467e-06
47 99 142.424242 300.000000 0.7390029549168784 -1.4338252236738904e-06
48 0 145.454545 0.000000 0.73978966854491612 8.625648742422229e-07
48 1 145.454545 3.030303 0.7385732160058508 2.58429046301109e-06
48 2 145.454545 6.060606 0.73614955593773546 4.2958170379807272e-06
48 3 145.454545 9.090909 0.73253707178664573 5.990389985681852e-06
48 4 145.454545 12.121212 0.72776307381273764 7.6613216008666513e-06
48 5 145.454545 15.151515 0.72186348544865198 9.3020174798259973e-06
48 6 145.454545 18.181818 0.71488243212264091 1.0906002545488309e-05
48 7 145.454545 21.212121 0.70687173841780238 1.2466946601590494e-05
48 8 145.454545 24.242424 0.69789034073566614 1.397868931507058e-05
48 9 145.454545 27.272727 0.68800362381919355 1.5435264528088091e-05
48 10 145.454545 30.303030 0.67728269054890589 1.683092380372308e-05
48 11 145.454545 33.333333 0.66580357534016166 1.8160159112430726e-05
48 12 145.454545 36.363636 0.65364641222574638 1.9417724569717424e-05
48 13 145.454545 39.393939 0.64089456929447708 2.059865713925025e-05
48 14 145.454545 42.424242 0.6276337615647255 2.1698296219694032e-05
48 15 145.454545 45.454545 0.61395115459567939 2.2712302037975531e-05
48 16 145.454545 48.484848 0.59993447117572629 2.3636672776385277e-05
48 17 145.454545 51.515152 0.58567111327637367 2.4467760365923417e-05
48 18 145.454545 54.545455 0.5712473111244637 2.5202284883562074e-05
48 19 145.454545 57.575758 0.55674731073069494 2.5837347496602311e-05
48 20 145.454545 60.606061 0.542252610527162 2.6370441903043001e-05
48 21 145.454545 63.636364 0.52784125692181405 2.6799464222809552e-05
48 22 145.454545 66.666667 0.51358720758708076 2.7122721300807605e-05
48 23 145.454545 69.696970 0.49955977017922887 2.7338937389032337e-05
48 24 145.454545 72.727273 0.48582312295223268 2.7447259181363217e-05
48 25 145.454545 75.757576 0.47243592240460791 2.7447259181173536e-05
48 26 145.454545 78.787879 0.4594510017008851 2.7338937388464012e-05
48 27 145.454545 81.818182 0.44691516216324889 2.7122721299862831e-05
48 28 145.454545 84.848485 0.43486905865622211 2.6799464221492124e-05
48 29 145.454545 87.878788 0.42334717821140649 2.6370441901358069e-05
48 30 145.454545 90.909091 0.41237790978340161 2.5837347494556571e-05
48 31 145.454545 93.939394 0.40198370161506641 2.5202284881163534e-05
48 32 145.454545 96.969697 0.39218130134241846 2.4467760363181646e-05
48 33 145.454545 100.000000 0.38298207270782952 2.3636672773310954e-05
48 34 145.454545 103.030303 0.37439238159447136 2.2712302034580908e-05
48 35 145.454545 106.060606 0.36641404306324904 2.1698296215992457e-05
48 36 145.454545 109.090909 0.35904482018172007 2.0598657135256402e-05
48 37 145.454545 112.121212 0.35227896469655462 1.9417724565446982e-05
48 38 145.454545 115.151515 0.34610778902824268 1.816015910790055e-05
48 39 145.454545 118.181818 0.34052025866772112 1.6830923798951073e-05
48 40 145.454545 121.212121 0.33550359383525724 1.5435264523093036e-05
48 41 145.454545 124.242424 0.33104386922537987 1.3978689309872264e-05
48 42 145.454545 127.272727 0.32712660080800654 1.2466946596209395e-05
48 43 145.454545 130.303030 0.32373730898243058 1.0906002539945691e-05
48 44 145.454545 133.333333 0.32086204788185274 9.3020174741437005e-06
48 45 145.454545 136.363636 0.3184878912932953 7.6613215950671048e-06
48 46 145.454545 139.393939 0.3166033664799191 5.9903899797879766e-06
48 47 145.454545 142.424242 0.31519882815653577 4.295817032015745e-06
48 48 145.454545 145.454545 0.31426676595863573 2.5842904569985486e-06
48 49 145.454545 148.484848 0.31380203994284384 8.6256486820587098e-07
48 50 145.454545 151.515152 0.31380203994284384 -8.6256487004492308e-07
48 51 145.454545 154.545455 0.31426676595863545 -2.5842904588137927e-06
48 52 145.454545 157.575758 0.31519882815653538 -4.2958170337834283e-06
48 53 145.454545 160.606061 0.31660336647991888 -5.9903899814845531e-06
48 54 145.454545 163.636364 0.31848789129329474 -7.6613215966693523e-06
48 55 145.454545 166.666667 0.3208620478818523 -9.3020174756286984e-06
48 56 145.454545 169.696970 0.32373730898243003 -1.0906002541291024e-05
48 57 145.454545 172.727273 0.3271266008080061 -1.2466946597393181e-05
48 58 145.454545 175.757576 0.33104386922537887 -1.3978689310873294e-05
48 59 145.454545 178.787879 0.33550359383525624 -1.5435264523890778e-05
48 60 145.454545 181.818182 0.34052025866772007 -1.6830923799525795e-05
48 61 145.454545 184.848485 0.34610778902824119 -1.8160159108233454e-05
48 62 145.454545 187.878788 0.35227896469655312 -1.9417724565520139e-05
48 63 145.454545 190.909091 0.35904482018171852 -2.0598657135052924e-05
48 64 145.454545 193.939394 0.36641404306324743 -2.1698296215496706e-05
48 65 145.454545 196.969697 0.37439238159446941 -2.2712302033778232e-05
48 66 145.454545 200.000000 0.38298207270782741 -2.3636672772187937e-05
48 67 145.454545 203.030303 0.39218130134241641 -2.4467760361726159e-05
48 68 145.454545 206.060606 0.40198370161506408 -2.5202284879364748e-05
48 69 145.454545 209.090909 0.41237790978339933 -2.5837347492404958e-05
48 70 145.454545 212.121212 0.42334717821140361 -2.6370441898845661e-05
48 71 145.454545 215.151515 0.43486905865621894 -2.6799464218612293e-05
48 72 145.454545 218.181818 0.44691516216324573 -2.7122721296610319e-05
48 73 145.454545 221.212121 0.45945100170088193 -2.7338937384835052e-05
48 74 145.454545 224.242424 0.4724359224046043 -2.7447259177165931e-05
48 75 145.454545 227.272727 0.48582312295222929 -2.7447259176976223e-05
48 76 145.454545 230.303030 0.49955977017922554 -2.73389373842667e-05
48 77 145.454545 233.333333 0.51358720758707699 -2.7122721295665586e-05
48 78 145.454545 236.363636 0.52784125692181039 -2.6799464217294852e-05
48 79 145.454545 239.393939 0.5422526105271579 -2.6370441897160797e-05
48 80 145.454545 242.424242 0.55674731073069106 -2.5837347490359245e-05
48 81 145.454545 245.454545 0.57124731112445981 -2.5202284876966221e-05
48 82 145.454545 248.484848 0.58567111327637 -2.4467760358984347e-05
48 83 145.454545 251.515152 0.59993447117572229 -2.3636672769113641e-05
48 84 145.454545 254.545455 0.61395115459567562 -2.2712302030383609e-05
48 85 145.454545 257.575758 0.62763376156472184 -2.1698296211795158e-05
48 86 145.454545 260.606061 0.64089456929447375 -2.0598657131059076e-05
48 87 145.454545 263.636364 0.65364641222574293 -1.9417724561249683e-05
48 88 145.454545 266.666667 0.66580357534015855 -1.8160159103703264e-05
48 89 145.454545 269.696970 0.67728269054890322 -1.683092379475376e-05
48 90 145.454545 272.727273 0.68800362381919067 -1.5435264518895778e-05
48 91 145.454545 275.757576 0.69789034073566336 -1.3978689305674979e-05
48 92 145.454545 278.787879 0.70687173841780016 -1.2466946592012103e-05
48 93 145.454545 281.818182 0.71488243212263847 -1.0906002535748386e-05
48 94 145.454545 284.848485 0.72186348544865042 -9.3020174699464016e-06
48 95 145.454545 287.878788 0.72776307381273597 -7.6613215908698194e-06
48 96 145.454545 290.909091 0.73253707178664484 -5.9903899755906742e-06
48 97 145.454545 293.939394 0.73614955593773468 -4.2958170278184596e-06
48 98 145.454545 296.969697 0.73857321600585035 -2.5842904528012513e-06
48 99 145.454545 300.000000 0.73978966854491601 -8.6256486400857666e-07
49 0 148.484848 0.000000 0.74018401213453233 2.8790036536650584e-07
49 1 148.484848 3.030303 0.7389639253106014 8.6256487441173452e-07
49 2 148.484848 6.060606 0.73653303394390568 1.4338252339755195e-06
49 3 148.484848 9.090909 0.73290979551413782 1.9994269404026979e-06
49 4 148.484848 12.121212 0.72812163006787767 2.5571378221568407e-06
49 5 148.484848 15.151515 0.72220460508165929 3.104756849181542e-06
49 6 148.484848 18.181818 0.71520302232674104 3.6401228193604616e-06
49 7 148.484848 21.212121 0.70716891263660209 4.1611228877947308e-06
49 8 148.484848 24.242424 0.69816144578159878 4.6657009052365842e-06
49 9 148.484848 27.272727 0.68824626384799537 5.1518655327709081e-06
49 10 148.484848 30.303030 0.67749474758254558 5.6176981007203082e-06
49 11 148.484848 33.333333 0.6659832260826859 6.0613601807577727e-06
49 12 148.484848 36.363636 0.65379214097230409 6.4811008413433402e-06
49 13 148.484848 39.393939 0.64100517679247238 6.8752635578508546e-06
49 14 148.484848 42.424242 0.62770836974671929 7.2422927501141176e-06
49 15 148.484848 45.454545 0.61398920716536287 7.5807399215910032e-06
49 16 148.484848 48.484848 0.59993573009005952 7.8892693759174785e-06
49 17 148.484848 51.515152 0.58563565122787986 8.1666634882909903e-06
49 18 148.484848 54.545455 0.57117550018671659 8.4118275108793165e-06
49 19 148.484848 57.575758 0.55663980738635921 8.6237938932901123e-06
49 20 148.484848 60.606061 0.5421103373506293 8.8017261010502024e-06
49 21 148.484848 63.636364 0.52766538123674278 8.9449219170250488e-06
49 22 148.484848 66.666667 0.51337911746223175 9.0528162127489532e-06
49 23 148.484848 69.696970 0.4993210481632383 9.1249831787289985e-06
49 24 148.484848 72.727273 0.48555551797880192 9.1611380049202247e-06
49 25 148.484848 75.757576 0.47214132032356448 9.1611380047414398e-06
49 26 148.484848 78.787879 0.45913139490730731 9.1249831781931587e-06
49 27 148.484848 81.818182 0.44657261880610233 9.0528162118583353e-06
49 28 148.484848 84.848485 0.43450569190962496 8.9449219157829868e-06
49 29 148.484848 87.878788 0.42296511608568338 8.8017260994617378e-06
49 30 148.484848 90.909091 0.41197926593964418 8.6237938913614521e-06
49 31 148.484848 93.939394 0.40157054762620747 8.4118275086180502e-06
49 32 148.484848 96.969697 0.39175564081620051 8.1666634857061439e-06
49 33 148.484848 100.000000 0.38254581765295392 7.8892693730191893e-06
49 34 148.484848 103.030303 0.37394733137121605 7.5807399183907095e-06
49 35 148.484848 106.060606 0.36596186621458954 7.2422927466244368e-06
49 36 148.484848 109.090909 0.35858703939119818 6.8752635540855967e-06
49 37 148.484848 112.121212 0.35181694506563416 6.4811008373173181e-06
49 38 148.484848 115.151515 0.34564272980951966 6.0613601764869106e-06
49 39 148.484848 118.181818 0.3400531885320216 5.617698096221452e-06
49 40 148.484848 121.212121 0.33503536969130204 5.1518655280618114e-06
49 41 148.484848 124.242424 0.33057517855126406 4.6657009003358278e-06
49 42 148.484848 127.272727 0.32665796739519315 4.161122882721681e-06
49 43 148.484848 130.303030 0.32326910193621095 3.6401228141351154e-06
49 44 148.484848 133.333333 0.32039449366821288 3.1047568438244923e-06
49 45 148.484848 136.363636 0.31802108857168565 2.5571378166892498e-06
49 46 148.484848 139.393939 0.31613730341537005 1.9994269348461753e-06
49 47 148.484848 142.424242 0.31473340186363591 1.4338252283519661e-06
49 48 148.484848 145.454545 0.31380180369472827 8.6256486874335108e-07
49 49 148.484848 148.484848 0.31333732163897671 2.8790035967567433e-07
49 50 148.484848 151.515152 0.31333732163897643 -2.8790036057301764e-07
49 51 148.484848 154.545455 0.31380180369472799 -8.625648696182531e-07
49 52 148.484848 157.575758 0.31473340186363546 -1.4338252291820313e-06
49 53 148.484848 160.606061 0.31613730341536972 -1.9994269356092063e-06
49 54 148.484848 163.636364 0.31802108857168515 -2.5571378173633525e-06
49 55 148.484848 166.666667 0.3203944936682126 -3.1047568443880606e-06
49 56 148.484848 169.696970 0.32326910193621022 -3.6401228145669802e-06
49 57 148.484848 172.727273 0.32665796739519259 -4.1611228830012764e-06
49 58 148.484848 175.757576 0.33057517855126334 -4.6657009004431096e-06
49 59 148.484848 178.787879 0.33503536969130093 -5.1518655279774199e-06
49 60 148.484848 181.818182 0.34005318853202054 -5.6176980959268201e-06
49 61 148.484848 184.848485 0.34564272980951827 -6.0613601759642845e-06
49 62 148.484848 187.878788 0.35181694506563271 -6.4811008365498114e-06
49 63 148.484848 190.909091 0.35858703939119668 -6.8752635530573529e-06
49 64 148.484848 193.939394 0.36596186621458793 -7.2422927453206701e-06
49 65 148.484848 196.969697 0.37394733137121416 -7.5807399167975421e-06
49 66 148.484848 200.000000 0.38254581765295187 -7.8892693711240174e-06
49 67 148.484848 203.030303 0.39175564081619862 -8.166663483497475e-06
49 68 148.484848 206.060606 0.40157054762620509 -8.4118275060857876e-06
49 69 148.484848 209.090909 0.41197926593964157 -8.6237938884965834e-06
49 70 148.484848 212.121212 0.42296511608568049 -8.8017260962566465e-06
49 71 148.484848 215.151515 0.43450569190962196 -8.944921912231547e-06
49 72 148.484848 218.181818 0.44657261880609922 -9.0528162079554515e-06
49 73 148.484848 221.212121 0.45913139490730431 -9.1249831739354697e-06
49 74 148.484848 224.242424 0.47214132032356104 -9.1611380001268043e-06
49 75 148.484848 227.272727 0.48555551797879842 -9.1611379999479651e-06
49 76 148.484848 230.303030 0.49932104816323486 -9.1249831733996841e-06
49 77 148.484848 233.333333 0.51337911746222797 -9.0528162070648065e-06
49 78 148.484848 236.363636 0.52766538123673901 -8.9449219109895121e-06
49 79 148.484848 239.393939 0.5421103373506253 -8.801726094668209e-06
49 80 148.484848 242.424242 0.55663980738635543 -8.6237938865679504e-06
49 81 148.484848 245.454545 0.5711755001867127 -8.4118275038246162e-06
49 82 148.484848 248.484848 0.58563565122787631 -8.1666634809126015e-06
49 83 148.484848 251.515152 0.59993573009005585 -7.889269368225674e-06
49 84 148.484848 254.545455 0.61398920716535921 -7.5807399135972077e-06
49 85 148.484848 257.575758 0.62770836974671573 -7.2422927418309621e-06
49 86 148.484848 260.606061 0.64100517679246904 -6.8752635492920814e-06
49 87 148.484848 263.636364 0.65379214097230054 -6.4811008325238299e-06
49 88 148.484848 266.666667 0.66598322608268268 -6.061360171693436e-06
49 89 148.484848 269.696970 0.67749474758254269 -5.6176980914279502e-06
49 90 148.484848 272.727273 0.68824626384799237 -5.1518655232683232e-06
49 91 148.484848 275.757576 0.69816144578159611 -4.6657008955423531e-06
49 92 148.484848 278.787879 0.70716891263660009 -4.1611228779281793e-06
49 93 148.484848 281.818182 0.71520302232673882 -3.6401228093416001e-06
49 94 148.484848 284.848485 0.72220460508165785 -3.1047568390310041e-06
49 95 148.484848 287.878788 0.72812163006787589 -2.5571378118957819e-06
49 96 148.484848 290.909091 0.73290979551413693 -1.9994269300526837e-06
49 97 148.484848 293.939394 0.73653303394390468 -1.4338252235584914e-06
49 98 148.484848 296.969697 0.73896392531060062 -8.6256486394986627e-07
49 99 148.484848 300.000000 0.740184012134532 -2.8790035488219121e-07
50 0 151.515152 0.000000 0.74018401213453222 -2.8790035471042992e-07
50 1 151.515152 3.030303 0.73896392531060129 -8.6256486366636921e-07
50 2 151.515152 6.060606 0.73653303394390579 -1.4338252231632481e-06
50 3 151.515152 9.090909 0.73290979551413793 -1.9994269295461567e-06
50 4 151.515152 12.121212 0.72812163006787767 -2.5571378112788361e-06
50 5 151.515152 15.151515 0.7222046050816594 -3.1047568383049562e-06
50 6 151.515152 18.181818 0.71520302232674104 -3.6401228085081798e-06
50 7 151.515152 21.212121 0.70716891263660198 -4.1611228769895711e-06
50 8 151.515152 24.242424 0.69816144578159867 -4.6657008945011082e-06
50 9 151.515152 27.272727 0.68824626384799559 -5.1518655221274461e-06
50 10 151.515152 30.303030 0.67749474758254558 -5.6176980901908459e-06
50 11 151.515152 33.333333 0.66598322608268601 -6.0613601703638094e-06
50 12 151.515152 36.363636 0.6537921409723042 -6.4811008311057934e-06
50 13 151.515152 39.393939 0.64100517679247249 -6.8752635477901387e-06
50 14 151.515152 42.424242 0.62770836974671951 -7.2422927402499472e-06
50 15 151.515152 45.454545 0.61398920716536309 -7.5807399119422129e-06
50 16 151.515152 48.484848 0.59993573009005974 -7.8892693665020941e-06
50 17 151.515152 51.515152 0.58563565122788008 -8.1666634791261548e-06
50 18 151.515152 54.545455 0.57117550018671681 -8.4118275019811557e-06
50 19 151.515152 57.575758 0.55663980738635943 -8.6237938846736916e-06
50 20 151.515152 60.606061 0.54211033735062941 -8.8017260927294996e-06
50 21 151.515152 63.636364 0.527665381236743 -8.944921909012854e-06
50 22 151.515152 66.666667 0.51337911746223186 -9.0528162050568878e-06
50 23 151.515152 69.696970 0.49932104816323858 -9.1249831713672455e-06
50 24 151.515152 72.727273 0.48555551797880203 -9.1611379978979709e-06
50 25 151.515152 75.757576 0.47214132032356493 -9.1611379980661815e-06
50 26 151.515152 78.787879 0.45913139490730764 -9.1249831718713063e-06
50 27 151.515152 81.818182 0.44657261880610266 -9.0528162058947711e-06
50 28 151.515152 84.848485 0.43450569190962518 -8.9449219101812919e-06
50 29 151.515152 87.878788 0.42296511608568371 -8.8017260942238318e-06
50 30 151.515152 90.909091 0.41197926593964423 -8.6237938864880464e-06
50 31 151.515152 93.939394 0.40157054762620764 -8.4118275041083807e-06
50 32 151.515152 96.969697 0.3917556408162009 -8.166663481557856e-06
50 33 151.515152 100.000000 0.38254581765295415 -7.8892693692286321e-06
50 34 151.515152 103.030303 0.37394733137121627 -7.5807399149528772e-06
50 35 151.515152 106.060606 0.36596186621458965 -7.2422927435328173e-06
50 36 151.515152 109.090909 0.35858703939119829 -6.8752635513322712e-06
50 37 151.515152 112.121212 0.35181694506563432 -6.4811008348932199e-06
50 38 151.515152 115.151515 0.34564272980951988 -6.0613601743815704e-06
50 39 151.515152 118.181818 0.34005318853202177 -5.6176980944231002e-06
50 40 151.515152 121.212121 0.33503536969130199 -5.1518655265574869e-06
50 41 151.515152 124.242424 0.33057517855126423 -4.6657008991114594e-06
50 42 151.515152 127.272727 0.32665796739519337 -4.1611228817620198e-06
50 43 151.515152 130.303030 0.32326910193621089 -3.6401228134238859e-06
50 44 151.515152 133.333333 0.32039449366821293 -3.1047568433445486e-06
50 45 151.515152 136.363636 0.31802108857168571 -2.5571378164224098e-06
50 46 151.515152 139.393939 0.31613730341537 -1.9994269347734046e-06
50 47 151.515152 142.424242 0.3147334018636358 -1.4338252284535507e-06
50 48 151.515152 145.454545 0.31380180369472832 -8.6256486899885052e-07
50 49 151.515152 148.484848 0.3133373216389766 -2.8790036006402522e-07
50 50 151.515152 151.515152 0.31333732163897648 2.879003600733942e-07
50 51 151.515152 154.545455 0.31380180369472804 8.62564869029331e-07
50 52 151.515152 157.575758 0.31473340186363546 1.4338252285262099e-06
50 53 151.515152 160.606061 0.31613730341536972 1.9994269349091221e-06
50 54 151.515152 163.636364 0.31802108857168515 2.5571378166418015e-06
50 55 151.515152 166.666667 0.32039449366821243 3.1047568436679212e-06
50 56 151.515152 169.696970 0.32326910193621028 3.6401228138711447e-06
50 57 151.515152 172.727273 0.32665796739519276 4.1611228823525364e-06
50 58 151.515152 175.757576 0.33057517855126323 4.6657008998640728e-06
50 59 151.515152 178.787879 0.33503536969130099 5.1518655274904115e-06
50 60 151.515152 181.818182 0.34005318853202093 5.6176980955538045e-06
50 61 151.515152 184.848485 0.34564272980951849 6.0613601757267612e-06
50 62 151.515152 187.878788 0.35181694506563282 6.4811008364687588e-06
50 63 151.515152 190.909091 0.35858703939119696 6.8752635531531168e-06
50 64 151.515152 193.939394 0.36596186621458804 7.2422927456129126e-06
50 65 151.515152 196.969697 0.37394733137121439 7.5807399173051783e-06
50 66 151.515152 200.000000 0.38254581765295204 7.8892693718650459e-06
50 67 151.515152 203.030303 0.3917556408161989 8.1666634844891067e-06
50 68 151.515152 206.060606 0.40157054762620537 8.4118275073441211e-06
50 69 151.515152 209.090909 0.41197926593964185 8.623793890036657e-06
50 70 151.515152 212.121212 0.42296511608568077 8.801726098092465e-06
50 71 151.515152 215.151515 0.43450569190962229 8.9449219143758194e-06
50 72 151.515152 218.181818 0.44657261880609955 9.0528162104198532e-06
50 73 151.515152 221.212121 0.4591313949073047 9.1249831767302227e-06
50 74 151.515152 224.242424 0.47214132032356154 9.1611380032609227e-06
50 75 151.515152 227.272727 0.48555551797879859 9.1611380034291604e-06
50 76 151.515152 230.303030 0.49932104816323519 9.1249831772342835e-06
50 77 151.515152 233.333333 0.5133791174622282 9.0528162112577365e-06
50 78 151.515152 236.363636 0.52766538123673923 8.9449219155442573e-06
50 79 151.515152 239.393939 0.54211033735062553 8.8017260995867972e-06
50 80 151.515152 242.424242 0.55663980738635588 8.6237938918510118e-06
50 81 151.515152 245.454545 0.57117550018671304 8.4118275094713461e-06
50 82 151.515152 248.484848 0.58563565122787653 8.1666634869208214e-06
50 83 151.515152 251.515152 0.59993573009005607 7.8892693745916094e-06
50 84 151.515152 254.545455 0.61398920716535932 7.580739920315829e-06
50 85 151.515152 257.575758 0.62770836974671596 7.2422927488957963e-06
50 86 151.515152 260.606061 0.64100517679246916 6.8752635566952501e-06
50 87 151.515152 263.636364 0.65379214097230065 6.4811008402561853e-06
50 88 151.515152 266.666667 0.66598322608268268 6.0613601797445358e-06
50 89 151.515152 269.696970 0.6774947475825428 5.6176980997860656e-06
50 90 151.515152 272.727273 0.68824626384799248 5.1518655319204523e-06
50 91 151.515152 275.757576 0.69816144578159611 4.6657009044744248e-06
50 92 151.515152 278.787879 0.70716891263659987 4.1611228871249911e-06
50 93 151.515152 281.818182 0.71520302232673905 3.6401228187868645e-06
50 94 151.515152 284.848485 0.72220460508165774 3.104756848707514e-06
50 95 151.515152 287.878788 0.72812163006787611 2.557137821785368e-06
50 96 151.515152 290.909091 0.73290979551413693 1.9994269401363627e-06
50 97 151.515152 293.939394 0.73653303394390479 1.4338252338165024e-06
50 98 151.515152 296.969697 0.73896392531060073 8.6256487436180892e-07
50 99 151.515152 300.000000 0.740184012134532 2.8790036542698362e-07
51 0 154.545455 0.000000 0.73978966854491601 -8.6256486360476736e-07
51 1 154.545455 3.030303 0.7385732160058508 -2.5842904522838463e-06
51 2 154.545455 6.060606 0.73614955593773557 -4.295817027186125e-06
51 3 154.545455 9.090909 0.73253707178664551 -5.9903899748425739e-06
51 4 154.545455 12.121212 0.72776307381273753 -7.6613215900055171e-06
51 5 154.545455 15.151515 0.72186348544865186 -9.3020174689659524e-06
51 6 154.545455 18.181818 0.71488243212264069 -1.0906002534652291e-05
51 7 154.545455 21.212121 0.70687173841780249 -1.246694659080132e-05
51 8 154.545455 24.242424 0.69789034073566614 -1.3978689304350926e-05
51 9 154.545455 27.272727 0.68800362381919367 -1.543526451746028e-05
51 10 154.545455 30.303030 0.67728269054890611 -1.6830923793209175e-05
51 11 154.545455 33.333333 0.66580357534016199 -1.8160159102052275e-05
51 12 154.545455 36.363636 0.6536464122257466 -1.9417724559495404e-05
51 13 154.545455 39.393939 0.64089456929447752 -2.059865712920508e-05
51 14 154.545455 42.424242 0.62763376156472583 -2.1698296209845475e-05
51 15 154.545455 45.454545 0.61395115459567984 -2.2712302028342557e-05
51 16 154.545455 48.484848 0.59993447117572685 -2.3636672766985857e-05
51 17 154.545455 51.515152 0.58567111327637422 -2.4467760356774872e-05
51 18 154.545455 54.545455 0.57124731112446425 -2.5202284874680435e-05
51 19 154.545455 57.575758 0.5567473107306955 -2.5837347488002762e-05
51 20 154.545455 60.606061 0.54225261052716267 -2.6370441894739523e-05
51 21 154.545455 63.636364 0.52784125692181494 -2.6799464214815014e-05
51 22 154.545455 66.666667 0.51358720758708154 -2.7122721293133605e-05
51 23 154.545455 69.696970 0.49955977017922965 -2.7338937381689138e-05
51 24 154.545455 72.727273 0.48582312295223351 -2.7447259174360047e-05
51 25 154.545455 75.757576 0.47243592240460852 -2.7447259174517944e-05
51 26 154.545455 78.787879 0.45945100170088576 -2.7338937382162351e-05
51 27 154.545455 81.818182 0.44691516216324956 -2.712272129392018e-05
51 28 154.545455 84.848485 0.43486905865622272 -2.6799464215911952e-05
51 29 154.545455 87.878788 0.42334717821140722 -2.6370441896142389e-05
51 30 154.545455 90.909091 0.41237790978340233 -2.583734748970604e-05
51 31 154.545455 93.939394 0.40198370161506708 -2.5202284876677488e-05
51 32 154.545455 96.969697 0.39218130134241913 -2.4467760359057795e-05
51 33 154.545455 100.000000 0.38298207270783013 -2.3636672769545523e-05
51 34 154.545455 103.030303 0.37439238159447202 -2.2712302031168974e-05
51 35 154.545455 106.060606 0.36641404306324948 -2.1698296212927414e-05
51 36 154.545455 109.090909 0.3590448201817204 -2.0598657132530453e-05
51 37 154.545455 112.121212 0.35227896469655495 -1.9417724563051068e-05
51 38 154.545455 115.151515 0.34610778902824291 -1.816015910582417e-05
51 39 154.545455 118.181818 0.34052025866772134 -1.6830923797182427e-05
51 40 154.545455 121.212121 0.33550359383525752 -1.5435264521619226e-05
51 41 154.545455 124.242424 0.33104386922538004 -1.3978689308679147e-05
51 42 154.545455 127.272727 0.32712660080800676 -1.2466946595281711e-05
51 43 154.545455 130.303030 0.32373730898243064 -1.0906002539267171e-05
51 44 154.545455 133.333333 0.32086204788185274 -9.3020174736971465e-06
51 45 154.545455 136.363636 0.31848789129329524 -7.6613215948343215e-06
51 46 154.545455 139.393939 0.31660336647991905 -5.9903899797499338e-06
51 47 154.545455 142.424242 0.31519882815653566 -4.2958170321526781e-06
51 48 154.545455 145.454545 0.31426676595863562 -2.5842904572899978e-06
51 49 154.545455 148.484848 0.31380203994284389 -8.6256486863074091e-07
51 50 154.545455 151.515152 0.31380203994284372 8.6256486950824999e-07
51 51 154.545455 154.545455 0.3142667659586354 2.584290458187325e-06
51 52 154.545455 157.575758 0.31519882815653533 4.2958170330896007e-06
51 53 154.545455 160.606061 0.31660336647991877 5.9903899807460505e-06
51 54 154.545455 163.636364 0.31848789129329469 7.6613215959090031e-06
51 55 154.545455 166.666667 0.32086204788185224 9.3020174748694468e-06
51 56 154.545455 169.696970 0.32373730898243003 1.090600254055577e-05
51 57 154.545455 172.727273 0.32712660080800621 1.2466946596704813e-05
51 58 154.545455 175.757576 0.33104386922537915 1.3978689310254413e-05
51 59 154.545455 178.787879 0.33550359383525646 1.5435264523363775e-05
51 60 154.545455 181.818182 0.3405202586677204 1.6830923799112656e-05
51 61 154.545455 184.848485 0.34610778902824163 1.8160159107955732e-05
51 62 154.545455 187.878788 0.35227896469655356 1.9417724565398898e-05
51 63 154.545455 190.909091 0.35904482018171913 2.0598657135108601e-05
51 64 154.545455 193.939394 0.36641404306324787 2.1698296215748956e-05
51 65 154.545455 196.969697 0.37439238159447019 2.2712302034246011e-05
51 66 154.545455 200.000000 0.38298207270782819 2.3636672772889325e-05
51 67 154.545455 203.030303 0.39218130134241719 2.4467760362678312e-05
51 68 154.545455 206.060606 0.40198370161506486 2.5202284880583916e-05
51 69 154.545455 209.090909 0.4123779097834 2.5837347493906242e-05
51 70 154.545455 212.121212 0.42334717821140444 2.6370441900643004e-05
51 71 154.545455 215.151515 0.43486905865621994 2.6799464220718468e-05
51 72 154.545455 218.181818 0.4469151621632465 2.7122721299037099e-05
51 73 154.545455 221.212121 0.45945100170088288 2.7338937387592646e-05
51 74 154.545455 224.242424 0.47243592240460519 2.7447259180263511e-05
51 75 154.545455 227.272727 0.48582312295223007 2.7447259180421438e-05
51 76 154.545455 230.303030 0.49955977017922631 2.7338937388065886e-05
51 77 154.545455 233.333333 0.51358720758707788 2.7122721299823698e-05
51 78 154.545455 236.363636 0.52784125692181116 2.6799464221815447e-05
51 79 154.545455 239.393939 0.54225261052715878 2.6370441902045911e-05
51 80 154.545455 242.424242 0.55674731073069195 2.5837347495609561e-05
51 81 154.545455 245.454545 0.57124731112446059 2.5202284882580966e-05
51 82 154.545455 248.484848 0.58567111327637067 2.4467760364961235e-05
51 83 154.545455 251.515152 0.59993447117572318 2.3636672775449045e-05
51 84 154.545455 254.545455 0.6139511545956764 2.2712302037072414e-05
51 85 154.545455 257.575758 0.62763376156472239 2.1698296218830949e-05
51 86 154.545455 260.606061 0.6408945692944743 2.0598657138433961e-05
51 87 154.545455 263.636364 0.65364641222574338 1.9417724568954546e-05
51 88 154.545455 266.666667 0.66580357534015877 1.8160159111727638e-05
51 89 154.545455 269.696970 0.67728269054890344 1.6830923803085915e-05
51 90 154.545455 272.727273 0.68800362381919089 1.54352645275227e-05
51 91 154.545455 275.757576 0.69789034073566347 1.3978689314582621e-05
51 92 154.545455 278.787879 0.70687173841780049 1.2466946601185212e-05
51 93 154.545455 281.818182 0.71488243212263869 1.0906002545170672e-05
51 94 154.545455 284.848485 0.7218634854486502 9.3020174796006273e-06
51 95 154.545455 287.878788 0.72776307381273586 7.661321600737799e-06
51 96 154.545455 290.909091 0.73253707178664451 5.9903899856534078e-06
51 97 154.545455 293.939394 0.73614955593773468 4.2958170380561487e-06
51 98 154.545455 296.969697 0.73857321600585013 2.5842904631934731e-06
51 99 154.545455 300.000000 0.73978966854491568 8.6256487453421549e-07
52 0 157.575758 0.000000 0.73900295491687851 -1.4338252230391438e-06
52 1 157.575758 3.030303 0.73779374962948097 -4.295817027124023e-06
52 2 157.575758 6.060606 0.73538450987359516 -7.1408552039623174e-06
52 3 157.575758 9.090909 0.73179347172485942 -9.9577116876443415e-06
52 4 157.575758 12.121212 0.72704772690187303 -1.273526963252832e-05
52 5 157.575758 15.151515 0.7211829120988279 -1.5462567286351309e-05
52 6 157.575758 18.181818 0.7142428017038428 -1.812884125125744e-05
52 7 157.575758 21.212121 0.70627880971542123 -2.0723568962011996e-05
52 8 157.575758 24.242424 0.69734940795332867 -2.3236510213758879e-05
52 9 157.575758 27.272727 0.68751946883513426 -2.5657747575431133e-05
52 10 157.575758 30.303030 0.67685954203773768 -2.7977725529320375e-05
52 11 157.575758 33.333333 0.66544507526842822 -3.0187288182339721e-05
52 12 157.575758 36.363636 0.6533555901186755 -3.2277715400150804e-05
52 13 157.575758 39.393939 0.64067382455465161 -3.4240757221550285e-05
52 14 157.575758 42.424242 0.62748485400273624 -3.6068666417297716e-05
52 15 157.575758 45.454545 0.61387520321013611 -3.7754229064889647e-05
52 16 157.575758 48.484848 0.59993196109714819 -3.9290793018616335e-05
52 17 157.575758 51.515152 0.58574191066840275 -4.0672294162541845e-05
52 18 157.575758 54.545455 0.57139068571839557 -4.1893280342798814e-05
52 19 157.575758 57.575758 0.55696196555734223 -4.2948932884749365e-05
52 20 157.575758 60.606061 0.54253671830527184 -4.3835085610092118e-05
52 21 157.575758 63.636364 0.5281925024662899 -4.4548241278864876e-05
52 22 157.575758 66.666667 0.5140028355145646 -4.5085585391452834e-05
52 23 157.575758 69.696970 0.50003663711452795 -4.5444997296132694e-05
52 24 157.575758 72.727273 0.48635775337771336 -4.5625058558316532e-05
52 25 157.575758 75.757576 0.47302456724701747 -4.5625058558464499e-05
52 26 157.575758 78.787879 0.46008969871674399 -4.5444997296576106e-05
52 27 157.575758 81.818182 0.447599797165529 -4.5085585392189868e-05
52 28 157.575758 84.848485 0.43559542662170325 -4.4548241279892707e-05
52 29 157.575758 87.878788 0.42411104331991334 -4.3835085611406591e-05
52 30 157.575758 90.909091 0.4131750634668343 -4.2948932886345317e-05
52 31 157.575758 93.939394 0.40281001773530273 -4.1893280344669991e-05
52 32 157.575758 96.969697 0.39303278767207273 -4.0672294164680895e-05
52 33 157.575758 100.000000 0.38385491795562349 -3.9290793021014726e-05
52 34 157.575758 103.030303 0.37528299729648584 -3.7754229067537933e-05
52 35 157.575758 106.060606 0.3673190997512909 -3.6068666420185448e-05
52 36 157.575758 109.090909 0.3599612773390149 -3.4240757224666126e-05
52 37 157.575758 112.121212 0.35320409411734338 -3.2277715403482388e-05
52 38 157.575758 115.151515 0.34703919130994293 -3.0187288185873891e-05
52 39 157.575758 118.181818 0.34145587268027222 -2.7977725533043265e-05
52 40 157.575758 121.212121 0.33644169913028121 -2.5657747579327986e-05
52 41 157.575758 124.242424 0.33198308146593719 -2.3236510217814354e-05
52 42 157.575758 127.272727 0.32806586041614011 -2.0723568966210054e-05
52 43 157.575758 130.303030 0.32467586331449594 -1.8128841255581526e-05
52 44 157.575758 133.333333 0.32179942734903277 -1.5462567290784354e-05
52 45 157.575758 136.363636 0.31942387994497934 -1.2735269637052836e-05
52 46 157.575758 139.393939 0.31753796765918424 -9.9577116922424615e-06
52 47 157.575758 142.424242 0.316132225918348 -7.1408552086159037e-06
52 48 157.575758 145.454545 0.31519928301128397 -4.2958170318147077e-06
52 49 157.575758 148.484848 0.31473409293042692 -1.4338252277483994e-06
52 50 157.575758 151.515152 0.31473409293042676 1.4338252294520512e-06
52 51 157.575758 154.545455 0.31519928301128364 4.2958170335369247e-06
52 52 157.575758 157.575758 0.31613222591834783 7.1408552103752208e-06
52 53 157.575758 160.606061 0.31753796765918396 9.9577116940572482e-06
52 54 157.575758 163.636364 0.31942387994497878 1.2735269638941225e-05
52 55 157.575758 166.666667 0.32179942734903233 1.5462567292764219e-05
52 56 157.575758 169.696970 0.32467586331449533 1.8128841257670364e-05
52 57 157.575758 172.727273 0.32806586041613961 2.072356896842491e-05
52 58 157.575758 175.757576 0.33198308146593625 2.3236510220171799e-05
52 59 157.575758 178.787879 0.33644169913028027 2.565774758184406e-05
52 60 157.575758 181.818182 0.34145587268027133 2.7977725535733289e-05
52 61 157.575758 184.848485 0.3470391913099416 3.0187288188752611e-05
52 62 157.575758 187.878788 0.35320409411734188 3.2277715406563711e-05
52 63 157.575758 190.909091 0.35996127733901345 3.4240757227963226e-05
52 64 157.575758 193.939394 0.36731909975128935 3.6068666423710637e-05
52 65 157.575758 196.969697 0.37528299729648401 3.775422907130254e-05
52 66 157.575758 200.000000 0.3838549179556216 3.9290793025029228e-05
52 67 157.575758 203.030303 0.39303278767207078 4.0672294168954725e-05
52 68 157.575758 206.060606 0.40281001773530045 4.1893280349211734e-05
52 69 157.575758 209.090909 0.41317506346683197 4.2948932891162258e-05
52 70 157.575758 212.121212 0.42411104331991056 4.3835085616505038e-05
52 71 157.575758 215.151515 0.43559542662170053 4.4548241285277783e-05
52 72 157.575758 218.181818 0.447599797165526 4.5085585397865741e-05
52 73 157.575758 221.212121 0.4600896987167411 4.5444997302545628e-05
52 74 157.575758 224.242424 0.47302456724701425 4.5625058564729439e-05
52 75 157.575758 227.272727 0.4863577533777102 4.5625058564877419e-05
52 76 157.575758 230.303030 0.50003663711452462 4.5444997302989053e-05
52 77 157.575758 233.333333 0.51400283551456116 4.5085585398602788e-05
52 78 157.575758 236.363636 0.52819250246628613 4.4548241286305614e-05
52 79 157.575758 239.393939 0.54253671830526806 4.3835085617819512e-05
52 80 157.575758 242.424242 0.55696196555733868 4.2948932892758238e-05
52 81 157.575758 245.454545 0.57139068571839213 4.1893280351082925e-05
52 82 157.575758 248.484848 0.58574191066839931 4.0672294171093775e-05
52 83 157.575758 251.515152 0.59993196109714464 3.9290793027427632e-05
52 84 157.575758 254.545455 0.61387520321013267 3.7754229073950826e-05
52 85 157.575758 257.575758 0.62748485400273291 3.6068666426598382e-05
52 86 157.575758 260.606061 0.64067382455464861 3.4240757231079046e-05
52 87 157.575758 263.636364 0.65335559011867228 3.2277715409895281e-05
52 88 157.575758 266.666667 0.66544507526842511 3.0187288192286805e-05
52 89 157.575758 269.696970 0.67685954203773513 2.7977725539456165e-05
52 90 157.575758 272.727273 0.68751946883513149 2.56577475857409e-05
52 91 157.575758 275.757576 0.69734940795332612 2.3236510224227254e-05
52 92 157.575758 278.787879 0.70627880971541934 2.0723568972622968e-05
52 93 157.575758 281.818182 0.7142428017038408 1.812884126199445e-05
52 94 157.575758 284.848485 0.72118291209882635 1.5462567297197278e-05
52 95 157.575758 287.878788 0.72704772690187136 1.2735269643465733e-05
52 96 157.575758 290.909091 0.73179347172485854 9.9577116986553683e-06
52 97 157.575758 293.939394 0.73538450987359416 7.1408552150287936e-06
52 98 157.575758 296.969697 0.7377937496294803 4.2958170382276094e-06
52 99 157.575758 300.000000 0.7390029549168784 1.4338252341612996e-06
53 0 160.606061 0.000000 0.73782780398370962 -1.9994269293589019e-06
53 1 160.606061 3.030303 0.73662941647278812 -5.9903899747181168e-06
53 2 160.606061 6.060606 0.73424170185658622 -9.9577116875823929e-06
53 3 160.606061 9.090909 0.73068267688794508 -1.3885734861647924e-05
53 4 160.606061 12.121212 0.72597910803784804 -1.7758957383989769e-05
53 5 160.606061 15.151515 0.72016620524852692 -2.1562093414819281e-05
53 6 160.606061 18.181818 0.71328722044111781 -2.5280133713710374e-05
53 7 160.606061 21.212121 0.7053929565027045 -2.8898404874214348e-05
53 8 160.606061 24.242424 0.69654119374215018 -3.2402627233091582e-05
53 9 160.606061 27.272727 0.68679604196142818 -3.5778971225618472e-05
53 10 160.606061 30.303030 0.67622722732154661 -3.9014111964561343e-05
53 11 160.606061 33.333333 0.66490932407387837 -4.2095281827418847e-05
53 12 160.606061 36.363636 0.65292094196524453 -4.5010320844394832e-05
53 13 160.606061 39.393939 0.64034388069735493 -4.7747724688243973e-05
53 14 160.606061 42.424242 0.62726226321961831 -5.0296690076595517e-05
53 15 160.606061 45.454545 0.61376165985315811 -5.2647157407573059e-05
53 16 160.606061 48.484848 0.59992821528004359 -5.4789850460447678e-05
53 17 160.606061 51.515152 0.58584779028517087 -5.6716313004643014e-05
53 18 160.606061 54.545455 0.57160512981160472 -5.8418942172614092e-05
53 19 160.606061 57.575758 0.55728306838902519 -5.989101846489226e-05
53 20 160.606061 60.606061 0.54296178332749823 -6.1126732268879577e-05
53 21 160.606061 63.636364 0.52871810524587814 -6.2121206786735573e-05
53 22 160.606061 66.666667 0.51462489453907201 -6.2870517281870603e-05
53 23 160.606061 69.696970 0.50075049129656035 -6.3371706568087594e-05
53 24 160.606061 72.727273 0.4871582449834238 -6.36227966802456e-05
53 25 160.606061 75.757576 0.47390612890377987 -6.3622796680383998e-05
53 26 160.606061 78.787879 0.46104644310547849 -6.3371706568502275e-05
53 27 160.606061 81.818182 0.44862560797570833 -6.2870517282559966e-05
53 28 160.606061 84.848485 0.43668404934209237 -6.2121206787696935e-05
53 29 160.606061 87.878788 0.42525617445558211 -6.1126732270109008e-05
53 30 160.606061 90.909091 0.41437043681261831 -5.9891018466385023e-05
53 31 160.606061 93.939394 0.40404948639696853 -5.8418942174364299e-05
53 32 160.606061 96.969697 0.39431040060797107 -5.6716313006643727e-05
53 33 160.606061 100.000000 0.38516498991222575 -5.478985046269094e-05
53 34 160.606061 103.030303 0.37662017112926482 -5.2647157410050095e-05
53 35 160.606061 106.060606 0.36867840025600201 -5.0296690079296495e-05
53 36 160.606061 109.090909 0.36133815586540335 -4.7747724691158261e-05
53 37 160.606061 112.121212 0.35459446339527834 -4.5010320847510951e-05
53 38 160.606061 115.151515 0.34843945008440902 -4.2095281830724451e-05
53 39 160.606061 118.181818 0.34286291992387852 -3.9014111968043455e-05
53 40 160.606061 121.212121 0.33785293777719461 -3.5778971229263289e-05
53 41 160.606061 124.242424 0.33339641178662616 -3.2402627236884779e-05
53 42 160.606061 127.272727 0.32947966332519868 -2.8898404878140942e-05
53 43 160.606061 130.303030 0.32608897407135423 -2.5280133717754807e-05
53 44 160.606061 133.333333 0.32321110027087457 -2.1562093418965632e-05
53 45 160.606061 136.363636 0.32083374490011679 -1.7758957388221678e-05
53 46 160.606061 139.393939 0.31894597924512941 -1.3885734865948673e-05
53 47 160.606061 142.424242 0.31753860634967818 -9.9577116919350207e-06
53 48 160.606061 145.454545 0.31660445984621766 -5.990389979105445e-06
53 49 160.606061 148.484848 0.3161386328501315 -1.9994269337635981e-06
53 50 160.606061 151.515152 0.3161386328501315 1.9994269362481317e-06
53 51 160.606061 154.545455 0.31660445984621732 5.9903899816073415e-06
53 52 160.606061 157.575758 0.31753860634967784 9.9577116944716151e-06
53 53 160.606061 160.606061 0.31894597924512913 1.3885734868537162e-05
53 54 160.606061 163.636364 0.32083374490011624 1.7758957390879006e-05
53 55 160.606061 166.666667 0.32321110027087413 2.1562093421708515e-05
53 56 160.606061 169.696970 0.32608897407135362 2.5280133720599598e-05
53 57 160.606061 172.727273 0.32947966332519812 2.8898404881103599e-05
53 58 160.606061 175.757576 0.33339641178662527 3.240262723998082e-05
53 59 160.606061 178.787879 0.33785293777719366 3.5778971232507683e-05
53 60 160.606061 181.818182 0.34286291992387763 3.9014111971450567e-05
53 61 160.606061 184.848485 0.3484394500844078 4.2095281834308044e-05
53 62 160.606061 187.878788 0.35459446339527684 4.5010320851284056e-05
53 63 160.606061 190.909091 0.36133815586540202 4.774772469513321e-05
53 64 160.606061 193.939394 0.36867840025600052 5.0296690083484735e-05
53 65 160.606061 196.969697 0.37662017112926305 5.2647157414462297e-05
53 66 160.606061 200.000000 0.38516498991222387 5.4789850467336915e-05
53 67 160.606061 203.030303 0.39431040060796907 5.6716313011532225e-05
53 68 160.606061 206.060606 0.40404948639696642 5.841894217950335e-05
53 69 160.606061 209.090909 0.41437043681261604 5.9891018471781497e-05
53 70 160.606061 212.121212 0.42525617445557939 6.1126732275768814e-05
53 71 160.606061 215.151515 0.43668404934208965 6.2121206793624796e-05
53 72 160.606061 218.181818 0.4486256079757055 6.2870517288759827e-05
53 73 160.606061 221.212121 0.46104644310547566 6.3371706574976805e-05
53 74 160.606061 224.242424 0.47390612890377681 6.3622796687134796e-05
53 75 160.606061 227.272727 0.48715824498342053 6.3622796687273263e-05
53 76 160.606061 230.303030 0.50075049129655735 6.3371706575391512e-05
53 77 160.606061 233.333333 0.51462489453906879 6.287051728944919e-05
53 78 160.606061 236.363636 0.5287181052458747 6.2121206794586131e-05
53 79 160.606061 239.393939 0.54296178332749467 6.1126732276998259e-05
53 80 160.606061 242.424242 0.55728306838902186 5.9891018473274247e-05
53 81 160.606061 245.454545 0.57160512981160128 5.841894218125353e-05
53 82 160.606061 248.484848 0.58584779028516765 5.6716313013532964e-05
53 83 160.606061 251.515152 0.59992821528004014 5.4789850469580191e-05
53 84 160.606061 254.545455 0.61376165985315478 5.2647157416939333e-05
53 85 160.606061 257.575758 0.62726226321961509 5.0296690086185733e-05
53 86 160.606061 260.606061 0.64034388069735204 4.7747724698047525e-05
53 87 160.606061 263.636364 0.65292094196524142 4.5010320854400182e-05
53 88 160.606061 266.666667 0.66490932407387526 4.2095281837613702e-05
53 89 160.606061 269.696970 0.67622722732154406 3.9014111974932693e-05
53 90 160.606061 272.727273 0.68679604196142552 3.5778971236152513e-05
53 91 160.606061 275.757576 0.69654119374214774 3.2402627243774023e-05
53 92 160.606061 278.787879 0.70539295650270284 2.889840488503018e-05
53 93 160.606061 281.818182 0.71328722044111592 2.5280133724644044e-05
53 94 160.606061 284.848485 0.72016620524852548 2.1562093425854863e-05
53 95 160.606061 287.878788 0.7259791080378466 1.7758957395110898e-05
53 96 160.606061 290.909091 0.73068267688794408 1.3885734872837905e-05
53 97 160.606061 293.939394 0.73424170185658533 9.9577116988242379e-06
53 98 160.606061 296.969697 0.73662941647278768 5.9903899859946689e-06
53 99 160.606061 300.000000 0.73782780398370928 1.9994269406528191e-06
54 0 163.636364 0.000000 0.73627007908307707 -2.5571378110280394e-06
54 1 163.636364 3.030303 0.73508601669329154 -7.6613215898187159e-06
54 2 163.636364 6.060606 0.7327268067191679 -1.2735269632404817e-05
54 3 163.636364 9.090909 0.72921017669239441 -1.7758957383928627e-05
54 4 163.636364 12.121212 0.72456246417034531 -2.271255864393948e-05
54 5 163.636364 15.151515 0.71881831630750403 -2.7576523811349251e-05
54 6 163.636364 18.181818 0.7120202959832227 -3.2331657037776507e-05
54 7 163.636364 21.212121 0.7042184000954379 -3.6959191984790278e-05
54 8 163.636364 24.242424 0.69546949686912773 -4.1440865886074284e-05
54 9 163.636364 27.272727 0.68583669016240123 -4.5758991622222226e-05
54 10 163.636364 30.303030 0.67538861976485054 -4.989652752371753e-05
54 11 163.636364 33.333333 0.66419870755673449 -5.3837144626617329e-05
54 12 163.636364 36.363636 0.65234436012048291 -5.7565291115513195e-05
54 13 163.636364 39.393939 0.63990613895702064 -6.1066253699441529e-05
54 14 163.636364 42.424242 0.62696690985012715 -6.4326215678521341e-05
54 15 163.636364 45.454545 0.61361098313684537 -6.7332311472156022e-05
54 16 163.636364 48.484848 0.59992325667783863 -7.0072677393602707e-05
54 17 163.636364 51.515152 0.58598837317844465 -7.2536498470523604e-05
54 18 163.636364 54.545455 0.57188990319166189 -7.4714051126740743e-05
54 19 163.636364 57.575758 0.55770956464380561 -7.6596741556749352e-05
54 20 163.636364 60.606061 0.54352648907018097 -7.8177139641541528e-05
54 21 163.636364 63.636364 0.52941654394243431 -7.9449008271891857e-05
54 22 163.636364 66.666667 0.51545171952426161 -8.0407327963377841e-05
54 23 163.636364 69.696970 0.50169958762297384 -8.1048316665991755e-05
54 24 163.636364 72.727273 0.48822283842817482 -8.1369444690164371e-05
54 25 163.636364 75.757576 0.47507890036413736 -8.1369444690293621e-05
54 26 163.636364 78.787879 0.46231964654950525 -8.10483166663791e-05
54 27 163.636364 81.818182 0.44999119007779564 -8.040732796402164e-05
54 28 163.636364 84.848485 0.43813376892662476 -7.9449008272789644e-05
54 29 163.636364 87.878788 0.42678171989488223 -7.8177139642689726e-05
54 30 163.636364 90.909091 0.415963539577341 -7.6596741558143406e-05
54 31 163.636364 93.939394 0.40570202903736974 -7.4714051128375259e-05
54 32 163.636364 96.969697 0.39601451755159406 -7.253649847239201e-05
54 33 163.636364 100.000000 0.38691315959578992 -7.0072677395697683e-05
54 34 163.636364 103.030303 0.37840529813772489 -6.7332311474469303e-05
54 35 163.636364 106.060606 0.37049388631737012 -6.4326215681043765e-05
54 36 163.636364 109.090909 0.3631779587431323 -6.1066253702163174e-05
54 37 163.636364 112.121212 0.35645314292768721 -5.7565291118423295e-05
54 38 163.636364 115.151515 0.35031220083945275 -5.3837144629704426e-05
54 39 163.636364 118.181818 0.34474559016399203 -4.9896527526969439e-05
54 40 163.636364 121.212121 0.3397420346593687 -4.5758991625626093e-05
54 41 163.636364 124.242424 0.33528909295358372 -4.1440865889616698e-05
54 42 163.636364 127.272727 0.33137371527086279 -3.6959191988457246e-05
54 43 163.636364 130.303030 0.32798277788408542 -3.2331657041553542e-05
54 44 163.636364 133.333333 0.32510358556768887 -2.7576523815221472e-05
54 45 163.636364 136.363636 0.32272433296093156 -2.2712558647891603e-05
54 46 163.636364 139.393939 0.32083451653488593 -1.7758957387945047e-05
54 47 163.636364 142.424242 0.31942528977511431 -1.2735269636469693e-05
54 48 163.636364 145.454545 0.31848975523056838 -7.6613215939159887e-06
54 49 163.636364 148.484848 0.31802318822094966 -2.5571378151415347e-06
54 50 163.636364 151.515152 0.31802318822094966 2.5571378183586107e-06
54 51 163.636364 154.545455 0.31848975523056805 7.6613215971492846e-06
54 52 163.636364 157.575758 0.31942528977511392 1.2735269639735384e-05
54 53 163.636364 160.606061 0.32083451653488571 1.7758957391259195e-05
54 54 163.636364 163.636364 0.322724332960931 2.2712558651270045e-05
54 55 163.636364 166.666667 0.32510358556768854 2.7576523818679816e-05
54 56 163.636364 169.696970 0.32798277788408492 3.2331657045107069e-05
54 57 163.636364 172.727273 0.33137371527086235 3.6959191992120847e-05
54 58 163.636364 175.757576 0.33528909295358283 4.1440865893404859e-05
54 59 163.636364 178.787879 0.33974203465936775 4.5758991629552802e-05
54 60 163.636364 181.818182 0.34474559016399126 4.9896527531048105e-05
54 61 163.636364 184.848485 0.35031220083945158 5.3837144633947891e-05
54 62 163.636364 187.878788 0.35645314292768593 5.756529112284377e-05
54 63 163.636364 190.909091 0.36317795874313086 6.1066253706772104e-05
54 64 163.636364 193.939394 0.37049388631736857 6.4326215685851876e-05
54 65 163.636364 196.969697 0.37840529813772306 6.7332311479486597e-05
54 66 163.636364 200.000000 0.38691315959578815 7.0072677400933282e-05
54 67 163.636364 203.030303 0.39601451755159239 7.2536498477854139e-05
54 68 163.636364 206.060606 0.40570202903736768 7.4714051134071346e-05
54 69 163.636364 209.090909 0.41596353957733878 7.6596741564079914e-05
54 70 163.636364 212.121212 0.42678171989487956 7.8177139648872117e-05
54 71 163.636364 215.151515 0.43813376892662215 7.9449008279222405e-05
54 72 163.636364 218.181818 0.44999119007779292 8.0407327970708389e-05
54 73 163.636364 221.212121 0.46231964654950269 8.1048316673322345e-05
54 74 163.636364 224.242424 0.47507890036413442 8.1369444697494946e-05
54 75 163.636364 227.272727 0.48822283842817182 8.1369444697624224e-05
54 76 163.636364 230.303030 0.50169958762297084 8.1048316673709649e-05
54 77 163.636364 233.333333 0.51545171952425828 8.0407327971352243e-05
54 78 163.636364 236.363636 0.52941654394243098 7.9449008280120179e-05
54 79 163.636364 239.393939 0.54352648907017742 7.8177139650020301e-05
54 80 163.636364 242.424242 0.55770956464380261 7.6596741565474009e-05
54 81 163.636364 245.454545 0.57188990319165856 7.4714051135705767e-05
54 82 163.636364 248.484848 0.58598837317844155 7.2536498479722599e-05
54 83 163.636364 251.515152 0.59992325667783541 7.0072677403028259e-05
54 84 163.636364 254.545455 0.61361098313684215 6.7332311481799878e-05
54 85 163.636364 257.575758 0.62696690985012404 6.4326215688374327e-05
54 86 163.636364 260.606061 0.63990613895701776 6.106625370949375e-05
54 87 163.636364 263.636364 0.65234436012047992 5.7565291125753864e-05
54 88 163.636364 266.666667 0.66419870755673149 5.3837144637035001e-05
54 89 163.636364 269.696970 0.6753886197648481 4.9896527534300014e-05
54 90 163.636364 272.727273 0.6858366901623989 4.5758991632956668e-05
54 91 163.636364 275.757576 0.6954694968691254 4.1440865896947273e-05
54 92 163.636364 278.787879 0.70421840009543613 3.6959191995787822e-05
54 93 163.636364 281.818182 0.71202029598322092 3.2331657048884138e-05
54 94 163.636364 284.848485 0.71881831630750248 2.7576523822552041e-05
54 95 163.636364 287.878788 0.72456246417034376 2.2712558655222159e-05
54 96 163.636364 290.909091 0.72921017669239352 1.7758957395275612e-05
54 97 163.636364 293.939394 0.73272680671916701 1.273526964380025e-05
54 98 163.636364 296.969697 0.73508601669329088 7.6613216012465558e-06
54 99 163.636364 300.000000 0.73627007908307696 2.5571378224720957e-06
55 0 166.666667 0.000000 0.73433753168939819 -3.1047568379904728e-06
55 1 166.666667 3.030303 0.73317121841954036 -9.3020174687170535e-06
55 2 166.666667 6.060606 0.73084732725730728 -1.5462567286166903e-05
55 3 166.666667 9.090909 0.72738322931157084 -2.156209341469803e-05
55 4 166.666667 12.121212 0.72280473355145691 -2.7576523811289538e-05
55 5 166.666667 15.151515 0.71714579353045338 -3.348212226689795e-05
55 6 166.666667 18.181818 0.71044812288199344 -3.9255582082430293e-05
55 7 166.666667 21.212121 0.70276072505459308 -4.4874118049637554e-05
55 8 166.666667 24.242424 0.69413934396259036 -5.0315556373922088e-05
55 9 166.666667 27.272727 0.68464584333414236 -5.5558422184174629e-05
55 10 166.666667 30.303030 0.67434752352450089 -6.0582024284279683e-05
55 11 166.666667 33.333333 0.66331638541469096 -6.5366536811813599e-05
55 12 166.666667 36.363636 0.6516283517206799 -6.9893077481666038e-05
55 13 166.666667 39.393939 0.6393624565853081 -7.4143782105792847e-05
55 14 166.666667 42.424242 0.6266000147065246 -7.8101875095004886e-05
55 15 166.666667 45.454545 0.61342378146531584 -8.1751735664554282e-05
55 16 166.666667 48.484848 0.59991711555222771 -8.507895948223577e-05
55 17 166.666667 51.515152 0.58616315545244846 -8.8070415515704975e-05
55 18 166.666667 54.545455 0.57224402083862846 -9.0714297854663987e-05
55 19 166.666667 57.575758 0.55824004944319106 -9.30001723033959e-05
55 20 166.666667 60.606061 0.54422907934576914 -9.49190175597683e-05
55 21 166.666667 63.636364 0.53028578582682806 -9.6463260818191224e-05
55 22 166.666667 66.666667 0.51648108101824086 -9.7626807656021398e-05
55 23 166.666667 69.696970 0.50288158354024703 -9.8405066085463779e-05
55 24 166.666667 72.727273 0.48954916416851235 -9.8794964676049982e-05
55 25 166.666667 75.757576 0.47654057234313846 -9.8794964676170532e-05
55 26 166.666667 78.787879 0.4639071470329994 -9.8405066085825035e-05
55 27 166.666667 81.818182 0.45169461412428741 -9.7626807656621897e-05
55 28 166.666667 84.848485 0.43994297113287767 -9.6463260819028594e-05
55 29 166.666667 87.878788 0.4286864586677131 -9.4919017560839234e-05
55 30 166.666667 90.909091 0.41795361671844339 -9.3000172304696211e-05
55 31 166.666667 93.939394 0.40776742252637893 -9.0714297856188498e-05
55 32 166.666667 96.969697 0.39814550554402561 -8.8070415517447736e-05
55 33 166.666667 100.000000 0.38910043381472598 -8.5078959484189827e-05
55 34 166.666667 103.030303 0.38064006502857328 -8.175173566671194e-05
55 35 166.666667 106.060606 0.37276795455055278 -7.8101875097357618e-05
55 36 166.666667 109.090909 0.36548381188670531 -7.4143782108331425e-05
55 37 166.666667 112.121212 0.35878399636682062 -6.989307748438042e-05
55 38 166.666667 115.151515 0.35266204228829678 -6.5366536814693023e-05
55 39 166.666667 118.181818 0.34710920339342255 -6.0582024287312826e-05
55 40 166.666667 121.212121 0.34211500634696951 -5.5558422187349526e-05
55 41 166.666667 124.242424 0.33766780284545722 -5.0315556377226234e-05
55 42 166.666667 127.272727 0.33375531012393322 -4.487411805305788e-05
55 43 166.666667 130.303030 0.33036512992799993 -3.925558208595328e-05
55 44 166.666667 133.333333 0.32748523648291289 -3.3482122270509705e-05
55 45 166.666667 136.363636 0.32510442461006167 -2.7576523814975826e-05
55 46 166.666667 139.393939 0.32321270990372386 -2.1562093418444283e-05
55 47 166.666667 142.424242 0.32180167377516472 -1.5462567289958351e-05
55 48 166.666667 145.454545 0.32086474718221342 -9.3020174725387273e-06
55 49 166.666667 148.484848 0.32039742797395121 -3.1047568418272741e-06
55 50 166.666667 151.515152 0.3203974279739511 3.1047568457256599e-06
55 51 166.666667 154.545455 0.32086474718221308 9.3020174764522397e-06
55 52 166.666667 157.575758 0.32180167377516455 1.5462567293902082e-05
55 53 166.666667 160.606061 0.32321270990372358 2.1562093422433219e-05
55 54 166.666667 163.636364 0.32510442461006112 2.7576523819024728e-05
55 55 166.666667 166.666667 0.3274852364829125 3.3482122274633136e-05
55 56 166.666667 169.696970 0.33036512992799938 3.925558209016548e-05
55 57 166.666667 172.727273 0.33375531012393272 4.4874118057372761e-05
55 58 166.666667 175.757576 0.33766780284545633 5.0315556381657281e-05
55 59 166.666667 178.787879 0.34211500634696862 5.5558422191909815e-05
55 60 166.666667 181.818182 0.34710920339342188 6.0582024292014862e-05
55 61 166.666667 184.848485 0.35266204228829556 6.5366536819548771e-05
55 62 166.666667 187.878788 0.35878399636681935 6.9893077489401238e-05
55 63 166.666667 190.909091 0.36548381188670404 7.414378211352806e-05
55 64 166.666667 193.939394 0.37276795455055128 7.8101875102740058e-05
55 65 166.666667 196.969697 0.38064006502857167 8.1751735672289469e-05
55 66 166.666667 200.000000 0.38910043381472426 8.5078959489970943e-05
55 67 166.666667 203.030303 0.39814550554402395 8.8070415523440162e-05
55 68 166.666667 206.060606 0.40776742252637693 9.0714297862399174e-05
55 69 166.666667 209.090909 0.41795361671844117 9.3000172311131086e-05
55 70 166.666667 212.121212 0.42868645866771071 9.4919017567503459e-05
55 71 166.666667 215.151515 0.43994297113287523 9.646326082592641e-05
55 72 166.666667 218.181818 0.45169461412428474 9.7626807663756597e-05
55 73 166.666667 221.212121 0.46390714703299685 9.8405066093198979e-05
55 74 166.666667 224.242424 0.47654057234313557 9.8794964683785155e-05
55 75 166.666667 227.272727 0.48954916416850941 9.8794964683905732e-05
55 76 166.666667 230.303030 0.50288158354024426 9.8405066093560235e-05
55 77 166.666667 233.333333 0.51648108101823775 9.7626807664357083e-05
55 78 166.666667 236.363636 0.53028578582682484 9.6463260826763793e-05
55 79 166.666667 239.393939 0.54422907934576581 9.491901756857442e-05
55 80 166.666667 242.424242 0.55824004944318806 9.3000172312431397e-05
55 81 166.666667 245.454545 0.57224402083862547 9.0714297863923711e-05
55 82 166.666667 248.484848 0.58616315545244546 8.8070415525182895e-05
55 83 166.666667 251.515152 0.59991711555222449 8.5078959491925e-05
55 84 166.666667 254.545455 0.61342378146531285 8.1751735674447139e-05
55 85 166.666667 257.575758 0.62660001470652171 7.8101875105092818e-05
55 86 166.666667 260.606061 0.63936245658530533 7.4143782116066638e-05
55 87 166.666667 263.636364 0.65162835172067723 6.9893077492115606e-05
55 88 166.666667 266.666667 0.66331638541468818 6.5366536822428209e-05
55 89 166.666667 269.696970 0.67434752352449856 6.0582024295048026e-05
55 90 166.666667 272.727273 0.68464584333414014 5.5558422195084725e-05
55 91 166.666667 275.757576 0.69413934396258803 5.0315556384961421e-05
55 92 166.666667 278.787879 0.70276072505459131 4.4874118060793066e-05
55 93 166.666667 281.818182 0.71044812288199177 3.9255582093688466e-05
55 94 166.666667 284.848485 0.71714579353045182 3.3482122278244905e-05
55 95 166.666667 287.878788 0.72280473355145558 2.7576523822710995e-05
55 96 166.666667 290.909091 0.72738322931157018 2.156209342617947e-05
55 97 166.666667 293.939394 0.7308473272573065 1.5462567297693524e-05
55 98 166.666667 296.969697 0.73317121841953969 9.3020174802739101e-06
55 99 166.666667 300.000000 0.73433753168939808 3.1047568495624506e-06
56 0 169.696970 0.000000 0.73203974552870166 -3.6401228081301164e-06
56 1 169.696970 3.030303 0.73089450261773492 -1.0906002534341771e-05
56 2 169.696970 6.060606 0.7286125405828755 -1.8128841251013017e-05
56 3 169.696970 9.090909 0.72521081021273037 -2.5280133713530281e-05
56 4 169.696970 12.121212 0.72071449710417712 -3.2331657037658756e-05
56 5 169.696970 15.151515 0.71515673679587255 -3.9255582082372661e-05
56 6 169.696970 18.181818 0.70857824127775637 -4.6024583278760976e-05
56 7 169.696970 21.212121 0.70102684217837297 -5.2611946471564081e-05
56 8 169.696970 24.242424 0.69255695710317078 -5.8991674347739919e-05
56 9 169.696970 27.272727 0.68322898666904464 -6.5138589035981651e-05
56 10 169.696970 30.303030 0.67310865073696946 -7.1028431472272961e-05
56 11 169.696970 33.333333 0.66226627317101694 -7.6637957139330919e-05
56 12 169.696970 36.363636 0.65077602513590316 -8.194502780209609e-05
56 13 169.696970 39.393939 0.63871513747616837 -8.6928698877232553e-05
56 14 169.696970 42.424242 0.62616309309025198 -9.1569302091829501e-05
56 15 169.696970 45.454545 0.61320081041673602 -9.5848523105088781e-05
56 16 169.696970 48.484848 0.59990982918511815 -9.97494737866612e-05
56 17 169.696970 51.515152 0.58637150944946292 -0.00010325675886638148
56 18 169.696970 54.545455 0.57266625462272391 -0.0001063565366923661
56 19 169.696970 57.575758 0.55887276876747527 -0.00010903657385768963
56 20 169.696970 60.606061 0.54506735778290694 -0.00011128629348005306
56 21 169.696970 63.636364 0.53132328336818402 -0.00011309681694390608
56 22 169.696970 66.666667 0.51771017775093942 -0.00011446099894028636
56 23 169.696970 69.696970 0.50429352616101653 -0.00011537345566608957
56 24 169.696970 72.727273 0.49113422291974101 -0.00011583058607148097
56 25 169.696970 75.757576 0.47828820582160853 -0.00011583058607159331
56 26 169.696970 78.787879 0.46580617222731807 -0.00011537345566642626
56 27 169.696970 81.818182 0.45373337898445198 -0.00011446099894084599
56 28 169.696970 84.848485 0.44210952696541994 -0.00011309681694468646
56 29 169.696970 87.878788 0.4309687296824995 -0.0001112862934810511
56 30 169.696970 90.909091 0.42033956412783186 -0.00010903657385890139
56 31 169.696970 93.939394 0.41024520071275655 -0.00010635653669378689
56 32 169.696970 96.969697 0.4007036079658326 -0.00010325675886800565
56 33 169.696970 100.000000 0.39172782651138516 -9.9749473788482266e-05
56 34 169.696970 103.030303 0.38332630580814381 -9.5848523107099624e-05
56 35 169.696970 106.060606 0.37550329619681916 -9.1569302094022124e-05
56 36 169.696970 109.090909 0.36825928800066504 -8.6928698879598377e-05
56 37 169.696970 112.121212 0.36159148875668423 -8.1945027804625764e-05
56 38 169.696970 115.151515 0.35549432913732398 -7.6637957142014428e-05
56 39 169.696970 118.181818 0.34995998776113357 -7.102843147509972e-05
56 40 169.696970 121.212121 0.34497892489125009 -6.513858903894048e-05
56 41 169.696970 124.242424 0.34054041498550075 -5.8991674350819202e-05
56 42 169.696970 127.272727 0.33663306819150546 -5.2611946474751643e-05
56 43 169.696970 130.303030 0.33324533117193761 -4.6024583282044224e-05
56 44 169.696970 133.333333 0.33036595809399422 -3.9255582085738635e-05
56 45 169.696970 136.363636 0.32798444321559095 -3.2331657041094193e-05
56 46 169.696970 139.393939 0.32609140723883945 -2.5280133717021612e-05
56 47 169.696970 142.424242 0.32467893046690705 -1.8128841254546466e-05
56 48 169.696970 145.454545 0.32374082677910404 -1.0906002537903381e-05
56 49 169.696970 148.484848 0.3232728535151223 -3.6401228117058249e-06
56 50 169.696970 151.515152 0.3232728535151223 3.6401228162316003e-06
56 51 169.696970 154.545455 0.32374082677910371 1.0906002542443251e-05
56 52 169.696970 157.575758 0.32467893046690682 1.8128841259114494e-05
56 53 169.696970 160.606061 0.32609140723883923 2.5280133721631765e-05
56 54 169.696970 163.636364 0.32798444321559039 3.2331657045760247e-05
56 55 169.696970 166.666667 0.33036595809399394 3.9255582090474145e-05
56 56 169.696970 169.696970 0.33324533117193711 4.6024583286862473e-05
56 57 169.696970 172.727273 0.33663306819150507 5.2611946479665565e-05
56 58 169.696970 175.757576 0.34054041498549986 5.8991674355841389e-05
56 59 169.696970 178.787879 0.34497892489124909 6.5138589044083149e-05
56 60 169.696970 181.818182 0.34995998776113285 7.1028431480374459e-05
56 61 169.696970 184.848485 0.35549432913732276 7.6637957147432389e-05
56 62 169.696970 187.878788 0.36159148875668301 8.1945027810197601e-05
56 63 169.696970 190.909091 0.36825928800066393 8.692869888533405e-05
56 64 169.696970 193.939394 0.37550329619681788 9.1569302099930972e-05
56 65 169.696970 196.969697 0.38332630580814236 9.5848523113190265e-05
56 66 169.696970 200.000000 0.39172782651138349 9.9749473794762683e-05
56 67 169.696970 203.030303 0.40070360796583104 0.00010325675887448292
56 68 169.696970 206.060606 0.41024520071275472 0.00010635653670046754
56 69 169.696970 209.090909 0.42033956412782997 0.0001090365738657911
56 70 169.696970 212.121212 0.43096872968249716 0.00011128629348815453
56 71 169.696970 215.151515 0.44210952696541761 0.00011309681695200752
56 72 169.696970 218.181818 0.45373337898444954 0.00011446099894838782
56 73 169.696970 221.212121 0.46580617222731574 0.00011537345567419108
56 74 169.696970 224.242424 0.47828820582160586 0.00011583058607958244
56 75 169.696970 227.272727 0.49113422291973818 0.00011583058607969481
56 76 169.696970 230.303030 0.50429352616101397 0.00011537345567452775
56 77 169.696970 233.333333 0.51771017775093664 0.00011446099894894747
56 78 169.696970 236.363636 0.53132328336818102 0.00011309681695278795
56 79 169.696970 239.393939 0.54506735778290372 0.00011128629348915262
56 80 169.696970 242.424242 0.55887276876747238 0.00010903657386700291
56 81 169.696970 245.454545 0.57266625462272092 0.00010635653670188833
56 82 169.696970 248.484848 0.58637150944946004 0.00010325675887610715
56 83 169.696970 251.515152 0.59990982918511526 9.974947379658375e-05
56 84 169.696970 254.545455 0.61320081041673324 9.584852311520108e-05
56 85 169.696970 257.575758 0.62616309309024931 9.1569302102123649e-05
56 86 169.696970 260.606061 0.63871513747616582 8.6928698887699861e-05
56 87 169.696970 263.636364 0.65077602513590027 8.1945027812727235e-05
56 88 169.696970 266.666667 0.6622662731710145 7.6637957150115898e-05
56 89 169.696970 269.696970 0.67310865073696735 7.1028431483201218e-05
56 90 169.696970 272.727273 0.6832289866690423 6.5138589047041977e-05
56 91 169.696970 275.757576 0.69255695710316856 5.8991674358920693e-05
56 92 169.696970 278.787879 0.70102684217837141 5.2611946482853147e-05
56 93 169.696970 281.818182 0.70857824127775471 4.6024583290145722e-05
56 94 169.696970 284.848485 0.71515673679587144 3.9255582093840119e-05
56 95 169.696970 287.878788 0.72071449710417579 3.233165704919567e-05
56 96 169.696970 290.909091 0.7252108102127296 2.5280133725123096e-05
56 97 169.696970 293.939394 0.72861254058287461 1.8128841262647936e-05
56 98 169.696970 296.969697 0.73089450261773425 1.090600254600486e-05
56 99 169.696970 300.000000 0.73203974552870155 3.6401228198072965e-06
57 0 172.727273 0.000000 0.72938806789543598 -4.1611228765482779e-06
57 1 172.727273 3.030303 0.72826709532997069 -1.2466946590429922e-05
57 2 172.727273 6.060606 0.72603343218309579 -2.0723568961708637e-05
57 3 172.727273 9.090909 0.72270354889447552 -2.8898404873976942e-05
57 4 172.727273 12.121212 0.71830191863113602 -3.6959191984616379e-05
57 5 172.727273 15.151515 0.71286074199633931 -4.4874118049524587e-05
57 6 172.727273 18.181818 0.70641958608034094 -5.2611946471509119e-05
57 7 172.727273 21.212121 0.69902494296576889 -6.014213957686601e-05
57 8 172.727273 24.242424 0.69072971393001059 -6.7434979133626356e-05
57 9 172.727273 27.272727 0.68159262662102016 -7.4461683635841083e-05
57 10 172.727273 30.303030 0.67167759340563782 -8.1194521891035889e-05
57 11 172.727273 33.333333 0.661053019886783 -8.7606922462558773e-05
57 12 172.727273 36.363636 0.64979107324571928 -9.3673578534901012e-05
57 13 172.727273 39.393939 0.63796692057807858 -9.9370547788136607e-05
57 14 172.727273 42.424242 0.62565794774983174 -0.00010467534688732085
57 15 172.727273 45.454545 0.61294296949678861 -0.00010956704021394128
57 16 172.727273 48.484848 0.59990144152575842 -0.00011402632248923984
57 17 172.727273 51.515152 0.58661268524710453 -0.00011803559496332835
57 18 172.727273 54.545455 0.57315513547948471 -0.00012157903486941382
57 19 172.727273 57.575758 0.5596056210229664 -0.00012464265786903069
57 20 172.727273 60.606061 0.5460386874038371 -0.00012721437324183556
57 21 172.727273 63.636364 0.53252597036286375 -0.00012928403160215716
57 22 172.727273 66.666667 0.51913562780036104 -0.00013084346495398418
57 23 172.727273 69.696970 0.50593183691992194 -0.0001318865189263142
57 24 172.727273 72.727273 0.49297436224360064 -0.00013240907706164463
57 25 172.727273 75.757576 0.48031819902170098 -0.00013240907706174931
57 26 172.727273 78.787879 0.4680132953484083 -0.00013188651892662786
57 27 172.727273 81.818182 0.45610435503948266 -0.00013084346495450554
57 28 172.727273 84.848485 0.44463072204995835 -0.00012928403160288423
57 29 172.727273 87.878788 0.43362634592847632 -0.00012721437324276542
57 30 172.727273 90.909091 0.42311982654063984 -0.00012464265787015961
57 31 172.727273 93.939394 0.41313453506658609 -0.00012157903487073744
57 32 172.727273 96.969697 0.40368880710700505 -0.00011803559496484148
57 33 172.727273 100.000000 0.3947962026355063 -0.00011402632249093643
57 34 172.727273 103.030303 0.38646582653061357 -0.00010956704021581462
57 35 172.727273 106.060606 0.37870270252345645 -0.00010467534688936358
57 36 172.727273 109.090909 0.37150819262129187 -9.9370547790340682e-05
57 37 172.727273 112.121212 0.36488045342435332 -9.3673578537257701e-05
57 38 172.727273 115.151515 0.35881492025399192 -8.7606922465058781e-05
57 39 172.727273 118.181818 0.35330480966121891 -8.1194521893669403e-05
57 40 172.727273 121.212121 0.34834163069172286 -7.4461683638597627e-05
57 41 172.727273 124.242424 0.34391569524887011 -6.7434979136495128e-05
57 42 172.727273 127.272727 0.34001661802026611 -6.0142139579835653e-05
57 43 172.727273 130.303030 0.33663379671373345 -5.2611946474567897e-05
57 44 172.727273 133.333333 0.33375686378019948 -4.4874118052660439e-05
57 45 172.727273 136.363636 0.33137610137669599 -3.6959191987816944e-05
57 46 172.727273 139.393939 0.32948281203284707 -2.8898404877229576e-05
57 47 172.727273 142.424242 0.32806963831720531 -2.0723568965000508e-05
57 48 172.727273 145.454545 0.3271308257418436 -1.2466946593748031e-05
57 49 172.727273 148.484848 0.32666242417940694 -4.1611228798795213e-06
57 50 172.727273 151.515152 0.32666242417940694 4.1611228849762905e-06
57 51 172.727273 154.545455 0.32713082574184343 1.2466946598857928e-05
57 52 172.727273 157.575758 0.32806963831720504 2.0723568970136642e-05
57 53 172.727273 160.606061 0.32948281203284685 2.8898404882404954e-05
57 54 172.727273 163.636364 0.33137610137669543 3.6959191993044397e-05
57 55 172.727273 166.666667 0.33375686378019914 4.4874118057952606e-05
57 56 172.727273 169.696970 0.33663379671373295 5.2611946479937151e-05
57 57 172.727273 172.727273 0.34001661802026573 6.0142139585294022e-05
57 58 172.727273 175.757576 0.34391569524886939 6.7434979142054374e-05
57 59 172.727273 178.787879 0.34834163069172203 7.4461683644269115e-05
57 60 172.727273 181.818182 0.35330480966121813 8.1194521899463894e-05
57 61 172.727273 184.848485 0.35881492025399075 8.7606922470986765e-05
57 62 172.727273 187.878788 0.36488045342435221 9.367357854332903e-05
57 63 172.727273 190.909091 0.37150819262129081 9.9370547796564653e-05
57 64 172.727273 193.939394 0.37870270252345517 0.00010467534689574886
57 65 172.727273 196.969697 0.38646582653061212 0.00010956704022236926
57 66 172.727273 200.000000 0.39479620263550469 0.00011402632249766783
57 67 172.727273 203.030303 0.40368880710700361 0.00011803559497175634
57 68 172.727273 206.060606 0.41313453506658426 0.00012157903487784182
57 69 172.727273 209.090909 0.42311982654063796 0.0001246426578774587
57 70 172.727273 212.121212 0.43362634592847416 0.0001272143732502636
57 71 172.727273 215.151515 0.44463072204995607 0.00012928403161058518
57 72 172.727273 218.181818 0.45610435503948038 0.00013084346496241217
57 73 172.727273 221.212121 0.46801329534840608 0.00013188651893474221
57 74 172.727273 224.242424 0.48031819902169848 0.00013240907707007263
57 75 172.727273 227.272727 0.49297436224359803 0.00013240907707017733
57 76 172.727273 230.303030 0.5059318369199195 0.0001318865189350559
57 77 172.727273 233.333333 0.51913562780035827 0.00013084346496293353
57 78 172.727273 236.363636 0.53252597036286109 0.00012928403161131222
57 79 172.727273 239.393939 0.54603868740383399 0.00012721437325119344
57 80 172.727273 242.424242 0.55960562102296374 0.00012464265787858766
57 81 172.727273 245.454545 0.57315513547948183 0.0001215790348791655
57 82 172.727273 248.484848 0.58661268524710197 0.00011803559497326948
57 83 172.727273 251.515152 0.59990144152575575 0.00011402632249936442
57 84 172.727273 254.545455 0.61294296949678595 0.00010956704022424261
57 85 172.727273 257.575758 0.6256579477498293 0.00010467534689779162
57 86 172.727273 260.606061 0.63796692057807625 9.9370547798768727e-05
57 87 172.727273 263.636364 0.64979107324571683 9.3673578545685733e-05
57 88 172.727273 266.666667 0.66105301988678067 8.7606922473486786e-05
57 89 172.727273 269.696970 0.67167759340563604 8.1194521902097394e-05
57 90 172.727273 272.727273 0.68159262662101816 7.4461683647025659e-05
57 91 172.727273 275.757576 0.69072971393000859 6.7434979144923146e-05
57 92 172.727273 278.787879 0.69902494296576734 6.0142139588263679e-05
57 93 172.727273 281.818182 0.70641958608033939 5.261194648299593e-05
57 94 172.727273 284.848485 0.71286074199633798 4.4874118061088457e-05
57 95 172.727273 287.878788 0.71830191863113479 3.6959191996244949e-05
57 96 172.727273 290.909091 0.72270354889447475 2.8898404885657591e-05
57 97 172.727273 293.939394 0.72603343218309502 2.072356897342851e-05
57 98 172.727273 296.969697 0.72826709532997025 1.2466946602176037e-05
57 99 172.727273 300.000000 0.72938806789543598 4.1611228883075228e-06
58 0 175.757576 0.000000 0.72639552892897041 -4.6657008939972007e-06
58 1 175.757576 3.030303 0.72530188803008366 -1.3978689303919627e-05
58 2 175.757576 6.060606 0.72312261840980296 -2.3236510213397965e-05
58 3 175.757576 9.090909 0.71987365451337582 -3.2402627232798577e-05
58 4 175.757576 12.121212 0.71557867450841817 -4.1440865885846405e-05
58 5 175.757576 15.151515 0.71026883563253229 -5.0315556373756306e-05
58 6 175.757576 18.181818 0.70398242717841142 -5.8991674347632955e-05
58 7 175.757576 21.212121 0.69676444601935539 -6.7434979133574734e-05
58 8 175.757576 24.242424 0.688666100661531 -7.5612148864970569e-05
58 9 175.757576 27.272727 0.67974425080106282 -8.3490911988684118e-05
58 10 175.757576 30.303030 0.67006079024910958 -9.1040174626130514e-05
58 11 175.757576 33.333333 0.65968198185296745 -9.8230143286609899e-05
58 12 175.757576 36.363636 0.64867775367441771 -0.0001050324424486035
58 13 175.757576 39.393939 0.63712096617852387 -0.00011142022654499382
58 14 175.757576 42.424242 0.62508666052953521 -0.00011736828591025347
58 15 175.757576 45.454545 0.61265129828056542 -0.00012285314627147746
58 16 175.757576 48.484848 0.59989200277768351 -0.00012785316139061445
58 17 175.757576 51.515152 0.58688581247683713 -0.00013234859849227892
58 18 175.757576 54.545455 0.57370895609596084 -0.00013632171614000029
58 19 175.757576 57.575758 0.5604361590993695 -0.00013975683425356786
58 20 175.757576 60.606061 0.54713999044416362 -0.00014264039599114361
58 21 175.757576 63.636364 0.53389025781806754 -0.00014496102125192335
58 22 175.757576 66.666667 0.52075345877624279 -0.0001467095515881956
58 23 175.757576 69.696970 0.5077922942543015 -0.0001478790863495506
58 24 175.757576 72.727273 0.49506524991088874 -0.00014846500991659497
58 25 175.757576 75.757576 0.48262624965209688 -0.00014846500991669254
58 26 175.757576 78.787879 0.47052438452910816 -0.00014787908634984287
58 27 175.757576 81.818182 0.45880371899824529 -0.00014670955158868146
58 28 175.757576 84.848485 0.44750317530802541 -0.00014496102125260087
58 29 175.757576 87.878788 0.43665649555024028 -0.0001426403959920101
58 30 175.757576 90.909091 0.42629227970080352 -0.00013975683425461992
58 31 175.757576 93.939394 0.41643409680022947 -0.00013632171614123381
58 32 175.757576 96.969697 0.40710066530153227 -0.00013234859849368895
58 33 175.757576 100.000000 0.39830609756268481 -0.00012785316139219549
58 34 175.757576 103.030303 0.39006020249791701 -0.00012285314627322324
58 35 175.757576 106.060606 0.38236883954209272 -0.0001173682859121571
58 36 175.757576 109.090909 0.37523431633850007 -0.00011142022654704778
58 37 175.757576 112.121212 0.36865582194410157 -0.00010503244245079972
58 38 175.757576 115.151515 0.36262988686704672 -9.8230143288939646e-05
58 39 175.757576 118.181818 0.35715086091630055 -9.1040174628584673e-05
58 40 175.757576 121.212121 0.35221139965749321 -8.3490911991252918e-05
58 41 175.757576 124.242424 0.34780295023513869 -7.5612148867643968e-05
58 42 175.757576 127.272727 0.34391622743931283 -6.7434979136342147e-05
58 43 175.757576 130.303030 0.34054167116243639 -5.8991674350483431e-05
58 44 175.757576 133.333333 0.33766987680433252 -5.0315556376678597e-05
58 45 175.757576 136.363636 0.33529199073421634 -4.1440865888828991e-05
58 46 175.757576 139.393939 0.33340006359756891 -3.2402627235829694e-05
58 47 175.757576 142.424242 0.3319873550527469 -2.3236510216465661e-05
58 48 175.757576 145.454545 0.33104858442354429 -1.3978689307011761e-05
58 49 175.757576 148.484848 0.33058012274508142 -4.6657008971015756e-06
58 50 175.757576 151.515152 0.33058012274508142 4.6657009027106862e-06
58 51 175.757576 154.545455 0.33104858442354412 1.3978689312633109e-05
58 52 175.757576 157.575758 0.33198735505274657 2.323651022211145e-05
58 53 175.757576 160.606061 0.3334000635975688 3.2402627241512066e-05
58 54 175.757576 163.636364 0.33529199073421578 4.1440865894559894e-05
58 55 175.757576 166.666667 0.33766987680433219 5.0315556382469795e-05
58 56 175.757576 169.696970 0.34054167116243589 5.8991674356346438e-05
58 57 175.757576 172.727273 0.34391622743931249 6.7434979142288237e-05
58 58 175.757576 175.757576 0.34780295023513813 7.5612148873684058e-05
58 59 175.757576 178.787879 0.35221139965749237 8.3490911997397593e-05
58 60 175.757576 181.818182 0.35715086091629988 9.1040174634843989e-05
58 61 175.757576 184.848485 0.36262988686704567 9.8230143295323361e-05
58 62 175.757576 187.878788 0.3686558219441004 0.00010503244245731699
58 63 175.757576 190.909091 0.37523431633849913 0.00011142022655370733
58 64 175.757576 193.939394 0.38236883954209139 0.00011736828591896693
58 65 175.757576 196.969697 0.39006020249791579 0.00012285314628019095
58 66 175.757576 200.000000 0.39830609756268337 0.00012785316139932797
58 67 175.757576 203.030303 0.407100665301531 0.00013234859850099238
58 68 175.757576 206.060606 0.4164340968002278 0.00013632171614871377
58 69 175.757576 209.090909 0.42629227970080186 0.0001397568342622814
58 70 175.757576 212.121212 0.43665649555023817 0.00014264039599985712
58 71 175.757576 215.151515 0.44750317530802336 0.00014496102126063684
58 72 175.757576 218.181818 0.45880371899824302 0.00014670955159690907
58 73 175.757576 221.212121 0.47052438452910611 0.00014787908635826406
58 74 175.757576 224.242424 0.48262624965209461 0.00014846500992530845
58 75 175.757576 227.272727 0.49506524991088635 0.00014846500992540601
58 76 175.757576 230.303030 0.50779229425429917 0.00014787908635855639
58 77 175.757576 233.333333 0.52075345877624024 0.00014670955159739492
58 78 175.757576 236.363636 0.53389025781806498 0.00014496102126131433
58 79 175.757576 239.393939 0.54713999044416084 0.00014264039600072362
58 80 175.757576 242.424242 0.56043615909936706 0.00013975683426333346
58 81 175.757576 245.454545 0.57370895609595829 0.00013632171614994727
58 82 175.757576 248.484848 0.58688581247683491 0.00013234859850240249
58 83 175.757576 251.515152 0.59989200277768095 0.00012785316140090901
58 84 175.757576 254.545455 0.61265129828056286 0.00012285314628193673
58 85 175.757576 257.575758 0.62508666052953288 0.00011736828592087059
58 86 175.757576 260.606061 0.63712096617852176 0.00011142022655576131
58 87 175.757576 263.636364 0.64867775367441549 0.00010503244245951319
58 88 175.757576 266.666667 0.65968198185296534 9.8230143297653135e-05
58 89 175.757576 269.696970 0.67006079024910781 9.1040174637298162e-05
58 90 175.757576 272.727273 0.67974425080106071 8.349091199996638e-05
58 91 175.757576 275.757576 0.68866610066152933 7.5612148876357457e-05
58 92 175.757576 278.787879 0.69676444601935417 6.7434979145055649e-05
58 93 175.757576 281.818182 0.70398242717840998 5.899167435919692e-05
58 94 175.757576 284.848485 0.71026883563253129 5.0315556385392086e-05
58 95 175.757576 287.878788 0.71557867450841683 4.1440865897542466e-05
58 96 175.757576 290.909091 0.71987365451337526 3.2402627244543183e-05
58 97 175.757576 293.939394 0.72312261840980219 2.3236510225179129e-05
58 98 175.757576 296.969697 0.72530188803008311 1.3978689315725245e-05
58 99 175.757576 300.000000 0.72639552892897041 4.6657009058150493e-06
59 0 178.787879 0.000000 0.72307674973518021 -5.1518655215617797e-06
59 1 178.787879 3.030303 0.72201334696875263 -1.5435264516970292e-05
59 2 178.787879 6.060606 0.71989425824307307 -2.5657747575014244e-05
59 3 178.787879 9.090909 0.71673483120460979 -3.5778971225271819e-05
59 4 178.787879 12.121212 0.71255787361811396 -4.5758991621942692e-05
59 5 178.787879 15.151515 0.70739340030337683 -5.5558422183958771e-05
59 6 178.787879 18.181818 0.70127830129990909 -6.5138589035825811e-05
59 7 178.787879 21.212121 0.6942559359342716 -7.4461683635741391e-05
59 8 178.787879 24.242424 0.68637565849788651 -8.3490911988636413e-05
59 9 178.787879 27.272727 0.6776922821889434 -9.2190639855264039e-05
59 10 178.787879 30.303030 0.66826548881615822 -0.00010052653338426229
59 11 178.787879 33.333333 0.65815919249180199 -0.00010846569461217972
59 12 178.787879 36.363636 0.64744086614559082 -0.00011597679129670747
59 13 178.787879 39.393939 0.6361808401606952 -0.00012303018057072541
59 14 178.787879 42.424242 0.62445158276128065 -0.00012959802592915607
59 15 178.787879 45.454545 0.61232697196296659 -0.00013565440708693271
59 16 178.787879 48.484848 0.59988156893088629 -0.00014117542227452308
59 17 178.787879 51.515152 0.58718990247452563 -0.00014613928256729358
59 18 178.787879 54.545455 0.57432577414642205 -0.00015052639787644083
59 19 178.787879 57.575758 0.56136159300756205 -0.00015431945426212183
59 20 178.787879 60.606061 0.5483677485826477 -0.00015750348226366498
59 21 178.787879 63.636364 0.53541202986206127 -0.00016006591597719221
59 22 178.787879 66.666667 0.52255909742515683 -0.00016199664264750089
59 23 178.787879 69.696970 0.50987001487395078 -0.00016328804257848822
59 24 178.787879 72.727273 0.49740184479157085 -0.00016393501920461138
59 25 178.787879 75.757576 0.48520731339144579 -0.00016393501920470237
59 26 178.787879 78.787879 0.47333454691786003 -0.00016328804257876092
59 27 178.787879 81.818182 0.4618268817136556 -0.00016199664264795406
59 28 178.787879 84.848485 0.45072274870465268 -0.00016006591597782428
59 29 178.787879 87.878788 0.44005563188120767 -0.00015750348226447331
59 30 178.787879 90.909091 0.42985409920361217 -0.0001543194542631033
59 31 178.787879 93.939394 0.42014190323794748 -0.00015052639787759158
59 32 178.787879 96.969697 0.41093814776009197 -0.00014613928256860899
59 33 178.787879 100.000000 0.40225751556458383 -0.00014117542227599794
59 34 178.787879 103.030303 0.39411055179759025 -0.00013565440708856126
59 35 178.787879 106.060606 0.38650399631362398 -0.00012959802593093188
59 36 178.787879 109.090909 0.37944115784655541 -0.00012303018057264149
59 37 178.787879 112.121212 0.3729223221978577 -0.00011597679129875627
59 38 178.787879 115.151515 0.36694518618784433 -0.00010846569461435308
59 39 178.787879 118.181818 0.36150530879583387 -0.00010052653338655172
59 40 178.787879 121.212121 0.35659657073739676 -9.2190639857660424e-05
59 41 178.787879 124.242424 0.3522116336935403 -8.3490911991130349e-05
59 42 178.787879 127.272727 0.34834239051800725 -7.4461683638323025e-05
59 43 178.787879 130.303030 0.34498039800261832 -6.5138589038484911e-05
59 44 178.787879 133.333333 0.34211728417234538 -5.5558422186684903e-05
59 45 178.787879 136.363636 0.33974512260492751 -4.5758991624725073e-05
59 46 178.787879 139.393939 0.33785676691557259 -3.5778971228099479e-05
59 47 178.787879 142.424242 0.3364461393050111 -2.5657747577876026e-05
59 48 178.787879 145.454545 0.33550846792633254 -1.5435264519854876e-05
59 49 178.787879 148.484848 0.33504046876869931 -5.151865524457776e-06
59 50 178.787879 151.515152 0.33504046876869925 5.1518655305185585e-06
59 51 178.787879 154.545455 0.33550846792633238 1.5435264525927066e-05
59 52 178.787879 157.575758 0.33644613930501088 2.5657747583971021e-05
59 53 178.787879 160.606061 0.33785676691557248 3.5778971234228596e-05
59 54 178.787879 163.636364 0.33974512260492706 4.5758991630899469e-05
59 55 178.787879 166.666667 0.34211728417234505 5.5558422192915542e-05
59 56 178.787879 169.696970 0.34498039800261782 6.5138589044782581e-05
59 57 178.787879 172.727273 0.34834239051800686 7.4461683644698161e-05
59 58 178.787879 175.757576 0.35221163369353969 8.3490911997593183e-05
59 59 178.787879 178.787879 0.35659657073739592 9.2190639864220836e-05
59 60 178.787879 181.818182 0.36150530879583326 0.00010052653339321906
59 61 178.787879 184.848485 0.36694518618784339 0.00010846569462113649
59 62 178.787879 187.878788 0.37292232219785676 0.00011597679130566427
59 63 178.787879 190.909091 0.37944115784655452 0.0001230301805796822
59 64 178.787879 193.939394 0.38650399631362287 0.00012959802593811277
59 65 178.787879 196.969697 0.39411055179758908 0.00013565440709588944
59 66 178.787879 200.000000 0.40225751556458239 0.00014117542228347983
59 67 178.787879 203.030303 0.41093814776009069 0.00014613928257625039
59 68 178.787879 206.060606 0.42014190323794603 0.00015052639788539762
59 69 178.787879 209.090909 0.42985409920361056 0.00015431945427107864
59 70 178.787879 212.121212 0.44005563188120583 0.00015750348227262179
59 71 178.787879 215.151515 0.45072274870465068 0.000160065915986149
59 72 178.787879 218.181818 0.46182688171365355 0.00016199664265645764
59 73 178.787879 221.212121 0.4733345469178582 0.000163288042587445
59 74 178.787879 224.242424 0.48520731339144363 0.00016393501921356814
59 75 178.787879 227.272727 0.49740184479156863 0.00016393501921365916
59 76 178.787879 230.303030 0.50987001487394878 0.00016328804258771771
59 77 178.787879 233.333333 0.52255909742515461 0.00016199664265691089
59 78 178.787879 236.363636 0.53541202986205905 0.00016006591598678103
59 79 178.787879 239.393939 0.54836774858264514 0.00015750348227343015
59 80 178.787879 242.424242 0.56136159300755983 0.00015431945427206011
59 81 178.787879 245.454545 0.57432577414641961 0.00015052639788654828
59 82 178.787879 248.484848 0.58718990247452352 0.00014613928257756586
59 83 178.787879 251.515152 0.59988156893088407 0.00014117542228495476
59 84 178.787879 254.545455 0.61232697196296437 0.0001356544070975181
59 85 178.787879 257.575758 0.62445158276127866 0.00012959802593988867
59 86 178.787879 260.606061 0.63618084016069321 0.00012303018058159831
59 87 178.787879 263.636364 0.64744086614558882 0.00011597679130771304
59 88 178.787879 266.666667 0.65815919249179988 0.00010846569462330985
59 89 178.787879 269.696970 0.66826548881615666 0.00010052653339550849
59 90 178.787879 272.727273 0.67769228218894151 9.2190639866617194e-05
59 91 178.787879 275.757576 0.68637565849788496 8.3490912000087133e-05
59 92 178.787879 278.787879 0.69425593593427026 7.4461683647279823e-05
59 93 178.787879 281.818182 0.70127830129990765 6.5138589047441736e-05
59 94 178.787879 284.848485 0.70739340030337583 5.5558422195641687e-05
59 95 178.787879 287.878788 0.71255787361811285 4.5758991633681843e-05
59 96 178.787879 290.909091 0.71673483120460935 3.5778971237056263e-05
59 97 178.787879 293.939394 0.7198942582430724 2.5657747586832793e-05
59 98 178.787879 296.969697 0.72201334696875219 1.543526452881165e-05
59 99 178.787879 300.000000 0.72307674973517999 5.1518655334145421e-06
60 0 181.818182 0.000000 0.71944784035370646 -5.6176980895645108e-06
60 1 181.818182 3.030303 0.71841741249295676 -1.6830923792661927e-05
60 2 181.818182 6.060606 0.71636395528376051 -2.7977725528849303e-05
60 3 181.818182 9.090909 0.71330218400637169 -3.9014111964163224e-05
60 4 181.818182 12.121212 0.70925396837157384 -4.9896527523388854e-05
60 5 181.818182 15.151515 0.7042480918751497 -6.0582024284016655e-05
60 6 181.818182 18.181818 0.69831993622793487 -7.1028431472071571e-05
60 7 181.818182 21.212121 0.69151109529211485 -8.119452189089184e-05
60 8 181.818182 24.242424 0.68386892393371335 -9.1040174626039251e-05
60 9 181.818182 27.272727 0.67544602809783127 -0.0001005265333842191
60 10 181.818182 30.303030 0.66629970321355603 -0.00010961615984131789
60 11 181.818182 33.333333 0.65649132872744309 -0.00011827318139436479
60 12 181.818182 36.363636 0.64608572713758861 -0.00012646343273430686
60 13 181.818182 39.393939 0.63515049634611365 -0.00013415459068087521
60 14 181.818182 42.424242 0.62375532445963311 -0.00014131630174741072
60 15 181.818182 45.454545 0.6119712963406444 -0.00014792030193220814
60 16 181.818182 48.484848 0.59987020124531709 -0.00015394052826361892
60 17 181.818182 51.515152 0.58752385077480718 -0.00015935322165869272
60 18 181.818182 54.545455 0.5750034161200358 -0.00016413702068942358
60 19 181.818182 57.575758 0.5623787931980565 -0.00016827304588654704
60 20 181.818182 60.606061 0.54971800376806368 -0.0001717449742481803
60 21 181.818182 63.636364 0.53708663998504358 -0.00017453910365925314
60 22 181.818182 66.666667 0.5245473591092541 -0.00017664440696749643
60 23 181.818182 69.696970 0.51215943425200039 -0.00017805257550257398
60 24 181.818182 72.727273 0.49997836611597435 -0.00017875805186660902
60 25 181.818182 75.757576 0.4880555596964028 -0.00017875805186669404
60 26 181.818182 78.787879 0.47643806886321155 -0.00017805257550282882
60 27 181.818182 81.818182 0.46516841066089815 -0.00017664440696792005
60 28 181.818182 84.848485 0.45428445005898488 -0.00017453910365984392
60 29 181.818182 87.878788 0.44381935477921813 -0.00017174497424893585
60 30 181.818182 90.909091 0.43380161873349221 -0.00016827304588746443
60 31 181.818182 93.939394 0.42425515154604165 -0.00016413702069049916
60 32 181.818182 96.969697 0.41519943062132508 -0.00015935322165992229
60 33 181.818182 100.000000 0.4066497112711539 -0.00015394052826499748
60 34 181.818182 103.030303 0.39861728954568343 -0.00014792030193373041
60 35 181.818182 106.060606 0.39110981163651976 -0.00014131630174907061
60 36 181.818182 109.090909 0.38413162304833648 -0.00013415459068266623
60 37 181.818182 112.121212 0.37768415017843887 -0.00012646343273622188
60 38 181.818182 115.151515 0.37176630651016163 -0.00011827318139639627
60 39 181.818182 118.181818 0.3663749153223454 -0.00010961615984345784
60 40 181.818182 121.212121 0.36150514064789591 -0.00010052653338645904
60 41 181.818182 124.242424 0.3571509181818705 -9.1040174628370381e-05
60 42 181.818182 127.272727 0.35330537794380745 -8.1194521893304921e-05
60 43 181.818182 130.303030 0.34996125073804252 -7.1028431474557077e-05
60 44 181.818182 133.333333 0.34711125082535588 -6.0582024286564801e-05
60 45 181.818182 136.363636 0.34474842771319936 -4.9896527525989584e-05
60 46 181.818182 139.393939 0.34286648058165398 -3.9014111966806292e-05
60 47 181.818182 142.424242 0.34146002957814187 -2.797772553152425e-05
60 48 181.818182 145.454545 0.34052483902388558 -1.6830923795358186e-05
60 49 181.818182 148.484848 0.34005798846597085 -5.6176980922714409e-06
60 50 181.818182 151.515152 0.34005798846597085 5.6176980987214392e-06
60 51 181.818182 154.545455 0.34052483902388553 1.6830923801818855e-05
60 52 181.818182 157.575758 0.34146002957814148 2.7977725538006231e-05
60 53 181.818182 160.606061 0.34286648058165381 3.9014111973320159e-05
60 54 181.818182 163.636364 0.34474842771319897 4.9896527532545788e-05
60 55 181.818182 166.666667 0.34711125082535543 6.0582024293173583e-05
60 56 181.818182 169.696970 0.34996125073804202 7.1028431481228498e-05
60 57 181.818182 172.727273 0.35330537794380729 8.119452190004874e-05
60 58 181.818182 175.757576 0.35715091818186989 9.1040174635196192e-05
60 59 181.818182 178.787879 0.36150514064789546 0.00010052653339337604
60 60 181.818182 181.818182 0.36637491532234495 0.00010961615985047481
60 61 181.818182 184.848485 0.3717663065101609 0.0001182731814035217
60 62 181.818182 187.878788 0.37768415017843782 0.00012646343274346378
60 63 181.818182 190.909091 0.38413162304833559 0.00013415459069003217
60 64 181.818182 193.939394 0.39110981163651898 0.00014131630175656762
60 65 181.818182 196.969697 0.39861728954568232 0.00014792030194136509
60 66 181.818182 200.000000 0.40664971127115274 0.00015394052827277587
60 67 181.818182 203.030303 0.41519943062132392 0.00015935322166784962
60 68 181.818182 206.060606 0.42425515154604021 0.00016413702069858048
60 69 181.818182 209.090909 0.43380161873349105 0.00016827304589570396
60 70 181.818182 212.121212 0.4438193547792163 0.00017174497425733725
60 71 181.818182 215.151515 0.45428445005898321 0.00017453910366841004
60 72 181.818182 218.181818 0.46516841066089626 0.00017664440697665333
60 73 181.818182 221.212121 0.47643806886320994 0.0001780525755117309
60 74 181.818182 224.242424 0.48805555969640102 0.00017875805187576592
60 75 181.818182 227.272727 0.49997836611597207 0.000178758051875851
60 76 181.818182 230.303030 0.51215943425199861 0.00017805257551198577
60 77 181.818182 233.333333 0.5245473591092521 0.00017664440697707698
60 78 181.818182 236.363636 0.53708663998504125 0.00017453910366900085
60 79 181.818182 239.393939 0.54971800376806124 0.00017174497425809283
60 80 181.818182 242.424242 0.56237879319805451 0.00016827304589662136
60 81 181.818182 245.454545 0.57500341612003369 0.00016413702069965606
60 82 181.818182 248.484848 0.5875238507748054 0.00015935322166907919
60 83 181.818182 251.515152 0.59987020124531509 0.00015394052827415444
60 84 181.818182 254.545455 0.6119712963406424 0.00014792030194288731
60 85 181.818182 257.575758 0.62375532445963111 0.00014131630175822754
60 86 181.818182 260.606061 0.6351504963461122 0.00013415459069182319
60 87 181.818182 263.636364 0.64608572713758683 0.00012646343274537884
60 88 181.818182 266.666667 0.6564913287274412 0.00011827318140555321
60 89 181.818182 269.696970 0.66629970321355481 0.00010961615985261476
60 90 181.818182 272.727273 0.67544602809782961 0.00010052653339561596
60 91 181.818182 275.757576 0.68386892393371213 9.1040174637527308e-05
60 92 181.818182 278.787879 0.69151109529211385 8.1194521902461862e-05
60 93 181.818182 281.818182 0.69831993622793387 7.1028431483714032e-05
60 94 181.818182 284.848485 0.70424809187514903 6.0582024295721736e-05
60 95 181.818182 287.878788 0.70925396837157284 4.9896527535146512e-05
60 96 181.818182 290.909091 0.71330218400637146 3.9014111975963207e-05
60 97 181.818182 293.939394 0.71636395528375996 2.7977725540681171e-05
60 98 181.818182 296.969697 0.71841741249295621 1.6830923804515113e-05
60 99 181.818182 300.000000 0.71944784035370635 5.6176981014283566e-06
61 0 184.848485 0.000000 0.71552628867267676 -6.061360169678143e-06
61 1 184.848485 3.030303 0.71453138942454697 -1.8160159101449445e-05
61 2 184.848485 6.060606 0.71254865102612341 -3.0187288181816464e-05
61 3 184.848485 9.090909 0.70959211639001241 -4.2095281826971614e-05
61 4 184.848485 12.121212 0.7056826577618458 -5.383714462624227e-05
61 5 184.848485 15.151515 0.70084774919205173 -6.5366536811506512e-05
61 6 184.848485 18.181818 0.69512116814828007 -7.6637957139087461e-05
61 7 184.848485 21.212121 0.68854263044185904 -8.7606922462374188e-05
61 8 184.848485 24.242424 0.68115736356420153 -9.823014328647932e-05
61 9 184.848485 27.272727 0.67301562437386941 -0.00010846569461209802
61 10 184.848485 30.303030 0.6641721678291862 -0.00011827318139432668
61 11 184.848485 33.333333 0.65468567411353051 -0.00012761389796345034
61 12 184.848485 36.363636 0.64461814204083601 -0.00013645098077853817
61 13 184.848485 39.393939 0.63403425704940319 -0.0001447495539109981
61 14 184.848485 42.424242 0.62300074238660363 -0.00015247686668393382
61 15 184.848485 45.454545 0.6115857022512835 -0.00015960242292410387
61 16 184.848485 48.484848 0.5998579656924079 -0.00016609810131638529
61 17 184.848485 51.515152 0.58788643996162793 -0.00017193826638575696
61 18 184.848485 54.545455 0.57573948178593659 -0.0001770998696688077
61 19 184.848485 57.575758 0.56348429466836936 -0.00018156254067549151
61 20 184.848485 60.606061 0.5511863598457919 -0.00018530866728214547
61 21 184.848485 63.636364 0.53890890794094026 -0.0001883234652384956
61 22 184.848485 66.666667 0.5267124376507345 -0.00019059503651433829
61 23 184.848485 69.696970 0.5146542870255072 -0.00019211441625562999
61 24 184.848485 72.727273 0.5027882620269063 -0.00019287560816467049
61 25 184.848485 75.757576 0.4911643261195604 -0.00019287560816475021
61 26 184.848485 78.787879 0.47982835366802368 -0.00019211441625586895
61 27 184.848485 81.818182 0.46882194889161999 -0.00019059503651473546
61 28 184.848485 84.848485 0.45818233109167844 -0.00018832346523904949
61 29 184.848485 87.878788 0.44794228582474216 -0.00018530866728285383
61 30 184.848485 90.909091 0.438130180667962 -0.00018156254067635161
61 31 184.848485 93.939394 0.4287700432252835 -0.00017709986966981615
61 32 184.848485 96.969697 0.41988169807077919 -0.0001719382663869098
61 33 184.848485 100.000000 0.41148095843354038 -0.00016609810131767782
61 34 184.848485 103.030303 0.40357986761077991 -0.00015960242292553111
61 35 184.848485 106.060606 0.39618698436496369 -0.00015247686668549008
61 36 184.848485 109.090909 0.3893077059281887 -0.00014474955391267732
61 37 184.848485 112.121212 0.38294462171239624 -0.00013645098078033367
61 38 184.848485 115.151515 0.3770978904153422 -0.00012761389796535504
61 39 184.848485 118.181818 0.37176563292571058 -0.00011827318139633305
61 40 184.848485 121.212121 0.36694433327053144 -0.00010846569461419811
61 41 184.848485 124.242424 0.3626292398163144 -9.8230143288664909e-05
61 42 184.848485 127.272727 0.35881475903219789 -8.7606922464636633e-05
61 43 184.848485 130.303030 0.35549483434696416 -7.6637957141417791e-05
61 44 184.848485 133.333333 0.35266330297808113 -6.5366536813895592e-05
61 45 184.848485 136.363636 0.35031422407408508 -5.3837144628680627e-05
61 46 184.848485 139.393939 0.34844217208383288 -4.2095281829449666e-05
61 47 184.848485 142.424242 0.34704248993798631 -3.0187288184324404e-05
61 48 184.848485 145.454545 0.34611149738838604 -1.8160159103977367e-05
61 49 184.848485 148.484848 0.34564665068732048 -6.0613601722160688e-06
61 50 184.848485 151.515152 0.34564665068732048 6.0613601789912923e-06
61 51 184.848485 154.545455 0.34611149738838587 1.8160159110762589e-05
61 52 184.848485 157.575758 0.34704248993798609 3.0187288191129602e-05
61 53 184.848485 160.606061 0.34844217208383277 4.2095281836284754e-05
61 54 184.848485 163.636364 0.35031422407408458 5.3837144635555417e-05
61 55 184.848485 166.666667 0.35266330297808074 6.5366536820819673e-05
61 56 184.848485 169.696970 0.35549483434696383 7.6637957148400595e-05
61 57 184.848485 172.727273 0.35881475903219756 8.7606922471687363e-05
61 58 184.848485 175.757576 0.36262923981631395 9.8230143295792481e-05
61 59 184.848485 178.787879 0.36694433327053094 0.0001084656946214112
61 60 184.848485 181.818182 0.37176563292571019 0.00011827318140363983
61 61 184.848485 184.848485 0.37709789041534136 0.00012761389797276348
61 62 184.848485 187.878788 0.38294462171239546 0.00013645098078785136
61 63 184.848485 190.909091 0.38930770592818786 0.00014474955392031126
61 64 184.848485 193.939394 0.39618698436496269 0.000152476866693247
61 65 184.848485 196.969697 0.40357986761077924 0.000159602422933417
61 66 184.848485 200.000000 0.41148095843353938 0.00016609810132569845
61 67 184.848485 203.030303 0.41988169807077813 0.00017193826639507007
61 68 184.848485 206.060606 0.42877004322528239 0.00017709986967812084
61 69 184.848485 209.090909 0.43813018066796067 0.0001815625406848047
61 70 184.848485 212.121212 0.44794228582474049 0.00018530866729145863
61 71 184.848485 215.151515 0.458182331091677 0.00018832346524780868
61 72 184.848485 218.181818 0.46882194889161843 0.00019059503652365148
61 73 184.848485 221.212121 0.47982835366802207 0.00019211441626494313
61 74 184.848485 224.242424 0.49116432611955851 0.00019287560817398363
61 75 184.848485 227.272727 0.50278826202690452 0.0001928756081740634
61 76 184.848485 230.303030 0.51465428702550575 0.00019211441626518211
61 77 184.848485 233.333333 0.52671243765073283 0.00019059503652404865
61 78 184.848485 236.363636 0.53890890794093849 0.00018832346524836263
61 79 184.848485 239.393939 0.55118635984578979 0.00018530866729216705
61 80 184.848485 242.424242 0.5634842946683678 0.00018156254068566475
61 81 184.848485 245.454545 0.57573948178593459 0.00017709986967912926
61 82 184.848485 248.484848 0.58788643996162637 0.0001719382663962229
61 83 184.848485 251.515152 0.59985796569240601 0.00016609810132699098
61 84 184.848485 254.545455 0.61158570225128173 0.00015960242293484422
61 85 184.848485 257.575758 0.62300074238660208 0.0001524768666948033
61 86 184.848485 260.606061 0.63403425704940153 0.00014474955392199048
61 87 184.848485 263.636364 0.64461814204083423 0.0001364509807896468
61 88 184.848485 266.666667 0.65468567411352885 0.00012761389797466815
61 89 184.848485 269.696970 0.66417216782918509 0.00011827318140564619
61 90 184.848485 272.727273 0.67301562437386808 0.00010846569462351127
61 91 184.848485 275.757576 0.68115736356420042 9.8230143297978057e-05
61 92 184.848485 278.787879 0.68854263044185782 8.7606922473949821e-05
61 93 184.848485 281.818182 0.69512116814827929 7.6637957150730952e-05
61 94 184.848485 284.848485 0.70084774919205106 6.536653682320874e-05
61 95 184.848485 287.878788 0.70568265776184491 5.3837144637993775e-05
61 96 184.848485 290.909091 0.70959211639001196 4.20952818387628e-05
61 97 184.848485 293.939394 0.71254865102612264 3.0187288193637541e-05
61 98 184.848485 296.969697 0.71453138942454653 1.8160159113290508e-05
61 99 184.848485 300.000000 0.71552628867267676 6.0613601815292012e-06
62 0 187.878788 0.000000 0.71133084147849357 -6.4811008303623949e-06
62 1 187.878788 3.030303 0.71037382966724349 -1.9417724558838919e-05
62 2 187.878788 6.060606 0.70846651054373633 -3.227771539957762e-05
62 3 187.878788 9.090909 0.70562222047619427 -4.501032084390108e-05
62 4 187.878788 12.121212 0.70186078345731417 -5.7565291115094672e-05
62 5 187.878788 15.151515 0.69720829725855971 -6.989307748131824e-05
62 6 187.878788 18.181818 0.69169685296610506 -8.1945027801814211e-05
62 7 187.878788 21.212121 0.68536419180406294 -9.3673578534680024e-05
62 8 187.878788 24.242424 0.67825330401413675 -0.00010503244244843807
62 9 187.878788 27.272727 0.67041197535165331 -0.00011597679129659214
62 10 187.878788 30.303030 0.66189228746409479 -0.00012646343273423587
62 11 187.878788 33.333333 0.65275007902908189 -0.00013645098077850573
62 12 187.878788 36.363636 0.64304437503509371 -0.00014590001914014761
62 13 187.878788 39.393939 0.63283679198252529 -0.00015477325678160306
62 14 187.878788 42.424242 0.62219092705912926 -0.0001630356750876981
62 15 187.878788 45.454545 0.61117173949858938 -0.0001706546660681182
62 16 187.878788 48.484848 0.59984493236182246 -0.00017760016104624967
62 17 187.878788 51.515152 0.58827634288748432 -0.00018384474932650873
62 18 187.878788 54.545455 0.57653134934292161 -0.00018936378637183403
62 19 187.878788 57.575758 0.56467430197309076 -0.00019413549106441598
62 20 187.878788 60.606061 0.55276798519842119 -0.00019814103166581736
62 21 187.878788 63.636364 0.54087311766041002 -0.00020136460013724198
62 22 187.878788 66.666667 0.52904789606496938 -0.00020379347452664144
62 23 187.878788 69.696970 0.51734758803853853 -0.00020541806917644785
62 24 187.878788 72.727273 0.50582417840254956 -0.00020623197255378525
62 25 187.878788 75.757576 0.49452607240088126 -0.00020623197255386041
62 26 187.878788 78.787879 0.48349785849630783 -0.00020541806917667284
62 27 187.878788 81.818182 0.47278013240020939 -0.00020379347452701541
62 28 187.878788 84.848485 0.46240938303000934 -0.00020136460013776353
62 29 187.878788 87.878788 0.45241794011629582 -0.00019814103166648436
62 30 187.878788 90.909091 0.44283398222160475 -0.00019413549106522577
62 31 187.878788 93.939394 0.43368160300058683 -0.0001893637863727835
62 32 187.878788 96.969697 0.42498093264127301 -0.00018384474932759418
62 33 187.878788 100.000000 0.41674831059339912 -0.00017760016104746671
62 34 187.878788 103.030303 0.40899650492518508 -0.00017065466606946202
62 35 187.878788 106.060606 0.40173497296652599 -0.00016303567508916338
62 36 187.878788 109.090909 0.39497015730478197 -0.00015477325678318416
62 37 187.878788 112.121212 0.38870581070835425 -0.00014590001914183818
62 38 187.878788 115.151515 0.38294334317050704 -0.00013645098078029908
62 39 187.878788 118.181818 0.3776821839971457 -0.00012646343273612501
62 40 187.878788 121.212121 0.3729201517114682 -0.00011597679129856952
62 41 187.878788 124.242424 0.36865382451753798 -0.00010503244245049598
62 42 187.878788 127.272727 0.36487890415407548 -9.3673578536810278e-05
62 43 187.878788 130.303030 0.36159056617728258 -8.1945027804008406e-05
62 44 187.878788 133.333333 0.35878379003364042 -6.9893077483567715e-05
62 45 187.878788 136.363636 0.35645366271486478 -5.7565291117390565e-05
62 46 187.878788 139.393939 0.35459565032028206 -4.5010320846234351e-05
62 47 187.878788 142.424242 0.35320583247798087 -3.2277715401939033e-05
62 48 187.878788 145.454545 0.3522810952848055 -1.9417724561219136e-05
62 49 187.878788 148.484848 0.35181927920497119 -6.4811008327520375e-06
62 50 187.878788 151.515152 0.35181927920497119 6.4811008397872128e-06
62 51 187.878788 154.545455 0.35228109528480528 1.9417724568263726e-05
62 52 187.878788 157.575758 0.35320583247798082 3.2277715409002434e-05
62 53 187.878788 160.606061 0.35459565032028195 4.50103208533259e-05
62 54 187.878788 163.636364 0.35645366271486451 5.7565291124519479e-05
62 55 187.878788 166.666667 0.35878379003364025 6.989307749074306e-05
62 56 187.878788 169.696970 0.36159056617728225 8.1945027811239045e-05
62 57 187.878788 172.727273 0.36487890415407503 9.3673578544104858e-05
62 58 187.878788 175.757576 0.36865382451753753 0.00010503244245786292
62 59 187.878788 178.787879 0.37292015171146786 0.00011597679130601698
62 60 187.878788 181.818182 0.37768218399714537 0.0001264634327436607
62 61 187.878788 184.848485 0.38294334317050627 0.00013645098078793056
62 62 187.878788 187.878788 0.38870581070835353 0.00014590001914957244
62 63 187.878788 190.909091 0.39497015730478119 0.0001547732567910279
62 64 187.878788 193.939394 0.40173497296652527 0.00016303567509712291
62 65 187.878788 196.969697 0.40899650492518436 0.00017065466607754301
62 66 187.878788 200.000000 0.4167483105933984 0.0001776001610556745
62 67 187.878788 203.030303 0.42498093264127229 0.00018384474933593346
62 68 187.878788 206.060606 0.43368160300058578 0.00018936378638125884
62 69 187.878788 209.090909 0.44283398222160381 0.00019413549107384078
62 70 187.878788 212.121212 0.45241794011629449 0.00019814103167524222
62 71 187.878788 215.151515 0.46240938303000811 0.00020136460014666678
62 72 187.878788 218.181818 0.47278013240020794 0.00020379347453606628
62 73 187.878788 221.212121 0.48349785849630672 0.00020541806918587268
62 74 187.878788 224.242424 0.49452607240087953 0.00020623197256321017
62 75 187.878788 227.272727 0.5058241784025479 0.00020623197256328519
62 76 187.878788 230.303030 0.51734758803853709 0.00020541806918609773
62 77 187.878788 233.333333 0.52904789606496783 0.00020379347453644024
62 78 187.878788 236.363636 0.54087311766040846 0.00020136460014718839
62 79 187.878788 239.393939 0.55276798519841952 0.00019814103167590917
62 80 187.878788 242.424242 0.56467430197308954 0.00019413549107465057
62 81 187.878788 245.454545 0.57653134934291983 0.00018936378638220838
62 82 187.878788 248.484848 0.58827634288748287 0.00018384474933701896
62 83 187.878788 251.515152 0.59984493236182068 0.00017760016105689152
62 84 187.878788 254.545455 0.61117173949858794 0.00017065466607888683
62 85 187.878788 257.575758 0.62219092705912771 0.00016303567509858824
62 86 187.878788 260.606061 0.63283679198252407 0.00015477325679260899
62 87 187.878788 263.636364 0.64304437503509249 0.00014590001915126301
62 88 187.878788 266.666667 0.65275007902908055 0.00013645098078972391
62 89 187.878788 269.696970 0.66189228746409379 0.00012646343274554981
62 90 187.878788 272.727273 0.67041197535165209 0.00011597679130799431
62 91 187.878788 275.757576 0.67825330401413553 0.00010503244245992079
62 92 187.878788 278.787879 0.68536419180406227 9.3673578546235099e-05
62 93 187.878788 281.818182 0.69169685296610417 8.1945027813433254e-05
62 94 187.878788 284.848485 0.69720829725855915 6.9893077492992549e-05
62 95 187.878788 287.878788 0.7018607834573134 5.7565291126815372e-05
62 96 187.878788 290.909091 0.70562222047619394 4.5010320855659171e-05
62 97 187.878788 293.939394 0.70846651054373566 3.2277715411363833e-05
62 98 187.878788 296.969697 0.71037382966724327 1.941772457064395e-05
62 99 187.878788 300.000000 0.71133084147849346 6.4811008421768401e-06
63 0 190.909091 0.000000 0.70688137889761204 -6.8752635469908106e-06
63 1 190.909091 3.030303 0.70596440827966456 -2.0598657128497021e-05
63 2 190.909091 6.060606 0.70413680178821336 -3.4240757220929613e-05
63 3 190.909091 9.090909 0.70141116108074897 -4.7747724687706459e-05
63 4 190.909091 12.121212 0.69780622000818515 -6.1066253698982654e-05
63 5 190.909091 15.151515 0.69334664487897157 -7.4143782105407766e-05
63 6 190.909091 18.181818 0.68806277247919201 -8.6928698876916101e-05
63 7 190.909091 21.212121 0.68199028947891327 -9.9370547787883405e-05
63 8 190.909091 24.242424 0.67516985765784321 -0.00011142022654479814
63 9 190.909091 27.272727 0.66764669011866051 -0.00012303018057058137
63 10 190.909091 30.303030 0.65947008431310905 -0.0001341545906807768
63 11 190.909091 33.333333 0.65069291827422082 -0.00014474955391093899
63 12 190.909091 36.363636 0.64137111691927928 -0.0001547732567815768
63 13 190.909091 39.393939 0.63156309565541624 -0.00016418614031685401
63 14 190.909091 42.424242 0.62132918877761034 -0.00017295105616579445
63 15 190.909091 45.454545 0.61073107029371521 -0.00018103341320985136
63 16 190.909091 48.484848 0.59983117484102011 -0.00018840131407824961
63 17 190.909091 51.515152 0.58869212627366341 -0.00019502568103233538
63 18 190.909091 54.545455 0.5773761813016326 -0.00020088037072212624
63 19 190.909091 57.575758 0.56594469525352897 -0.00020594227736216988
63 20 190.909091 60.606061 0.55445761662191173 -0.00021019142391952319
63 21 190.909091 63.636364 0.54297301653862662 -0.0002136110409539748
63 22 190.909091 66.666667 0.53154665872636597 -0.00021618763279936408
63 23 190.909091 69.696970 0.52023161479147617 -0.00021791103082481007
63 24 190.909091 72.727273 0.5090779289726387 -0.00021877443356565211
63 25 190.909091 75.757576 0.49813233565248588 -0.00021877443356572323
63 26 190.909091 78.787879 0.48743803208728576 -0.00021791103082502308
63 27 190.909091 81.818182 0.47703450792710894 -0.00021618763279971823
63 28 190.909091 84.848485 0.46695743219927477 -0.0002136110409544686
63 29 190.909091 87.878788 0.45723859752563561 -0.00021019142392015476
63 30 190.909091 90.909091 0.44790592045355621 -0.00020594227736293668
63 31 190.909091 93.939394 0.43898349591531255 -0.00020088037072302529
63 32 190.909091 96.969697 0.43049170300461131 -0.00019502568103336315
63 33 190.909091 100.000000 0.42244735848498099 -0.00018840131407940196
63 34 190.909091 103.030303 0.41486391373488907 -0.00018103341321112378
63 35 190.909091 106.060606 0.40775169019974289 -0.00017295105616718187
63 36 190.909091 109.090909 0.40111814787111655 -0.00016418614031835104
63 37 190.909091 112.121212 0.39496818085716984 -0.00015477325678317754
63 38 190.909091 115.151515 0.38930443375214524 -0.00014474955391263706
63 39 190.909091 118.181818 0.38412763226243629 -0.00013415459068256554
63 40 190.909091 121.212121 0.37943692140563384 -0.00012303018057245371
63 41 190.909091 124.242424 0.37523020456905437 -0.00011142022654674671
63 42 190.909091 127.272727 0.37150447679571025 -9.9370547789900482e-05
63 43 190.909091 130.303030 0.36825614585676147 -8.6928698878993704e-05
63 44 190.909091 133.333333 0.36548133496684126 -7.4143782107537708e-05
63 45 190.909091 136.363636 0.36317616139716652 -6.1066253701156574e-05
63 46 190.909091 139.393939 0.36133698573424805 -4.7747724689915745e-05
63 47 190.909091 142.424242 0.35996062711121024 -3.4240757223165563e-05
63 48 190.909091 145.454545 0.35904454039447226 -2.0598657130750773e-05
63 49 190.909091 148.484848 0.35858695203016189 -6.8752635492534804e-06
63 50 190.909091 151.515152 0.35858695203016161 6.8752635564823078e-06
63 51 190.909091 154.545455 0.35904454039447203 2.0598657137988517e-05
63 52 190.909091 157.575758 0.35996062711121013 3.4240757230421112e-05
63 53 190.909091 160.606061 0.36133698573424805 4.7747724697197965e-05
63 54 190.909091 163.636364 0.36317616139716635 6.1066253708474152e-05
63 55 190.909091 166.666667 0.36548133496684126 7.4143782114899278e-05
63 56 190.909091 169.696970 0.3682561458567612 8.6928698886407587e-05
63 57 190.909091 172.727273 0.3715044767957103 9.9370547797374904e-05
63 58 190.909091 175.757576 0.37523020456905387 0.00011142022655428967
63 59 190.909091 178.787879 0.37943692140563323 0.00012303018058007289
63 60 190.909091 181.818182 0.38412763226243618 0.00013415459069026828
63 61 190.909091 184.848485 0.38930443375214457 0.00014474955392043047
63 62 190.909091 187.878788 0.39496818085716939 0.00015477325679106828
63 63 190.909091 190.909091 0.4011181478711161 0.00016418614032634552
63 64 190.909091 193.939394 0.40775169019974222 0.00017295105617528593
63 65 190.909091 196.969697 0.41486391373488851 0.00018103341321934287
63 66 190.909091 200.000000 0.42244735848498038 0.0001884013140877411
63 67 190.909091 203.030303 0.43049170300461093 0.00019502568104182689
63 68 190.909091 206.060606 0.43898349591531177 0.00020088037073161776
63 69 190.909091 209.090909 0.44790592045355554 0.00020594227737166139
63 70 190.909091 212.121212 0.45723859752563439 0.00021019142392901473
63 71 190.909091 215.151515 0.46695743219927371 0.00021361104096346629
63 72 190.909091 218.181818 0.477034507927108 0.00021618763280885554
63 73 190.909091 221.212121 0.48743803208728465 0.00021791103083430155
63 74 190.909091 224.242424 0.49813233565248488 0.00021877443357514356
63 75 190.909091 227.272727 0.50907792897263748 0.00021877443357521472
63 76 190.909091 230.303030 0.52023161479147506 0.0002179110308345146
63 77 190.909091 233.333333 0.53154665872636486 0.00021618763280920969
63 78 190.909091 236.363636 0.54297301653862529 0.00021361104096396009
63 79 190.909091 239.393939 0.5544576166219104 0.00021019142392964628
63 80 190.909091 242.424242 0.56594469525352786 0.00020594227737242817
63 81 190.909091 245.454545 0.57737618130163149 0.0002008803707325168
63 82 190.909091 248.484848 0.5886921262736623 0.00019502568104285469
63 83 190.909091 251.515152 0.599831174841019 0.00018840131408889344
63 84 190.909091 254.545455 0.61073107029371398 0.00018103341322061526
63 85 190.909091 257.575758 0.62132918877760912 0.00017295105617667341
63 86 190.909091 260.606061 0.63156309565541502 0.00016418614032784261
63 87 190.909091 263.636364 0.64137111691927828 0.00015477325679266903
63 88 190.909091 266.666667 0.6506929182742196 0.00014474955392212855
63 89 190.909091 269.696970 0.6594700843131085 0.00013415459069205702
63 90 190.909091 272.727273 0.66764669011865951 0.00012303018058194517
63 91 190.909091 275.757576 0.6751698576578421 0.00011142022655623821
63 92 190.909091 278.787879 0.68199028947891249 9.9370547799392008e-05
63 93 190.909091 281.818182 0.68806277247919145 8.6928698888485203e-05
63 94 190.909091 284.848485 0.69334664487897135 7.414378211702922e-05
63 95 190.909091 287.878788 0.69780622000818426 6.1066253710648046e-05
63 96 190.909091 290.909091 0.70141116108074864 4.7747724699407243e-05
63 97 190.909091 293.939394 0.70413680178821281 3.4240757232657055e-05
63 98 190.909091 296.969697 0.705964408279664 2.0598657140242268e-05
63 99 190.909091 300.000000 0.70688137889761204 6.8752635587449631e-06
64 0 193.939394 0.000000 0.70219878353917009 -7.2422927393966724e-06
64 1 193.939394 3.030303 0.70132379430321723 -2.1698296209088102e-05
64 2 193.939394 6.060606 0.69957976975003888 -3.6068666416632077e-05
64 3 193.939394 9.090909 0.69697855478159243 -5.0296690076017116e-05
64 4 193.939394 12.121212 0.69353776028241165 -6.4326215678025319e-05
64 5 193.939394 15.151515 0.68928057778123231 -7.8101875094586058e-05
64 6 193.939394 18.181818 0.68423553633314915 -9.156930209148238e-05
64 7 193.939394 21.212121 0.67843620497247048 -0.00010467534688703969
64 8 193.939394 24.242424 0.67192084482741621 -0.00011736828591003217
64 9 193.939394 27.272727 0.66473201566664941 -0.0001295980259289884
64 10 193.939394 30.303030 0.65691614225407213 -0.00014131630174729019
64 11 193.939394 33.333333 0.64852304641323555 -0.00015247686668385383
64 12 193.939394 36.363636 0.63960545113826883 -0.00016303567508765176
64 13 193.939394 39.393939 0.63021846342796783 -0.00017295105616577479
64 14 193.939394 42.424242 0.62041904275862503 -0.0001821838784390145
64 15 193.939394 45.454545 0.61026546224597944 -0.00019069770417593345
64 16 193.939394 48.484848 0.59981676957550922 -0.00019845893319594515
64 17 193.939394 51.515152 0.58913225470309882 -0.00020543693547387591
64 18 193.939394 54.545455 0.57827093114641537 -0.00021160417202268066
64 19 193.939394 57.575758 0.56729103740427156 -0.0002169363035772437
64 20 193.939394 60.606061 0.5562495646616048 -0.00022141228665033822
64 21 193.939394 63.636364 0.54520181646764532 -0.00022501445658165706
64 22 193.939394 66.666667 0.53420100552207528 -0.00022772859725215608
64 23 193.939394 69.696970 0.52329789207734001 -0.00022954399718858173
64 24 193.939394 72.727273 0.5125404677748624 -0.00023045349183676238
64 25 193.939394 75.757576 0.50197368798972242 -0.0002304534918368302
64 26 193.939394 78.787879 0.49163925497422861 -0.00022954399718878491
64 27 193.939394 81.818182 0.48157545327818335 -0.00022772859725249376
64 28 193.939394 84.848485 0.47181703809535147 -0.0002250144565821279
64 29 193.939394 87.878788 0.46239517635482835 -0.00022141228665094044
64 30 193.939394 90.909091 0.45333743955566813 -0.00021693630357797486
64 31 193.939394 93.939394 0.44466784654624653 -0.00021160417202353799
64 32 193.939394 96.969697 0.43640695368883797 -0.00020543693547485592
64 33 193.939394 100.000000 0.4285719891367063 -0.00019845893319704393
64 34 193.939394 103.030303 0.4211770272967284 -0.00019069770417714675
64 35 193.939394 106.060606 0.41423319896538191 -0.00018218387844033744
64 36 193.939394 109.090909 0.40774893211883279 -0.00017295105616720228
64 37 193.939394 112.121212 0.40173021791665781 -0.0001630356750891781
64 38 193.939394 115.151515 0.39618089614981716 -0.00015247686668547298
64 39 193.939394 118.181818 0.39110295413177393 -0.00014131630174899583
64 40 193.939394 121.212121 0.38649683290049586 -0.00012959802593077367
64 41 193.939394 124.242424 0.38236173457022166 -0.00011736828591189016
64 42 193.939394 127.272727 0.37869592474544572 -0.00010467534688896301
64 43 193.939394 130.303030 0.37549702408404206 -9.1569302093463421e-05
64 44 193.939394 133.333333 0.37276228336868067 -7.8101875096617013e-05
64 45 193.939394 136.363636 0.37048883681100825 -6.4326215680098192e-05
64 46 193.939394 139.393939 0.36867392876526422 -5.0296690078123741e-05
64 47 193.939394 142.424242 0.3673151095595556 -3.6068666418764113e-05
64 48 193.939394 145.454545 0.36641039675506709 -2.1698296211237106e-05
64 49 193.939394 148.484848 0.36595839880609821 -7.2422927415541856e-06
64 50 193.939394 151.515152 0.36595839880609821 7.2422927489095995e-06
64 51 193.939394 154.545455 0.36641039675506692 2.1698296218601024e-05
64 52 193.939394 157.575758 0.36731510955955565 3.6068666426145003e-05
64 53 193.939394 160.606061 0.368673928765264 5.0296690085530041e-05
64 54 193.939394 163.636364 0.37048883681100814 6.4326215687538244e-05
64 55 193.939394 166.666667 0.37276228336868067 7.8101875104098984e-05
64 56 193.939394 169.696970 0.37549702408404201 9.1569302100995292e-05
64 57 193.939394 172.727273 0.37869592474544561 0.00010467534689655262
64 58 193.939394 175.757576 0.38236173457022143 0.00011736828591954511
64 59 193.939394 178.787879 0.38649683290049569 0.00012959802593850132
64 60 193.939394 181.818182 0.39110295413177376 0.00014131630175680314
64 61 193.939394 184.848485 0.39618089614981655 0.00015247686669336673
64 62 193.939394 187.878788 0.40173021791665731 0.00016303567509716468
64 63 193.939394 190.909091 0.40774893211883234 0.00017295105617528772
64 64 193.939394 193.939394 0.41423319896538136 0.00018218387844852737
64 65 193.939394 196.969697 0.42117702729672807 0.00019069770418544637
64 66 193.939394 200.000000 0.42857198913670574 0.0001984589332054581
64 67 193.939394 203.030303 0.43640695368883742 0.00020543693548338881
64 68 193.939394 206.060606 0.44466784654624592 0.00021160417203219359
64 69 193.939394 209.090909 0.45333743955566758 0.00021693630358675663
64 70 193.939394 212.121212 0.46239517635482741 0.0002214122866598512
64 71 193.939394 215.151515 0.47181703809535053 0.00022501445659116995
64 72 193.939394 218.181818 0.48157545327818246 0.00022772859726166901
64 73 193.939394 221.212121 0.49163925497422795 0.00022954399719809466
64 74 193.939394 224.242424 0.50197368798972142 0.00023045349184627528
64 75 193.939394 227.272727 0.51254046777486151 0.00023045349184634315
64 76 193.939394 230.303030 0.52329789207733923 0.00022954399719829781
64 77 193.939394 233.333333 0.53420100552207428 0.00022772859726200671
64 78 193.939394 236.363636 0.54520181646764443 0.00022501445659164082
64 79 193.939394 239.393939 0.55624956466160369 0.00022141228666045339
64 80 193.939394 242.424242 0.56729103740427089 0.00021693630358748779
64 81 193.939394 245.454545 0.57827093114641437 0.00021160417203305084
64 82 193.939394 248.484848 0.58913225470309805 0.00020543693548436885
64 83 193.939394 251.515152 0.59981676957550822 0.00019845893320655686
64 84 193.939394 254.545455 0.61026546224597855 0.00019069770418665967
64 85 193.939394 257.575758 0.62041904275862436 0.00018218387844985036
64 86 193.939394 260.606061 0.63021846342796717 0.00017295105617671521
64 87 193.939394 263.636364 0.63960545113826817 0.00016303567509869099
64 88 193.939394 266.666667 0.64852304641323455 0.00015247686669498593
64 89 193.939394 269.696970 0.65691614225407136 0.00014131630175850875
64 90 193.939394 272.727273 0.66473201566664852 0.00012959802594028662
64 91 193.939394 275.757576 0.67192084482741554 0.00011736828592140308
64 92 193.939394 278.787879 0.67843620497246993 0.00010467534689847595
64 93 193.939394 281.818182 0.68423553633314849 9.1569302102976374e-05
64 94 193.939394 284.848485 0.68928057778123197 7.8101875106129938e-05
64 95 193.939394 287.878788 0.69353776028241121 6.4326215689611103e-05
64 96 193.939394 290.909091 0.69697855478159199 5.029669008763666e-05
64 97 193.939394 293.939394 0.69957976975003833 3.6068666428277032e-05
64 98 193.939394 296.969697 0.7013237943032169 2.1698296220750031e-05
64 99 193.939394 300.000000 0.70219878353916987 7.2422927510670958e-06
65 0 196.969697 0.000000 0.69730480568127717 -7.5807399110372455e-06
65 1 196.969697 3.030303 0.69647351766719612 -2.2712302027538364e-05
65 2 196.969697 6.060606 0.69481650676347462 -3.7754229064181866e-05
65 3 196.969697 9.090909 0.69234484522947171 -5.2647157406956894e-05
65 4 196.969697 12.121212 0.68907499727744326 -6.7332311471626281e-05
65 5 196.969697 15.151515 0.68502864827994303 -8.1751735664105477e-05
65 6 196.969697 18.181818 0.68023248070947429 -9.5848523104715084e-05
65 7 196.969697 21.212121 0.67471789987853281 -0.0001095670402136366
65 8 196.969697 24.242424 0.66852071322696605 -0.00012285314627123538
65 9 196.969697 27.272727 0.66168076752553584 -0.00013565440708674661
65 10 196.969697 30.303030 0.65424154892036723 -0.0001479203019320712
65 11 196.969697 33.333333 0.64624975122422168 -0.00015960242292400897
65 12 196.969697 36.363636 0.63775481826010405 -0.00017065466606805814
65 13 196.969697 39.393939 0.62880846637469801 -0.00018103341320981878
65 14 196.969697 42.424242 0.61946419345893522 -0.00019069770417592095
65 15 196.969697 45.454545 0.60977678093762677 -0.00019960939842511588
65 16 196.969697 48.484848 0.59980179521781707 -0.0002077333255715679
65 17 196.969697 51.515152 0.58959509501632057 -0.00021503742418629927
65 18 196.969697 54.545455 0.57921235082210931 -0.00022149286832900283
65 19 196.969697 57.575758 0.56870858249177236 -0.00022707418131085927
65 20 196.969697 60.606061 0.55813772063045031 -0.00023175933623938847
65 21 196.969697 63.636364 0.54755219698215307 -0.00023552984294853124
65 22 196.969697 66.666667 0.53700256854919415 -0.00023837082097088742
65 23 196.969697 69.696970 0.52653717958870672 -0.00024027105826412184
65 24 196.969697 72.727273 0.51620186500407506 -0.0002412230554597743
65 25 196.969697 75.757576 0.50603969797063719 -0.00024122305545983948
65 26 196.969697 78.787879 0.49609078391902051 -0.00024027105826431722
65 27 196.969697 81.818182 0.48639210225733365 -0.00023837082097121208
65 28 196.969697 84.848485 0.47697739645684933 -0.000235529842948984
65 29 196.969697 87.878788 0.46787711236681723 -0.00023175933623996751
65 30 196.969697 90.909091 0.45911838387447707 -0.00022707418131156232
65 31 196.969697 93.939394 0.45072506429809472 -0.00022149286832982715
65 32 196.969697 96.969697 0.44271780120523974 -0.00021503742418724163
65 33 196.969697 100.000000 0.43511415169648932 -0.00020773332557262445
65 34 196.969697 103.030303 0.42792873459640335 -0.00019960939842628251
65 35 196.969697 106.060606 0.4211734154582556 -0.00019069770417719307
65 36 196.969697 109.090909 0.41485751982489116 -0.00018103341321119143
65 37 196.969697 112.121212 0.40898806980231234 -0.00017065466606952585
65 38 196.969697 115.151515 0.40357003870102187 -0.00015960242292556589
65 39 196.969697 118.181818 0.39860661828727406 -0.00014792030193371125
65 40 196.969697 121.212121 0.39409949306526704 -0.00013565440708846328
65 41 196.969697 124.242424 0.3900491159835604 -0.00012285314627302199
65 42 196.969697 127.272727 0.38645498002473905 -0.000109567040215486
65 43 196.969697 130.303030 0.38331588029515429 -9.584852310662e-05
65 44 196.969697 133.333333 0.38063016147863998 -8.1751735666058355e-05
65 45 196.969697 136.363636 0.3783959458501221 -6.7332311473619491e-05
65 46 196.969697 139.393939 0.37661133745635822 -5.2647157408982529e-05
65 47 196.969697 142.424242 0.37527459855483042 -3.7754229066231943e-05
65 48 196.969697 145.454545 0.37438429494990921 -2.2712302029604769e-05
65 49 196.969697 148.484848 0.37393940746884341 -7.5807399131118257e-06
65 50 196.969697 151.515152 0.3739394074688433 7.5807399205262625e-06
65 51 196.969697 154.545455 0.37438429494990894 2.2712302037027379e-05
65 52 196.969697 157.575758 0.37527459855483009 3.7754229073670871e-05
65 53 196.969697 160.606061 0.37661133745635827 5.2647157416445912e-05
65 54 196.969697 163.636364 0.37839594585012187 6.7332311481115313e-05
65 55 196.969697 166.666667 0.38063016147864015 8.1751735673594496e-05
65 56 196.969697 169.696970 0.38331588029515407 9.5848523114204102e-05
65 57 196.969697 172.727273 0.38645498002473921 0.00010956704022312563
65 58 196.969697 175.757576 0.39004911598356024 0.00012285314628072443
65 59 196.969697 178.787879 0.3940994930652667 0.00013565440709623565
65 60 196.969697 181.818182 0.39860661828727412 0.00014792030194156022
65 61 196.969697 184.848485 0.40357003870102143 0.00015960242293349796
65 62 196.969697 187.878788 0.408988069802312 0.00017065466607754721
65 63 196.969697 190.909091 0.414857519824891 0.00018103341321930782
65 64 196.969697 193.939394 0.42117341545825554 0.00019069770418540994
65 65 196.969697 196.969697 0.42792873459640302 0.00019960939843460492
65 66 196.969697 200.000000 0.43511415169648904 0.00020773332558105689
65 67 196.969697 203.030303 0.44271780120523951 0.00021503742419578829
65 68 196.969697 206.060606 0.45072506429809467 0.00022149286833849182
65 69 196.969697 209.090909 0.45911838387447679 0.00022707418132034826
65 70 196.969697 212.121212 0.46787711236681667 0.00023175933624887746
65 71 196.969697 215.151515 0.47697739645684889 0.00023552984295802028
65 72 196.969697 218.181818 0.48639210225733315 0.00023837082098037644
65 73 196.969697 221.212121 0.49609078391902023 0.00024027105827361089
65 74 196.969697 224.242424 0.50603969797063664 0.00024122305546926334
65 75 196.969697 227.272727 0.5162018650040745 0.0002412230554693285
65 76 196.969697 230.303030 0.52653717958870627 0.00024027105827380626
65 77 196.969697 233.333333 0.53700256854919359 0.00023837082098070113
65 78 196.969697 236.363636 0.54755219698215252 0.00023552984295847307
65 79 196.969697 239.393939 0.55813772063044953 0.00023175933624945656
65 80 196.969697 242.424242 0.56870858249177192 0.00022707418132105129
65 81 196.969697 245.454545 0.57921235082210887 0.0002214928683393162
65 82 196.969697 248.484848 0.58959509501632013 0.00021503742419673059
65 83 196.969697 251.515152 0.5998017952178164 0.00020773332558211347
65 84 196.969697 254.545455 0.60977678093762611 0.00019960939843577158
65 85 196.969697 257.575758 0.61946419345893489 0.00019069770418668209
65 86 196.969697 260.606061 0.62880846637469767 0.00018103341322068045
65 87 196.969697 263.636364 0.6377548182601035 0.00017065466607901487
65 88 196.969697 266.666667 0.64624975122422101 0.00015960242293505491
65 89 196.969697 269.696970 0.65424154892036701 0.00014792030194320027
65 90 196.969697 272.727273 0.66168076752553517 0.0001356544070979523
65 91 196.969697 275.757576 0.66852071322696549 0.00012285314628251098
65 92 196.969697 278.787879 0.6747178998785327 0.00010956704022497503
65 93 196.969697 281.818182 0.68023248070947384 9.5848523116109018e-05
65 94 196.969697 284.848485 0.68502864827994281 8.1751735675547388e-05
65 95 196.969697 287.878788 0.68907499727744304 6.7332311483108497e-05
65 96 196.969697 290.909091 0.69234484522947159 5.2647157418471554e-05
65 97 196.969697 293.939394 0.69481650676347395 3.7754229075720949e-05
65 98 196.969697 296.969697 0.69647351766719567 2.2712302039093784e-05
65 99 196.969697 300.000000 0.69730480568127695 7.5807399226008291e-06
66 0 200.000000 0.000000 0.69222192585938203 -7.8892693655478657e-06
66 1 200.000000 3.030303 0.69143583350890458 -2.3636672766137584e-05
66 2 200.000000 6.060606 0.68986882025271978 -3.9290793017869374e-05
66 3 200.000000 9.090909 0.68753117594013535 -5.4789850459796953e-05
66 4 200.000000 12.121212 0.68443820346846795 -7.0072677393042798e-05
66 5 200.000000 15.151515 0.68061006254711243 -8.5078959481760849e-05
66 6 200.000000 18.181818 0.67607156471029273 -9.9749473786265127e-05
66 7 200.000000 21.212121 0.67085192236553159 -0.00011402632248891622
66 8 200.000000 24.242424 0.66498445528162975 -0.00012785316139035649
66 9 200.000000 27.272727 0.65850625848521172 -0.0001411754222743238
66 10 200.000000 30.303030 0.65145783604016949 -0.00015394052826347109
66 11 200.000000 33.333333 0.64388270562205718 -0.0001660981013162815
66 12 200.000000 36.363636 0.63582697916314523 -0.00017760016104618236
66 13 200.000000 39.393939 0.62733892512811595 -0.00018840131407821091
66 14 200.000000 42.424242 0.61846851818108217 -0.0001984589331959274
66 15 200.000000 45.454545 0.60926698211901942 -0.00020773332557156305
66 16 200.000000 48.484848 0.59978633197326325 -0.00021618788941547812
66 17 200.000000 51.515152 0.59007892111938498 -0.0002237892584267036
66 18 200.000000 54.545455 0.5801969990877669 -0.00023050743347448734
66 19 200.000000 57.575758 0.57019228553513956 -0.00023631590099115778
66 20 200.000000 60.606061 0.56011556552518027 -0.00024119173760906321
66 21 200.000000 63.636364 0.55001631087907121 -0.00024511570062863054
66 22 200.000000 66.666667 0.53994233190108398 -0.00024807230396050976
66 23 200.000000 69.696970 0.52993946326706409 -0.00025004987924209343
66 24 200.000000 72.727273 0.52005128729352068 -0.00025104062188721345
66 25 200.000000 75.757576 0.51031889719093715 -0.00025104062188727676
66 26 200.000000 78.787879 0.50078070225674176 -0.00025004987924228306
66 27 200.000000 81.818182 0.49147227629135981 -0.00024807230396082499
66 28 200.000000 84.848485 0.48242624983557503 -0.00024511570062907013
66 29 200.000000 87.878788 0.47367224613988879 -0.00024119173760962537
66 30 200.000000 90.909091 0.46523686009747067 -0.00023631590099184034
66 31 200.000000 93.939394 0.45714367871235023 -0.00023050743347528761
66 32 200.000000 96.969697 0.4494133410440278 -0.00022378925842761851
66 33 200.000000 100.000000 0.44206363497853185 -0.00021618788941650394
66 34 200.000000 103.030303 0.43510962763330641 -0.00020773332557269569
66 35 200.000000 106.060606 0.42856382571761559 -0.00019845893319716249
66 36 200.000000 109.090909 0.42243636174884808 -0.00018840131407954366
66 37 200.000000 112.121212 0.416735201674657 -0.00017760016104760733
66 38 200.000000 115.151515 0.41146636917658336 -0.00016609810131779313
66 39 200.000000 118.181818 0.40663418173673671 -0.0001539405282650634
66 40 200.000000 121.212121 0.40224149343806676 -0.00014117542227599049
66 41 200.000000 124.242424 0.39828993944217939 -0.00012785316139209108
66 42 200.000000 127.272727 0.39478017714665931 -0.00011402632249071182
66 43 200.000000 130.303030 0.39171211916519477 -9.9749473788114586e-05
66 44 200.000000 133.333333 0.3890851534958813 -8.5078959483656901e-05
66 45 200.000000 136.363636 0.38689834654206745 -7.007267739497799e-05
66 46 200.000000 139.393939 0.38515062502082281 -5.4789850461763642e-05
66 47 200.000000 142.424242 0.38384093323044088 -3.9290793019859806e-05
66 48 200.000000 145.454545 0.38296836264289347 -2.3636672768143853e-05
66 49 200.000000 148.484848 0.38253225133176449 -7.8892693675620711e-06
66 50 200.000000 151.515152 0.38253225133176438 7.8892693749677344e-06
66 51 200.000000 154.545455 0.38296836264289358 2.3636672775557451e-05
66 52 200.000000 157.575758 0.38384093323044094 3.9290793027289248e-05
66 53 200.000000 160.606061 0.38515062502082292 5.4789850469216813e-05
66 54 200.000000 163.636364 0.38689834654206723 7.0072677402462671e-05
66 55 200.000000 166.666667 0.38908515349588141 8.5078959491180722e-05
66 56 200.000000 169.696970 0.39171211916519466 9.9749473795685001e-05
66 57 200.000000 172.727273 0.39478017714665947 0.00011402632249833611
66 58 200.000000 175.757576 0.3982899394421795 0.00012785316139977639
66 59 200.000000 178.787879 0.40224149343806664 0.00014117542228374367
66 60 200.000000 181.818182 0.40663418173673688 0.00015394052827289096
66 61 200.000000 184.848485 0.41146636917658308 0.0001660981013257014
66 62 200.000000 187.878788 0.41673520167465694 0.00017760016105560227
66 63 200.000000 190.909091 0.42243636174884819 0.00018840131408763084
66 64 200.000000 193.939394 0.42856382571761564 0.00019845893320534724
66 65 200.000000 196.969697 0.43510962763330652 0.00020773332558098289
66 66 200.000000 200.000000 0.44206363497853207 0.000216187889424898
66 67 200.000000 203.030303 0.44941334104402786 0.00022378925843612342
66 68 200.000000 206.060606 0.45714367871235007 0.0002305074334839071
66 69 200.000000 209.090909 0.46523686009747078 0.00023631590100057766
66 70 200.000000 212.121212 0.4736722461398884 0.00024119173761848306
66 71 200.000000 215.151515 0.48242624983557481 0.00024511570063805036
66 72 200.000000 218.181818 0.49147227629135942 0.00024807230396992964
66 73 200.000000 221.212121 0.50078070225674165 0.0002500498792515133
66 74 200.000000 224.242424 0.51031889719093682 0.00025104062189663332
66 75 200.000000 227.272727 0.52005128729352046 0.00025104062189669664
66 76 200.000000 230.303030 0.52993946326706409 0.00025004987925170293
66 77 200.000000 233.333333 0.53994233190108365 0.00024807230397024481
66 78 200.000000 236.363636 0.55001631087907077 0.00024511570063848995
66 79 200.000000 239.393939 0.56011556552517971 0.0002411917376190453
66 80 200.000000 242.424242 0.57019228553513934 0.00023631590100126024
66 81 200.000000 245.454545 0.58019699908776656 0.00023050743348470746
66 82 200.000000 248.484848 0.59007892111938498 0.00022378925843703838
66 83 200.000000 251.515152 0.59978633197326292 0.00021618788942592379
66 84 200.000000 254.545455 0.60926698211901908 0.00020773332558211556
66 85 200.000000 257.575758 0.61846851818108195 0.00019845893320658239
66 86 200.000000 260.606061 0.62733892512811573 0.00018840131408896351
66 87 200.000000 263.636364 0.6358269791631449 0.00017760016105702721
66 88 200.000000 266.666667 0.64388270562205685 0.000166098101327213
66 89 200.000000 269.696970 0.6514578360401696 0.00015394052827448327
66 90 200.000000 272.727273 0.65850625848521138 0.00014117542228541036
66 91 200.000000 275.757576 0.66498445528162953 0.00012785316140151096
66 92 200.000000 278.787879 0.67085192236553148 0.0001140263225001317
66 93 200.000000 281.818182 0.67607156471029251 9.9749473797534487e-05
66 94 200.000000 284.848485 0.68061006254711232 8.5078959493076775e-05
66 95 200.000000 287.878788 0.68443820346846751 7.0072677404397837e-05
66 96 200.000000 290.909091 0.68753117594013535 5.4789850471183516e-05
66 97 200.000000 293.939394 0.68986882025271956 3.9290793029279667e-05
66 98 200.000000 296.969697 0.69143583350890447 2.3636672777563717e-05
66 99 200.000000 300.000000 0.69222192585938203 7.8892693769819228e-06
67 0 203.030303 0.000000 0.68697321621236451 -8.1666634781252838e-06
67 1 203.030303 3.030303 0.68623358524401779 -2.4467760355885338e-05
67 2 203.030303 6.060606 0.68475909921422384 -4.067229416175876e-05
67 3 203.030303 9.090909 0.68255926180369852 -5.6716313003961072e-05
67 4 203.030303 12.121212 0.67964820885260946 -7.2536498469937105e-05
67 5 203.030303 15.151515 0.67604456655866252 -8.8070415515207842e-05
67 6 203.030303 18.181818 0.67177126540376764 -0.00010325675886596727
67 7 203.030303 21.212121 0.66685531231883466 -0.00011803559496299031
67 8 203.030303 24.242424 0.66132752415177576 -0.00013234859849200995
67 9 203.030303 27.272727 0.65522222601307623 -0.00014613928256708645
67 10 203.030303 30.303030 0.64857691852867105 -0.00015935322165853971
67 11 203.030303 33.333333 0.64143191842457792 -0.00017193826638565036
67 12 203.030303 36.363636 0.63382997719591616 -0.00018384474932644051
67 13 203.030303 39.393939 0.62581588286978385 -0.00019502568103229741
67 14 203.030303 42.424242 0.61743605005325941 -0.00020543693547386008
67 15 203.030303 45.454545 0.60873810356203706 -0.00021503742418629707
67 16 203.030303 48.484848 0.5997704609505331 -0.00022378925842670666
67 17 203.030303 51.515152 0.5905819192106353 -0.00023165789870367476
67 18 203.030303 54.545455 0.58122125077474174 -0.00023861229108886788
67 19 203.030303 57.575758 0.57173681375165819 -0.00024462498977270128
67 20 203.030303 60.606061 0.56217618104482425 -0.00024967226538041062
67 21 203.030303 63.636364 0.55258579265581931 -0.00025373419862105323
67 22 203.030303 66.666667 0.5430106350678251 -0.00025679475889984907
67 23 203.030303 69.696970 0.53349395114028553 -0.00025884186758361454
67 24 203.030303 72.727273 0.52407698343488951 -0.0002598674456696101
67 25 203.030303 75.757576 0.51479875334233849 -0.00025986744566967228
67 26 203.030303 78.787879 0.50569587779798753 -0.0002588418675838007
67 27 203.030303 81.818182 0.49680242477153058 -0.00025679475890015839
67 28 203.030303 84.848485 0.48814980810104447 -0.00025373419862148464
67 29 203.030303 87.878788 0.47976672162460571 -0.00024967226538096231
67 30 203.030303 90.909091 0.47167911195302659 -0.00024462498977337115
67 31 203.030303 93.939394 0.46391018863468098 -0.00023861229108965322
67 32 203.030303 96.969697 0.45648046989708529 -0.00023165789870457264
67 33 203.030303 100.000000 0.4494078616188103 -0.00022378925842771337
67 34 203.030303 103.030303 0.44270776669756634 -0.00021503742418740865
67 35 203.030303 106.060606 0.43639322154359883 -0.00020543693547507208
67 36 203.030303 109.090909 0.43047505604846092 -0.00019502568103360523
67 37 203.030303 112.121212 0.42496207306365918 -0.00018384474932783888
67 38 203.030303 115.151515 0.41986124317632817 -0.00017193826638713377
67 39 203.030303 118.181818 0.4151779103936209 -0.00015935322166010232
67 40 203.030303 121.212121 0.41091600424647068 -0.00014613928256872205
67 41 203.030303 124.242424 0.40707825379803159 -0.00013234859849371212
67 42 203.030303 127.272727 0.40366639909259522 -0.0001180355949647524
67 43 203.030303 130.303030 0.40068139570596029 -0.00010325675886778223
67 44 203.030303 133.333333 0.39812360825580312 -8.8070415517068522e-05
67 45 203.030303 136.363636 0.39599298899711188 -7.2536498471836194e-05
67 46 203.030303 139.393939 0.39428923795858878 -5.6716313005891073e-05
67 47 203.030303 142.424242 0.39301194146557178 -4.0672294163712031e-05
67 48 203.030303 145.454545 0.39216068633685963 -2.4467760357854161e-05
67 49 203.030303 148.484848 0.39173514752955857 -8.1666634801019046e-06
67 50 203.030303 151.515152 0.39173514752955857 8.1666634874310317e-06
67 51 203.030303 154.545455 0.39216068633685958 2.4467760365191076e-05
67 52 203.030303 157.575758 0.39301194146557167 4.0672294171064494e-05
67 53 203.030303 160.606061 0.39428923795858883 5.6716313013266826e-05
67 54 203.030303 163.636364 0.39599298899711172 7.2536498479242853e-05
67 55 203.030303 166.666667 0.39812360825580329 8.8070415524513603e-05
67 56 203.030303 169.696970 0.40068139570596023 0.00010325675887527303
67 57 203.030303 172.727273 0.40366639909259544 0.00011803559497229604
67 58 203.030303 175.757576 0.4070782537980317 0.00013234859850131571
67 59 203.030303 178.787879 0.41091600424647085 0.00014613928257639221
67 60 203.030303 181.818182 0.41517791039362134 0.00015935322166784542
67 61 203.030303 184.848485 0.41986124317632822 0.00017193826639495607
67 62 203.030303 187.878788 0.4249620730636593 0.00018384474933574627
67 63 203.030303 190.909091 0.43047505604846109 0.0001950256810416032
67 64 203.030303 193.939394 0.43639322154359916 0.00020543693548316579
67 65 203.030303 196.969697 0.44270776669756651 0.00021503742419560281
67 66 203.030303 200.000000 0.44940786161881036 0.00022378925843601243
67 67 203.030303 203.030303 0.45648046989708579 0.00023165789871298047
67 68 203.030303 206.060606 0.4639101886346812 0.00023861229109817359
67 69 203.030303 209.090909 0.47167911195302692 0.00024462498978200704
67 70 203.030303 212.121212 0.4797667216246056 0.00024967226538971638
67 71 203.030303 215.151515 0.48814980810104447 0.00025373419863035894
67 72 203.030303 218.181818 0.49680242477153069 0.00025679475890915478
67 73 203.030303 221.212121 0.50569587779798786 0.00025884186759292035
67 74 203.030303 224.242424 0.51479875334233849 0.00025986744567891586
67 75 203.030303 227.272727 0.52407698343488951 0.00025986744567897804
67 76 203.030303 230.303030 0.53349395114028586 0.00025884186759310646
67 77 203.030303 233.333333 0.5430106350678251 0.0002567947589094641
67 78 203.030303 236.363636 0.5525857926558192 0.0002537341986307904
67 79 203.030303 239.393939 0.56217618104482403 0.00024967226539026807
67 80 203.030303 242.424242 0.5717368137516583 0.00024462498978267686
67 81 203.030303 245.454545 0.58122125077474163 0.00023861229109895901
67 82 203.030303 248.484848 0.59058191921063552 0.00023165789871387835
67 83 203.030303 251.515152 0.59977046095053321 0.00022378925843701908
67 84 203.030303 254.545455 0.60873810356203728 0.00021503742419671433
67 85 203.030303 257.575758 0.61743605005325941 0.00020543693548437784
67 86 203.030303 260.606061 0.62581588286978407 0.00019502568104291101
67 87 203.030303 263.636364 0.63382997719591616 0.00018384474933714465
67 88 203.030303 266.666667 0.64143191842457781 0.00017193826639643947
67 89 203.030303 269.696970 0.64857691852867105 0.00015935322166940805
67 90 203.030303 272.727273 0.65522222601307623 0.00014613928257802781
67 91 203.030303 275.757576 0.66132752415177576 0.00013234859850301788
67 92 203.030303 278.787879 0.66685531231883477 0.00011803559497405816
67 93 203.030303 281.818182 0.67177126540376764 0.00010325675887708799
67 94 203.030303 284.848485 0.67604456655866263 8.807041552637427e-05
67 95 203.030303 287.878788 0.67964820885260935 7.2536498481141914e-05
67 96 203.030303 290.909091 0.68255926180369864 5.6716313015196828e-05
67 97 203.030303 293.939394 0.68475909921422373 4.0672294173017773e-05
67 98 203.030303 296.969697 0.68623358524401756 2.4467760367159906e-05
67 99 203.030303 300.000000 0.68697321621236429 8.1666634894076373e-06
68 0 206.060606 0.000000 0.68158220192102936 -8.411827500936471e-06
68 1 206.060606 3.030303 0.68089006770189675 -2.5202284873752677e-05
68 2 206.060606 6.060606 0.67951018071045288 -4.1893280341982871e-05
68 3 206.060606 9.090909 0.67745126052871807 -5.8418942171904468e-05
68 4 206.060606 12.121212 0.67472627883194591 -7.4714051126131516e-05
68 5 206.060606 15.151515 0.67135233177011944 -9.0714297854148693e-05
68 6 206.060606 18.181818 0.66735047248182988 -0.00010635653669193808
68 7 206.060606 21.212121 0.66274550597883275 -0.00012157903486906605
68 8 206.060606 24.242424 0.65756574913523935 -0.00013632171613972533
68 9 206.060606 27.272727 0.65184275896981803 -0.0001505263978762311
68 10 206.060606 30.303030 0.64561103281648546 -0.00016413702068927106
68 11 206.060606 33.333333 0.6389076843306738 -0.0001770998696687043
68 12 206.060606 36.363636 0.6317720995727103 -0.00018936378637177137
68 13 206.060606 39.393939 0.6242455776393393 -0.0002008803707220958
68 14 206.060606 42.424242 0.61637096047773443 -0.00021160417202267394
68 15 206.060606 45.454545 0.60819225661058485 -0.00022149286832901093
68 16 206.060606 48.484848 0.59975426352486949 -0.00023050743347450143
68 17 206.060606 51.515152 0.59110219343066339 -0.00023861229108887937
68 18 206.060606 54.545455 0.58228130698078828 -0.00024577545500189786
68 19 206.060606 57.575758 0.57333655935931338 -0.00025196865547813047
68 20 206.060606 60.606061 0.56431226290005509 -0.00025716745078470187
68 21 206.060606 63.636364 0.55525177008927695 -0.00026135132365164053
68 22 206.060606 66.666667 0.54619718044491006 -0.00026450376224417037
68 23 206.060606 69.696970 0.53718907435355878 -0.00026661232532737886
68 24 206.060606 72.727273 0.52826627649302893 -0.00026766869136608747
68 25 206.060606 75.757576 0.51946565097930264 -0.00026766869136614921
68 26 206.060606 78.787879 0.51082192986065833 -0.00026661232532756361
68 27 206.060606 81.818182 0.50236757604614657 -0.00026450376224447741
68 28 206.060606 84.848485 0.49413268120937148 -0.00026135132365206869
68 29 206.060606 87.878788 0.48614489866016036 -0.00025716745078524945
68 30 206.060606 90.909091 0.47842941063481237 -0.00025196865547879536
68 31 206.060606 93.939394 0.47100892892874485 -0.00024577545500267741
68 32 206.060606 96.969697 0.4639037272917354 -0.0002386122910897705
68 33 206.060606 100.000000 0.45713170353345495 -0.00023050743347550063
68 34 206.060606 103.030303 0.45070846885292076 -0.00022149286833011425
68 35 206.060606 106.060606 0.44464746151660128 -0.00021160417202387697
68 36 206.060606 109.090909 0.4389600816721328 -0.00020088037072339395
68 37 206.060606 112.121212 0.43365584380312139 -0.00018936378637315942
68 38 206.060606 115.151515 0.42874254310951743 -0.0001770998696701767
68 39 206.060606 118.181818 0.42422643194084175 -0.00016413702069082207
68 40 206.060606 121.212121 0.42011240231833946 -0.00015052639787785458
68 41 206.060606 124.242424 0.41640417055809986 -0.00013632171614141495
68 42 206.060606 127.272727 0.41310446005043094 -0.00012157903487081508
68 43 206.060606 130.303030 0.41021517836030008 -0.0001063565366937396
68 44 206.060606 133.333333 0.4077375849874178 -9.0714297855995591e-05
68 45 206.060606 136.363636 0.40567244635950211 -7.471405112801651e-05
68 46 206.060606 139.393939 0.40402017492429654 -5.8418942173820172e-05
68 47 206.060606 142.424242 0.40278094955015381 -4.1893280343921688e-05
68 48 206.060606 145.454545 0.40195481483554962 -2.5202284875706921e-05
68 49 206.060606 148.484848 0.40154175735830266 -8.4118275028984484e-06
68 50 206.060606 151.515152 0.40154175735830266 8.4118275100835798e-06
68 51 206.060606 154.545455 0.40195481483554957 2.5202284882899782e-05
68 52 206.060606 157.575758 0.40278094955015381 4.1893280351129979e-05
68 53 206.060606 160.606061 0.40402017492429665 5.8418942181051584e-05
68 54 206.060606 163.636364 0.405672446359502 7.4714051135278605e-05
68 55 206.060606 166.666667 0.40773758498741808 9.0714297863295809e-05
68 56 206.060606 169.696970 0.41021517836030036 0.00010635653670108518
68 57 206.060606 172.727273 0.41310446005043155 0.00012157903487821319
68 58 206.060606 175.757576 0.41640417055809997 0.00013632171614887247
68 59 206.060606 178.787879 0.42011240231833968 0.00015052639788537821
68 60 206.060606 181.818182 0.42422643194084225 0.00016413702069841815
68 61 206.060606 184.848485 0.42874254310951754 0.00017709986967785139
68 62 206.060606 187.878788 0.43365584380312155 0.00018936378638091851
68 63 206.060606 190.909091 0.43896008167213313 0.00020088037073124292
68 64 206.060606 193.939394 0.44464746151660162 0.00021160417203182097
68 65 206.060606 196.969697 0.45070846885292115 0.00022149286833815805
68 66 206.060606 200.000000 0.45713170353345539 0.00023050743348364857
68 67 206.060606 203.030303 0.46390372729173612 0.00023861229109802643
68 68 206.060606 206.060606 0.47100892892874546 0.00024577545501104495
68 69 206.060606 209.090909 0.47842941063481303 0.00025196865548727761
68 70 206.060606 212.121212 0.48614489866016053 0.00025716745079384896
68 71 206.060606 215.151515 0.49413268120937187 0.00026135132366078768
68 72 206.060606 218.181818 0.50236757604614712 0.00026450376225331751
68 73 206.060606 221.212121 0.51082192986065889 0.000266612325336526
68 74 206.060606 224.242424 0.51946565097930297 0.00026766869137523461
68 75 206.060606 227.272727 0.52826627649302926 0.0002676686913752963
68 76 206.060606 230.303030 0.53718907435355934 0.00026661232533671075
68 77 206.060606 233.333333 0.54619718044491028 0.00026450376225362456
68 78 206.060606 236.363636 0.55525177008927762 0.00026135132366121583
68 79 206.060606 239.393939 0.56431226290005543 0.00025716745079439659
68 80 206.060606 242.424242 0.57333655935931394 0.0002519686554879425
68 81 206.060606 245.454545 0.58228130698078862 0.00024577545501182449
68 82 206.060606 248.484848 0.59110219343066406 0.00023861229109891767
68 83 206.060606 251.515152 0.59975426352486971 0.00023050743348464777
68 84 206.060606 254.545455 0.60819225661058529 0.00022149286833926139
68 85 206.060606 257.575758 0.61637096047773499 0.00021160417203302411
68 86 206.060606 260.606061 0.62424557763933963 0.00020088037073254109
68 87 206.060606 263.636364 0.63177209957271063 0.0001893637863823065
68 88 206.060606 266.666667 0.63890768433067402 0.00017709986967932384
68 89 206.060606 269.696970 0.64561103281648591 0.00016413702069996921
68 90 206.060606 272.727273 0.65184275896981825 0.00015052639788700167
68 91 206.060606 275.757576 0.65756574913523946 0.00013632171615056207
68 92 206.060606 278.787879 0.66274550597883319 0.00012157903487996221
68 93 206.060606 281.818182 0.66735047248182988 0.00010635653670288672
68 94 206.060606 284.848485 0.67135233177011977 9.0714297865142706e-05
68 95 206.060606 287.878788 0.67472627883194602 7.4714051137163599e-05
68 96 206.060606 290.909091 0.6774512605287184 5.8418942182967281e-05
68 97 206.060606 293.939394 0.67951018071045277 4.189328035306879e-05
68 98 206.060606 296.969697 0.68089006770189664 2.5202284884854023e-05
68 99 206.060606 300.000000 0.68158220192102936 8.4118275120455419e-06
69 0 209.090909 0.000000 0.67607272403505181 -8.6237938835881766e-06
69 1 209.090909 3.030303 0.67542889160267827 -2.5837347487039922e-05
69 2 209.090909 6.060606 0.67414521761400237 -4.2948932883903924e-05
69 3 209.090909 9.090909 0.67222964520420803 -5.9891018464158533e-05
69 4 209.090909 12.121212 0.66969399304670707 -7.6596741556121138e-05
69 5 209.090909 15.151515 0.66655384154666086 -9.3000172302866593e-05
69 6 209.090909 18.181818 0.66282838345726913 -0.00010903657385725224
69 7 209.090909 21.212121 0.65854024089452134 -0.00012464265786867786
69 8 209.090909 24.242424 0.65371525116382367 -0.00013975683425329199
69 9 209.090909 27.272727 0.64838222421339042 -0.00015431945426191485
69 10 209.090909 30.303030 0.64257267488863956 -0.00016827304588640072
69 11 209.090909 33.333333 0.63632053347364914 -0.00018156254067539735
69 12 209.090909 36.363636 0.62966183826551148 -0.00019413549106436529
69 13 209.090909 39.393939 0.62263441413133902 -0.00020594227736215375
69 14 209.090909 42.424242 0.61527754114285993 -0.00021693630357725316
69 15 209.090909 45.454545 0.60763161746798267 -0.00022707418131088521
69 16 209.090909 48.484848 0.59973782072138615 -0.00023631590099119101
69 17 209.090909 51.515152 0.59163777193696832 -0.00024462498977273256
69 18 209.090909 54.545455 0.58337320622479771 -0.00025196865547815074
69 19 209.090909 57.575758 0.57498565401579549 -0.00025831791601390789
69 20 209.090909 60.606061 0.56651613658153344 -0.00026364771374937058
69 21 209.090909 63.636364 0.55800487924779718 -0.00026793701440783007
69 22 209.090909 66.666667 0.54949104540338545 -0.00027116889007918236
69 23 209.090909 69.696970 0.54101249404513252 -0.00027333058602665604
69 24 209.090909 72.727273 0.53260556320217423 -0.00027441357102393163
69 25 209.090909 75.757576 0.52430488115338536 -0.00027441357102399354
69 26 209.090909 78.787879 0.51614320689859117 -0.0002733305860268416
69 27 209.090909 81.818182 0.5081513008737627 -0.0002711688900794906
69 28 209.090909 84.848485 0.50035782642041882 -0.00026793701440826006
69 29 209.090909 87.878788 0.49278928203747557 -0.00026364771374992059
69 30 209.090909 90.909091 0.48546996396734754 -0.00025831791601457559
69 31 209.090909 93.939394 0.4784219582047527 -0.00025196865547893365
69 32 209.090909 96.969697 0.47166516057359659 -0.00024462498977362757
69 33 209.090909 100.000000 0.46521732310146624 -0.00023631590099219444
69 34 209.090909 103.030303 0.45909412453905146 -0.00022707418131199321
69 35 209.090909 106.060606 0.45330926252918197 -0.00021693630357846137
69 36 209.090909 109.090909 0.44787456463233477 -0.00020594227736345743
69 37 209.090909 112.121212 0.44280011516697276 -0.00019413549106575919
69 38 209.090909 115.151515 0.43809439462764466 -0.00018156254067687604
69 39 209.090909 118.181818 0.43376442830428641 -0.00016827304588795837
69 40 209.090909 121.212121 0.42981594064454343 -0.00015431945426354528
69 41 209.090909 124.242424 0.42625351187829197 -0.00013975683425498876
69 42 209.090909 127.272727 0.42308073345988123 -0.00012464265787043432
69 43 209.090909 130.303030 0.4203003589781486 -0.00010903657385906139
69 44 209.090909 133.333333 0.41791444733516392 -9.3000172304721337e-05
69 45 209.090909 136.363636 0.41592449519925262 -7.6596741558014155e-05
69 46 209.090909 139.393939 0.41433155599254418 -5.9891018466082396e-05
69 47 209.090909 142.424242 0.41313634297381802 -4.2948932885850996e-05
69 48 209.090909 145.454545 0.41233931431856613 -2.5837347489002494e-05
69 49 209.090909 148.484848 0.41194073847435725 -8.6237938855585107e-06
69 50 209.090909 151.515152 0.41194073847435697 8.623793892532753e-06
69 51 209.090909 154.545455 0.41233931431856607 2.5837347495984495e-05
69 52 209.090909 157.575758 0.4131363429738179 4.2948932892848497e-05
69 53 209.090909 160.606061 0.41433155599254445 5.9891018473103113e-05
69 54 209.090909 163.636364 0.41592449519925251 7.6596741565065712e-05
69 55 209.090909 166.666667 0.41791444733516436 9.3000172311811152e-05
69 56 209.090909 169.696970 0.42030035897814866 0.00010903657386619679
69 57 209.090909 172.727273 0.42308073345988179 0.00012464265787762245
69 58 209.090909 175.757576 0.42625351187829236 0.00013975683426223654
69 59 209.090909 178.787879 0.42981594064454381 0.00015431945427085947
69 60 209.090909 181.818182 0.43376442830428702 0.00016827304589534528
69 61 209.090909 184.848485 0.43809439462764527 0.00018156254068434194
69 62 209.090909 187.878788 0.44280011516697321 0.00019413549107330985
69 63 209.090909 190.909091 0.4478745646323356 0.00020594227737109834
69 64 209.090909 193.939394 0.45330926252918263 0.00021693630358619772
69 65 209.090909 196.969697 0.45909412453905202 0.00022707418131982974
69 66 209.090909 200.000000 0.46521732310146696 0.00023631590100013563
69 67 209.090909 203.030303 0.47166516057359753 0.00024462498978167717
69 68 209.090909 206.060606 0.47842195820475347 0.0002519686554870953
69 69 209.090909 209.090909 0.48546996396734832 0.00025831791602285245
69 70 209.090909 212.121212 0.49278928203747596 0.00026364771375831519
69 71 209.090909 215.151515 0.50035782642041948 0.00026793701441677462
69 72 209.090909 218.181818 0.50815130087376348 0.00027116889008812692
69 73 209.090909 221.212121 0.51614320689859228 0.00027333058603560059
69 74 209.090909 224.242424 0.52430488115338614 0.00027441357103287619
69 75 209.090909 227.272727 0.532605563202175 0.00027441357103293821
69 76 209.090909 230.303030 0.54101249404513341 0.00027333058603578616
69 77 209.090909 233.333333 0.54949104540338611 0.00027116889008843527
69 78 209.090909 236.363636 0.55800487924779796 0.00026793701441720462
69 79 209.090909 239.393939 0.56651613658153388 0.00026364771375886515
69 80 209.090909 242.424242 0.57498565401579627 0.00025831791602352021
69 81 209.090909 245.454545 0.58337320622479849 0.00025196865548787815
69 82 209.090909 248.484848 0.59163777193696943 0.00024462498978257218
69 83 209.090909 251.515152 0.59973782072138682 0.00023631590100113906
69 84 209.090909 254.545455 0.60763161746798333 0.00022707418132093783
69 85 209.090909 257.575758 0.61527754114286071 0.00021693630358740596
69 86 209.090909 260.606061 0.62263441413133991 0.00020594227737240204
69 87 209.090909 263.636364 0.62966183826551192 0.00019413549107470375
69 88 209.090909 266.666667 0.6363205334736497 0.0001815625406858206
69 89 209.090909 269.696970 0.64257267488864012 0.00016827304589690293
69 90 209.090909 272.727273 0.64838222421339087 0.00015431945427248983
69 91 209.090909 275.757576 0.65371525116382412 0.00013975683426393332
69 92 209.090909 278.787879 0.65854024089452212 0.00012464265787937891
69 93 209.090909 281.818182 0.66282838345726913 0.000109036573868006
69 94 209.090909 284.848485 0.66655384154666153 9.3000172313665924e-05
69 95 209.090909 287.878788 0.66969399304670718 7.6596741566958729e-05
69 96 209.090909 290.909091 0.67222964520420836 5.9891018475026975e-05
69 97 209.090909 293.939394 0.67414521761400237 4.2948932894795569e-05
69 98 209.090909 296.969697 0.67542889160267827 2.5837347497947061e-05
69 99 209.090909 300.000000 0.67607272403505159 8.6237938945030702e-06
70 0 212.121212 0.000000 0.67046880492883687 -8.8017260916063085e-06
70 1 212.121212 3.030303 0.66987385059841065 -2.637044189374494e-05
70 2 212.121212 6.060606 0.66868754878839143 -4.3835085609220711e-05
70 3 212.121212 9.090909 0.66691707911322839 -6.1126732268125419e-05
70 4 212.121212 12.121212 0.6645731262241652 -7.8177139640898285e-05
70 5 212.121212 15.151515 0.6616697793313373 -9.4919017559229085e-05
70 6 212.121212 18.181818 0.65822440029092522 -0.00011128629347961068
70 7 212.121212 21.212121 0.65425746198140022 -0.00012721437324148249
70 8 212.121212 24.242424 0.64979235907502841 -0.00014264039599087172
70 9 212.121212 27.272727 0.64485519366146493 -0.00015750348226346609
70 10 212.121212 30.303030 0.63947453849425651 -0.0001717449742480458
70 11 212.121212 33.333333 0.63368118090377523 -0.00018530866728206657
70 12 212.121212 36.363636 0.62750785064754033 -0.00019814103166578497
70 13 212.121212 39.393939 0.62098893514776365 -0.00021019142391952812
70 14 212.121212 42.424242 0.61416018569372832 -0.00022141228665037112
70 15 212.121212 45.454545 0.60705841826161488 -0.00023175933623943975
70 16 212.121212 48.484848 0.59972121262560285 -0.00024119173760912336
70 17 212.121212 51.515152 0.59218661340152323 -0.00024967226538047009
70 18 212.121212 54.545455 0.58449283657867734 -0.00025716745078475104
70 19 212.121212 57.575758 0.57667798495831368 -0.00026364771374939996
70 20 212.121212 60.606061 0.5687797757309534 -0.00026908747963704589
70 21 212.121212 63.636364 0.56083528319247622 -0.00027346528017692297
70 22 212.121212 66.666667 0.55288069932437089 -0.00027676383819032728
70 23 212.121212 69.696970 0.54495111465134738 -0.00027897013577574738
70 24 212.121212 72.727273 0.53708032144460216 -0.00028007546568457539
70 25 212.121212 75.757576 0.52930064096699903 -0.00028007546568463828
70 26 212.121212 78.787879 0.52164277606318443 -0.00027897013577593582
70 27 212.121212 81.818182 0.51413568998948922 -0.0002767638381906405
70 28 212.121212 84.848485 0.50680651196180926 -0.00027346528017735985
70 29 212.121212 87.878788 0.49968046948115119 -0.00026908747963760458
70 30 212.121212 90.909091 0.49278084708267372 -0.00026364771375007829
70 31 212.121212 93.939394 0.48612897075143874 -0.00025716745078554636
70 32 212.121212 96.969697 0.4797442168629299 -0.0002496722653813793
70 33 212.121212 100.000000 0.47364404414474853 -0.00024119173761014275
70 34 212.121212 103.030303 0.46784404682331365 -0.00023175933624056539
70 35 212.121212 106.060606 0.46235802682105115 -0.00022141228665159852
70 36 212.121212 109.090909 0.45719808260997108 -0.0002101914239208525
70 37 212.121212 112.121212 0.45237471211067676 -0.00019814103166720107
70 38 212.121212 115.151515 0.44789692685492455 -0.00018530866728356873
70 39 212.121212 118.181818 0.44377237450739832 -0.00017174497424962817
70 40 212.121212 121.212121 0.44000746677004088 -0.00015750348226512242
70 41 212.121212 124.242424 0.43660750967105461 -0.00014264039599259549
70 42 212.121212 127.272727 0.433576833270581 -0.00012721437324326687
70 43 212.121212 130.303030 0.43091891789539333 -0.00011128629348144862
70 44 212.121212 133.333333 0.42863651414410997 -9.491901756111332e-05
70 45 212.121212 136.363636 0.42673175408016545 -7.8177139642821402e-05
70 46 212.121212 139.393939 0.42520625124892086 -6.112673227007987e-05
70 47 212.121212 142.424242 0.42406118741418347 -4.3835085611198729e-05
70 48 212.121212 145.454545 0.42329738420349233 -2.63704418957387e-05
70 49 212.121212 148.484848 0.42291535817599718 -8.8017260936079609e-06
70 50 212.121212 151.515152 0.42291535817599718 8.8017261003052556e-06
70 51 212.121212 154.545455 0.42329738420349233 2.6370441902443887e-05
70 52 212.121212 157.575758 0.42406118741418347 4.3835085617919658e-05
70 53 212.121212 160.606061 0.4252062512489212 6.1126732276824367e-05
70 54 212.121212 163.636364 0.4267317540801655 7.8177139649597245e-05
70 55 212.121212 166.666667 0.42863651414411041 9.4919017567928032e-05
70 56 212.121212 169.696970 0.43091891789539366 0.00011128629348830963
70 57 212.121212 172.727273 0.43357683327058161 0.00012721437325018139
70 58 212.121212 175.757576 0.43660750967105516 0.0001426403959995707
70 59 212.121212 178.787879 0.44000746677004154 0.00015750348227216505
70 60 212.121212 181.818182 0.44377237450739915 0.00017174497425674474
70 61 212.121212 184.848485 0.44789692685492533 0.0001853086672907655
70 62 212.121212 187.878788 0.45237471211067748 0.00019814103167448393
70 63 212.121212 190.909091 0.45719808260997219 0.00021019142392822708
70 64 212.121212 193.939394 0.46235802682105193 0.00022141228665907006
70 65 212.121212 196.969697 0.46784404682331471 0.00023175933624813871
70 66 212.121212 200.000000 0.47364404414474948 0.00024119173761782232
70 67 212.121212 203.030303 0.47974421686293112 0.00024967226538916902
70 68 212.121212 206.060606 0.48612897075143996 0.00025716745079344997
70 69 212.121212 209.090909 0.49278084708267494 0.00026364771375809889
70 70 212.121212 212.121212 0.49968046948115197 0.00026908747964574488
70 71 212.121212 215.151515 0.50680651196181015 0.00027346528018562191
70 72 212.121212 218.181818 0.51413568998949033 0.00027676383819902616
70 73 212.121212 221.212121 0.52164277606318576 0.00027897013578444632
70 74 212.121212 224.242424 0.52930064096699991 0.00028007546569327433
70 75 212.121212 227.272727 0.53708032144460305 0.00028007546569333726
70 76 212.121212 230.303030 0.54495111465134871 0.0002789701357846348
70 77 212.121212 233.333333 0.552880699324372 0.00027676383819933944
70 78 212.121212 236.363636 0.56083528319247722 0.00027346528018605879
70 79 212.121212 239.393939 0.56877977573095428 0.00026908747964630357
70 80 212.121212 242.424242 0.5766779849583149 0.00026364771375877723
70 81 212.121212 245.454545 0.58449283657867845 0.00025716745079424529
70 82 212.121212 248.484848 0.59218661340152434 0.00024967226539007823
70 83 212.121212 251.515152 0.59972121262560407 0.00024119173761884169
70 84 212.121212 254.545455 0.607058418261616 0.00023175933624926433
70 85 212.121212 257.575758 0.61416018569372954 0.00022141228666029748
70 86 212.121212 260.606061 0.62098893514776465 0.00021019142392955146
70 87 212.121212 263.636364 0.62750785064754133 0.00019814103167590001
70 88 212.121212 266.666667 0.63368118090377579 0.00018530866729226769
70 89 212.121212 269.696970 0.63947453849425728 0.00017174497425832716
70 90 212.121212 272.727273 0.6448551936614656 0.00015750348227382136
70 91 212.121212 275.757576 0.64979235907502886 0.00014264039600129445
70 92 212.121212 278.787879 0.65425746198140089 0.00012721437325196583
70 93 212.121212 281.818182 0.65822440029092588 0.00011128629349014759
70 94 212.121212 284.848485 0.66166977933133775 9.4919017569812267e-05
70 95 212.121212 287.878788 0.66457312622416531 7.8177139651520349e-05
70 96 212.121212 290.909091 0.66691707911322895 6.1126732278778817e-05
70 97 212.121212 293.939394 0.66868754878839132 4.3835085619897676e-05
70 98 212.121212 296.969697 0.66987385059841065 2.6370441904437647e-05
70 99 212.121212 300.000000 0.67046880492883676 8.8017261023068961e-06
71 0 215.151515 0.000000 0.66479451755527341 -8.9449219078553039e-06
71 1 215.151515 3.030303 0.66424879203028231 -2.6799464213792127e-05
71 2 215.151515 6.060606 0.6631605728241905 -4.4548241277971094e-05
71 3 215.151515 9.090909 0.66153629386765633 -6.212120678596484e-05
71 4 215.151515 12.121212 0.65938553204943973 -7.9449008271237568e-05
71 5 215.151515 15.151515 0.65672091948159561 -9.6463260817646358e-05
71 6 215.151515 18.181818 0.65355802829234899 -0.00011309681694346321
71 7 215.151515 21.212121 0.64991522943198843 -0.00012928403160180843
71 8 215.151515 24.242424 0.64581352730652852 -0.00014496102125166052
71 9 215.151515 27.272727 0.64127637235629087 -0.00016006591597700673
71 10 215.151515 30.303030 0.63632945396752416 -0.0001745391036591361
71 11 215.151515 33.333333 0.63100047634070833 -0.00018832346523843784
71 12 215.151515 36.363636 0.62531892013588852 -0.00020136460013723417
71 13 215.151515 39.393939 0.61931579287042826 -0.00021361104095400733
71 14 215.151515 42.424242 0.61302337115575445 -0.00022501445658172032
71 15 215.151515 45.454545 0.60647493792557206 -0.00023552984294861532
71 16 215.151515 48.484848 0.59970451782777767 -0.00024511570062872541
71 17 215.151515 51.515152 0.59274661392587424 -0.00025373419862114902
71 18 215.151515 54.545455 0.58563594878372227 -0.00026135132365172716
71 19 215.151515 57.575758 0.57840721289123254 -0.00026793701440789767
71 20 215.151515 60.606061 0.57109482323022942 -0.00027346528017696168
71 21 215.151515 63.636364 0.56373269458175679 -0.0002779143034195533
71 22 215.151515 66.666667 0.55635402594190209 -0.00028126652587349927
71 23 215.151515 69.696970 0.54899110414657459 -0.00028350871784825851
71 24 215.151515 72.727273 0.54167512651091387 -0.00028463203043646698
71 25 215.151515 75.757576 0.53443604397085664 -0.00028463203043653155
71 26 215.151515 78.787879 0.52730242587796572 -0.00028350871784845204
71 27 215.151515 81.818182 0.52030134724925348 -0.00028126652587382096
71 28 215.151515 84.848485 0.51345829891696615 -0.00027791430342000194
71 29 215.151515 87.878788 0.50679712066479943 -0.00027346528017753544
71 30 215.151515 90.909091 0.50033995708236234 -0.00026793701440859437
71 31 215.151515 93.939394 0.49410723552455338 -0.00026135132365254405
71 32 215.151515 96.969697 0.48811766523214867 -0.00025373419862208285
71 33 215.151515 100.000000 0.48238825635956956 -0.00024511570062977242
71 34 215.151515 103.030303 0.47693435737019529 -0.00023552984294977143
71 35 215.151515 106.060606 0.47176970900319859 -0.00022501445658298092
71 36 215.151515 109.090909 0.46690651279255035 -0.00021361104095536762
71 37 215.151515 112.121212 0.46235551193197882 -0.00020136460013868863
71 38 215.151515 115.151515 0.45812608213204803 -0.00018832346523998072
71 39 215.151515 118.181818 0.45422633000925722 -0.00017453910366076135
71 40 215.151515 121.212121 0.45066319648367648 -0.00016006591597870785
71 41 215.151515 124.242424 0.44744256264185939 -0.00014496102125343088
71 42 215.151515 127.272727 0.44456935554572302 -0.00012928403160364111
71 43 215.151515 130.303030 0.44204765153511028 -0.00011309681694535088
71 44 215.151515 133.333333 0.43988077468054443 -9.6463260819581591e-05
71 45 215.151515 136.363636 0.43807138819126729 -7.9449008273212727e-05
71 46 215.151515 139.393939 0.43662157676935598 -6.2121206787972159e-05
71 47 215.151515 142.424242 0.43553291812038925 -4.4548241280002631e-05
71 48 215.151515 145.454545 0.43480654208091257 -2.6799464215839839e-05
71 49 215.151515 148.484848 0.43444317609869182 -8.9449219099111274e-06
71 50 215.151515 151.515152 0.43444317609869182 8.9449219162665054e-06
71 51 215.151515 154.545455 0.43480654208091246 2.6799464222203323e-05
71 52 215.151515 157.575758 0.43553291812038941 4.454824128638228e-05
71 53 215.151515 160.606061 0.43662157676935631 6.2121206794376013e-05
71 54 215.151515 163.636364 0.43807138819126745 7.9449008279648754e-05
71 55 215.151515 166.666667 0.43988077468054498 9.6463260826057558e-05
71 56 215.151515 169.696970 0.44204765153511077 0.0001130968169518744
71 57 215.151515 172.727273 0.44456935554572374 0.00012928403161021964
71 58 215.151515 175.757576 0.44744256264186 0.00014496102126007173
71 59 215.151515 178.787879 0.45066319648367709 0.00016006591598541795
71 60 215.151515 181.818182 0.45422633000925833 0.00017453910366754732
71 61 215.151515 184.848485 0.45812608213204892 0.000188323465246849
71 62 215.151515 187.878788 0.46235551193197982 0.00020136460014564544
71 63 215.151515 190.909091 0.46690651279255141 0.0002136110409624186
71 64 215.151515 193.939394 0.47176970900319992 0.00022501445659013153
71 65 215.151515 196.969697 0.47693435737019635 0.0002355298429570265
71 66 215.151515 200.000000 0.48238825635957083 0.00024511570063713659
71 67 215.151515 203.030303 0.48811766523215017 0.00025373419862956015
71 68 215.151515 206.060606 0.49410723552455466 0.00026135132366013829
71 69 215.151515 209.090909 0.5003399570823639 0.00026793701441630885
71 70 215.151515 212.121212 0.50679712066480065 0.00027346528018537287
71 71 215.151515 215.151515 0.51345829891696781 0.00027791430342796438
71 72 215.151515 218.181818 0.52030134724925514 0.00028126652588191046
71 73 215.151515 221.212121 0.52730242587796761 0.00028350871785666969
71 74 215.151515 224.242424 0.53443604397085787 0.00028463203044487817
71 75 215.151515 227.272727 0.54167512651091521 0.00028463203044494273
71 76 215.151515 230.303030 0.54899110414657626 0.00028350871785686333
71 77 215.151515 233.333333 0.55635402594190342 0.0002812665258822322
71 78 215.151515 236.363636 0.56373269458175812 0.00027791430342841313
71 79 215.151515 239.393939 0.57109482323023075 0.00027346528018594673
71 80 215.151515 242.424242 0.57840721289123409 0.00026793701441700551
71 81 215.151515 245.454545 0.58563594878372383 0.00026135132366095519
71 82 215.151515 248.484848 0.59274661392587591 0.00025373419863049398
71 83 215.151515 251.515152 0.59970451782777912 0.00024511570063818361
71 84 215.151515 254.545455 0.60647493792557361 0.00023552984295818261
71 85 215.151515 257.575758 0.61302337115575578 0.00022501445659139216
71 86 215.151515 260.606061 0.6193157928704297 0.00021361104096377881
71 87 215.151515 263.636364 0.62531892013588997 0.00020136460014709981
71 88 215.151515 266.666667 0.63100047634070922 0.00018832346524839187
71 89 215.151515 269.696970 0.63632945396752549 0.00017453910366917253
71 90 215.151515 272.727273 0.64127637235629198 0.00016006591598711906
71 91 215.151515 275.757576 0.6458135273065293 0.00014496102126184207
71 92 215.151515 278.787879 0.64991522943198943 0.00012928403161205235
71 93 215.151515 281.818182 0.65355802829234966 0.00011309681695376209
71 94 215.151515 284.848485 0.65672091948159617 9.6463260827992777e-05
71 95 215.151515 287.878788 0.65938553204943984 7.9449008281623926e-05
71 96 215.151515 290.909091 0.66153629386765689 6.2121206796383346e-05
71 97 215.151515 293.939394 0.6631605728241905 4.4548241288413824e-05
71 98 215.151515 296.969697 0.66424879203028231 2.6799464224251039e-05
71 99 215.151515 300.000000 0.66479451755527341 8.9449219183223068e-06
72 0 218.181818 0.000000 0.65907385958017994 -9.0528162038683854e-06
72 1 218.181818 3.030303 0.65857749246934971 -2.712272129208592e-05
72 2 218.181818 6.060606 0.65758762636744528 -4.5085585390540329e-05
72 3 218.181818 9.090909 0.6561099718564215 -6.2870517281087023e-05
72 4 218.181818 12.121212 0.65415303099270161 -8.0407327962716532e-05
72 5 218.181818 15.151515 0.6517280216391802 -9.7626807655475082e-05
72 6 218.181818 18.181818 0.6488487780797596 -0.00011446099893984738
72 7 218.181818 21.212121 0.64553162917781759 -0.00013084346495364452
72 8 218.181818 24.242424 0.641795255619942 -0.00014670955158794673
72 9 218.181818 27.272727 0.63766052804337603 -0.00016199664264733397
72 10 218.181818 30.303030 0.63315032807616567 -0.00017664440696740235
72 11 218.181818 33.333333 0.62828935451961287 -0.00019059503651430761
72 12 218.181818 36.363636 0.62310391707042156 -0.00020379347452666445
72 13 218.181818 39.393939 0.61762172011251082 -0.00021618763279943089
72 14 218.181818 42.424242 0.61187163920400467 -0.00022772859725225667
72 15 218.181818 45.454545 0.60588349294213051 -0.00023837082097101145
72 16 218.181818 48.484848 0.59968781290700546 -0.00024807230396064697
72 17 218.181818 51.515152 0.59331561436447022 -0.00025679475889998915
72 18 218.181818 54.545455 0.58679817034878889 -0.00026450376224430297
72 19 218.181818 57.575758 0.58016679164928686 -0.00027116889007929696
72 20 218.181818 60.606061 0.57345261509255296 -0.0002767638381904138
72 21 218.181818 63.636364 0.56668640234590528 -0.00028126652587354752
72 22 218.181818 66.666667 0.55989835127121446 -0.0002846591830774951
72 23 218.181818 69.696970 0.55311792163405016 -0.00028692842053423009
72 24 218.181818 72.727273 0.54637367672518444 -0.00028806528260022691
72 25 218.181818 75.757576 0.53969314218365849 -0.00028806528260029402
72 26 218.181818 78.787879 0.53310268302726083 -0.00028692842053443094
72 27 218.181818 81.818182 0.52662739960185079 -0.00028465918307782882
72 28 218.181818 84.848485 0.52029104286015404 -0.00028126652587401291
72 29 218.181818 87.878788 0.5141159490782804 -0.00027676383819100902
72 30 218.181818 90.909091 0.50812299381890769 -0.00027116889008001969
72 31 218.181818 93.939394 0.50233156465865891 -0.00026450376224515027
72 32 218.181818 96.969697 0.49675955191812721 -0.00025679475890095783
72 33 218.181818 100.000000 0.49142335637065593 -0.00024807230396173307
72 34 218.181818 103.030303 0.48633791266439808 -0.00023837082097221071
72 35 218.181818 106.060606 0.48151672697506526 -0.00022772859725356433
72 36 218.181818 109.090909 0.4769719272174372 -0.0002161876328008419
72 37 218.181818 112.121212 0.47271432398499263 -0.00020379347452817318
72 38 218.181818 115.151515 0.46875348026126712 -0.00019059503651590808
72 39 218.181818 118.181818 0.46509778785559247 -0.00017664440696908828
72 40 218.181818 121.212121 0.46175454846092373 -0.00016199664264909868
72 41 218.181818 124.242424 0.45873005721322491 -0.00014670955158978328
72 42 218.181818 127.272727 0.45602968665041288 -0.00013084346495554564
72 43 218.181818 130.303030 0.45365796902362099 -0.00011446099894180558
72 44 218.181818 133.333333 0.45161867500345365 -9.7626807657482591e-05
72 45 218.181818 136.363636 0.44991488694729437 -8.0407327964765457e-05
72 46 218.181818 139.393939 0.44854906504834802 -6.2870517283169328e-05
72 47 218.181818 142.424242 0.4475231048703186 -4.5085585392647747e-05
72 48 218.181818 145.454545 0.44683838498016804 -2.7122721294210119e-05
72 49 218.181818 148.484848 0.44649580362180619 -9.0528162060009975e-06
72 50 218.181818 151.515152 0.44649580362180635 9.0528162119508432e-06
72 51 218.181818 154.545455 0.44683838498016809 2.7122721300168372e-05
72 52 218.181818 157.575758 0.44752310487031877 4.5085585398622778e-05
72 53 218.181818 160.606061 0.44854906504834841 6.2870517289169479e-05
72 54 218.181818 163.636364 0.4499148869472947 8.0407327970798975e-05
72 55 218.181818 166.666667 0.45161867500345437 9.7626807663557538e-05
72 56 218.181818 169.696970 0.4536579690236216 0.00011446099894792985
72 57 218.181818 172.727273 0.45602968665041382 0.00013084346496172701
72 58 218.181818 175.757576 0.45873005721322557 0.00014670955159602924
72 59 218.181818 178.787879 0.46175454846092467 0.00016199664265541646
72 60 218.181818 181.818182 0.4650977878555938 0.0001766444069754848
72 61 218.181818 184.848485 0.46875348026126806 0.00019059503652239007
72 62 218.181818 187.878788 0.47271432398499375 0.00020379347453474699
72 63 218.181818 190.909091 0.4769719272174387 0.00021618763280751338
72 64 218.181818 193.939394 0.48151672697506642 0.00022772859726033907
72 65 218.181818 196.969697 0.48633791266439952 0.00023837082097909388
72 66 218.181818 200.000000 0.49142335637065748 0.00024807230396872942
72 67 218.181818 203.030303 0.49675955191812904 0.00025679475890807155
72 68 218.181818 206.060606 0.50233156465866058 0.00026450376225238537
72 69 218.181818 209.090909 0.50812299381890935 0.00027116889008737942
72 70 218.181818 212.121212 0.51411594907828184 0.00027676383819849625
72 71 218.181818 215.151515 0.52029104286015559 0.00028126652588162992
72 72 218.181818 218.181818 0.52662739960185256 0.00028465918308557756
72 73 218.181818 221.212121 0.53310268302726305 0.00028692842054231255
72 74 218.181818 224.242424 0.53969314218366016 0.00028806528260830948
72 75 218.181818 227.272727 0.54637367672518644 0.00028806528260837643
72 76 218.181818 230.303030 0.55311792163405249 0.0002869284205425134
72 77 218.181818 233.333333 0.55989835127121634 0.00028465918308591127
72 78 218.181818 236.363636 0.56668640234590728 0.00028126652588209543
72 79 218.181818 239.393939 0.57345261509255463 0.00027676383819909154
72 80 218.181818 242.424242 0.58016679164928875 0.00027116889008810214
72 81 218.181818 245.454545 0.58679817034879089 0.00026450376225323278
72 82 218.181818 248.484848 0.59331561436447233 0.00025679475890904029
72 83 218.181818 251.515152 0.59968781290700723 0.00024807230396981558
72 84 218.181818 254.545455 0.60588349294213217 0.00023837082098029317
72 85 218.181818 257.575758 0.61187163920400633 0.00022772859726164681
72 86 218.181818 260.606061 0.6176217201125126 0.00021618763280892436
72 87 218.181818 263.636364 0.62310391707042301 0.00020379347453625569
72 88 218.181818 266.666667 0.62828935451961421 0.00019059503652399051
72 89 218.181818 269.696970 0.63315032807616722 0.00017664440697717074
72 90 218.181818 272.727273 0.63766052804337714 0.00016199664265718108
72 91 218.181818 275.757576 0.64179525561994322 0.00014670955159786574
72 92 218.181818 278.787879 0.64553162917781881 0.00013084346496362813
72 93 218.181818 281.818182 0.64884877807976038 0.00011446099894988806
72 94 218.181818 284.848485 0.65172802163918109 9.762680766556506e-05
72 95 218.181818 287.878788 0.65415303099270194 8.0407327972847913e-05
72 96 218.181818 290.909091 0.65610997185642217 6.2870517291251798e-05
72 97 218.181818 293.939394 0.65758762636744528 4.5085585400730203e-05
72 98 218.181818 296.969697 0.65857749246934993 2.7122721302292575e-05
72 99 218.181818 300.000000 0.65907385958017994 9.0528162140834384e-06
73 0 221.212121 0.000000 0.65333063338087471 -9.1249831701513957e-06
73 1 221.212121 3.030303 0.65288353901049101 -2.7338937380620395e-05
73 2 221.212121 6.060606 0.65199186798309816 -4.5444997295205275e-05
73 3 221.212121 9.090909 0.65066063391019691 -6.3371706567295151e-05
73 4 221.212121 12.121212 0.64889730294435166 -8.1048316665327505e-05
73 5 221.212121 15.151515 0.64671172942314292 -9.8405066084920296e-05
73 6 221.212121 18.181818 0.64411607131837101 -0.00011537345566565905
73 7 221.212121 21.212121 0.64112468654427712 -0.00013188651892598834
73 8 221.212121 24.242424 0.63775401141258581 -0.00014787908634932064
73 9 221.212121 27.272727 0.63402242273725906 -0.00016328804257834519
73 10 221.212121 30.303030 0.62995008528487961 -0.00017805257550250841
73 11 221.212121 33.333333 0.62555878643474205 -0.00019211441625563219
73 12 221.212121 36.363636 0.62087176005363931 -0.0002054180691765078
73 13 221.212121 39.393939 0.61591350170200443 -0.00021791103082491751
73 14 221.212121 42.424242 0.61070957736894316 -0.00022954399718872634
73 15 221.212121 45.454545 0.60528642798277643 -0.00024027105826429304
73 16 221.212121 48.484848 0.59967117196037478 -0.00025004987924228045
73 17 221.212121 51.515152 0.59389140804277329 -0.00025884186758380688
73 18 221.212121 54.545455 0.5879750206167651 -0.00026661232532756556
73 19 221.212121 57.575758 0.58194998964323374 -0.00027333058602682647
73 20 221.212121 60.606061 0.57584420720440321 -0.00027897013577589082
73 21 221.212121 63.636364 0.56968530254569805 -0.00028350871784836454
73 22 221.212121 66.666667 0.56350047732591801 -0.00028692842053428826
73 23 221.212121 69.696970 0.5573163526044892 -0.00028921574782947418
73 24 221.212121 72.727273 0.55115882888975076 -0.00029036167269806874
73 25 221.212121 75.757576 0.54505296035085238 -0.00029036167269813899
73 26 221.212121 78.787879 0.53902284406141077 -0.0002892157478296843
73 27 221.212121 81.818182 0.53309152489937039 -0.00028692842053463754
73 28 221.212121 84.848485 0.52728091647837949 -0.00028350871784885151
73 29 221.212121 87.878788 0.52161173823540075 -0.00027897013577651381
73 30 221.212121 90.909091 0.51610346855110945 -0.00027333058602758281
73 31 221.212121 93.939394 0.5107743135378553 -0.00026661232532845228
73 32 221.212121 96.969697 0.50564119089827064 -0.00025884186758482055
73 33 221.212121 100.000000 0.50071972803965947 -0.00025004987924341708
73 34 221.212121 103.030303 0.49602427342838895 -0.00024027105826554808
73 35 221.212121 106.060606 0.4915679199877791 -0.00022954399719009482
73 36 221.212121 109.090909 0.48736253918510197 -0.00021791103082639411
73 37 221.212121 112.121212 0.48341882432070399 -0.0002054180691780867
73 38 221.212121 115.151515 0.47974634142683864 -0.00019211441625730701
73 39 221.212121 118.181818 0.47635358610708506 -0.00017805257550427268
73 40 221.212121 121.212121 0.47324804460026215 -0.00016328804258019194
73 41 221.212121 124.242424 0.47043625733606681 -0.00014787908635124257
73 42 221.212121 127.272727 0.46792388326336554 -0.00013188651892797782
73 43 221.212121 130.303030 0.46571576327569608 -0.00011537345566770823
73 44 221.212121 133.333333 0.46381598113120098 -9.84050660870211e-05
73 45 221.212121 136.363636 0.46222792036453197 -8.1048316667471664e-05
73 46 221.212121 139.393939 0.46095431581441298 -6.3371706569474235e-05
73 47 221.212121 142.424242 0.45999729854030108 -4.5444997297410657e-05
73 48 221.212121 145.454545 0.45935843307229662 -2.7338937382843318e-05
73 49 221.212121 148.484848 0.4590387461272103 -9.1249831723831226e-06
73 50 221.212121 151.515152 0.4590387461272103 9.124983177865423e-06
73 51 221.212121 154.545455 0.45935843307229685 2.7338937388334419e-05
73 52 221.212121 157.575758 0.45999729854030147 4.5444997302919305e-05
73 53 221.212121 160.606061 0.46095431581441343 6.3371706575009182e-05
73 54 221.212121 163.636364 0.46222792036453225 8.1048316673041523e-05
73 55 221.212121 166.666667 0.46381598113120148 9.840506609263434e-05
73 56 221.212121 169.696970 0.46571576327569686 0.00011537345567337305
73 57 221.212121 172.727273 0.46792388326336665 0.00013188651893370236
73 58 221.212121 175.757576 0.47043625733606798 0.00014787908635703471
73 59 221.212121 178.787879 0.47324804460026343 0.0001632880425860592
73 60 221.212121 181.818182 0.47635358610708645 0.00017805257551022245
73 61 221.212121 184.848485 0.4797463414268397 0.00019211441626334623
73 62 221.212121 187.878788 0.48341882432070549 0.00020541806918422187
73 63 221.212121 190.909091 0.48736253918510364 0.00021791103083263155
73 64 221.212121 193.939394 0.49156791998778082 0.00022954399719644035
73 65 221.212121 196.969697 0.49602427342839062 0.00024027105827200711
73 66 221.212121 200.000000 0.50071972803966136 0.0002500498792499945
73 67 221.212121 203.030303 0.50564119089827297 0.00025884186759152087
73 68 221.212121 206.060606 0.51077431353785729 0.00026661232533527961
73 69 221.212121 209.090909 0.51610346855111167 0.00027333058603454046
73 70 221.212121 212.121212 0.52161173823540252 0.00027897013578360492
73 71 221.212121 215.151515 0.5272809164783816 0.00028350871785607848
73 72 221.212121 218.181818 0.53309152489937273 0.0002869284205420022
73 73 221.212121 221.212121 0.53902284406141332 0.00028921574783718817
73 74 221.212121 224.242424 0.54505296035085449 0.00029036167270578284
73 75 221.212121 227.272727 0.55115882888975276 0.00029036167270585293
73 76 221.212121 230.303030 0.55731635260449175 0.00028921574783739835
73 77 221.212121 233.333333 0.56350047732592035 0.00028692842054235147
73 78 221.212121 236.363636 0.56968530254570016 0.00028350871785656556
73 79 221.212121 239.393939 0.57584420720440543 0.0002789701357842278
73 80 221.212121 242.424242 0.58194998964323619 0.0002733305860352968
73 81 221.212121 245.454545 0.5879750206167671 0.00026661232533616637
73 82 221.212121 248.484848 0.59389140804277551 0.0002588418675925346
73 83 221.212121 251.515152 0.59967117196037711 0.00025004987925113107
73 84 221.212121 254.545455 0.60528642798277865 0.0002402710582732621
73 85 221.212121 257.575758 0.61070957736894516 0.00022954399719780886
73 86 221.212121 260.606061 0.61591350170200632 0.00021791103083410816
73 87 221.212121 263.636364 0.62087176005364086 0.00020541806918580072
73 88 221.212121 266.666667 0.62555878643474361 0.00019211441626502105
73 89 221.212121 269.696970 0.62995008528488128 0.00017805257551198672
73 90 221.212121 272.727273 0.6340224227372605 0.0001632880425879059
73 91 221.212121 275.757576 0.63775401141258714 0.00014787908635895659
73 92 221.212121 278.787879 0.64112468654427845 0.00013188651893569189
73 93 221.212121 281.818182 0.6441160713183719 0.00011537345567542226
73 94 221.212121 284.848485 0.64671172942314392 9.8405066094735144e-05
73 95 221.212121 287.878788 0.64889730294435233 8.1048316675185681e-05
73 96 221.212121 290.909091 0.65066063391019757 6.3371706577188265e-05
73 97 221.212121 293.939394 0.65199186798309816 4.5444997305124681e-05
73 98 221.212121 296.969697 0.65288353901049123 2.7338937390557349e-05
73 99 221.212121 300.000000 0.65333063338087471 9.1249831800971346e-06
74 0 224.242424 0.000000 0.64758833278135108 -9.161137996658367e-06
74 1 224.242424 3.030303 0.64719021718030256 -2.7447259173273846e-05
74 2 224.242424 6.060606 0.64639616839083613 -4.5625058557377932e-05
74 3 224.242424 9.090909 0.6452105329857305 -6.3622796679448169e-05
74 4 224.242424 12.121212 0.64363978541700084 -8.1369444689501191e-05
74 5 224.242424 15.151515 0.64169247415138653 -9.8794964675513478e-05
74 6 224.242424 18.181818 0.63937915088132924 -0.00011583058607106317
74 7 224.242424 21.212121 0.63671228367514232 -0.0001324090770613371
74 8 224.242424 24.242424 0.63370615512207784 -0.00014846500991638875
74 9 224.242424 27.272727 0.63037674670456922 -0.00016393501920449721
74 10 224.242424 30.303030 0.62674161078856239 -0.00017875805186657719
74 11 224.242424 33.333333 0.62281973176124195 -0.00019287560816471107
74 12 224.242424 36.363636 0.61863137796167278 -0.00020623197255388806
74 13 224.242424 39.393939 0.61419794614228518 -0.00021877443356580639
74 14 224.242424 42.424242 0.60954180026648652 -0.00023045349183695759
74 15 224.242424 45.454545 0.60468610648913879 -0.00024122305545999946
74 16 224.242424 48.484848 0.5996546661816855 -0.00025104062188745755
74 17 224.242424 51.515152 0.59447174885235721 -0.00025986744566986218
74 18 224.242424 54.545455 0.58916192677440815 -0.00026766869136633629
74 19 224.242424 57.575758 0.58374991307251678 -0.00027441357102416609
74 20 224.242424 60.606061 0.57826040493047504 -0.00028007546568478459
74 21 224.242424 63.636364 0.57271793347351907 -0.00028463203043663986
74 22 224.242424 66.666667 0.56714672174806768 -0.00028806528260035273
74 23 224.242424 69.696970 0.56157055207229267 -0.00029036167269813683
74 24 224.242424 72.727273 0.55601264386536819 -0.000291512137927397
74 25 224.242424 75.757576 0.55049554288405522 -0.00029151213792747094
74 26 224.242424 78.787879 0.54504102260540277 -0.00029036167269835833
74 27 224.242424 81.818182 0.53966999829678297 -0.00028806528260072104
74 28 224.242424 84.848485 0.5344024541123813 -0.00028463203043715328
74 29 224.242424 87.878788 0.52925738335184469 -0.00028007546568544129
74 30 224.242424 90.909091 0.52425274181521409 -0.00027441357102496347
74 31 224.242424 93.939394 0.51940541399171369 -0.00026766869136727114
74 32 224.242424 96.969697 0.51473119163150471 -0.00025986744567093082
74 33 224.242424 100.000000 0.51024476407203023 -0.00025104062188865581
74 34 224.242424 103.030303 0.50595971952680896 -0.00024122305546132256
74 35 224.242424 106.060606 0.50188855639702679 -0.00023045349183840029
74 36 224.242424 109.090909 0.4980427035371589 -0.00021877443356736309
74 37 224.242424 112.121212 0.49443254829716071 -0.00020623197255555258
74 38 224.242424 115.151515 0.49106747107698101 -0.0001928756081664768
74 39 224.242424 118.181818 0.48795588506559118 -0.0001787580518684372
74 40 224.242424 121.212121 0.4851052797971499 -0.00016393501920644409
74 41 224.242424 124.242424 0.48252226714187357 -0.00014846500991841488
74 42 224.242424 127.272727 0.48021262835866219 -0.00013240907706343449
74 43 224.242424 130.303030 0.47818136087021629 -0.00011583058607322352
74 44 224.242424 133.333333 0.47643272347854937 -9.8794964677728246e-05
74 45 224.242424 136.363636 0.4749702788183468 -8.1369444691761658e-05
74 46 224.242424 139.393939 0.47379693194603673 -6.3622796681745458e-05
74 47 224.242424 142.424242 0.47291496408198092 -4.5625058559702922e-05
74 48 224.242424 145.454545 0.4723260606596697 -2.7447259175617342e-05
74 49 224.242424 148.484848 0.47203133298689359 -9.1611379990111467e-06
74 50 224.242424 151.515152 0.47203133298689359 9.161138003965727e-06
74 51 224.242424 154.545455 0.47232606065966976 2.7447259180581202e-05
74 52 224.242424 157.575758 0.47291496408198114 4.5625058564685278e-05
74 53 224.242424 160.606061 0.47379693194603728 6.3622796686755529e-05
74 54 224.242424 163.636364 0.47497027881834741 8.1369444696808538e-05
74 55 224.242424 166.666667 0.47643272347855026 9.8794964682820852e-05
74 56 224.242424 169.696970 0.47818136087021718 0.00011583058607837051
74 57 224.242424 172.727273 0.48021262835866341 0.00013240907706864449
74 58 224.242424 175.757576 0.48252226714187463 0.00014846500992369611
74 59 224.242424 178.787879 0.48510527979715135 0.00016393501921180455
74 60 224.242424 181.818182 0.48795588506559306 0.00017875805187388458
74 61 224.242424 184.848485 0.4910674710769824 0.0001928756081720184
74 62 224.242424 187.878788 0.49443254829716227 0.00020623197256119539
74 63 224.242424 190.909091 0.49804270353716112 0.00021877443357311375
74 64 224.242424 193.939394 0.50188855639702867 0.00023045349184426493
74 65 224.242424 196.969697 0.50595971952681107 0.00024122305546730682
74 66 224.242424 200.000000 0.51024476407203223 0.00025104062189476491
74 67 224.242424 203.030303 0.51473119163150716 0.00025986744567716948
74 68 224.242424 206.060606 0.51940541399171603 0.00026766869137364365
74 69 224.242424 209.090909 0.52425274181521686 0.00027441357103147351
74 70 224.242424 212.121212 0.52925738335184724 0.00028007546569209195
74 71 224.242424 215.151515 0.53440245411238374 0.00028463203044394716
74 72 224.242424 218.181818 0.53966999829678564 0.00028806528260766015
74 73 224.242424 221.212121 0.54504102260540555 0.00029036167270544413
74 74 224.242424 224.242424 0.55049554288405778 0.0002915121379347043
74 75 224.242424 227.272727 0.55601264386537064 0.00029151213793477836
74 76 224.242424 230.303030 0.56157055207229545 0.00029036167270566574
74 77 224.242424 233.333333 0.56714672174807024 0.0002880652826080284
74 78 224.242424 236.363636 0.57271793347352162 0.0002846320304444607
74 79 224.242424 239.393939 0.57826040493047759 0.00028007546569274865
74 80 224.242424 242.424242 0.58374991307251967 0.00027441357103227083
74 81 224.242424 245.454545 0.5891619267744107 0.00026766869137457845
74 82 224.242424 248.484848 0.59447174885235998 0.00025986744567823824
74 83 224.242424 251.515152 0.59965466618168772 0.00025104062189596312
74 84 224.242424 254.545455 0.60468610648914123 0.00024122305546862995
74 85 224.242424 257.575758 0.60954180026648896 0.00023045349184570765
74 86 224.242424 260.606061 0.61419794614228718 0.00021877443357467045
74 87 224.242424 263.636364 0.618631377961675 0.00020623197256285989
74 88 224.242424 266.666667 0.62281973176124372 0.00019287560817378413
74 89 224.242424 269.696970 0.62674161078856416 0.00017875805187574456
74 90 224.242424 272.727273 0.630376746704571 0.00016393501921375142
74 91 224.242424 275.757576 0.63370615512207928 0.00014846500992572224
74 92 224.242424 278.787879 0.63671228367514388 0.00013240907707074188
74 93 224.242424 281.818182 0.63937915088133035 0.00011583058608053089
74 94 224.242424 284.848485 0.64169247415138764 9.8794964685035592e-05
74 95 224.242424 287.878788 0.64363978541700151 8.1369444699069005e-05
74 96 224.242424 290.909091 0.64521053298573128 6.3622796689052804e-05
74 97 224.242424 293.939394 0.64639616839083669 4.5625058567010268e-05
74 98 224.242424 296.969697 0.64719021718030278 2.7447259182924702e-05
74 99 224.242424 300.000000 0.64758833278135097 9.1611380063184914e-06
75 0 227.272727 0.000000 0.64187003727587277 -9.1611379968066503e-06
75 1 227.272727 3.030303 0.6415204062010198 -2.744725917341819e-05
75 2 227.272727 6.060606 0.64082300779622259 -4.5625058557518641e-05
75 3 227.272727 9.090909 0.63978155456438457 -6.3622796679585564e-05
75 4 227.272727 12.121212 0.63840157797208374 -8.1369444689635578e-05
75 5 227.272727 15.151515 0.63669038420423174 -9.8794964675645263e-05
75 6 227.272727 18.181818 0.6346569959958368 -0.00011583058607119264
75 7 227.272727 21.212121 0.63231208123304483 -0.00013240907706146468
75 8 227.272727 24.242424 0.62966786916967499 -0.00014846500991651476
75 9 227.272727 27.272727 0.62673805524725901 -0.00016393501920462203
75 10 227.272727 30.303030 0.62353769563411654 -0.00017875805186670128
75 11 227.272727 33.333333 0.62008309271046236 -0.00019287560816483475
75 12 227.272727 36.363636 0.61639167282036433 -0.00020623197255401166
75 13 227.272727 39.393939 0.61248185768628527 -0.00021877443356593039
75 14 227.272727 42.424242 0.60837293093694056 -0.00023045349183708236
75 15 227.272727 45.454545 0.60408490123360581 -0.00024122305546012536
75 16 227.272727 48.484848 0.5996383634934328 -0.000251040621887585
75 17 227.272727 51.515152 0.59505435970072407 -0.00025986744566999147
75 18 227.272727 54.545455 0.59035424076876142 -0.00026766869136646791
75 19 227.272727 57.575758 0.58555953086622881 -0.00027441357102430037
75 20 227.272727 60.606061 0.58069179555447148 -0.00028007546568492174
75 21 227.272727 63.636364 0.575772514995884 -0.00028463203043678021
75 22 227.272727 66.666667 0.57082296339117922 -0.00028806528260049677
75 23 227.272727 69.696970 0.56586409568577212 -0.00029036167269828471
75 24 227.272727 72.727273 0.56091644245501615 -0.00029151213792754917
75 25 227.272727 75.757576 0.55600001373663277 -0.00029151213792762755
75 26 227.272727 78.787879 0.55113421242867 -0.00029036167269851977
75 27 227.272727 81.818182 0.54633775771513071 -0.0002880652826008873
75 28 227.272727 84.848485 0.54162861882146651 -0.0002846320304373248
75 29 227.272727 87.878788 0.53702395924102264 -0.00028007546568561823
75 30 227.272727 90.909091 0.53254009141374137 -0.00027441357102514594
75 31 227.272727 93.939394 0.52819244168247637 -0.00026766869136745936
75 32 227.272727 96.969697 0.52399552520261039 -0.00025986744567112489
75 33 227.272727 100.000000 0.51996293033956065 -0.0002510406218888558
75 34 227.272727 103.030303 0.51610731195839077 -0.00024122305546152856
75 35 227.272727 106.060606 0.51244039289211485 -0.00023045349183861246
75 36 227.272727 109.090909 0.50897297277210418 -0.00021877443356758139
75 37 227.272727 112.121212 0.50571494331687261 -0.00020623197255577699
75 38 227.272727 115.151515 0.50267530910562208 -0.00019287560816670738
75 39 227.272727 118.181818 0.49986221281130183 -0.00017875805186867393
75 40 227.272727 121.212121 0.49728296383521819 -0.00016393501920668684
75 41 227.272727 124.242424 0.49494406927180573 -0.00014846500991866365
75 42 227.272727 127.272727 0.49285126613809427 -0.00013240907706368911
75 43 227.272727 130.303030 0.49100955382739953 -0.00011583058607348386
75 44 227.272727 133.333333 0.48942322579027225 -9.879496467799416e-05
75 45 227.272727 136.363636 0.48809589950689708 -8.136944469203298e-05
75 46 227.272727 139.393939 0.48703054389273981 -6.3622796682021984e-05
75 47 227.272727 142.424242 0.48622950337194232 -4.5625058559984455e-05
75 48 227.272727 145.454545 0.48569451795901303 -2.7447259175903632e-05
75 49 227.272727 148.484848 0.48542673880695358 -9.1611379993019365e-06
75 50 227.272727 151.515152 0.48542673880695342 9.1611380036707088e-06
75 51 227.272727 154.545455 0.48569451795901314 2.7447259180282247e-05
75 52 227.272727 157.575758 0.4862295033719426 4.5625058564382698e-05
75 53 227.272727 160.606061 0.48703054389274053 6.3622796686449621e-05
75 54 227.272727 163.636364 0.48809589950689752 8.1369444696499662e-05
75 55 227.272727 166.666667 0.4894232257902732 9.8794964682509306e-05
75 56 227.272727 169.696970 0.49100955382740075 0.0001158305860780567
75 57 227.272727 172.727273 0.49285126613809571 0.00013240907706832877
75 58 227.272727 175.757576 0.49494406927180717 0.00014846500992337882
75 59 227.272727 178.787879 0.49728296383521969 0.00016393501921148612
75 60 227.272727 181.818182 0.49986221281130372 0.00017875805187356534
75 61 227.272727 184.848485 0.50267530910562386 0.00019287560817169878
75 62 227.272727 187.878788 0.50571494331687461 0.00020623197256087577
75 63 227.272727 190.909091 0.5089729727721064 0.00021877443357279448
75 64 227.272727 193.939394 0.51244039289211707 0.00023045349184394639
75 65 227.272727 196.969697 0.51610731195839332 0.00024122305546698944
75 66 227.272727 200.000000 0.51996293033956298 0.00025104062189444903
75 67 227.272727 203.030303 0.52399552520261317 0.00025986744567685555
75 68 227.272727 206.060606 0.52819244168247903 0.00026766869137333189
75 69 227.272727 209.090909 0.53254009141374437 0.00027441357103116435
75 70 227.272727 212.121212 0.53702395924102531 0.00028007546569178572
75 71 227.272727 215.151515 0.54162861882146918 0.00028463203044364429
75 72 227.272727 218.181818 0.54633775771513382 0.00028806528260736085
75 73 227.272727 221.212121 0.551134212428673 0.00029036167270514879
75 74 227.272727 224.242424 0.55600001373663566 0.00029151213793441325
75 75 227.272727 227.272727 0.56091644245501926 0.00029151213793449164
75 76 227.272727 230.303030 0.56586409568577523 0.00029036167270538385
75 77 227.272727 233.333333 0.57082296339118233 0.00028806528260775144
75 78 227.272727 236.363636 0.575772514995887 0.00028463203044418889
75 79 227.272727 239.393939 0.58069179555447437 0.00028007546569248226
75 80 227.272727 242.424242 0.5855595308662318 0.00027441357103200997
75 81 227.272727 245.454545 0.59035424076876442 0.00026766869137432345
75 82 227.272727 248.484848 0.59505435970072718 0.00025986744567798892
75 83 227.272727 251.515152 0.59963836349343547 0.00025104062189571988
75 84 227.272727 254.545455 0.60408490123360858 0.00024122305546839267
75 85 227.272727 257.575758 0.60837293093694322 0.00023045349184547652
75 86 227.272727 260.606061 0.61248185768628793 0.00021877443357444545
75 87 227.272727 263.636364 0.61639167282036667 0.00020623197256264107
75 88 227.272727 266.666667 0.62008309271046458 0.00019287560817357147
75 89 227.272727 269.696970 0.62353769563411854 0.00017875805187553796
75 90 227.272727 272.727273 0.62673805524726078 0.00016393501921355087
75 91 227.272727 275.757576 0.62966786916967654 0.00014846500992552768
75 92 227.272727 278.787879 0.6323120812330465 0.0001324090770705532
75 93 227.272727 281.818182 0.63465699599583802 0.00011583058608034792
75 94 227.272727 284.848485 0.63669038420423307 9.8794964684858244e-05
75 95 227.272727 287.878788 0.6384015779720843 8.1369444698897037e-05
75 96 227.272727 290.909091 0.63978155456438512 6.362279668888604e-05
75 97 227.272727 293.939394 0.64082300779622281 4.5625058566848505e-05
75 98 227.272727 296.969697 0.64152040620102002 2.7447259182767692e-05
75 99 227.272727 300.000000 0.64187003727587266 9.1611380061659798e-06
76 0 230.303030 0.000000 0.63619831436435892 -9.124983170595656e-06
76 1 230.303030 3.030303 0.63589648222628825 -2.7338937381052857e-05
76 2 230.303030 6.060606 0.6352943809179884 -4.5444997295626853e-05
76 3 230.303030 9.090909 0.6343951243437228 -6.3371706567706796e-05
76 4 230.303030 12.121212 0.63320335342127543 -8.1048316665730219e-05
76 5 230.303030 15.151515 0.63172520054546222 -9.8405066085315121e-05
76 6 230.303030 18.181818 0.62996824284987973 -0.000115373455666047
76 7 230.303030 21.212121 0.62794144480676195 -0.00013188651892637057
76 8 230.303030 24.242424 0.62565509082511384 -0.00014787908634969824
76 9 230.303030 27.272727 0.62312070861814994 -0.00016328804257871926
76 10 230.303030 30.303030 0.62035098421092683 -0.00017805257550288013
76 11 230.303030 33.333333 0.61735966954648536 -0.00019211441625600263
76 12 230.303030 36.363636 0.61416148372268287 -0.0002054180691768783
76 13 230.303030 39.393939 0.61077200895113504 -0.00021791103082528907
76 14 230.303030 42.424242 0.60720758237354333 -0.0002295439971891002
76 15 230.303030 45.454545 0.60348518489865688 -0.00024027105826467031
76 16 230.303030 48.484848 0.59962232823487926 -0.00025004987924266226
76 17 230.303030 51.515152 0.59563694128902467 -0.00025884186758419432
76 18 230.303030 54.545455 0.59154725708120537 -0.00026661232532795983
76 19 230.303030 57.575758 0.58737170128967375 -0.00027333058602722844
76 20 230.303030 60.606061 0.58312878348839625 -0.00027897013577630179
76 21 230.303030 63.636364 0.57883699207502948 -0.00028350871784878521
76 22 230.303030 66.666667 0.57451469380900244 -0.00028692842053471977
76 23 230.303030 69.696970 0.57018003878981804 -0.0002892157478299174
76 24 230.303030 72.727273 0.56585087160599368 -0.00029036167269852459
76 25 230.303030 75.757576 0.56154464927688341 -0.00029036167269860818
76 26 230.303030 78.787879 0.55727836649469331 -0.00028921574783016775
76 27 230.303030 81.818182 0.55306848855419921 -0.00028692842053513584
76 28 230.303030 84.848485 0.54893089223484903 -0.00028350871784936548
76 29 230.303030 87.878788 0.5448808147761105 -0.00027897013577704376
76 30 230.303030 90.909091 0.54093281096395529 -0.00027333058602812941
76 31 230.303030 93.939394 0.53710071822625916 -0.00026661232532901611
76 32 230.303030 96.969697 0.53339762951945358 -0.0002588418675854019
76 33 230.303030 100.000000 0.52983587367980056 -0.00025004987924401632
76 34 230.303030 103.030303 0.52642700281180133 -0.0002402710582661654
76 35 230.303030 106.060606 0.52318178619507305 -0.00022954399719073048
76 36 230.303030 109.090909 0.52011021011083203 -0.00021791103082704818
76 37 230.303030 112.121212 0.51722148292113312 -0.0002054180691787592
76 38 230.303030 115.151515 0.51452404467917934 -0.00019211441625799794
76 39 230.303030 118.181818 0.51202558050808811 -0.00017805257550498191
76 40 230.303030 121.212121 0.50973303695902328 -0.0001632880425809193
76 41 230.303030 124.242424 0.50765264054783821 -0.0001478790863519878
76 42 230.303030 127.272727 0.50578991767239079 -0.00013188651892874069
76 43 230.303030 130.303030 0.50414971513028783 -0.00011537345566848826
76 44 230.303030 133.333333 0.50273622048854061 -9.8405066087817839e-05
76 45 230.303030 136.363636 0.50155298160185036 -8.1048316668284586e-05
76 46 230.303030 139.393939 0.50060292463403111 -6.3371706570302769e-05
76 47 230.303030 142.424242 0.4998883700064426 -4.5444997298254146e-05
76 48 230.303030 145.454545 0.49941104577683321 -2.7338937383701058e-05
76 49 230.303030 148.484848 0.49917209804039725 -9.1249831732543451e-06
76 50 230.303030 151.515152 0.49917209804039714 9.1249831769815306e-06
76 51 230.303030 154.545455 0.49941104577683348 2.7338937387438729e-05
76 52 230.303030 157.575758 0.49988837000644287 4.5444997302012729e-05
76 53 230.303030 160.606061 0.50060292463403189 6.3371706574092665e-05
76 54 230.303030 163.636364 0.50155298160185102 8.1048316672116088e-05
76 55 230.303030 166.666667 0.50273622048854205 9.8405066091701004e-05
76 56 230.303030 169.696970 0.50414971513028906 0.00011537345567243289
76 57 230.303030 172.727273 0.50578991767239245 0.00013188651893275647
76 58 230.303030 175.757576 0.50765264054783987 0.00014787908635608413
76 59 230.303030 178.787879 0.50973303695902505 0.00016328804258510516
76 60 230.303030 181.818182 0.51202558050809022 0.000178052575509266
76 61 230.303030 184.848485 0.51452404467918145 0.00019211441626238856
76 62 230.303030 187.878788 0.51722148292113546 0.0002054180691832642
76 63 230.303030 190.909091 0.52011021011083458 0.00021791103083167496
76 64 230.303030 193.939394 0.52318178619507583 0.00022954399719548604
76 65 230.303030 196.969697 0.52642700281180399 0.00024027105827105618
76 66 230.303030 200.000000 0.52983587367980345 0.00025004987924904815
76 67 230.303030 203.030303 0.53339762951945702 0.00025884186759058016
76 68 230.303030 206.060606 0.53710071822626226 0.00026661232533434562
76 69 230.303030 209.090909 0.54093281096395884 0.00027333058603361428
76 70 230.303030 212.121212 0.5448808147761135 0.00027897013578268758
76 71 230.303030 215.151515 0.54893089223485236 0.00028350871785517111
76 72 230.303030 218.181818 0.55306848855420254 0.00028692842054110562
76 73 230.303030 221.212121 0.55727836649469675 0.00028921574783630325
76 74 230.303030 224.242424 0.56154464927688674 0.00029036167270491049
76 75 230.303030 227.272727 0.56585087160599712 0.00029036167270499408
76 76 230.303030 230.303030 0.57018003878982171 0.00028921574783655359
76 77 230.303030 233.333333 0.57451469380900599 0.00028692842054152168
76 78 230.303030 236.363636 0.57883699207503292 0.00028350871785575127
76 79 230.303030 239.393939 0.58312878348839936 0.00027897013578342971
76 80 230.303030 242.424242 0.58737170128967719 0.00027333058603451531
76 81 230.303030 245.454545 0.59154725708120892 0.00026661232533540201
76 82 230.303030 248.484848 0.59563694128902822 0.0002588418675917878
76 83 230.303030 251.515152 0.59962232823488248 0.00025004987925040216
76 84 230.303030 254.545455 0.60348518489865965 0.00024027105827255127
76 85 230.303030 257.575758 0.60720758237354611 0.00022954399719711641
76 86 230.303030 260.606061 0.61077200895113803 0.00021791103083343405
76 87 230.303030 263.636364 0.61416148372268509 0.00020541806918514507
76 88 230.303030 266.666667 0.6173596695464878 0.00019211441626438381
76 89 230.303030 269.696970 0.62035098421092949 0.00017805257551136778
76 90 230.303030 272.727273 0.62312070861815205 0.00016328804258730514
76 91 230.303030 275.757576 0.6256550908251155 0.00014787908635837372
76 92 230.303030 278.787879 0.62794144480676384 0.00013188651893512656
76 93 230.303030 281.818182 0.62996824284988107 0.00011537345567487413
76 94 230.303030 284.848485 0.63172520054546355 9.8405066094203722e-05
76 95 230.303030 287.878788 0.63320335342127654 8.1048316674670441e-05
76 96 230.303030 290.909091 0.6343951243437238 6.3371706576688638e-05
76 97 230.303030 293.939394 0.63529438091798895 4.5444997304640015e-05
76 98 230.303030 296.969697 0.63589648222628825 2.7338937390086931e-05
76 99 230.303030 300.000000 0.63619831436435903 9.1249831796402061e-06
77 0 233.333333 0.000000 0.63059513048877303 -9.0528162046068727e-06
77 1 233.333333 3.030303 0.63034023003270578 -2.7122721292804797e-05
77 2 233.333333 6.060606 0.62983171018492989 -4.508558539124111e-05
77 3 233.333333 9.090909 0.62907212368007415 -6.287051728177129e-05
77 4 233.333333 12.121212 0.6280652762403508 -8.0407327963385945e-05
77 5 233.333333 15.151515 0.62681619881375994 -9.7626807656131376e-05
77 6 233.333333 18.181818 0.62533111104370631 -0.00011446099894049232
77 7 233.333333 21.212121 0.62361737637717252 -0.00013084346495427989
77 8 233.333333 24.242424 0.62168344930948849 -0.0001467095515885744
77 9 233.333333 27.272727 0.61953881534757693 -0.00016199664264795582
77 10 233.333333 30.303030 0.61719392434923315 -0.00017664440696802026
77 11 233.333333 33.333333 0.61466011796241682 -0.00019059503651492352
77 12 233.333333 36.363636 0.61194955194486111 -0.00020379347452728028
77 13 233.333333 39.393939 0.60907511418973492 -0.00021618763280004854
77 14 233.333333 42.424242 0.60605033931708852 -0.00022772859725287808
77 15 233.333333 45.454545 0.6028893207129673 -0.0002383708209716385
77 16 233.333333 48.484848 0.5996066209081371 -0.00024807230396128155
77 17 233.333333 51.515152 0.59621718118634193 -0.00025679475890063317
77 18 233.333333 54.545455 0.59273623129799102 -0.0002645037622449582
77 19 233.333333 57.575758 0.58917920012953062 -0.00027116889007996521
77 20 233.333333 60.606061 0.58556162814195578 -0.00027676383819109674
77 21 233.333333 63.636364 0.58189908234464038 -0.00028126652587424678
77 22 233.333333 66.666667 0.57820707451372999 -0.00028465918307821235
77 23 233.333333 69.696970 0.57450098329871435 -0.00028692842053496686
77 24 233.333333 72.727273 0.57079598078757754 -0.00028806528260098466
77 25 233.333333 75.757576 0.56710696402128769 -0.000288065282601074
77 26 233.333333 78.787879 0.5634484918636693 -0.0002869284205352345
77 27 233.333333 81.818182 0.55983472754422137 -0.00028465918307865715
77 28 233.333333 84.848485 0.55627938710062996 -0.00028126652587486716
77 29 233.333333 87.878788 0.55279569385604577 -0.0002767638381918901
77 30 233.333333 90.909091 0.54939633897501639 -0.00027116889008092847
77 31 233.333333 93.939394 0.54609344805278925 -0.00026450376224608756
77 32 233.333333 96.969697 0.54289855360686023 -0.00025679475890192423
77 33 233.333333 100.000000 0.53982257325846761 -0.00024807230396272918
77 34 233.333333 103.030303 0.53687579331645041 -0.00023837082097323694
77 35 233.333333 106.060606 0.5340678574076464 -0.00022772859725462096
77 36 233.333333 109.090909 0.53140775973779619 -0.00021618763280192914
77 37 233.333333 112.121212 0.52890384251560851 -0.00020379347452929112
77 38 233.333333 115.151515 0.52656379703099165 -0.00019059503651705663
77 39 233.333333 118.181818 0.52439466784697131 -0.00017664440697026727
77 40 233.333333 121.212121 0.52240285954394527 -0.00016199664265030778
77 41 233.333333 124.242424 0.52059414544484672 -0.00014670955159102209
77 42 233.333333 127.272727 0.51897367775056491 -0.00013084346495681373
77 43 233.333333 130.303030 0.51754599852645355 -0.0001144609989431022
77 44 233.333333 133.333333 0.51631505100263331 -9.7626807658806984e-05
77 45 233.333333 136.363636 0.51528419068258868 -8.040732796611678e-05
77 46 233.333333 139.393939 0.51445619579559643 -6.2870517284546577e-05
77 47 233.333333 142.424242 0.51383327667805989 -4.5085585394049871e-05
77 48 233.333333 145.454545 0.51341708372585149 -2.712272129563592e-05
77 49 233.333333 148.484848 0.51320871362330323 -9.0528162074492121e-06
77 50 233.333333 151.515152 0.51320871362330323 9.0528162104815646e-06
77 51 233.333333 154.545455 0.5134170837258516 2.7122721298679488e-05
77 52 233.333333 157.575758 0.51383327667806011 4.5085585397115791e-05
77 53 233.333333 160.606061 0.51445619579559732 6.2870517287645986e-05
77 54 233.333333 163.636364 0.51528419068258968 8.0407327969260627e-05
77 55 233.333333 166.666667 0.51631505100263453 9.7626807662006072e-05
77 56 233.333333 169.696970 0.51754599852645489 0.00011446099894636702
77 57 233.333333 172.727273 0.51897367775056669 0.00013084346496015459
77 58 233.333333 175.757576 0.52059414544484861 0.00014670955159444912
77 59 233.333333 178.787879 0.52240285954394716 0.00016199664265383051
77 60 233.333333 181.818182 0.52439466784697375 0.00017664440697389493
77 61 233.333333 184.848485 0.52656379703099399 0.00019059503652079821
77 62 233.333333 187.878788 0.52890384251561107 0.00020379347453315498
77 63 233.333333 190.909091 0.53140775973779908 0.00021618763280592326
77 64 233.333333 193.939394 0.53406785740764928 0.00022772859725875275
77 65 233.333333 196.969697 0.5368757933164533 0.0002383708209775132
77 66 233.333333 200.000000 0.53982257325847094 0.0002480723039671563
77 67 233.333333 203.030303 0.54289855360686379 0.00025679475890650781
77 68 233.333333 206.060606 0.5460934480527927 0.00026450376225083285
77 69 233.333333 209.090909 0.54939633897502005 0.0002711688900858399
77 70 233.333333 212.121212 0.55279569385604921 0.00027676383819697143
77 71 233.333333 215.151515 0.55627938710063363 0.00028126652588012147
77 72 233.333333 218.181818 0.55983472754422503 0.00028465918308408699
77 73 233.333333 221.212121 0.56344849186367341 0.0002869284205408415
77 74 233.333333 224.242424 0.56710696402129146 0.00028806528260685936
77 75 233.333333 227.272727 0.57079598078758131 0.00028806528260694869
77 76 233.333333 230.303030 0.57450098329871868 0.00028692842054110919
77 77 233.333333 233.333333 0.57820707451373377 0.00028465918308453184
77 78 233.333333 236.363636 0.58189908234464416 0.00028126652588074185
77 79 233.333333 239.393939 0.58556162814195922 0.00027676383819776474
77 80 233.333333 242.424242 0.58917920012953429 0.00027116889008680316
77 81 233.333333 245.454545 0.59273623129799491 0.00026450376225196226
77 82 233.333333 248.484848 0.5962171811863457 0.00025679475890779888
77 83 233.333333 251.515152 0.59960662090814065 0.00024807230396860382
77 84 233.333333 254.545455 0.60288932071297041 0.00023837082097911161
77 85 233.333333 257.575758 0.60605033931709185 0.00022772859726049568
77 86 233.333333 260.606061 0.60907511418973803 0.00021618763280780383
77 87 233.333333 263.636364 0.611949551944864 0.00020379347453516585
77 88 233.333333 266.666667 0.61466011796241959 0.0001905950365229313
77 89 233.333333 269.696970 0.61719392434923592 0.00017664440697614197
77 90 233.333333 272.727273 0.61953881534757937 0.00016199664265618247
77 91 233.333333 275.757576 0.6216834493094906 0.00014670955159689681
77 92 233.333333 278.787879 0.62361737637717463 0.00013084346496268842
77 93 233.333333 281.818182 0.62533111104370809 0.00011446099894897691
77 94 233.333333 284.848485 0.6268161988137616 9.7626807664681666e-05
77 95 233.333333 287.878788 0.62806527624035147 8.0407327971991461e-05
77 96 233.333333 290.909091 0.62907212368007515 6.2870517290421272e-05
77 97 233.333333 293.939394 0.62983171018493045 4.5085585399924553e-05
77 98 233.333333 296.969697 0.63034023003270589 2.7122721301510608e-05
77 99 233.333333 300.000000 0.63059513048877303 9.0528162133238955e-06
78 0 236.363636 0.000000 0.62508177092200523 -8.9449219088851062e-06
78 1 236.363636 3.030303 0.62487276351565657 -2.679946421479458e-05
78 2 236.363636 6.060606 0.62445576744496989 -4.4548241278948299e-05
78 3 236.363636 9.090909 0.62383281311576955 -6.212120678691902e-05
78 4 236.363636 12.121212 0.62300692851745976 -7.9449008272171066e-05
78 5 236.363636 15.151515 0.62198211829199856 -9.6463260818561519e-05
78 6 236.363636 18.181818 0.62076333617632506 -0.00011309681694436252
78 7 236.363636 21.212121 0.61935645111234805 -0.00012928403160269444
78 8 236.363636 24.242424 0.61776820738439031 -0.00014496102125253574
78 9 236.363636 27.272727 0.61600617920478928 -0.00016006591597787385
78 10 236.363636 30.303030 0.61407872022333465 -0.00017453910365999774
78 11 236.363636 33.333333 0.61199490848465821 -0.00018832346523929669
78 12 236.363636 36.363636 0.60976448739893074 -0.00020136460013809297
78 13 236.363636 39.393939 0.60739780332474991 -0.00021361104095486867
78 14 236.363636 42.424242 0.60490574038847655 -0.00022501445658258689
78 15 236.363636 45.454545 0.60229965318124656 -0.00023552984294948978
78 16 236.363636 48.484848 0.59959129798326249 -0.00024511570062961039
78 17 236.363636 51.515152 0.59679276316471985 -0.00025373419862204707
78 18 236.363636 54.545455 0.59391639940396168 -0.00026135132365264087
78 19 236.363636 57.575758 0.59097475034638614 -0.00026793701440882943
78 20 236.363636 60.606061 0.58798048430261796 -0.00027346528017791404
78 21 236.363636 63.636364 0.58494632755195264 -0.00027791430342052838
78 22 236.363636 66.666667 0.58188499977767028 -0.00028126652587449945
78 23 236.363636 69.696970 0.57880915211517525 -0.0002835087178492859
78 24 236.363636 72.727273 0.57573130824281193 -0.00028463203043752354
78 25 236.363636 75.757576 0.5726638088894751 -0.00028463203043761933
78 26 236.363636 78.787879 0.56961876007370449 -0.00028350871784957272
78 27 236.363636 81.818182 0.56660798532676271 -0.00028126652587497607
78 28 236.363636 84.848485 0.56364298208824215 -0.00027791430342119305
78 29 236.363636 87.878788 0.56073488239807745 -0.00027346528017876406
78 30 236.363636 90.909091 0.55789441794440076 -0.00026793701440986159
78 31 236.363636 93.939394 0.55513188946355585 -0.00026135132365385101
78 32 236.363636 96.969697 0.55245714042767147 -0.0002537341986234304
78 33 236.363636 100.000000 0.54987953489749497 -0.00024511570063116139
78 34 236.363636 103.030303 0.54740793936451515 -0.00023552984295120244
78 35 236.363636 106.060606 0.54505070835757763 -0.00022501445658445438
78 36 236.363636 109.090909 0.54281567354594606 -0.00021361104095688377
78 37 236.363636 112.121212 0.54071013603369056 -0.00020136460014024755
78 38 236.363636 115.151515 0.53874086150988798 -0.0001883234652415823
78 39 236.363636 118.181818 0.53691407789585333 -0.00017453910366240538
78 40 236.363636 121.212121 0.53523547511469127 -0.00016006591598039392
78 41 236.363636 124.242424 0.53371020660009505 -0.00014496102125515842
78 42 236.363636 127.272727 0.53234289216050323 -0.00012928403160540939
78 43 236.363636 130.303030 0.53113762182140012 -0.00011309681694715896
78 44 236.363636 133.333333 0.53009796028245781 -9.6463260821428394e-05
78 45 236.363636 136.363636 0.52922695164708866 -7.9449008275097083e-05
78 46 236.363636 139.393939 0.52852712410927893 -6.2121206789892688e-05
78 47 236.363636 142.424242 0.52800049431584095 -4.4548241281957841e-05
78 48 236.363636 145.454545 0.5276485711607074 -2.6799464217828076e-05
78 49 236.363636 148.484848 0.52747235881095211 -8.9449219119306199e-06
78 50 236.363636 151.515152 0.52747235881095211 8.9449219142176428e-06
78 51 236.363636 154.545455 0.5276485711607074 2.6799464220127113e-05
78 52 236.363636 157.575758 0.52800049431584151 4.4548241284280832e-05
78 53 236.363636 160.606061 0.52852712410927993 6.2121206792251559e-05
78 54 236.363636 163.636364 0.52922695164708966 7.9449008277503606e-05
78 55 236.363636 166.666667 0.53009796028245915 9.6463260823894059e-05
78 56 236.363636 169.696970 0.53113762182140167 0.00011309681694969506
78 57 236.363636 172.727273 0.53234289216050523 0.00012928403160802698
78 58 236.363636 175.757576 0.53371020660009694 0.00014496102125786828
78 59 236.363636 178.787879 0.53523547511469349 0.00016006591598320636
78 60 236.363636 181.818182 0.53691407789585621 0.00017453910366533031
78 61 236.363636 184.848485 0.53874086150989053 0.00018832346524462923
78 62 236.363636 187.878788 0.54071013603369356 0.00020136460014342551
78 63 236.363636 190.909091 0.5428156735459494 0.00021361104096020124
78 64 236.363636 193.939394 0.54505070835758096 0.00022501445658791938
78 65 236.363636 196.969697 0.5474079393645187 0.00023552984295482235
78 66 236.363636 200.000000 0.54987953489749841 0.00024511570063494293
78 67 236.363636 203.030303 0.55245714042767524 0.00025373419862737961
78 68 236.363636 206.060606 0.55513188946355962 0.00026135132365797341
78 69 236.363636 209.090909 0.55789441794440475 0.00026793701441416197
78 70 236.363636 212.121212 0.560734882398081 0.00027346528018324653
78 71 236.363636 215.151515 0.56364298208824626 0.00027791430342586097
78 72 236.363636 218.181818 0.56660798532676704 0.00028126652587983199
78 73 236.363636 221.212121 0.56961876007370893 0.00028350871785461844
78 74 236.363636 224.242424 0.57266380888947921 0.00028463203044285613
78 75 236.363636 227.272727 0.57573130824281615 0.00028463203044295187
78 76 236.363636 230.303030 0.57880915211517991 0.00028350871785490521
78 77 236.363636 233.333333 0.58188499977767449 0.00028126652588030866
78 78 236.363636 236.363636 0.58494632755195675 0.00027791430342652564
78 79 236.363636 239.393939 0.58798048430262195 0.00027346528018409665
78 80 236.363636 242.424242 0.59097475034639046 0.00026793701441519407
78 81 236.363636 245.454545 0.59391639940396579 0.00026135132365918349
78 82 236.363636 248.484848 0.59679276316472407 0.00025373419862876299
78 83 236.363636 251.515152 0.5995912979832666 0.00024511570063649393
78 84 236.363636 254.545455 0.60229965318125034 0.00023552984295653498
78 85 236.363636 257.575758 0.60490574038848011 0.00022501445658978692
78 86 236.363636 260.606061 0.60739780332475335 0.00021361104096221631
78 87 236.363636 263.636364 0.60976448739893385 0.00020136460014558009
78 88 236.363636 266.666667 0.61199490848466109 0.00018832346524691484
78 89 236.363636 269.696970 0.61407872022333754 0.00017453910366773792
78 90 236.363636 272.727273 0.61600617920479173 0.00016006591598572646
78 91 236.363636 275.757576 0.61776820738439253 0.00014496102126049099
78 92 236.363636 278.787879 0.61935645111235027 0.00012928403161074193
78 93 236.363636 281.818182 0.62076333617632695 0.0001130968169524915
78 94 236.363636 284.848485 0.62198211829200012 9.6463260826760934e-05
78 95 236.363636 287.878788 0.62300692851746087 7.9449008280429623e-05
78 96 236.363636 290.909091 0.62383281311577077 6.2121206795225228e-05
78 97 236.363636 293.939394 0.62445576744497033 4.4548241287290381e-05
78 98 236.363636 296.969697 0.62487276351565679 2.6799464223160609e-05
78 99 236.363636 300.000000 0.62508177092200534 8.9449219172631446e-06
79 0 239.393939 0.000000 0.61967876882164075 -8.8017260929233516e-06
79 1 239.393939 3.030303 0.61951445520115411 -2.6370441895027003e-05
79 2 239.393939 6.060606 0.61918660439675355 -4.3835085610470511e-05
79 3 239.393939 9.090909 0.61869676419924857 -6.1126732269345784e-05
79 4 239.393939 12.121212 0.61804724364089447 -7.8177139642092168e-05
79 5 239.393939 15.151515 0.61724109795520998 -9.4919017560399536e-05
79 6 239.393939 18.181818 0.6162821087622431 -0.00011128629348076087
79 7 239.393939 21.212121 0.61517475967981405 -0.00012721437324261559
79 8 239.393939 24.242424 0.61392420760625033 -0.00014264039599199113
79 9 239.393939 27.272727 0.61253624996177658 -0.00015750348226457509
79 10 239.393939 30.303030 0.61101728821350465 -0.00017174497424914781
79 11 239.393939 33.333333 0.60937428804238103 -0.00018530866728316494
79 12 239.393939 36.363636 0.60761473653905318 -0.00019814103166688327
79 13 239.393939 39.393939 0.60574659683910814 -0.0002101914239206297
79 14 239.393939 42.424242 0.60377826062613471 -0.00022141228665147937
79 15 239.393939 45.454545 0.60171849894350704 -0.00023175933624055813
79 16 239.393939 48.484848 0.5995764117624427 -0.00024119173761025518
79 17 239.393939 51.515152 0.59736137675480661 -0.00024967226538161869
79 18 239.393939 54.545455 0.59508299771433393 -0.00025716745078591959
79 19 239.393939 57.575758 0.59275105305960363 -0.00026364771375059172
79 20 239.393939 60.606061 0.59037544483639981 -0.00026908747963826389
79 21 239.393939 63.636364 0.58796614861638674 -0.00027346528017817013
79 22 239.393939 66.666667 0.58553316466365457 -0.00027676383819160647
79 23 239.393939 69.696970 0.58308647071112285 -0.00027897013577706133
79 24 239.393939 72.727273 0.58063597665549904 -0.00028007546568592669
79 25 239.393939 75.757576 0.5781914814430773 -0.00028007546568602942
79 26 239.393939 78.787879 0.57576263237967695 -0.00027897013577736902
79 27 239.393939 81.818182 0.57335888705713556 -0.00027676383819211778
79 28 239.393939 84.848485 0.57098947804660904 -0.00027346528017888327
79 29 239.393939 87.878788 0.56866338046619958 -0.00026908747963917586
79 30 239.393939 90.909091 0.56638928248775089 -0.00026364771375169901
79 31 239.393939 93.939394 0.56417555880572867 -0.00025716745078721787
79 32 239.393939 96.969697 0.56203024705055549 -0.0002496722653831028
79 33 239.393939 100.000000 0.55996102709023043 -0.00024119173761191925
79 34 239.393939 103.030303 0.55797520312808691 -0.00023175933624239558
79 35 239.393939 106.060606 0.55607968847167977 -0.00022141228665348295
79 36 239.393939 109.090909 0.55428099281850751 -0.00021019142392279154
79 37 239.393939 112.121212 0.55258521187897769 -0.00019814103166919481
79 38 239.393939 115.151515 0.55099801913606528 -0.00018530866728561706
79 39 239.393939 118.181818 0.54952465952474205 -0.00017174497425173085
79 40 239.393939 121.212121 0.54816994480269166 -0.00015750348226727885
79 41 239.393939 124.242424 0.5469382503771385 -0.0001426403959948049
79 42 239.393939 127.272727 0.54583351335088537 -0.00012721437324552835
79 43 239.393939 130.303030 0.54485923155375626 -0.00011128629348376103
79 44 239.393939 133.333333 0.54401846333349757 -9.4919017563475282e-05
79 45 239.393939 136.363636 0.5433138278925691 -7.817713964523138e-05
79 46 239.393939 139.393939 0.54274750597381882 -6.1126732272536117e-05
79 47 239.393939 142.424242 0.54232124071851939 -4.383508561369932e-05
79 48 239.393939 145.454545 0.54203633854410938 -2.637044189828153e-05
79 49 239.393939 148.484848 0.5418936699158462 -8.8017260961907676e-06
79 50 239.393939 151.515152 0.54189366991584642 8.8017260976848931e-06
79 51 239.393939 154.545455 0.54203633854410971 2.6370441899788544e-05
79 52 239.393939 157.575758 0.54232124071851995 4.383508561523205e-05
79 53 239.393939 160.606061 0.54274750597381993 6.1126732274107315e-05
79 54 239.393939 163.636364 0.54331382789257021 7.8177139646853713e-05
79 55 239.393939 166.666667 0.54401846333349924 9.4919017565161081e-05
79 56 239.393939 169.696970 0.54485923155375804 0.0001112862934855224
79 57 239.393939 172.727273 0.54583351335088759 0.00012721437324737713
79 58 239.393939 175.757576 0.5469382503771405 0.00014264039599675267
79 59 239.393939 178.787879 0.54816994480269388 0.00015750348226933663
79 60 239.393939 181.818182 0.54952465952474516 0.00017174497425390931
79 61 239.393939 184.848485 0.55099801913606805 0.00018530866728792649
79 62 239.393939 187.878788 0.55258521187898069 0.00019814103167164481
79 63 239.393939 190.909091 0.55428099281851095 0.00021019142392539122
79 64 239.393939 193.939394 0.55607968847168354 0.00022141228665624089
79 65 239.393939 196.969697 0.55797520312809068 0.00023175933624531965
79 66 239.393939 200.000000 0.55996102709023443 0.00024119173761501673
79 67 239.393939 203.030303 0.56203024705055971 0.00024967226538638023
79 68 239.393939 206.060606 0.56417555880573311 0.00025716745079068114
79 69 239.393939 209.090909 0.56638928248775533 0.00026364771375535321
79 70 239.393939 212.121212 0.56866338046620368 0.00026908747964302538
79 71 239.393939 215.151515 0.57098947804661315 0.00027346528018293173
79 72 239.393939 218.181818 0.57335888705714022 0.00027676383819636797
79 73 239.393939 221.212121 0.57576263237968184 0.00027897013578182287
79 74 239.393939 224.242424 0.57819148144308208 0.00028007546569068829
79 75 239.393939 227.272727 0.5806359766555037 0.00028007546569079101
79 76 239.393939 230.303030 0.58308647071112774 0.00027897013578213057
79 77 239.393939 233.333333 0.58553316466365923 0.00027676383819687938
79 78 239.393939 236.363636 0.58796614861639107 0.00027346528018364481
79 79 239.393939 239.393939 0.59037544483640425 0.00026908747964393741
79 80 239.393939 242.424242 0.59275105305960829 0.0002636477137564605
79 81 239.393939 245.454545 0.59508299771433848 0.00025716745079197941
79 82 239.393939 248.484848 0.59736137675481127 0.0002496722653878644
79 83 239.393939 251.515152 0.59957641176244691 0.00024119173761668076
79 84 239.393939 254.545455 0.60171849894351093 0.0002317593362471571
79 85 239.393939 257.575758 0.60377826062613871 0.00022141228665824449
79 86 239.393939 260.606061 0.60574659683911192 0.00021019142392755312
79 87 239.393939 263.636364 0.60761473653905651 0.00019814103167395636
79 88 239.393939 266.666667 0.60937428804238403 0.0001853086672903786
79 89 239.393939 269.696970 0.61101728821350787 0.00017174497425649236
79 90 239.393939 272.727273 0.61253624996177924 0.00015750348227204034
79 91 239.393939 275.757576 0.61392420760625277 0.00014264039599956645
79 92 239.393939 278.787879 0.6151747596798165 0.00012721437325028989
79 93 239.393939 281.818182 0.61628210876224498 0.00011128629348852261
79 94 239.393939 284.848485 0.61724109795521176 9.4919017568236827e-05
79 95 239.393939 287.878788 0.61804724364089558 7.8177139649992911e-05
79 96 239.393939 290.909091 0.61869676419924946 6.1126732277297648e-05
79 97 239.393939 293.939394 0.61918660439675399 4.3835085618460865e-05
79 98 239.393939 296.969697 0.61951445520115433 2.6370441903043065e-05
79 99 239.393939 300.000000 0.61967876882164086 8.8017261009522939e-06
80 0 242.424242 0.000000 0.61440584352268257 -8.6237938851872731e-06
80 1 242.424242 3.030303 0.61428487484940486 -2.5837347488596549e-05
80 2 242.424242 6.060606 0.61404349182263085 -4.294893288542136e-05
80 3 242.424242 9.090909 0.61368279968133377 -5.9891018465640224e-05
80 4 242.424242 12.121212 0.61320444781504757 -7.6596741557570676e-05
80 5 242.424242 15.151515 0.61261061969186159 -9.3000172304287683e-05
80 6 242.424242 18.181818 0.61190401957898177 -0.00010903657385864869
80 7 242.424242 21.212121 0.61108785618178585 -0.00012464265787005366
80 8 242.424242 24.242424 0.61016582335565372 -0.00013975683425465103
80 9 242.424242 27.272727 0.60914207807117704 -0.00015431945426326132
80 10 242.424242 30.303030 0.60802121583730273 -0.00016827304588773868
80 11 242.424242 33.333333 0.60680824380827159 -0.00018156254067673095
80 12 242.424242 36.363636 0.60550855181858176 -0.00019413549106569867
80 13 242.424242 39.393939 0.60412788160544917 -0.0002059422773634912
80 14 242.424242 42.424242 0.60267229449014192 -0.00021693630357859877
80 15 242.424242 45.454545 0.60114813779806375 -0.00022707418131224304
80 16 242.424242 48.484848 0.59956201030243406 -0.00023631590099256521
80 17 242.424242 51.515152 0.59792072697785892 -0.00024462498977412717
80 18 242.424242 54.545455 0.59623128334805353 -0.00025196865547956959
80 19 242.424242 57.575758 0.59450081970651236 -0.00025831791601535486
80 20 242.424242 60.606061 0.59273658548020125 -0.00026364771375084943
80 21 242.424242 63.636364 0.59094590399450742 -0.00026793701440934426
80 22 242.424242 66.666667 0.58913613788298269 -0.00027116889008073542
80 23 242.424242 69.696970 0.58731465536810168 -0.00027333058602825138
80 24 242.424242 72.727273 0.58548879761963857 -0.00027441357102557225
80 25 242.424242 75.757576 0.58366584737566485 -0.00027441357102568251
80 26 242.424242 78.787879 0.58185299898796661 -0.00027333058602858158
80 27 242.424242 81.818182 0.58005733002922522 -0.0002711688900812843
80 28 242.424242 84.848485 0.57828577457401331 -0.00026793701441010965
80 29 242.424242 87.878788 0.5765450982399305 -0.0002636477137518283
80 30 242.424242 90.909091 0.57484187504941531 -0.00025831791601654347
80 31 242.424242 93.939394 0.57318246614737467 -0.00025196865548096311
80 32 242.424242 96.969697 0.57157300038508596 -0.00024462498977572019
80 33 242.424242 100.000000 0.5700193567572972 -0.00023631590099435136
80 34 242.424242 103.030303 0.56852714865735143 -0.00022707418131421531
80 35 242.424242 106.060606 0.56710170989487985 -0.00021693630358074934
80 36 242.424242 109.090909 0.56574808240238106 -0.00020594227736581169
80 37 242.424242 112.121212 0.56447100554109975 -0.00019413549106817986
80 38 242.424242 115.151515 0.56327490690326087 -0.00018156254067936301
80 39 242.424242 118.181818 0.56216389449703796 -0.00016827304589051123
80 40 242.424242 121.212121 0.56114175019277046 -0.00015431945426616343
80 41 242.424242 124.242424 0.5602119243039777 -0.00013975683425767129
80 42 242.424242 127.272727 0.55937753117463196 -0.00012464265787318012
80 43 242.424242 130.303030 0.55864134564495305 -0.000109036573861869
80 44 242.424242 133.333333 0.55800580027157387 -9.3000172307589106e-05
80 45 242.424242 136.363636 0.55747298318418437 -7.6596741560940227e-05
80 46 242.424242 139.393939 0.55704463646950875 -5.9891018469064643e-05
80 47 242.424242 142.424242 0.55672215498452537 -4.294893288888708e-05
80 48 242.424242 145.454545 0.55650658551389098 -2.5837347492089868e-05
80 49 242.424242 148.484848 0.55639862620137825 -8.6237938886944317e-06
80 50 242.424242 151.515152 0.55639862620137837 8.6237938893512295e-06
80 51 242.424242 154.545455 0.55650658551389121 2.5837347492760508e-05
80 52 242.424242 157.575758 0.55672215498452604 4.294893288958532e-05
80 53 242.424242 160.606061 0.55704463646950986 5.9891018469804184e-05
80 54 242.424242 163.636364 0.5574729831841857 7.6596741561734636e-05
80 55 242.424242 166.666667 0.55800580027157565 9.3000172308451643e-05
80 56 242.424242 169.696970 0.55864134564495493 0.00010903657386281265
80 57 242.424242 172.727273 0.55937753117463407 0.00012464265787421756
80 58 242.424242 175.757576 0.56021192430398026 0.00013975683425881502
80 59 242.424242 178.787879 0.56114175019277324 0.00015431945426742528
80 60 242.424242 181.818182 0.56216389449704085 0.00016827304589190262
80 61 242.424242 184.848485 0.56327490690326398 0.00018156254068089491
80 62 242.424242 187.878788 0.56447100554110297 0.00019413549106986265
80 63 242.424242 190.909091 0.56574808240238494 0.00020594227736765516
80 64 242.424242 193.939394 0.56710170989488384 0.0002169363035827627
80 65 242.424242 196.969697 0.56852714865735543 0.00022707418131640703
80 66 242.424242 200.000000 0.57001935675730153 0.00023631590099672917
80 67 242.424242 203.030303 0.57157300038509051 0.0002446249897782911
80 68 242.424242 206.060606 0.57318246614737911 0.00025196865548373352
80 69 242.424242 209.090909 0.57484187504942008 0.0002583179160195188
80 70 242.424242 212.121212 0.57654509823993527 0.00026364771375501336
80 71 242.424242 215.151515 0.57828577457401831 0.00026793701441350819
80 72 242.424242 218.181818 0.58005733002923021 0.00027116889008489936
80 73 242.424242 221.212121 0.58185299898797183 0.00027333058603241532
80 74 242.424242 224.242424 0.58366584737566995 0.00027441357102973624
80 75 242.424242 227.272727 0.58548879761964356 0.00027441357102984644
80 76 242.424242 230.303030 0.58731465536810701 0.00027333058603274557
80 77 242.424242 233.333333 0.58913613788298769 0.00027116889008544823
80 78 242.424242 236.363636 0.59094590399451241 0.00026793701441427364
80 79 242.424242 239.393939 0.59273658548020591 0.00026364771375599234
80 80 242.424242 242.424242 0.59450081970651714 0.00025831791602070735
80 81 242.424242 245.454545 0.59623128334805819 0.0002519686554851271
80 82 242.424242 248.484848 0.59792072697786358 0.00024462498977988412
80 83 242.424242 251.515152 0.59956201030243839 0.00023631590099851529
80 84 242.424242 254.545455 0.60114813779806775 0.00022707418131837927
80 85 242.424242 257.575758 0.60267229449014603 0.00021693630358491332
80 86 242.424242 260.606061 0.60412788160545305 0.00020594227736997565
80 87 242.424242 263.636364 0.60550855181858543 0.00019413549107234382
80 88 242.424242 266.666667 0.60680824380827481 0.00018156254068352694
80 89 242.424242 269.696970 0.60802121583730628 0.00016827304589467519
80 90 242.424242 272.727273 0.60914207807117993 0.00015431945427032739
80 91 242.424242 275.757576 0.61016582335565639 0.00013975683426183525
80 92 242.424242 278.787879 0.61108785618178829 0.00012464265787734405
80 93 242.424242 281.818182 0.61190401957898388 0.00010903657386603297
80 94 242.424242 284.848485 0.61261061969186348 9.3000172311753066e-05
80 95 242.424242 287.878788 0.61320444781504901 7.6596741565104174e-05
80 96 242.424242 290.909091 0.61368279968133521 5.9891018473228602e-05
80 97 242.424242 293.939394 0.61404349182263163 4.294893289305104e-05
80 98 242.424242 296.969697 0.61428487484940508 2.5837347496253825e-05
80 99 242.424242 300.000000 0.61440584352268279 8.6237938928583779e-06
81 0 245.454545 0.000000 0.60928184800795182 -8.4118275028113022e-06
81 1 245.454545 3.030303 0.60920273709268724 -2.5202284875577721e-05
81 2 245.454545 6.060606 0.60904486757317955 -4.1893280343761979e-05
81 3 245.454545 9.090909 0.60880894204871905 -5.8418942173641672e-05
81 4 245.454545 12.121212 0.6084960093793087 -7.471405112783099e-05
81 5 245.454545 15.151515 0.60810745868899485 -9.0714297855814854e-05
81 6 245.454545 18.181818 0.6076450114530364 -0.00010635653669357537
81 7 245.454545 21.212121 0.60711071173847619 -0.00012157903487067907
81 8 245.454545 24.242424 0.60650691468339502 -0.00013632171614131881
81 9 245.454545 27.272727 0.6058362733147854 -0.00015052639787780975
81 10 245.454545 30.303030 0.60510172381837946 -0.00016413702069083971
81 11 245.454545 33.333333 0.60430646938573951 -0.00017709986967026785
81 12 245.454545 36.363636 0.60345396277435737 -0.00018936378637333473
81 13 245.454545 39.393939 0.6025478877252638 -0.00020088037072366383
81 14 245.454545 42.424242 0.60159213938964051 -0.00021160417202425151
81 15 245.454545 45.454545 0.60059080392109188 -0.0002214928683306029
81 16 245.454545 48.484848 0.59954813739352908 -0.00023050743347611261
81 17 245.454545 51.515152 0.5984685442060238 -0.00023861229109051438
81 18 245.454545 54.545455 0.59735655513553432 -0.0002457754550035613
81 19 245.454545 57.575758 0.59621680519610698 -0.00025196865547982698
81 20 245.454545 60.606061 0.59505401145912495 -0.00025716745078643562
81 21 245.454545 63.636364 0.59387295098343462 -0.00026135132365341592
81 22 245.454545 66.666667 0.59267843899692385 -0.00026450376224599134
81 23 245.454545 69.696970 0.59147530746242538 -0.00026661232532924933
81 24 245.454545 72.727273 0.59026838415086658 -0.00026766869136801106
81 25 245.454545 75.757576 0.5890624723335498 -0.00026766869136812934
81 26 245.454545 78.787879 0.5878623311934883 -0.0002666123253296037
81 27 245.454545 81.818182 0.58667265704308857 -0.00026450376224658044
81 28 245.454545 84.848485 0.58549806542229199 -0.00026135132365423731
81 29 245.454545 87.878788 0.58434307413786346 -0.00025716745078748616
81 30 245.454545 90.909091 0.58321208729097218 -0.00025196865548110259
81 31 245.454545 93.939394 0.58210938032680715 -0.00024577545500505685
81 32 245.454545 96.969697 0.5810390861269028 -0.00023861229109222395
81 33 245.454545 100.000000 0.58000518215229013 -0.00023050743347802951
81 34 245.454545 103.030303 0.57901147863374569 -0.00022149286833271953
81 35 245.454545 106.060606 0.57806160779444005 -0.0002116041720265595
81 36 245.454545 109.090909 0.5771590140803381 -0.00020088037072615419
81 37 245.454545 112.121212 0.57630694536491001 -0.0001893637863759975
81 38 245.454545 115.151515 0.57550844508719268 -0.00017709986967309253
81 39 245.454545 118.181818 0.57476634527607395 -0.00016413702069381522
81 40 245.454545 121.212121 0.57408326040891133 -0.0001505263978809242
81 41 245.454545 124.242424 0.57346158204932041 -0.00013632171614456003
81 42 245.454545 127.272727 0.57290347420713128 -0.00012157903487403432
81 43 245.454545 130.303030 0.5724108693631571 -0.00010635653669703134
81 44 245.454545 133.333333 0.57198546510246118 -9.0714297859357878e-05
81 45 245.454545 136.363636 0.5716287213022383 -7.4714051131447116e-05
81 46 245.454545 139.393939 0.57134185782408975 -5.841894217731667e-05
81 47 245.454545 142.424242 0.57112585266534388 -4.1893280347481307e-05
81 48 245.454545 145.454545 0.57098144052993571 -2.5202284879326668e-05
81 49 245.454545 148.484848 0.57090911178616854 -8.4118275065751118e-06
81 50 245.454545 151.515152 0.57090911178616865 8.4118275063534534e-06
81 51 245.454545 154.545455 0.57098144052993605 2.5202284879119867e-05
81 52 245.454545 157.575758 0.57112585266534444 4.1893280347304121e-05
81 53 245.454545 160.606061 0.57134185782409097 5.8418942177183808e-05
81 54 245.454545 163.636364 0.57162872130223941 7.4714051131373132e-05
81 55 245.454545 166.666667 0.57198546510246306 9.0714297859356997e-05
81 56 245.454545 169.696970 0.57241086936315921 0.00010635653669711752
81 57 245.454545 172.727273 0.57290347420713394 0.00012157903487422121
81 58 245.454545 175.757576 0.57346158204932296 0.00013632171614486095
81 59 245.454545 178.787879 0.57408326040891444 0.00015052639788135189
81 60 245.454545 181.818182 0.57476634527607751 0.00016413702069438188
81 61 245.454545 184.848485 0.57550844508719634 0.00017709986967381
81 62 245.454545 187.878788 0.57630694536491378 0.00018936378637687693
81 63 245.454545 190.909091 0.5771590140803422 0.00020088037072720603
81 64 245.454545 193.939394 0.57806160779444449 0.00021160417202779368
81 65 245.454545 196.969697 0.57901147863375002 0.00022149286833414507
81 66 245.454545 200.000000 0.58000518215229468 0.00023050743347965478
81 67 245.454545 203.030303 0.58103908612690769 0.00023861229109405649
81 68 245.454545 206.060606 0.58210938032681203 0.00024577545500710339
81 69 245.454545 209.090909 0.58321208729097729 0.00025196865548336912
81 70 245.454545 212.121212 0.58434307413786868 0.00025716745078997776
81 71 245.454545 215.151515 0.5854980654222971 0.00026135132365695795
81 72 245.454545 218.181818 0.58667265704309368 0.00026450376224953348
81 73 245.454545 221.212121 0.58786233119349385 0.00026661232533279142
81 74 245.454545 224.242424 0.58906247233355524 0.0002676686913715532
81 75 245.454545 227.272727 0.59026838415087202 0.00026766869137167149
81 76 245.454545 230.303030 0.59147530746243115 0.0002666123253331459
81 77 245.454545 233.333333 0.59267843899692929 0.00026450376225012258
81 78 245.454545 236.363636 0.59387295098343984 0.00026135132365777945
81 79 245.454545 239.393939 0.59505401145912973 0.00025716745079102835
81 80 245.454545 242.424242 0.59621680519611209 0.00025196865548464463
81 81 245.454545 245.454545 0.59735655513553954 0.00024577545500859894
81 82 245.454545 248.484848 0.59846854420602891 0.00023861229109576606
81 83 245.454545 251.515152 0.59954813739353374 0.00023050743348157165
81 84 245.454545 254.545455 0.60059080392109643 0.00022149286833626167
81 85 245.454545 257.575758 0.60159213938964495 0.00021160417203010165
81 86 245.454545 260.606061 0.60254788772526802 0.00020088037072969631
81 87 245.454545 263.636364 0.60345396277436114 0.00018936378637953962
81 88 245.454545 266.666667 0.60430646938574306 0.00017709986967663467
81 89 245.454545 269.696970 0.6051017238183829 0.00016413702069735734
81 90 245.454545 272.727273 0.6058362733147884 0.00015052639788446637
81 91 245.454545 275.757576 0.60650691468339779 0.00013632171614810218
81 92 245.454545 278.787879 0.60711071173847908 0.00012157903487757649
81 93 245.454545 281.818182 0.60764501145303873 0.00010635653670057348
81 94 245.454545 284.848485 0.60810745868899663 9.0714297862900021e-05
81 95 245.454545 287.878788 0.60849600937931003 7.4714051134989272e-05
81 96 245.454545 290.909091 0.60880894204872027 5.8418942180858813e-05
81 97 245.454545 293.939394 0.60904486757318022 4.1893280351023456e-05
81 98 245.454545 296.969697 0.60920273709268735 2.5202284882868821e-05
81 99 245.454545 300.000000 0.60928184800795193 8.411827510117246e-06
82 0 248.484848 0.000000 0.60432472536458337 -8.1666634802684567e-06
82 1 248.484848 3.030303 0.60428585792196055 -2.4467760357971591e-05
82 2 248.484848 6.060606 0.604208293129462 -4.0672294163792493e-05
82 3 248.484848 9.090909 0.6040923702379225 -5.6716313005946917e-05
82 4 248.484848 12.121212 0.60393859579479203 -7.2536498471879873e-05
82 5 248.484848 15.151515 0.60374764087142962 -8.8070415517112473e-05
82 6 248.484848 18.181818 0.60352033740231825 -0.0001032567588678389
82 7 248.484848 21.212121 0.6032576736666041 -0.00011803559496483421
82 8 248.484848 24.242424 0.60296078894927618 -0.00013234859849383144
82 9 248.484848 27.272727 0.60263096742574096 -0.00014613928256889105
82 10 248.484848 30.303030 0.60226963131946809 -0.0001593532216603329
82 11 248.484848 33.333333 0.60187833338768326 -0.00017193826638743772
82 12 248.484848 36.363636 0.60145874879475703 -0.00018384474932822762
82 13 248.484848 39.393939 0.60101266643688189 -0.00019502568103408995
82 14 248.484848 42.424242 0.6005419797848236 -0.00020543693547566349
82 15 248.484848 45.454545 0.60004867731396228 -0.00021503742418811693
82 16 248.484848 48.484848 0.59953483259247475 -0.00022378925842854848
82 17 248.484848 51.515152 0.59900259409932055 -0.00023165789870554387
82 18 248.484848 54.545455 0.59845417484373709 -0.00023861229109076949
82 19 248.484848 57.575758 0.59789184185720068 -0.00024462498977464054
82 20 248.484848 60.606061 0.59731790562730225 -0.00024967226538239259
82 21 248.484848 63.636364 0.5967347095407739 -0.00025373419862308275
82 22 248.484848 66.666667 0.59614461940001806 -0.00025679475890193069
82 23 248.484848 69.696970 0.59555001307398958 -0.00025884186758575275
82 24 248.484848 72.727273 0.59495327034024359 -0.00025986744567180902
82 25 248.484848 75.757576 0.59435676297043138 -0.00025986744567193593
82 26 248.484848 78.787879 0.59376284510662292 -0.00025884186758613287
82 27 248.484848 81.818182 0.59317384397058481 -0.0002567947589025624
82 28 248.484848 84.848485 0.59259205094267586 -0.00025373419862396361
82 29 248.484848 87.878788 0.59201971304142564 -0.00024967226538351924
82 30 248.484848 90.909091 0.59145902482916768 -0.00024462498977600848
82 31 248.484848 93.939394 0.59091212076348332 -0.00023861229109237324
82 32 248.484848 96.969697 0.5903810680086633 -0.0002316578987073772
82 33 248.484848 100.000000 0.58986785971609401 -0.00022378925843060413
82 34 248.484848 103.030303 0.5893744087773809 -0.00021503742419038682
82 35 248.484848 106.060606 0.588902542049346 -0.00020543693547813856
82 36 248.484848 109.090909 0.58845399504569695 -0.00019502568103676055
82 37 248.484848 112.121212 0.58803040708633414 -0.00018384474933108317
82 38 248.484848 115.151515 0.58763331689191967 -0.00017193826639046693
82 39 248.484848 118.181818 0.5872641586085442 -0.00015935322166352379
82 40 248.484848 121.212121 0.58692425824509831 -0.00014613928257223107
82 41 248.484848 124.242424 0.58661483050433749 -0.00013234859849730742
82 42 248.484848 127.272727 0.58633697598759382 -0.00011803559496843239
82 43 248.484848 130.303030 0.58609167875264434 -0.0001032567588715451
82 44 248.484848 133.333333 0.58587980420438479 -8.8070415520912033e-05
82 45 248.484848 136.363636 0.58570209729866329 -7.2536498475757821e-05
82 46 248.484848 139.393939 0.58555918104081084 -5.6716313009888019e-05
82 47 248.484848 142.424242 0.58545155526211901 -4.0672294167781124e-05
82 48 248.484848 145.454545 0.58537959565961051 -2.4467760361991999e-05
82 49 248.484848 148.484848 0.58534355308692609 -8.1666634843047991e-06
82 50 248.484848 151.515152 0.58534355308692632 8.1666634831670238e-06
82 51 248.484848 154.545455 0.58537959565961095 2.4467760360870154e-05
82 52 248.484848 157.575758 0.58545155526211989 4.067229416669106e-05
82 53 248.484848 160.606061 0.58555918104081206 5.6716313008845477e-05
82 54 248.484848 163.636364 0.58570209729866485 7.253649847477842e-05
82 55 248.484848 166.666667 0.58587980420438657 8.8070415520011033e-05
82 56 248.484848 169.696970 0.58609167875264645 0.00010325675887073748
82 57 248.484848 172.727273 0.58633697598759682 0.00011803559496773279
82 58 248.484848 175.757576 0.58661483050434038 0.00013234859849673005
82 59 248.484848 178.787879 0.58692425824510153 0.00014613928257178963
82 60 248.484848 181.818182 0.58726415860854786 0.00015935322166323146
82 61 248.484848 184.848485 0.58763331689192344 0.00017193826639033631
82 62 248.484848 187.878788 0.58803040708633814 0.00018384474933112627
82 63 248.484848 190.909091 0.58845399504570151 0.00019502568103698853
82 64 248.484848 193.939394 0.58890254204935055 0.00020543693547856199
82 65 248.484848 196.969697 0.58937440877738534 0.00021503742419101549
82 66 248.484848 200.000000 0.58986785971609867 0.00022378925843144707
82 67 248.484848 203.030303 0.59038106800866885 0.00023165789870844232
82 68 248.484848 206.060606 0.59091212076348865 0.00023861229109366799
82 69 248.484848 209.090909 0.59145902482917334 0.0002446249897775391
82 70 248.484848 212.121212 0.59201971304143119 0.00024967226538529115
82 71 248.484848 215.151515 0.59259205094268141 0.00025373419862598126
82 72 248.484848 218.181818 0.59317384397059048 0.00025679475890482925
82 73 248.484848 221.212121 0.5937628451066288 0.00025884186758865131
82 74 248.484848 224.242424 0.59435676297043705 0.00025986744567470769
82 75 248.484848 227.272727 0.59495327034024914 0.00025986744567483444
82 76 248.484848 230.303030 0.59555001307399547 0.00025884186758903143
82 77 248.484848 233.333333 0.59614461940002361 0.00025679475890546096
82 78 248.484848 236.363636 0.59673470954077945 0.00025373419862686223
82 79 248.484848 239.393939 0.59731790562730769 0.0002496722653864178
82 80 248.484848 242.424242 0.59789184185720612 0.00024462498977890698
82 81 248.484848 245.454545 0.59845417484374219 0.00023861229109527185
82 82 248.484848 248.484848 0.5990025940993261 0.00023165789871027579
82 83 248.484848 251.515152 0.59953483259247986 0.00022378925843350274
82 84 248.484848 254.545455 0.60004867731396694 0.00021503742419328538
82 85 248.484848 257.575758 0.60054197978482826 0.00020543693548103715
82 86 248.484848 260.606061 0.60101266643688656 0.00019502568103965911
82 87 248.484848 263.636364 0.60145874879476102 0.00018384474933398178
82 88 248.484848 266.666667 0.60187833338768693 0.00017193826639336546
82 89 248.484848 269.696970 0.60226963131947175 0.00015935322166642238
82 90 248.484848 272.727273 0.60263096742574429 0.00014613928257512957
82 91 248.484848 275.757576 0.60296078894927907 0.00013234859850020598
82 92 248.484848 278.787879 0.6032576736666071 0.00011803559497133097
82 93 248.484848 281.818182 0.60352033740232047 0.00010325675887444369
82 94 248.484848 284.848485 0.60374764087143162 8.8070415523810606e-05
82 95 248.484848 287.878788 0.60393859579479359 7.2536498478656394e-05
82 96 248.484848 290.909091 0.60409237023792395 5.6716313012786586e-05
82 97 248.484848 293.939394 0.60420829312946267 4.0672294170679697e-05
82 98 248.484848 296.969697 0.60428585792196088 2.4467760364890562e-05
82 99 248.484848 300.000000 0.60432472536458337 8.1666634872033509e-06
83 0 251.515152 0.000000 0.59955147391176999 -7.8892693679509202e-06
83 1 251.515152 3.030303 0.59955111971538444 -2.3636672768476822e-05
83 2 251.515152 6.060606 0.59955041845192325 -3.9290793020149722e-05
83 3 251.515152 9.090909 0.59954938426148019 -5.4789850462023586e-05
83 4 251.515152 12.121212 0.59954803805977752 -7.0072677395221136e-05
83 5 251.515152 15.151515 0.59954640719013519 -8.5078959483896415e-05
83 6 251.515152 18.181818 0.5995445249681256 -9.9749473788363722e-05
83 7 251.515152 21.212121 0.59954243012619024 -0.00011402632249098371
83 8 251.515152 24.242424 0.59954016616709405 -0.00012785316139239886
83 9 251.515152 27.272727 0.59953778063655716 -0.00014117542227634719
83 10 251.515152 30.303030 0.59953532432669721 -0.00015394052826548174
83 11 251.515152 33.333333 0.59953285042302817 -0.00016609810131828565
83 12 251.515152 36.363636 0.59953041360867132 -0.00017760016104818621
83 13 251.515152 39.393939 0.59952806914013657 -0.0001884013140802208
83 14 251.515152 42.424242 0.59952587190948736 -0.00019845893319794946
83 15 251.515152 45.454545 0.59952387550794251 -0.00020773332557360354
83 16 251.515152 48.484848 0.59952213130596776 -0.00021618788941754323
83 17 251.515152 51.515152 0.59952068756465005 -0.00022378925842879928
83 18 251.515152 54.545455 0.59951958859268528 -0.00023050743347661947
83 19 251.515152 57.575758 0.59951887396259429 -0.00023631590099333223
83 20 251.515152 60.606061 0.59951857779886653 -0.00024119173761128545
83 21 251.515152 63.636364 0.59951872814959961 -0.00024511570063090612
83 22 251.515152 66.666667 0.59951934645190508 -0.00024807230396284372
83 23 251.515152 69.696970 0.59952044709987151 -0.00025004987924449087
83 24 251.515152 72.727273 0.59952203712227126 -0.00025104062188967898
83 25 251.515152 75.757576 0.59952411597547073 -0.00025104062188981494
83 26 251.515152 78.787879 0.59952667545518545 -0.00025004987924489799
83 27 251.515152 81.818182 0.59952969972886139 -0.00024807230396352048
83 28 251.515152 84.848485 0.59953316548854352 -0.00024511570063184964
83 29 251.515152 87.878788 0.59953704222221704 -0.00024119173761249235
83 30 251.515152 90.909091 0.59954129259970812 -0.00023631590099479753
83 31 251.515152 93.939394 0.5995458729674441 -0.00023050743347833737
83 32 251.515152 96.969697 0.59955073394463465 -0.00022378925843076318
83 33 251.515152 100.000000 0.59955582111184325 -0.00021618788941974525
83 34 251.515152 103.030303 0.59956107578143636 -0.00020773332557603503
83 35 251.515152 106.060606 0.5995664358381152 -0.00019845893320060077
83 36 251.515152 109.090909 0.5995718366366044 -0.00018840131408308158
83 37 251.515152 112.121212 0.59957721194266611 -0.00017760016105124507
83 38 251.515152 115.151515 0.59958249490290549 -0.00016609810132153045
83 39 251.515152 118.181818 0.5995876190283751 -0.0001539405282688998
83 40 251.515152 121.212121 0.59959251917673961 -0.00014117542227992503
83 41 251.515152 124.242424 0.59959713251777069 -0.00012785316139612231
83 42 251.515152 127.272727 0.59960139946720026 -0.00011402632249483804
83 43 251.515152 130.303030 0.59960526457442098 -9.9749473792333759e-05
83 44 251.515152 133.333333 0.59960867735023826 -8.507895948796647e-05
83 45 251.515152 136.363636 0.59961159302181555 -7.0072677399375162e-05
83 46 251.515152 139.393939 0.59961397320305354 -5.4789850466245246e-05
83 47 251.515152 142.424242 0.59961578646998737 -3.9290793024422319e-05
83 48 251.515152 145.454545 0.59961700883223557 -2.3636672772783439e-05
83 49 251.515152 148.484848 0.59961762409316577 -7.8892693722746067e-06
83 50 251.515152 151.515152 0.59961762409316577 7.8892693701866738e-06
83 51 251.515152 154.545455 0.59961700883223601 2.3636672770712575e-05
83 52 251.515152 157.575758 0.59961578646998814 3.9290793022385482e-05
83 53 251.515152 160.606061 0.59961397320305487 5.478985046425934e-05
83 54 251.515152 163.636364 0.5996115930218171 7.0072677397456869e-05
83 55 251.515152 166.666667 0.59960867735024048 8.5078959486132176e-05
83 56 251.515152 169.696970 0.5996052645744232 9.9749473790599456e-05
83 57 251.515152 172.727273 0.59960139946720326 0.00011402632249321945
83 58 251.515152 175.757576 0.59959713251777358 0.00012785316139463465
83 59 251.515152 178.787879 0.59959251917674306 0.00014117542227858295
83 60 251.515152 181.818182 0.59958761902837932 0.00015394052826771753
83 61 251.515152 184.848485 0.59958249490290938 0.00016609810132052141
83 62 251.515152 187.878788 0.59957721194267044 0.000177600161050422
83 63 251.515152 190.909091 0.5995718366366094 0.00018840131408245656
83 64 251.515152 193.939394 0.59956643583811997 0.00019845893320018522
83 65 251.515152 196.969697 0.59956107578144147 0.00020773332557583933
83 66 251.515152 200.000000 0.59955582111184835 0.00021618788941977899
83 67 251.515152 203.030303 0.5995507339446402 0.00022378925843103504
83 68 251.515152 206.060606 0.59954587296744966 0.00023050743347885521
83 69 251.515152 209.090909 0.59954129259971412 0.00023631590099556797
83 70 251.515152 212.121212 0.59953704222222293 0.00024119173761352124
83 71 251.515152 215.151515 0.5995331654885494 0.0002451157006331418
83 72 251.515152 218.181818 0.59952969972886716 0.0002480723039650794
83 73 251.515152 221.212121 0.59952667545519178 0.0002500498792467266
83 74 251.515152 224.242424 0.59952411597547683 0.00025104062189191476
83 75 251.515152 227.272727 0.59952203712227747 0.00025104062189205061
83 76 251.515152 230.303030 0.59952044709987784 0.00025004987924713372
83 77 251.515152 233.333333 0.59951934645191118 0.00024807230396575616
83 78 251.515152 236.363636 0.59951872814960561 0.00024511570063408543
83 79 251.515152 239.393939 0.59951857779887208 0.00024119173761472809
83 80 251.515152 242.424242 0.59951887396260017 0.00023631590099703329
83 81 251.515152 245.454545 0.59951958859269083 0.00023050743348057323
83 82 251.515152 248.484848 0.59952068756465571 0.00022378925843299894
83 83 251.515152 251.515152 0.59952213130597309 0.00021618788942198095
83 84 251.515152 254.545455 0.59952387550794772 0.00020773332557827076
83 85 251.515152 257.575758 0.59952587190949214 0.00019845893320283653
83 86 251.515152 260.606061 0.59952806914014156 0.00018840131408531731
83 87 251.515152 263.636364 0.59953041360867576 0.00017760016105348081
83 88 251.515152 266.666667 0.59953285042303217 0.00016609810132376621
83 89 251.515152 269.696970 0.59953532432670131 0.00015394052827113556
83 90 251.515152 272.727273 0.59953778063656038 0.00014117542228216074
83 91 251.515152 275.757576 0.59954016616709693 0.00012785316139835804
83 92 251.515152 278.787879 0.59954243012619335 0.00011402632249707383
83 93 251.515152 281.818182 0.59954452496812816 9.9749473794569506e-05
83 94 251.515152 284.848485 0.59954640719013752 8.5078959490202243e-05
83 95 251.515152 287.878788 0.59954803805977885 7.0072677401610909e-05
83 96 251.515152 290.909091 0.59954938426148152 5.4789850468480999e-05
83 97 251.515152 293.939394 0.59955041845192414 3.9290793026658079e-05
83 98 251.515152 296.969697 0.59955111971538477 2.3636672775019196e-05
83 99 251.515152 300.000000 0.59955147391176999 7.8892693745103467e-06
84 0 254.545455 0.000000 0.59497812057056865 -7.5807399136906956e-06
84 1 254.545455 3.030303 0.5950144443894233 -2.2712302030121347e-05
84 2 254.545455 6.060606 0.59508695471599815 -3.7754229066699817e-05
84 3 254.545455 9.090909 0.59519537737463557 -5.2647157409415539e-05
84 4 254.545455 12.121212 0.59533930221812026 -6.7332311474031583e-05
84 5 254.545455 15.151515 0.59551818446645421 -8.1751735666463576e-05
84 6 254.545455 18.181818 0.59573134649057347 -9.5848523107032335e-05
84 7 254.545455 21.212121 0.59597798003974101 -0.00010956704021591949
84 8 254.545455 24.242424 0.59625714891087744 -0.0001228531462734906
84 9 254.545455 27.272727 0.59656779205749566 -0.00013565440708898091
84 10 254.545455 30.303030 0.59690872713521959 -0.00014792030193429132
84 11 254.545455 33.333333 0.59727865448000783 -0.00015960242292622188
84 12 254.545455 36.363636 0.59767616151423608 -0.00017065466607027083
84 13 254.545455 39.393939 0.59809972757465457 -0.00018103341321203809
84 14 254.545455 42.424242 0.59854772915494348 -0.00019069770417815376
84 15 254.545455 45.454545 0.59901844555413941 -0.00019960939842736904
84 16 254.545455 48.484848 0.59951006492061665 -0.00020773332557384819
84 17 254.545455 51.515152 0.60002069067953856 -0.00021503742418861331
84 18 254.545455 54.545455 0.60054834832982651 -0.00022149286833135718
84 19 254.545455 57.575758 0.60109099259465959 -0.00022707418131326021
84 20 254.545455 60.606061 0.60164651490742427 -0.00023175933624184229
84 21 254.545455 63.636364 0.60221275121279172 -0.00023552984295104393
84 22 254.545455 66.666667 0.60278749006036025 -0.00023837082097346454
84 23 254.545455 69.696970 0.60336848096595652 -0.00024027105826676911
84 24 254.545455 72.727273 0.60395344301337994 -0.00024122305546249676
84 25 254.545455 75.757576 0.60454007366705709 -0.00024122305546264212
84 26 254.545455 78.787879 0.60512605776380257 -0.00024027105826720456
84 27 254.545455 81.818182 0.60570907664971552 -0.00023837082097418843
84 28 254.545455 84.848485 0.60628681742613333 -0.00023552984295205319
84 29 254.545455 87.878788 0.60685698226667217 -0.00023175933624313316
84 30 254.545455 90.909091 0.60741729776558295 -0.00022707418131482759
84 31 254.545455 93.939394 0.60796552427612938 -0.00022149286833319474
84 32 254.545455 96.969697 0.60849946519634679 -0.00021503742419071392
84 33 254.545455 100.000000 0.60901697615849548 -0.00020773332557620351
84 34 254.545455 103.030303 0.60951597407772784 -0.0001996093984299698
84 35 254.545455 106.060606 0.60999444601502351 -0.00019069770418098962
84 36 254.545455 109.090909 0.61045045780928719 -0.00018103341321509798
84 37 254.545455 112.121212 0.61088216243369642 -0.00017065466607354263
84 38 254.545455 115.151515 0.61128780803191529 -0.00015960242292969266
84 39 254.545455 118.181818 0.61166574559067799 -0.00014792030193794736
84 40 254.545455 121.212121 0.61201443620650187 -0.00013565440709280779
84 41 254.545455 124.242424 0.61233245790587554 -0.00012285314627747323
84 42 254.545455 127.272727 0.61261851198023842 -0.00010956704022004218
84 43 254.545455 130.303030 0.61287142879933643 -9.5848523111278789e-05
84 44 254.545455 133.333333 0.61309017306916869 -8.1751735670817014e-05
84 45 254.545455 136.363636 0.61327384850364974 -6.7332311478474847e-05
84 46 254.545455 139.393939 0.6134217018823056 -5.2647157413931126e-05
84 47 254.545455 142.424242 0.61353312646979274 -3.7754229071269865e-05
84 48 254.545455 145.454545 0.61360766477668416 -2.2712302034727797e-05
84 49 254.545455 148.484848 0.61364501064486199 -7.580739918315404e-06
84 50 254.545455 151.515152 0.61364501064486199 7.5807399152470161e-06
84 51 254.545455 154.545455 0.61360766477668482 2.2712302031677662e-05
84 52 254.545455 157.575758 0.61353312646979363 3.7754229068256128e-05
84 53 254.545455 160.606061 0.61342170188230727 5.2647157410971857e-05
84 54 254.545455 163.636364 0.6132738485036513 6.7332311475587901e-05
84 55 254.545455 166.666667 0.61309017306917102 8.1751735668019907e-05
84 56 254.545455 169.696970 0.61287142879933909 9.584852310858864e-05
84 57 254.545455 172.727273 0.61261851198024142 0.00010956704021747584
84 58 254.545455 175.757576 0.61233245790587876 0.00012285314627504692
84 59 254.545455 178.787879 0.61201443620650542 0.0001356544070905372
84 60 254.545455 181.818182 0.61166574559068232 0.00014792030193584764
84 61 254.545455 184.848485 0.61128780803191951 0.0001596024229277782
84 62 254.545455 187.878788 0.61088216243370108 0.00017065466607182712
84 63 254.545455 190.909091 0.61045045780929208 0.0001810334132135944
84 64 254.545455 193.939394 0.60999444601502861 0.00019069770417971007
84 65 254.545455 196.969697 0.60951597407773339 0.00019960939842892533
84 66 254.545455 200.000000 0.60901697615850137 0.00020773332557540451
84 67 254.545455 203.030303 0.60849946519635312 0.0002150374241901696
84 68 254.545455 206.060606 0.60796552427613559 0.00022149286833291344
84 69 254.545455 209.090909 0.60741729776558906 0.00022707418131481658
84 70 254.545455 212.121212 0.60685698226667806 0.0002317593362433986
84 71 254.545455 215.151515 0.60628681742613977 0.00023552984295260022
84 72 254.545455 218.181818 0.60570907664972162 0.00023837082097502094
84 73 254.545455 221.212121 0.60512605776380934 0.0002402710582683254
84 74 254.545455 224.242424 0.60454007366706364 0.00024122305546405302
84 75 254.545455 227.272727 0.6039534430133866 0.00024122305546419844
84 76 254.545455 230.303030 0.60336848096596329 0.00024027105826876087
84 77 254.545455 233.333333 0.60278749006036669 0.00023837082097574475
84 78 254.545455 236.363636 0.60221275121279794 0.00023552984295360958
84 79 254.545455 239.393939 0.60164651490743026 0.00023175933624468951
84 80 254.545455 242.424242 0.60109099259466592 0.00022707418131638385
84 81 254.545455 245.454545 0.60054834832983228 0.00022149286833475105
84 82 254.545455 248.484848 0.60002069067954455 0.00021503742419227024
84 83 254.545455 251.515152 0.5995100649206222 0.00020773332557775978
84 84 254.545455 254.545455 0.59901844555414463 0.00019960939843152611
84 85 254.545455 257.575758 0.59854772915494858 0.00019069770418254594
84 86 254.545455 260.606061 0.59809972757465957 0.00018103341321665429
84 87 254.545455 263.636364 0.59767616151424063 0.00017065466607509892
84 88 254.545455 266.666667 0.59727865448001205 0.00015960242293124895
84 89 254.545455 269.696970 0.5969087271352238 0.00014792030193950371
84 90 254.545455 272.727273 0.59656779205749932 0.00013565440709436408
84 91 254.545455 275.757576 0.59625714891088055 0.00012285314627902955
84 92 254.545455 278.787879 0.59597798003974423 0.00010956704022159852
84 93 254.545455 281.818182 0.59573134649057591 9.5848523112835094e-05
84 94 254.545455 284.848485 0.59551818446645655 8.1751735672373318e-05
84 95 254.545455 287.878788 0.5953393022181217 6.7332311480031165e-05
84 96 254.545455 290.909091 0.5951953773746369 5.2647157415487437e-05
84 97 254.545455 293.939394 0.59508695471599893 3.7754229072826176e-05
84 98 254.545455 296.969697 0.59501444438942375 2.2712302036284122e-05
84 99 254.545455 300.000000 0.59497812057056876 7.5807399198717144e-06
85 0 257.575758 0.000000 0.59061970194288183 -7.2422927422900489e-06
85 1 257.575758 3.030303 0.59069077415117777 -2.1698296211904636e-05
85 2 257.575758 6.060606 0.59083265443571575 -3.6068666419377711e-05
85 3 257.575758 9.090909 0.59104481531682773 -5.0296690078698077e-05
85 4 257.575758 12.121212 0.59132646753708951 -6.4326215680648072e-05
85 5 257.575758 15.151515 0.59167656241846289 -7.8101875097157379e-05
85 6 257.575758 18.181818 0.59209379500938031 -9.1569302094009127e-05
85 7 257.575758 21.212121 0.59257660802498435 -0.00010467534688952899
85 8 257.575758 24.242424 0.59312319658404833 -0.00011736828591249129
85 9 257.575758 27.272727 0.59373151374610722 -0.00012959802593142468
85 10 257.575758 30.303030 0.59439927685195992 -0.0001413163017497111
85 11 257.575758 33.333333 0.59512397466992017 -0.00015247686668626686
85 12 257.575758 36.363636 0.59590287534898567 -0.00016303567509006443
85 13 257.575758 39.393939 0.59673303517841569 -0.00017295105616819473
85 14 257.575758 42.424242 0.59761130815102048 -0.00018218387844144915
85 15 257.575758 45.454545 0.59853435632482499 -0.00019069770417839027
85 16 257.575758 48.484848 0.5994986609746078 -0.00019845893319843161
85 17 257.575758 51.515152 0.6005005345211889 -0.00020543693547639917
85 18 257.575758 54.545455 0.60153613322225807 -0.00021160417202524792
85 19 257.575758 57.575758 0.60260147060403169 -0.00021693630357986184
85 20 257.575758 60.606061 0.60369243160813268 -0.00022141228665301395
85 21 257.575758 63.636364 0.60480478742287747 -0.00022501445658439686
85 22 257.575758 66.666667 0.60593421096265365 -0.00022772859725496628
85 23 257.575758 69.696970 0.60707629295337939 -0.00022954399719146828
85 24 257.575758 72.727273 0.60822655857620145 -0.00023045349183973098
85 25 257.575758 75.757576 0.60938048461569561 -0.00023045349183988619
85 26 257.575758 78.787879 0.61053351705296166 -0.00022954399719193335
85 27 257.575758 81.818182 0.61168108903825902 -0.00022772859725573915
85 28 257.575758 84.848485 0.61281863917224011 -0.00022501445658547464
85 29 257.575758 87.878788 0.61394163001957847 -0.00022141228665439238
85 30 257.575758 90.909091 0.6150455667738437 -0.00021693630358153536
85 31 257.575758 93.939394 0.61612601598802164 -0.00021160417202721008
85 32 257.575758 96.969697 0.61717862428111026 -0.00020543693547864223
85 33 257.575758 100.000000 0.61819913692789918 -0.00019845893320094657
85 34 257.575758 103.030303 0.61918341623633377 -0.00019069770418116732
85 35 257.575758 106.060606 0.62012745961493365 -0.00018218387844447728
85 36 257.575758 109.090909 0.62102741723155674 -0.00017295105617146206
85 37 257.575758 112.121212 0.62187960916443819 -0.00016303567509355803
85 38 257.575758 115.151515 0.6226805419469551 -0.00015247686668997288
85 39 257.575758 118.181818 0.6234269244089331 -0.00014131630175361499
85 40 257.575758 121.212121 0.62411568271958184 -0.00012959802593551098
85 41 257.575758 124.242424 0.62474397454029229 -0.00011736828591674393
85 42 257.575758 127.272727 0.62530920219956432 -0.00010467534689393118
85 43 257.575758 130.303030 0.62580902480718847 -9.1569302098543477e-05
85 44 257.575758 133.333333 0.62624136923051055 -7.810187510180591e-05
85 45 257.575758 136.363636 0.6266044398620485 -6.4326215685392554e-05
85 46 257.575758 139.393939 0.62689672711490363 -5.0296690083519768e-05
85 47 257.575758 142.424242 0.62711701459022129 -3.6068666424257569e-05
85 48 257.575758 145.454545 0.62726438486933089 -2.1698296216823363e-05
85 49 257.575758 148.484848 0.62733822389207128 -7.2422927472282713e-06
85 50 257.575758 151.515152 0.6273382238920715 7.242292743153001e-06
85 51 257.575758 154.545455 0.62726438486933123 2.1698296212767589e-05
85 52 257.575758 157.575758 0.62711701459022229 3.6068666420240668e-05
85 53 257.575758 160.606061 0.62689672711490507 5.029669007956102e-05
85 54 257.575758 163.636364 0.62660443986205028 6.4326215681511043e-05
85 55 257.575758 166.666667 0.62624136923051299 7.8101875098020323e-05
85 56 257.575758 169.696970 0.62580902480719125 9.1569302094872084e-05
85 57 257.575758 172.727273 0.62530920219956754 0.00010467534689039196
85 58 257.575758 175.757576 0.62474397454029595 0.00011736828591335424
85 59 257.575758 178.787879 0.62411568271958573 0.00012959802593228762
85 60 257.575758 181.818182 0.62342692440893777 0.00014131630175057405
85 61 257.575758 184.848485 0.62268054194695954 0.00015247686668712977
85 62 257.575758 187.878788 0.62187960916444307 0.0001630356750909274
85 63 257.575758 190.909091 0.62102741723156207 0.00017295105616905768
85 64 257.575758 193.939394 0.62012745961493909 0.00018218387844231207
85 65 257.575758 196.969697 0.61918341623633932 0.00019069770417925327
85 66 257.575758 200.000000 0.6181991369279054 0.00019845893319929458
85 67 257.575758 203.030303 0.61717862428111647 0.00020543693547726214
85 68 257.575758 206.060606 0.61612601598802796 0.00021160417202611081
85 69 257.575758 209.090909 0.61504556677385025 0.00021693630358072472
85 70 257.575758 212.121212 0.61394163001958491 0.00022141228665387686
85 71 257.575758 215.151515 0.61281863917224644 0.00022501445658525981
85 72 257.575758 218.181818 0.61168108903826568 0.00022772859725582925
85 73 257.575758 221.212121 0.61053351705296866 0.00022954399719233125
85 74 257.575758 224.242424 0.60938048461570238 0.00023045349184059401
85 75 257.575758 227.272727 0.60822655857620822 0.00023045349184074916
85 76 257.575758 230.303030 0.6070762929533865 0.00022954399719279629
85 77 257.575758 233.333333 0.60593421096266031 0.00022772859725660218
85 78 257.575758 236.363636 0.60480478742288413 0.00022501445658633758
85 79 257.575758 239.393939 0.60369243160813901 0.00022141228665525532
85 80 257.575758 242.424242 0.60260147060403801 0.00021693630358239827
85 81 257.575758 245.454545 0.60153613322226418 0.00021160417202807302
85 82 257.575758 248.484848 0.6005005345211949 0.00020543693547950517
85 83 257.575758 251.515152 0.59949866097461391 0.0001984589332018096
85 84 257.575758 254.545455 0.59853435632483043 0.00019069770418203032
85 85 257.575758 257.575758 0.59761130815102592 0.00018218387844534025
85 86 257.575758 260.606061 0.59673303517842091 0.000172951056172325
85 87 257.575758 263.636364 0.59590287534899045 0.00016303567509442097
85 88 257.575758 266.666667 0.5951239746699245 0.00015247686669083582
85 89 257.575758 269.696970 0.59439927685196436 0.00014131630175447793
85 90 257.575758 272.727273 0.59373151374611099 0.0001295980259363739
85 91 257.575758 275.757576 0.59312319658405166 0.00011736828591760686
85 92 257.575758 278.787879 0.59257660802498735 0.00010467534689479414
85 93 257.575758 281.818182 0.59209379500938286 9.1569302099406421e-05
85 94 257.575758 284.848485 0.59167656241846511 7.8101875102668881e-05
85 95 257.575758 287.878788 0.59132646753709128 6.4326215686255525e-05
85 96 257.575758 290.909091 0.5910448153168294 5.0296690084382725e-05
85 97 257.575758 293.939394 0.59083265443571664 3.6068666425120526e-05
85 98 257.575758 296.969697 0.59069077415117821 2.169829621768632e-05
85 99 257.575758 300.000000 0.59061970194288216 7.2422927480912149e-06
86 0 260.606061 0.000000 0.58649025247517106 -6.8752635501126937e-06
86 1 260.606061 3.030303 0.58659405924047936 -2.0598657131535996e-05
86 2 260.606061 6.060606 0.58680129838935791 -3.4240757223892087e-05
86 3 260.606061 9.090909 0.58711122207920219 -4.7747724690599158e-05
86 4 260.606061 12.121212 0.58752271085343188 -6.1066253701812597e-05
86 5 260.606061 15.151515 0.58803427642452499 -7.4143782108182158e-05
86 6 260.606061 18.181818 0.58864406540800274 -8.6928698879642436e-05
86 7 260.606061 21.212121 0.58934986402636591 -9.9370547790569326e-05
86 8 260.606061 24.242424 0.59014910380559138 -0.00011142022654745147
86 9 260.606061 27.272727 0.59103886828965291 -0.00012303018057321008
86 10 260.606061 30.303030 0.59201590080053601 -0.00013415459068338888
86 11 260.606061 33.333333 0.59307661327225958 -0.00014474955391354254
86 12 260.606061 36.363636 0.5942170961874137 -0.0001547732567841801
86 13 260.606061 39.393939 0.59543312964361927 -0.00016418614031946509
86 14 260.606061 42.424242 0.59672019557502642 -0.00017295105616842144
86 15 260.606061 45.454545 0.59807349115053166 -0.00018103341321250231
86 16 260.606061 48.484848 0.59948794336573585 -0.00018840131408093247
86 17 260.606061 51.515152 0.60095822483985617 -0.00019502568103505798
86 18 260.606061 54.545455 0.60247877082186752 -0.00020088037072489627
86 19 260.606061 57.575758 0.60404379740212444 -0.00020594227736499477
86 20 260.606061 60.606061 0.6056473209167399 -0.00021019142392241031
86 21 260.606061 63.636364 0.60728317852209979 -0.00021361104095693104
86 22 260.606061 66.666667 0.60894504990626708 -0.00021618763280239627
86 23 260.606061 69.696970 0.61062648009275766 -0.00021791103082792465
86 24 260.606061 72.727273 0.61232090328043598 -0.00021877443356885519
86 25 260.606061 75.757576 0.61402166765122779 -0.00021877443356902061
86 26 260.606061 78.787879 0.61572206106516647 -0.00021791103082842019
86 27 260.606061 81.818182 0.61741533755014444 -0.00021618763280321994
86 28 260.606061 84.848485 0.61909474448182189 -0.00021361104095807967
86 29 260.606061 87.878788 0.62075355033765467 -0.00021019142392387927
86 30 260.606061 90.909091 0.62238507289808731 -0.00020594227736677839
86 31 260.606061 93.939394 0.62398270775782783 -0.00020088037072698737
86 32 260.606061 96.969697 0.62553995700094178 -0.00019502568103744848
86 33 260.606061 100.000000 0.62705045788543201 -0.00018840131408361286
86 34 260.606061 103.030303 0.62850801137614465 -0.00018103341321546194
86 35 260.606061 106.060606 0.62990661035943518 -0.00017295105617164873
86 36 260.606061 109.090909 0.63124046736910044 -0.0001641861403229473
86 37 260.606061 112.121212 0.63250404165078145 -0.00015477325678790342
86 38 260.606061 115.151515 0.63369206539141121 -0.00014474955391749234
86 39 260.606061 118.181818 0.63479956894139267 -0.00013415459068754948
86 40 260.606061 121.212121 0.63582190486006129 -0.00012303018057756515
86 41 260.606061 124.242424 0.63675477061963159 -0.00011142022655198378
86 42 260.606061 127.272727 0.63759422980922642 -9.9370547795261035e-05
86 43 260.606061 130.303030 0.63833673168869298 -8.6928698884474956e-05
86 44 260.606061 133.333333 0.63897912895165443 -7.4143782113136433e-05
86 45 260.606061 136.363636 0.63951869356856539 -6.1066253706869072e-05
86 46 260.606061 139.393939 0.6399531305932683 -4.7747724695737951e-05
86 47 260.606061 142.424242 0.64028058983062308 -3.4240757229092869e-05
86 48 260.606061 145.454545 0.64049967527798912 -2.0598657136778212e-05
86 49 260.606061 148.484848 0.64060945226955857 -6.8752635553756838e-06
86 50 260.606061 151.515152 0.64060945226955879 6.8752635502710787e-06
86 51 260.606061 154.545455 0.64049967527798957 2.0598657131694381e-05
86 52 260.606061 157.575758 0.64028058983062408 3.4240757224050475e-05
86 53 260.606061 160.606061 0.63995313059326997 4.774772469075754e-05
86 54 260.606061 163.636364 0.63951869356856739 6.1066253701970972e-05
86 55 260.606061 166.666667 0.63897912895165709 7.4143782108340559e-05
86 56 260.606061 169.696970 0.63833673168869587 8.6928698879800825e-05
86 57 260.606061 172.727273 0.63759422980922975 9.9370547790727728e-05
86 58 260.606061 175.757576 0.63675477061963515 0.0001114202265476099
86 59 260.606061 178.787879 0.6358219048600654 0.00012303018057336848
86 60 260.606061 181.818182 0.63479956894139766 0.00013415459068354726
86 61 260.606061 184.848485 0.63369206539141609 0.00014474955391370099
86 62 260.606061 187.878788 0.63250404165078655 0.00015477325678433848
86 63 260.606061 190.909091 0.631240467369106 0.00016418614031962349
86 64 260.606061 193.939394 0.62990661035944073 0.00017295105616857982
86 65 260.606061 196.969697 0.62850801137615075 0.00018103341321266066
86 66 260.606061 200.000000 0.62705045788543823 0.00018840131408109088
86 67 260.606061 203.030303 0.62553995700094855 0.00019502568103521638
86 68 260.606061 206.060606 0.62398270775783449 0.00020088037072505462
86 69 260.606061 209.090909 0.62238507289809408 0.00020594227736515312
86 70 260.606061 212.121212 0.62075355033766133 0.00021019142392256866
86 71 260.606061 215.151515 0.61909474448182866 0.00021361104095708944
86 72 260.606061 218.181818 0.61741533755015154 0.00021618763280255461
86 73 260.606061 221.212121 0.61572206106517391 0.000217911030828083
86 74 260.606061 224.242424 0.61402166765123478 0.00021877443356901357
86 75 260.606061 227.272727 0.61232090328044286 0.00021877443356917902
86 76 260.606061 230.303030 0.61062648009276499 0.00021791103082857859
86 77 260.606061 233.333333 0.60894504990627407 0.00021618763280337834
86 78 260.606061 236.363636 0.60728317852210667 0.00021361104095823802
86 79 260.606061 239.393939 0.60564732091674622 0.00021019142392403773
86 80 260.606061 242.424242 0.60404379740213121 0.00020594227736693677
86 81 260.606061 245.454545 0.60247877082187384 0.00020088037072714583
86 82 260.606061 248.484848 0.60095822483986261 0.00019502568103760685
86 83 260.606061 251.515152 0.59948794336574185 0.00018840131408377124
86 84 260.606061 254.545455 0.59807349115053754 0.00018103341321562034
86 85 260.606061 257.575758 0.59672019557503198 0.00017295105617180713
86 86 260.606061 260.606061 0.59543312964362438 0.0001641861403231057
86 87 260.606061 263.636364 0.5942170961874188 0.00015477325678806179
86 88 260.606061 266.666667 0.59307661327226402 0.00014474955391765074
86 89 260.606061 269.696970 0.59201590080054023 0.00013415459068770788
86 90 260.606061 272.727273 0.59103886828965679 0.0001230301805777235
86 91 260.606061 275.757576 0.59014910380559482 0.0001114202265521422
86 92 260.606061 278.787879 0.58934986402636924 9.9370547795419424e-05
86 93 260.606061 281.818182 0.58864406540800562 8.6928698884633358e-05
86 94 260.606061 284.848485 0.58803427642452744 7.4143782113294821e-05
86 95 260.606061 287.878788 0.58752271085343344 6.1066253707027447e-05
86 96 260.606061 290.909091 0.58711122207920374 4.7747724695896339e-05
86 97 260.606061 293.939394 0.58680129838935868 3.4240757229251264e-05
86 98 260.606061 296.969697 0.58659405924047969 2.0598657136936597e-05
86 99 260.606061 300.000000 0.58649025247517117 6.8752635555340603e-06
87 0 263.636364 0.000000 0.58260279900441503 -6.4811008337004662e-06
87 1 263.636364 3.030303 0.58273725197344539 -1.9417724562088337e-05
87 2 263.636364 6.060606 0.58300568868677138 -3.2277715402745246e-05
87 3 263.636364 9.090909 0.58340717157842881 -4.5010320846994092e-05
87 4 263.636364 12.121212 0.58394029652002089 -5.7565291118120558e-05
87 5 263.636364 15.151515 0.58460319551808115 -6.9893077484284766e-05
87 6 263.636364 18.181818 0.58539354036421853 -8.1945027804729374e-05
87 7 263.636364 21.212121 0.58630854728233117 -9.367357853755194e-05
87 8 263.636364 24.242424 0.58734498262616797 -0.00010503244245127517
87 9 263.636364 27.272727 0.58849916968815463 -0.00011597679129940289
87 10 263.636364 30.303030 0.58976699668649957 -0.00012646343273702888
87 11 263.636364 33.333333 0.59114392600193122 -0.00013645098078128964
87 12 263.636364 36.363636 0.59262500473785151 -0.00014590001914293116
87 13 263.636364 39.393939 0.59420487667812072 -0.00015477325678439499
87 14 263.636364 42.424242 0.59587779571495714 -0.000163035675090507
87 15 263.636364 45.454545 0.59763764081555715 -0.00017065466607095269
87 16 263.636364 48.484848 0.59947793258998028 -0.00017760016104911833
87 17 263.636364 51.515152 0.60139185151458685 -0.00018384474932941981
87 18 263.636364 54.545455 0.60337225785499449 -0.00018936378637479586
87 19 263.636364 57.575758 0.60541171332016519 -0.00019413549106743643
87 20 263.636364 60.606061 0.60750250446504916 -0.00019814103166890433
87 21 263.636364 63.636364 0.60963666784329329 -0.00020136460014040291
87 22 263.636364 66.666667 0.61180601689416736 -0.00020379347452988359
87 23 263.636364 69.696970 0.61400217052920414 -0.00020541806917977816
87 24 263.636364 72.727273 0.61621658336444007 -0.00020623197255721019
87 25 263.636364 75.757576 0.61844057752379222 -0.0002062319725573861
87 26 263.636364 78.787879 0.62066537591835902 -0.00020541806918030519
87 27 263.636364 81.818182 0.62288213688558314 -0.00020379347453075968
87 28 263.636364 84.848485 0.62508199005156206 -0.00020136460014162465
87 29 263.636364 87.878788 0.627256073259711 -0.0001981410316704668
87 30 263.636364 90.909091 0.62939557038973515 -0.00019413549106933354
87 31 263.636364 93.939394 0.63149174987280043 -0.00018936378637702004
87 32 263.636364 96.969697 0.63353600369220908 -0.00018384474933196243
87 33 263.636364 100.000000 0.63551988664403947 -0.00017760016105196921
87 34 263.636364 103.030303 0.63743515561940467 -0.00017065466607410067
87 35 263.636364 106.060606 0.63927380865941708 -0.00016303567509393953
87 36 263.636364 109.090909 0.64102812352585425 -0.00015477325678809868
87 37 263.636364 112.121212 0.64269069552505664 -0.00014590001914689134
87 38 263.636364 115.151515 0.64425447431990956 -0.00013645098078549065
87 39 263.636364 118.181818 0.64571279946494198 -0.00012646343274145413
87 40 263.636364 121.212121 0.64705943440270008 -0.00011597679130403491
87 41 263.636364 124.242424 0.6482885986656286 -0.00010503244245609571
87 42 263.636364 127.272727 0.64939499803668865 -9.3673578542542048e-05
87 43 263.636364 130.303030 0.65037385243380352 -8.1945027809869264e-05
87 44 263.636364 133.333333 0.65122092129783549 -6.9893077489554151e-05
87 45 263.636364 136.363636 0.65193252628103615 -5.7565291123498669e-05
87 46 263.636364 139.393939 0.65250557105253315 -4.5010320852459724e-05
87 47 263.636364 142.424242 0.65293755805929632 -3.2277715408276805e-05
87 48 263.636364 145.454545 0.65322660210480954 -1.9417724567663966e-05
87 49 263.636364 148.484848 0.65337144063317121 -6.4811008392981936e-06
87 50 263.636364 151.515152 0.65337144063317132 6.4811008331458621e-06
87 51 263.636364 154.545455 0.65322660210481032 1.9417724561533738e-05
87 52 263.636364 157.575758 0.65293755805929743 3.2277715402190636e-05
87 53 263.636364 160.606061 0.65250557105253493 4.5010320846439495e-05
87 54 263.636364 163.636364 0.65193252628103837 5.7565291117565942e-05
87 55 263.636364 166.666667 0.65122092129783815 6.9893077483730156e-05
87 56 263.636364 169.696970 0.65037385243380652 8.194502780417475e-05
87 57 263.636364 172.727273 0.64939499803669232 9.3673578536997344e-05
87 58 263.636364 175.757576 0.64828859866563238 0.00010503244245072056
87 59 263.636364 178.787879 0.6470594344027043 0.00011597679129884828
87 60 263.636364 181.818182 0.64571279946494686 0.00012646343273647426
87 61 263.636364 184.848485 0.64425447431991456 0.00013645098078073504
87 62 263.636364 187.878788 0.64269069552506208 0.00014590001914237654
87 63 263.636364 190.909091 0.64102812352586014 0.0001547732567838404
87 64 263.636364 193.939394 0.63927380865942307 0.00016303567508995238
87 65 263.636364 196.969697 0.63743515561941089 0.00017065466607039812
87 66 263.636364 200.000000 0.63551988664404591 0.00017760016104856376
87 67 263.636364 203.030303 0.63353600369221619 0.00018384474932886522
87 68 263.636364 206.060606 0.63149174987280765 0.00018936378637424123
87 69 263.636364 209.090909 0.62939557038974214 0.00019413549106688183
87 70 263.636364 212.121212 0.62725607325971811 0.00019814103166834973
87 71 263.636364 215.151515 0.62508199005156928 0.00020136460013984832
87 72 263.636364 218.181818 0.62288213688559058 0.00020379347452932894
87 73 263.636364 221.212121 0.62066537591836657 0.00020541806917922351
87 74 263.636364 224.242424 0.61844057752379955 0.00020623197255665557
87 75 263.636364 227.272727 0.6162165833644474 0.00020623197255683151
87 76 263.636364 230.303030 0.6140021705292118 0.0002054180691797506
87 77 263.636364 233.333333 0.6118060168941748 0.00020379347453020508
87 78 263.636364 236.363636 0.60963666784330039 0.00020136460014107005
87 79 263.636364 239.393939 0.60750250446505594 0.00019814103166991218
87 80 263.636364 242.424242 0.60541171332017218 0.00019413549106877894
87 81 263.636364 245.454545 0.60337225785500115 0.00018936378637646542
87 82 263.636364 248.484848 0.60139185151459351 0.00018384474933140778
87 83 263.636364 251.515152 0.5994779325899865 0.00017760016105141459
87 84 263.636364 254.545455 0.59763764081556314 0.00017065466607354605
87 85 263.636364 257.575758 0.59587779571496291 0.00016303567509338491
87 86 263.636364 260.606061 0.59420487667812638 0.00015477325678754406
87 87 263.636364 263.636364 0.5926250047378564 0.00014590001914633672
87 88 263.636364 266.666667 0.59114392600193599 0.00013645098078493602
87 89 263.636364 269.696970 0.58976699668650423 0.00012646343274089954
87 90 263.636364 272.727273 0.58849916968815852 0.00011597679130348029
87 91 263.636364 275.757576 0.58734498262617141 0.00010503244245554111
87 92 263.636364 278.787879 0.58630854728233461 9.3673578541987438e-05
87 93 263.636364 281.818182 0.5853935403642212 8.1945027809314654e-05
87 94 263.636364 284.848485 0.58460319551808348 6.9893077488999527e-05
87 95 263.636364 287.878788 0.58394029652002277 5.7565291122944059e-05
87 96 263.636364 290.909091 0.58340717157843058 4.5010320851905135e-05
87 97 263.636364 293.939394 0.58300568868677205 3.2277715407722195e-05
87 98 263.636364 296.969697 0.58273725197344606 1.9417724567109362e-05
87 99 263.636364 300.000000 0.58260279900441547 6.481100838743586e-06
88 0 266.666667 0.000000 0.57896936092035811 -6.0613601732192269e-06
88 1 266.666667 3.030303 0.57913230633668744 -1.8160159104896486e-05
88 2 266.666667 6.060606 0.57945764725732085 -3.0187288185176722e-05
88 3 266.666667 9.090909 0.57994428455928315 -4.2095281830252721e-05
88 4 266.666667 12.121212 0.58059057133120806 -5.3837144629452193e-05
88 5 266.666667 15.151515 0.58139431505773331 -6.5366536814653436e-05
88 6 266.666667 18.181818 0.58235278062517171 -7.663795714217985e-05
88 7 266.666667 21.212121 0.58346269422565067 -8.7606922465420782e-05
88 8 266.666667 24.242424 0.5847202482529732 -9.823014328948893e-05
88 9 266.666667 27.272727 0.58612110729743216 -0.0001084656946150797
88 10 266.666667 30.303030 0.58766041535835711 -0.00011827318139728952
88 11 266.666667 33.333333 0.58933280440201485 -0.00012761389796640357
88 12 266.666667 36.363636 0.59113240439836079 -0.00013645098078149103
88 13 266.666667 39.393939 0.59305285497285398 -0.00014474955391395982
88 14 266.666667 42.424242 0.59508731880893251 -0.00015247686668691361
88 15 266.666667 45.454545 0.5972284969327627 -0.00015960242292711077
88 16 266.666667 48.484848 0.59946864600444139 -0.00016609810131942837
88 17 266.666667 51.515152 0.60179959772899494 -0.00017193826638884507
88 18 266.666667 54.545455 0.60421278048639482 -0.00017709986967194964
88 19 266.666667 57.575758 0.60669924326248892 -0.00018156254067869568
88 20 266.666667 60.606061 0.60924968194249751 -0.00018530866728542019
88 21 266.666667 63.636364 0.61185446800573995 -0.00018832346524184874
88 22 266.666667 66.666667 0.6145036796349056 -0.00019059503651777763
88 23 266.666667 69.696970 0.61718713522574464 -0.00019211441625916278
88 24 266.666667 72.727273 0.6198944292539984 -0.00019287560816830363
88 25 266.666667 75.757576 0.62261497042607283 -0.00019287560816849041
88 26 266.666667 78.787879 0.6253380220088578 -0.0001921144162597222
88 27 266.666667 81.818182 0.6280527442027114 -0.00019059503651870744
88 28 266.666667 84.848485 0.63074823839036764 -0.00018832346524314537
88 29 266.666667 87.878788 0.63341359306398148 -0.00018530866728707845
88 30 266.666667 90.909091 0.63603793120307395 -0.00018156254068070916
88 31 266.666667 93.939394 0.63861045884835077 -0.00017709986967431027
88 32 266.666667 96.969697 0.64112051459063146 -0.00017193826639154365
88 33 266.666667 100.000000 0.64355761967092384 -0.00016609810132245411
88 34 266.666667 103.030303 0.64591152836736576 -0.00015960242293045179
88 35 266.666667 106.060606 0.64817227832774493 -0.00015247686669055669
88 36 266.666667 109.090909 0.6503302404928667 -0.00014474955391789073
88 37 266.666667 112.121212 0.65237616824647415 -0.00013645098078569415
88 38 266.666667 115.151515 0.6543012454219348 -0.00012761389797086227
88 39 266.666667 118.181818 0.65609713279463544 -0.00011827318140198626
88 40 266.666667 121.212121 0.65775601269210981 -0.00010846569461999585
88 41 266.666667 124.242424 0.65927063136133246 -9.8230143294605212e-05
88 42 266.666667 127.272727 0.66063433874439348 -8.7606922470716975e-05
88 43 266.666667 130.303030 0.66184112532975359 -7.6637957147635054e-05
88 44 266.666667 133.333333 0.66288565576637482 -6.5366536820246076e-05
88 45 266.666667 136.363636 0.66376329895198527 -5.3837144635160199e-05
88 46 266.666667 139.393939 0.66447015433428147 -4.2095281836053636e-05
88 47 266.666667 142.424242 0.66500307419473503 -3.0187288191047612e-05
88 48 266.666667 145.454545 0.66535968171838333 -1.816015911081415e-05
88 49 266.666667 148.484848 0.66553838468924453 -6.0613601791603414e-06
88 50 266.666667 151.515152 0.66553838468924453 6.0613601719460356e-06
88 51 266.666667 154.545455 0.66535968171838389 1.8160159103623294e-05
88 52 266.666667 157.575758 0.66500307419473592 3.0187288183903533e-05
88 53 266.666667 160.606061 0.66447015433428336 4.2095281828979529e-05
88 54 266.666667 163.636364 0.66376329895198749 5.3837144628178987e-05
88 55 266.666667 166.666667 0.6628856557663777 6.5366536813380257e-05
88 56 266.666667 169.696970 0.66184112532975692 7.6637957140906671e-05
88 57 266.666667 172.727273 0.66063433874439736 8.7606922464147577e-05
88 58 266.666667 175.757576 0.65927063136133668 9.8230143288215751e-05
88 59 266.666667 178.787879 0.65775601269211437 0.0001084656946138065
88 60 266.666667 181.818182 0.65609713279464055 0.00011827318139601634
88 61 266.666667 184.848485 0.6543012454219399 0.00012761389796513039
88 62 266.666667 187.878788 0.65237616824647982 0.00013645098078021787
88 63 266.666667 190.909091 0.65033024049287291 0.00014474955391268661
88 64 266.666667 193.939394 0.64817227832775126 0.00015247686668564035
88 65 266.666667 196.969697 0.6459115283673722 0.00015960242292583759
88 66 266.666667 200.000000 0.64355761967093084 0.00016609810131815519
88 67 266.666667 203.030303 0.64112051459063879 0.00017193826638757192
88 68 266.666667 206.060606 0.6386104588483581 0.00017709986967067641
88 69 266.666667 209.090909 0.6360379312030815 0.00018156254067742248
88 70 266.666667 212.121212 0.63341359306398892 0.00018530866728414696
88 71 266.666667 215.151515 0.63074823839037508 0.00018832346524057559
88 72 266.666667 218.181818 0.62805274420271884 0.00019059503651650445
88 73 266.666667 221.212121 0.62533802200886568 0.00019211441625788958
88 74 266.666667 224.242424 0.62261497042608038 0.00019287560816703047
88 75 266.666667 227.272727 0.61989442925400584 0.00019287560816721723
88 76 266.666667 230.303030 0.6171871352257523 0.000192114416258449
88 77 266.666667 233.333333 0.61450367963491304 0.00019059503651743429
88 78 266.666667 236.363636 0.61185446800574717 0.00018832346524187224
88 79 266.666667 239.393939 0.6092496819425044 0.0001853086672858053
88 80 266.666667 242.424242 0.60669924326249625 0.00018156254067943592
88 81 266.666667 245.454545 0.6042127804864017 0.00017709986967303704
88 82 266.666667 248.484848 0.6017995977290016 0.00017193826639027047
88 83 266.666667 251.515152 0.59946864600444771 0.0001660981013211809
88 84 266.666667 254.545455 0.59722849693276892 0.00015960242292917856
88 85 266.666667 257.575758 0.59508731880893839 0.00015247686668928349
88 86 266.666667 260.606061 0.59305285497285976 0.00014474955391661752
88 87 266.666667 263.636364 0.59113240439836612 0.00013645098078442095
88 88 266.666667 266.666667 0.58933280440201963 0.00012761389796958909
88 89 266.666667 269.696970 0.58766041535836211 0.00011827318140071307
88 90 266.666667 272.727273 0.58612110729743638 0.00010846569461872269
88 91 266.666667 275.757576 0.58472024825297686 9.8230143293332034e-05
88 92 266.666667 278.787879 0.58346269422565411 8.760692246944381e-05
88 93 266.666667 281.818182 0.5823527806251747 7.6637957146361848e-05
88 94 266.666667 284.848485 0.58139431505773587 6.5366536818972884e-05
88 95 266.666667 287.878788 0.58059057133120995 5.383714463388702e-05
88 96 266.666667 290.909091 0.57994428455928471 4.2095281834780458e-05
88 97 266.666667 293.939394 0.57945764725732185 3.0187288189774434e-05
88 98 266.666667 296.969697 0.57913230633668811 1.8160159109540958e-05
88 99 266.666667 300.000000 0.57896936092035811 6.0613601778871458e-06
89 0 269.696970 0.000000 0.57560095513005938 -5.6176980932946296e-06
89 1 269.696970 3.030303 0.57579018233402668 -1.6830923796292981e-05
89 2 269.696970 6.060606 0.57616801899150005 -2.7977725532388952e-05
89 3 269.696970 9.090909 0.57673323000445431 -3.9014111967619505e-05
89 4 269.696970 12.121212 0.5774839637635949 -4.9896527526770122e-05
89 5 269.696970 15.151515 0.57841775347843682 -6.0582024287331576e-05
89 6 269.696970 18.181818 0.57953151909018286 -7.102843147532907e-05
89 7 269.696970 21.212121 0.58082156988321909 -8.1194521894101024e-05
89 8 269.696970 24.242424 0.58228360793543144 -9.1040174629209526e-05
89 9 269.696970 27.272727 0.58391273256902743 -0.00010052653338735995
89 10 269.696970 30.303030 0.58570344598160062 -0.00010961615984443889
89 11 269.696970 33.333333 0.5876496602514274 -0.00011827318139747564
89 12 269.696970 36.363636 0.58974470592104666 -0.00012646343273741735
89 13 269.696970 39.393939 0.59198134236879485 -0.00013415459068399501
89 14 269.696970 42.424242 0.59435177017889373 -0.00014131630175054946
89 15 269.696970 45.454545 0.59684764571684434 -0.00014792030193537553
89 16 269.696970 48.484848 0.59946009810817102 -0.00015394052826682444
89 17 269.696970 51.515152 0.60217974880504765 -0.00015935322166194571
89 18 269.696970 54.545455 0.60499673390712216 -0.00016413702069273319
89 19 269.696970 57.575758 0.60790072938015227 -0.00016827304588992229
89 20 269.696970 60.606061 0.61088097928913987 -0.00017174497425162982
89 21 269.696970 63.636364 0.61392632713184003 -0.00017453910366278531
89 22 269.696970 66.666667 0.61702525032429023 -0.00017664440697111932
89 23 269.696970 69.696970 0.62016589785276555 -0.00017805257550629537
89 24 269.696970 72.727273 0.62333613106694108 -0.00017875805187043609
89 25 269.696970 75.757576 0.62652356754752603 -0.00017875805187063387
89 26 269.696970 78.787879 0.62971562793893177 -0.00017805257550688777
89 27 269.696970 81.818182 0.63289958559424475 -0.00017664440697210407
89 28 269.696970 84.848485 0.63606261883656623 -0.00017453910366415851
89 29 269.696970 87.878788 0.63919186559838892 -0.00017174497425338602
89 30 269.696970 90.909091 0.64227448015967514 -0.00016827304589205457
89 31 269.696970 93.939394 0.645297691666465 -0.00016413702069523317
89 32 269.696970 96.969697 0.64824886407569082 -0.00015935322166480355
89 33 269.696970 100.000000 0.65111555713911762 -0.0001539405282700288
89 34 269.696970 103.030303 0.65388558801043395 -0.00014792030193891382
89 35 269.696970 106.060606 0.65654709303505088 -0.00014131630175440765
89 36 269.696970 109.090909 0.6590885892625461 -0.00013415459068815794
89 37 269.696970 112.121212 0.66149903520728737 -0.00012646343274186851
89 38 269.696970 115.151515 0.66376789037389961 -0.00011827318140219749
89 39 269.696970 118.181818 0.66588517306112271 -0.00010961615984941283
89 40 269.696970 121.212121 0.66784151596036267 -0.00010052653339256634
89 41 269.696970 124.242424 0.66962821907394821 -9.1040174634627813e-05
89 42 269.696970 127.272727 0.67123729949271083 -8.1194521899709846e-05
89 43 269.696970 130.303030 0.67266153759289904 -7.1028431481106254e-05
89 44 269.696970 133.333333 0.67389451923840482 -6.0582024293254308e-05
89 45 269.696970 136.363636 0.67493067360554593 -4.9896527532815057e-05
89 46 269.696970 139.393939 0.67576530628380882 -3.9014111973762825e-05
89 47 269.696970 142.424242 0.67639462734663536 -2.7977725538606374e-05
89 48 269.696970 145.454545 0.67681577413094662 -1.6830923802559948e-05
89 49 269.696970 148.484848 0.67702682851214491 -5.6176980995864301e-06
89 50 269.696970 151.515152 0.67702682851214513 5.6176980913000779e-06
89 51 269.696970 154.545455 0.67681577413094751 1.6830923794298432e-05
89 52 269.696970 157.575758 0.67639462734663669 2.7977725530394406e-05
89 53 269.696970 160.606061 0.67576530628381071 3.9014111965624946e-05
89 54 269.696970 163.636364 0.67493067360554815 4.9896527524775569e-05
89 55 269.696970 166.666667 0.67389451923840749 6.058202428533703e-05
89 56 269.696970 169.696970 0.67266153759290226 7.1028431473334504e-05
89 57 269.696970 172.727273 0.6712372994927146 8.1194521892106498e-05
89 58 269.696970 175.757576 0.66962821907395242 9.1040174627215001e-05
89 59 269.696970 178.787879 0.66784151596036723 0.00010052653338536538
89 60 269.696970 181.818182 0.66588517306112793 0.0001096161598424443
89 61 269.696970 184.848485 0.66376789037390493 0.00011827318139548107
89 62 269.696970 187.878788 0.66149903520729325 0.00012646343273542277
89 63 269.696970 190.909091 0.65908858926255243 0.00013415459068200045
89 64 269.696970 193.939394 0.65654709303505732 0.00014131630174855494
89 65 269.696970 196.969697 0.65388558801044083 0.00014792030193338103
89 66 269.696970 200.000000 0.65111555713912472 0.00015394052826482992
89 67 269.696970 203.030303 0.64824886407569826 0.00015935322165995113
89 68 269.696970 206.060606 0.64529769166647222 0.00016413702069073864
89 69 269.696970 209.090909 0.6422744801596828 0.00016827304588792774
89 70 269.696970 212.121212 0.63919186559839625 0.00017174497424963522
89 71 269.696970 215.151515 0.636062618836574 0.00017453910366079076
89 72 269.696970 218.181818 0.63289958559425252 0.00017664440696912474
89 73 269.696970 221.212121 0.62971562793893987 0.00017805257550430076
89 74 269.696970 224.242424 0.62652356754753369 0.00017875805186844156
89 75 269.696970 227.272727 0.62333613106694885 0.00017875805186863935
89 76 269.696970 230.303030 0.62016589785277354 0.00017805257550489322
89 77 269.696970 233.333333 0.61702525032429789 0.00017664440697010957
89 78 269.696970 236.363636 0.6139263271318478 0.00017453910366216395
89 79 269.696970 239.393939 0.6108809792891472 0.00017174497425139149
89 80 269.696970 242.424242 0.6079007293801596 0.00016827304589006001
89 81 269.696970 245.454545 0.60499673390712905 0.00016413702069323864
89 82 269.696970 248.484848 0.60217974880505465 0.00015935322166280897
89 83 269.696970 251.515152 0.5994600981081778 0.00015394052826803422
89 84 269.696970 254.545455 0.59684764571685067 0.00014792030193691924
89 85 269.696970 257.575758 0.59435177017889984 0.0001413163017524131
89 86 269.696970 260.606061 0.59198134236880062 0.00013415459068616338
89 87 269.696970 263.636364 0.58974470592105199 0.00012646343273987394
89 88 269.696970 266.666667 0.58764966025143217 0.00011827318140020295
89 89 269.696970 269.696970 0.5857034459816054 0.00010961615984741828
89 90 269.696970 272.727273 0.58391273256903153 0.00010052653339057175
89 91 269.696970 275.757576 0.58228360793543521 9.1040174632633274e-05
89 92 269.696970 278.787879 0.58082156988322253 8.1194521897715293e-05
89 93 269.696970 281.818182 0.57953151909018585 7.1028431479111702e-05
89 94 269.696970 284.848485 0.57841775347843927 6.0582024291259756e-05
89 95 269.696970 287.878788 0.57748396376359701 4.9896527530820511e-05
89 96 269.696970 290.909091 0.57673323000445631 3.9014111971768266e-05
89 97 269.696970 293.939394 0.57616801899150127 2.7977725536611828e-05
89 98 269.696970 296.969697 0.57579018233402723 1.6830923800565395e-05
89 99 269.696970 300.000000 0.57560095513005971 5.6176980975918725e-06
90 0 272.727273 0.000000 0.57250760497879205 -5.1518655254662162e-06
90 1 272.727273 3.030303 0.57272085425600594 -1.5435264520771037e-05
90 2 272.727273 6.060606 0.57314667873846958 -2.5657747578719312e-05
90 3 272.727273 9.090909 0.57378373030052954 -3.5778971228889612e-05
90 4 272.727273 12.121212 0.57462998684099309 -4.5758991625481968e-05
90 5 272.727273 15.151515 0.57568275250350753 -5.5558422187428611e-05
90 6 272.727273 18.181818 0.57693865816069034 -6.5138589039235545e-05
90 7 272.727273 21.212121 0.57839366232024314 -7.4461683639100588e-05
90 8 272.727273 24.242424 0.58004305264487965 -8.3490911991954844e-05
90 9 272.727273 27.272727 0.58188144830764033 -9.2190639858551651e-05
90 10 272.727273 30.303030 0.58390280342944367 -0.00010052653338752914
90 11 272.727273 33.333333 0.58610041186599449 -0.00010846569461543594
90 12 272.727273 36.363636 0.58846691362595915 -0.00011597679129996329
90 13 272.727273 39.393939 0.59099430321124446 -0.00012303018057399097
90 14 272.727273 42.424242 0.59367394017301323 -0.00012959802593244153
90 15 272.727273 45.454545 0.59649656217356051 -0.00013565440709024815
90 16 272.727273 48.484848 0.59945230083428513 -0.00014117542227787841
90 17 272.727273 51.515152 0.60253070063375735 -0.00014613928257069866
90 18 272.727273 54.545455 0.60572074109747365 -0.00015052639787990519
90 19 272.727273 57.575758 0.60901086249251779 -0.00015431945426565481
90 20 272.727273 60.606061 0.61238899520641832 -0.0001575034822672757
90 21 272.727273 63.636364 0.61584259295040034 -0.00016006591598088948
90 22 272.727273 66.666667 0.6193586698835617 -0.0001619966426512931
90 23 272.727273 69.696970 0.62292384170687121 -0.00016328804258238354
90 24 272.727273 72.727273 0.62652437072495282 -0.00016393501920861732
90 25 272.727273 75.757576 0.63014621482020639 -0.0001639350192088263
90 26 272.727273 78.787879 0.63377508022864981 -0.00016328804258300951
90 27 272.727273 81.818182 0.63739647795088028 -0.00016199664265233364
90 28 272.727273 84.848485 0.64099578357550713 -0.00016006591598234047
90 29 272.727273 87.878788 0.64455830023731642 -0.00015750348226913145
90 30 272.727273 90.909091 0.64806932437900711 -0.000154319454267908
90 31 272.727273 93.939394 0.6515142139346024 -0.00015052639788254687
90 32 272.727273 96.969697 0.65487845850528514 -0.00014613928257371846
90 33 272.727273 100.000000 0.65814775105530821 -0.00014117542228126438
90 34 272.727273 103.030303 0.66130806061745773 -0.00013565440709398691
90 35 272.727273 106.060606 0.66434570546498295 -0.00012959802593651834
90 36 272.727273 109.090909 0.66724742618053834 -0.00012303018057838985
90 37 272.727273 112.121212 0.67000045803295549 -0.00011597679130466676
90 38 272.727273 115.151515 0.67259260206005156 -0.00010846569462042544
90 39 272.727273 118.181818 0.675012294250389 -0.00010052653339278498
90 40 272.727273 121.212121 0.67724867221917073 -9.2190639864053124e-05
90 41 272.727273 124.242424 0.67929163878335641 -8.3490911997680217e-05
90 42 272.727273 127.272727 0.68113192185854332 -7.4461683645027284e-05
90 43 272.727273 130.303030 0.68276113012506312 -6.5138589045340146e-05
90 44 272.727273 133.333333 0.68417180394279731 -5.5558422193687019e-05
90 45 272.727273 136.363636 0.68535746103310302 -4.5758991631869511e-05
90 46 272.727273 139.393939 0.68631263649139385 -3.577897123538111e-05
90 47 272.727273 142.424242 0.68703291674492006 -2.5657747585289109e-05
90 48 272.727273 145.454545 0.68751496712630422 -1.5435264527393185e-05
90 49 272.727273 148.484848 0.68775655279388082 -5.15186553211461e-06
90 50 272.727273 151.515152 0.68775655279388082 5.1518655227503812e-06
90 51 272.727273 154.545455 0.68751496712630467 1.5435264518055206e-05
90 52 272.727273 157.575758 0.68703291674492128 2.565774757600348e-05
90 53 272.727273 160.606061 0.68631263649139584 3.577897122617378e-05
90 54 272.727273 163.636364 0.68535746103310524 4.5758991622766137e-05
90 55 272.727273 166.666667 0.68417180394280042 5.555842218471278e-05
90 56 272.727273 169.696970 0.68276113012506645 6.51385890365197e-05
90 57 272.727273 172.727273 0.68113192185854754 7.4461683636384743e-05
90 58 272.727273 175.757576 0.67929163878336063 8.3490911989239026e-05
90 59 272.727273 178.787879 0.6772486722191754 9.219063985583582e-05
90 60 272.727273 181.818182 0.67501229425039466 0.00010052653338481329
90 61 272.727273 184.848485 0.67259260206005722 0.00010846569461272011
90 62 272.727273 187.878788 0.67000045803296149 0.00011597679129724747
90 63 272.727273 190.909091 0.667247426180545 0.00012303018057127516
90 64 272.727273 193.939394 0.66434570546498983 0.00012959802592972565
90 65 272.727273 196.969697 0.6613080606174645 0.0001356544070875323
90 66 272.727273 200.000000 0.65814775105531553 0.00014117542227516262
90 67 272.727273 203.030303 0.65487845850529269 0.00014613928256798281
90 68 272.727273 206.060606 0.65151421393461018 0.00015052639787718931
90 69 272.727273 209.090909 0.6480693243790151 0.00015431945426293899
90 70 272.727273 212.121212 0.64455830023732408 0.00015750348226455988
90 71 272.727273 215.151515 0.64099578357551512 0.00016006591597817363
90 72 272.727273 218.181818 0.63739647795088827 0.00016199664264857723
90 73 272.727273 221.212121 0.63377508022865847 0.0001632880425796677
90 74 272.727273 224.242424 0.63014621482021438 0.00016393501920590147
90 75 272.727273 227.272727 0.62652437072496103 0.00016393501920611045
90 76 272.727273 230.303030 0.6229238417068792 0.00016328804258029369
90 77 272.727273 233.333333 0.61935866988356958 0.00016199664264961779
90 78 272.727273 236.363636 0.615842592950408 0.00016006591597962465
90 79 272.727273 239.393939 0.61238899520642598 0.00015750348226641566
90 80 272.727273 242.424242 0.60901086249252534 0.00015431945426519218
90 81 272.727273 245.454545 0.60572074109748097 0.000150526397879831
90 82 272.727273 248.484848 0.60253070063376468 0.00014613928257100258
90 83 272.727273 251.515152 0.5994523008342918 0.00014117542227854853
90 84 272.727273 254.545455 0.59649656217356706 0.00013565440709127107
90 85 272.727273 257.575758 0.59367394017301944 0.0001295980259338025
90 86 272.727273 260.606061 0.59099430321125013 0.00012303018057567401
90 87 272.727273 263.636364 0.5884669136259647 0.00011597679130195093
90 88 272.727273 266.666667 0.58610041186599937 0.00010846569461770961
90 89 272.727273 269.696970 0.58390280342944845 0.00010052653339006917
90 90 272.727273 272.727273 0.58188144830764466 9.2190639861337265e-05
90 91 272.727273 275.757576 0.58004305264488354 8.3490911994964372e-05
90 92 272.727273 278.787879 0.57839366232024669 7.4461683642311453e-05
90 93 272.727273 281.818182 0.57693865816069345 6.5138589042624328e-05
90 94 272.727273 284.848485 0.5756827525035102 5.5558422190971188e-05
90 95 272.727273 287.878788 0.57462998684099509 4.5758991629153687e-05
90 96 272.727273 290.909091 0.57378373030053142 3.5778971232665278e-05
90 97 272.727273 293.939394 0.57314667873847058 2.5657747582573285e-05
90 98 272.727273 296.969697 0.57272085425600661 1.5435264524677357e-05
90 99 272.727273 300.000000 0.57250760497879227 5.1518655293987725e-06
91 0 275.757576 0.000000 0.56969835226569565 -4.6657008980605439e-06
91 1 275.757576 3.030303 0.56993332202700542 -1.3978689307875059e-05
91 2 275.757576 6.060606 0.57040254134656887 -2.3236510217253832e-05
91 3 275.757576 9.090909 0.57110456939425536 -3.2402627236563618e-05
91 4 275.757576 12.121212 0.57203724391800681 -4.1440865889529745e-05
91 5 275.757576 15.151515 0.5731976801835017 -5.0315556377367377e-05
91 6 275.757576 18.181818 0.57458226980381721 -5.8991674351181481e-05
91 7 275.757576 21.212121 0.57618667966171122 -6.7434979137070663e-05
91 8 275.757576 24.242424 0.57800585117035452 -7.5612148868424079e-05
91 9 275.757576 27.272727 0.58003400015678364 -8.3490911992105534e-05
91 10 275.757576 30.303030 0.58226461768521232 -9.1040174629530341e-05
91 11 275.757576 33.333333 0.58469047216397307 -9.8230143289998654e-05
91 12 275.757576 36.363636 0.5873036130996554 -0.00010503244245199184
91 13 275.757576 39.393939 0.59009537687451552 -0.00011142022654839235
91 14 275.757576 42.424242 0.59305639492806794 -0.00011736828591367265
91 15 275.757576 45.454545 0.59617660472076595 -0.00012285314627492782
91 16 275.757576 48.484848 0.59944526384669039 -0.0001278531613941064
91 17 275.757576 51.515152 0.60285096764326995 -0.0001323485984958225
91 18 275.757576 54.545455 0.60638167061941828 -0.00013632171614360561
91 19 275.757576 57.575758 0.61002471198940844 -0.00013975683425724463
91 20 275.757576 60.606061 0.61376684555873007 -0.00014264039599490129
91 21 275.757576 63.636364 0.61759427416066803 -0.00014496102125577113
91 22 275.757576 66.666667 0.62149268878904129 -0.00014670955159214215
91 23 275.757576 69.696970 0.62544731251424801 -0.00014787908635360448
91 24 275.757576 72.727273 0.62944294920729815 -0.00014846500992076397
91 25 275.757576 75.757576 0.63346403703084131 -0.00014846500992098428
91 26 275.757576 78.787879 0.63749470658829765 -0.00014787908635426446
91 27 275.757576 81.818182 0.64151884355311839 -0.00014670955159323926
91 28 275.757576 84.848485 0.64552015553099851 -0.00014496102125730092
91 29 275.757576 87.878788 0.64948224283966716 -0.00014264039599685784
91 30 275.757576 90.909091 0.6533886728246967 -0.00013975683425962023
91 31 275.757576 93.939394 0.65722305726675045 -0.00013632171614639079
91 32 275.757576 96.969697 0.66096913237676891 -0.00013234859849900628
91 33 275.757576 100.000000 0.66461084082181687 -0.00012785316139767629
91 34 275.757576 103.030303 0.66813241517651922 -0.00012285314627886968
91 35 275.757576 106.060606 0.6715184621540623 -0.00011736828591797096
91 36 275.757576 109.090909 0.674754046937319 -0.00011142022655303013
91 37 275.757576 112.121212 0.67782477690539711 -0.00010503244245695076
91 38 275.757576 115.151515 0.68071688403429742 -9.8230143295259162e-05
91 39 275.757576 118.181818 0.68341730524276223 -9.1040174635071685e-05
91 40 275.757576 121.212121 0.68591375995603632 -8.3490911997905786e-05
91 41 275.757576 124.242424 0.68819482417124356 -7.5612148874460388e-05
91 42 275.757576 127.272727 0.69025000032835526 -6.7434979143319259e-05
91 43 275.757576 130.303030 0.69206978232011973 -5.8991674357617658e-05
91 44 275.757576 133.333333 0.69364571501249916 -5.031555638396571e-05
91 45 275.757576 136.363636 0.69497044769370242 -4.1440865896264219e-05
91 46 275.757576 139.393939 0.69603778092418467 -3.2402627243407685e-05
91 47 275.757576 142.424242 0.69684270632137868 -2.3236510224180457e-05
91 48 275.757576 145.454545 0.69738143888055659 -1.3978689314856879e-05
91 49 275.757576 148.484848 0.69765144150627334 -4.6657009050700372e-06
91 50 275.757576 151.515152 0.69765144150627356 4.665700894626353e-06
91 51 275.757576 154.545455 0.69738143888055715 1.397868930444087e-05
91 52 275.757576 157.575758 0.69684270632137968 2.3236510213819641e-05
91 53 275.757576 160.606061 0.69603778092418667 3.2402627233129421e-05
91 54 275.757576 163.636364 0.69497044769370475 4.1440865886095541e-05
91 55 275.757576 166.666667 0.69364571501250227 5.0315556373933167e-05
91 56 275.757576 169.696970 0.69206978232012339 5.8991674347747291e-05
91 57 275.757576 172.727273 0.69025000032835937 6.7434979133636466e-05
91 58 275.757576 175.757576 0.688194824171248 7.5612148864989882e-05
91 59 275.757576 178.787879 0.68591375995604131 8.3490911988671338e-05
91 60 275.757576 181.818182 0.68341730524276789 9.1040174626096145e-05
91 61 275.757576 184.848485 0.6807168840343033 9.8230143286564471e-05
91 62 275.757576 187.878788 0.67782477690540321 0.00010503244244855767
91 63 275.757576 190.909091 0.67475404693732566 0.00011142022654495813
91 64 275.757576 193.939394 0.67151846215406918 0.00011736828591023848
91 65 275.757576 196.969697 0.66813241517652633 0.00012285314627149364
91 66 275.757576 200.000000 0.6646108408218242 0.00012785316139067221
91 67 275.757576 203.030303 0.66096913237677668 0.00013234859849238834
91 68 275.757576 206.060606 0.65722305726675823 0.0001363217161401714
91 69 275.757576 209.090909 0.65338867282470492 0.00013975683425381048
91 70 275.757576 212.121212 0.64948224283967515 0.0001426403959914671
91 71 275.757576 215.151515 0.64552015553100661 0.0001449610212523369
91 72 275.757576 218.181818 0.64151884355312649 0.000146709551588708
91 73 275.757576 221.212121 0.63749470658830631 0.00014787908635017024
91 74 275.757576 224.242424 0.63346403703084964 0.00014846500991732978
91 75 275.757576 227.272727 0.62944294920730626 0.00014846500991755009
91 76 275.757576 230.303030 0.62544731251425634 0.00014787908635083023
91 77 275.757576 233.333333 0.62149268878904917 0.00014670955158980505
91 78 275.757576 236.363636 0.61759427416067592 0.00014496102125386668
91 79 275.757576 239.393939 0.61376684555873784 0.00014264039599342366
91 80 275.757576 242.424242 0.6100247119894161 0.00013975683425618599
91 81 275.757576 245.454545 0.60638167061942583 0.00013632171614295655
91 82 275.757576 248.484848 0.60285096764327728 0.00013234859849557213
91 83 275.757576 251.515152 0.59944526384669727 0.00012785316139424203
91 84 275.757576 254.545455 0.59617660472077239 0.00012285314627543553
91 85 275.757576 257.575758 0.59305639492807427 0.00011736828591453675
91 86 275.757576 260.606061 0.59009537687452174 0.00011142022654959591
91 87 275.757576 263.636364 0.58730361309966106 0.00010503244245351657
91 88 275.757576 266.666667 0.58469047216397818 9.8230143291824979e-05
91 89 275.757576 269.696970 0.58226461768521731 9.1040174631637461e-05
91 90 275.757576 272.727273 0.58003400015678808 8.3490911994471602e-05
91 91 275.757576 275.757576 0.57800585117035852 7.5612148871026204e-05
91 92 275.757576 278.787879 0.576186679661715 6.7434979139885062e-05
91 93 275.757576 281.818182 0.57458226980382021 5.8991674354183447e-05
91 94 275.757576 284.848485 0.57319768018350425 5.0315556380531513e-05
91 95 275.757576 287.878788 0.5720372439180087 4.1440865892830036e-05
91 96 275.757576 290.909091 0.57110456939425702 3.2402627239973495e-05
91 97 275.757576 293.939394 0.57040254134657009 2.323651022074627e-05
91 98 275.757576 296.969697 0.56993332202700597 1.3978689311422694e-05
91 99 275.757576 300.000000 0.56969835226569565 4.6657009016358412e-06
92 0 278.787879 0.000000 0.567181271493434 -4.1611228807544927e-06
92 1 278.787879 3.030303 0.56743562478542919 -1.2466946594524435e-05
92 2 278.787879 6.060606 0.56794357393423334 -2.072356896570008e-05
92 3 278.787879 9.090909 0.56870360317314994 -2.8898404877874371e-05
92 4 278.787879 12.121212 0.56971343667613294 -3.6959191988429247e-05
92 5 278.787879 15.151515 0.57097003612685016 -4.4874118053262632e-05
92 6 278.787879 18.181818 0.57246959777422013 -5.2611946475182437e-05
92 7 278.787879 21.212121 0.57420754922158079 -6.014213958048486e-05
92 8 278.787879 24.242424 0.57617854624954701 -6.7434979137201296e-05
92 9 278.787879 27.272727 0.57837647001977743 -7.4461683639382846e-05
92 10 278.787879 30.303030 0.58079442504741152 -8.1194521894555277e-05
92 11 278.787879 33.333333 0.58342473836298192 -8.7606922466066682e-05
92 12 278.787879 36.363636 0.5862589603094972 -9.3673578538408501e-05
92 13 278.787879 39.393939 0.58928786743654726 -9.9370547791654681e-05
92 14 278.787879 42.424242 0.59250146796025727 -0.00010467534689086031
92 15 278.787879 45.454545 0.59588901025550478 -0.00010956704021751298
92 16 278.787879 48.484848 0.5994389948348382 -0.00011402632249285459
92 17 278.787879 51.515152 0.60313919024708174 -0.0001180355949669966
92 18 278.787879 54.545455 0.60697665329786732 -0.00012157903487314595
92 19 278.787879 57.575758 0.61093775395468641 -0.00012464265787283672
92 20 278.787879 60.606061 0.6150082052509771 -0.00012721437324572543
92 21 278.787879 63.636364 0.61917309844794954 -0.00012928403160614025
92 22 278.787879 66.666667 0.62341694365006883 -0.00013084346495806956
92 23 278.787879 69.696970 0.62772371600128751 -0.00013188651893051065
92 24 278.787879 72.727273 0.63207690751524515 -0.00013240907706596022
92 25 278.787879 75.757576 0.63645958451487505 -0.00013240907706619205
92 26 278.787879 78.787879 0.64085445057631385 -0.0001318865189312049
92 27 278.787879 81.818182 0.64524391478998633 -0.00013084346495922364
92 28 278.787879 84.848485 0.64961016506946323 -0.00012928403160774953
92 29 278.787879 87.878788 0.65393524615750542 -0.00012721437324778362
92 30 278.787879 90.909091 0.65820114189984436 -0.0001246426578753357
92 31 278.787879 93.939394 0.6623898612820236 -0.00012157903487607579
92 32 278.787879 96.969697 0.66648352765420926 -0.00011803559497034581
92 33 278.787879 100.000000 0.67046447050446623 -0.00011402632249660995
92 34 278.787879 103.030303 0.67431531908361797 -0.00010956704022165964
92 35 278.787879 106.060606 0.67801909713548425 -0.00010467534689538191
92 36 278.787879 109.090909 0.6815593179458217 -9.9370547796533373e-05
92 37 278.787879 112.121212 0.68492007889247475 -9.3673578543625044e-05
92 38 278.787879 115.151515 0.68808615465859269 -8.7606922471600518e-05
92 39 278.787879 118.181818 0.69104308826079019 -8.119452190038449e-05
92 40 278.787879 121.212121 0.69377727904504372 -7.4461683645484465e-05
92 41 278.787879 124.242424 0.69627606681509291 -6.7434979143551237e-05
92 42 278.787879 127.272727 0.69852781128107211 -6.0142139587058107e-05
92 43 278.787879 130.303030 0.70052196604983352 -5.2611946481952988e-05
92 44 278.787879 133.333333 0.70224914642256364 -4.4874118060203789e-05
92 45 278.787879 136.363636 0.70370119031933043 -3.6959191995513607e-05
92 46 278.787879 139.393939 0.70487121171338318 -2.8898404885074022e-05
92 47 278.787879 142.424242 0.70575364602965762 -2.0723568972986565e-05
92 48 278.787879 145.454545 0.70634428704091601 -1.2466946601868988e-05
92 49 278.787879 148.484848 0.70664031488039281 -4.1611228881281627e-06
92 50 278.787879 151.515152 0.70664031488039281 4.161122876607704e-06
92 51 278.787879 154.545455 0.70634428704091656 1.2466946590377644e-05
92 52 278.787879 157.575758 0.70575364602965862 2.0723568961553291e-05
92 53 278.787879 160.606061 0.70487121171338507 2.8898404873727582e-05
92 54 278.787879 163.636364 0.70370119031933287 3.6959191984282458e-05
92 55 278.787879 166.666667 0.70224914642256686 4.4874118049115843e-05
92 56 278.787879 169.696970 0.70052196604983719 5.2611946471035635e-05
92 57 278.787879 172.727273 0.69852781128107644 6.0142139576338085e-05
92 58 278.787879 175.757576 0.69627606681509724 6.7434979133054507e-05
92 59 278.787879 178.787879 0.6937772790450486 7.4461683635236044e-05
92 60 278.787879 181.818182 0.69104308826079608 8.1194521890408475e-05
92 61 278.787879 184.848485 0.68808615465859868 8.7606922461919921e-05
92 62 278.787879 187.878788 0.68492007889248097 9.3673578534261739e-05
92 63 278.787879 190.909091 0.6815593179458288 9.9370547787507865e-05
92 64 278.787879 193.939394 0.67801909713549136 0.00010467534688671348
92 65 278.787879 196.969697 0.6743153190836253 0.0001095670402133662
92 66 278.787879 200.000000 0.67046447050447378 0.00011402632248870784
92 67 278.787879 203.030303 0.66648352765421748 0.00011803559496284977
92 68 278.787879 206.060606 0.66238986128203159 0.00012157903486899912
92 69 278.787879 209.090909 0.65820114189985279 0.00012464265786868995
92 70 278.787879 212.121212 0.65393524615751353 0.00012721437324157865
92 71 278.787879 215.151515 0.64961016506947156 0.00012928403160199345
92 72 278.787879 218.181818 0.64524391478999499 0.00013084346495392278
92 73 278.787879 221.212121 0.64085445057632273 0.00013188651892636385
92 74 278.787879 224.242424 0.63645958451488371 0.00013240907706181353
92 75 278.787879 227.272727 0.63207690751525369 0.00013240907706204522
92 76 278.787879 230.303030 0.62772371600129617 0.00013188651892705812
92 77 278.787879 233.333333 0.62341694365007705 0.00013084346495507683
92 78 278.787879 236.363636 0.6191730984479572 0.00012928403160360278
92 79 278.787879 239.393939 0.61500820525098476 0.00012721437324363685
92 80 278.787879 242.424242 0.61093775395469441 0.00012464265787118887
92 81 278.787879 245.454545 0.60697665329787509 0.00012157903487192904
92 82 278.787879 248.484848 0.60313919024708917 0.00011803559496619903
92 83 278.787879 251.515152 0.59943899483484531 0.00011402632249246316
92 84 278.787879 254.545455 0.59588901025551133 0.00010956704021751286
92 85 278.787879 257.575758 0.59250146796026382 0.00010467534689123509
92 86 278.787879 260.606061 0.58928786743655381 9.9370547792386585e-05
92 87 278.787879 263.636364 0.58625896030950286 9.3673578539478296e-05
92 88 278.787879 266.666667 0.58342473836298703 8.7606922467453716e-05
92 89 278.787879 269.696970 0.58079442504741663 8.1194521896237688e-05
92 90 278.787879 272.727273 0.57837647001978199 7.4461683641337636e-05
92 91 278.787879 275.757576 0.57617854624955112 6.7434979139404462e-05
92 92 278.787879 278.787879 0.57420754922158468 6.0142139582911311e-05
92 93 278.787879 281.818182 0.57246959777422324 5.2611946477806206e-05
92 94 278.787879 284.848485 0.57097003612685282 4.4874118056056986e-05
92 95 278.787879 287.878788 0.56971343667613494 3.6959191991366832e-05
92 96 278.787879 290.909091 0.56870360317315161 2.8898404880927237e-05
92 97 278.787879 293.939394 0.56794357393423456 2.0723568968839787e-05
92 98 278.787879 296.969697 0.56743562478542942 1.2466946597722206e-05
92 99 278.787879 300.000000 0.56718127149343411 4.1611228839813698e-06
93 0 281.818182 0.000000 0.56496348550813491 -3.6401228124626031e-06
93 1 281.818182 3.030303 0.56523485586905953 -1.09060025385592e-05
93 2 281.818182 6.060606 0.56577680959450705 -1.8128841255124278e-05
93 3 281.818182 9.090909 0.56658777131907911 -2.5280133717544709e-05
93 4 281.818182 12.121212 0.56766537463923838 -3.2331657041586082e-05
93 5 281.818182 15.151515 0.56900645829829477 -3.9255582086222914e-05
93 6 281.818182 18.181818 0.57060706144802453 -4.6024583282544543e-05
93 7 281.818182 21.212121 0.57246241827710631 -5.2611946475291589e-05
93 8 281.818182 24.242424 0.57456695235880439 -5.8991674351422161e-05
93 9 281.818182 27.272727 0.57691427112596694 -6.5138589039629693e-05
93 10 281.818182 30.303030 0.5794971609293541 -7.1028431475898018e-05
93 11 281.818182 33.333333 0.5823075831745953 -7.6637957142944158e-05
93 12 281.818182 36.363636 0.58533667206291906 -8.1945027805708896e-05
93 13 281.818182 39.393939 0.58857473448052022 -8.6928698880856187e-05
93 14 281.818182 42.424242 0.59201125259054521 -9.1569302095475172e-05
93 15 281.818182 45.454545 0.59563488967987988 -9.5848523108767723e-05
93 16 281.818182 48.484848 0.59943349980008831 -9.9749473790384418e-05
93 17 281.818182 51.515152 0.60339414171799166 -0.00010325675887015983
93 18 281.818182 54.545455 0.60750309765678434 -0.00010635653669621026
93 19 281.818182 57.575758 0.61174589726361595 -0.00010903657386160996
93 20 281.818182 60.606061 0.61610734718485316 -0.00011128629348405961
93 21 281.818182 63.636364 0.62057156656651002 -0.00011309681694800873
93 22 281.818182 66.666667 0.62512202872549927 -0.00011446099894449433
93 23 281.818182 69.696970 0.62974160915848387 -0.00011537345567041195
93 24 281.818182 72.727273 0.63441263997034192 -0.00011583058607592615
93 25 281.818182 75.757576 0.63911697071488482 -0.00011583058607616941
93 26 281.818182 78.787879 0.64383603554786795 -0.00011537345567114071
93 27 281.818182 81.818182 0.64855092649789692 -0.00011446099894570571
93 28 281.818182 84.848485 0.65324247256605827 -0.00011309681694969781
93 29 281.818182 87.878788 0.65789132427148922 -0.00011128629348621999
93 30 281.818182 90.909091 0.66247804316906223 -0.0001090365738642329
93 31 281.818182 93.939394 0.66698319577846499 -0.00010635653669928543
93 32 281.818182 96.969697 0.67138745128249222 -0.00010325675887367519
93 33 281.818182 100.000000 0.67567168227774588 -9.9749473794326089e-05
93 34 281.818182 103.030303 0.67981706779436812 -9.584852311312009e-05
93 35 281.818182 106.060606 0.6838051977440246 -9.1569302100221091e-05
93 36 281.818182 109.090909 0.68761817790813518 -8.6928698885976955e-05
93 37 281.818182 112.121212 0.69123873454210538 -8.1945027811184253e-05
93 38 281.818182 115.151515 0.69465031764679785 -7.6637957148752527e-05
93 39 281.818182 118.181818 0.69783720194612475 -7.1028431482016415e-05
93 40 281.818182 121.212121 0.70078458460983428 -6.5138589046034062e-05
93 41 281.818182 124.242424 0.70347867877341075 -5.8991674358087151e-05
93 42 281.818182 127.272727 0.70590680193245914 -5.2611946482190889e-05
93 43 281.818182 130.303030 0.7080574583267758 -4.6024583289651e-05
93 44 281.818182 133.333333 0.70992041447907728 -3.9255582093508421e-05
93 45 281.818182 136.363636 0.71148676711446979 -3.2331657049021906e-05
93 46 281.818182 139.393939 0.71274900275840347 -2.5280133725101537e-05
93 47 281.818182 142.424242 0.71370104839214832 -1.8128841262772264e-05
93 48 281.818182 145.454545 0.71433831263463987 -1.0906002546268128e-05
93 49 281.818182 148.484848 0.71465771701669034 -3.6401228202020888e-06
93 50 281.818182 151.515152 0.71465771701669079 3.640122807611789e-06
93 51 281.818182 154.545455 0.71433831263464087 1.090600253370839e-05
93 52 281.818182 157.575758 0.71370104839214965 1.8128841250273469e-05
93 53 281.818182 160.606061 0.71274900275840569 2.5280133712693894e-05
93 54 281.818182 163.636364 0.71148676711447223 3.2331657036735253e-05
93 55 281.818182 166.666667 0.70992041447908061 3.9255582081372112e-05
93 56 281.818182 169.696970 0.70805745832677947 4.6024583277693734e-05
93 57 281.818182 172.727273 0.70590680193246358 5.2611946470440746e-05
93 58 281.818182 175.757576 0.70347867877341541 5.8991674346571372e-05
93 59 281.818182 178.787879 0.7007845846098395 6.5138589034778919e-05
93 60 281.818182 181.818182 0.69783720194613053 7.1028431471047203e-05
93 61 281.818182 184.848485 0.69465031764680385 7.6637957138093383e-05
93 62 281.818182 187.878788 0.69123873454211193 8.1945027800858094e-05
93 63 281.818182 190.909091 0.68761817790814228 8.6928698876005358e-05
93 64 281.818182 193.939394 0.68380519774403203 9.156930209062437e-05
93 65 281.818182 196.969697 0.67981706779437534 9.5848523103916894e-05
93 66 281.818182 200.000000 0.67567168227775365 9.9749473785533589e-05
93 67 281.818182 203.030303 0.67138745128250044 0.00010325675886530907
93 68 281.818182 206.060606 0.6669831957784732 0.0001063565366913594
93 69 281.818182 209.090909 0.66247804316907066 0.00010903657385675913
93 70 281.818182 212.121212 0.65789132427149744 0.00011128629347920881
93 71 281.818182 215.151515 0.6532424725660666 0.0001130968169431579
93 72 281.818182 218.181818 0.64855092649790524 0.00011446099893964349
93 73 281.818182 221.212121 0.64383603554787683 0.00011537345566556116
93 74 281.818182 224.242424 0.63911697071489337 0.00011583058607107536
93 75 281.818182 227.272727 0.63441263997035036 0.00011583058607131854
93 76 281.818182 230.303030 0.62974160915849287 0.00011537345566628992
93 77 281.818182 233.333333 0.62512202872550771 0.00011446099894085487
93 78 281.818182 236.363636 0.62057156656651824 0.00011309681694484705
93 79 281.818182 239.393939 0.61610734718486115 0.00011128629348136916
93 80 281.818182 242.424242 0.61174589726362383 0.0001090365738593821
93 81 281.818182 245.454545 0.60750309765679211 0.00010635653669443464
93 82 281.818182 248.484848 0.60339414171799921 0.0001032567588688244
93 83 281.818182 251.515152 0.59943349980009542 9.9749473789475233e-05
93 84 281.818182 254.545455 0.59563488967988665 9.5848523108269247e-05
93 85 281.818182 257.575758 0.59201125259055187 9.1569302095370262e-05
93 86 281.818182 260.606061 0.58857473448052644 8.692869888112614e-05
93 87 281.818182 263.636364 0.58533667206292472 8.1945027806333451e-05
93 88 281.818182 266.666667 0.58230758317460063 7.6637957143901685e-05
93 89 281.818182 269.696970 0.5794971609293591 7.1028431477165573e-05
93 90 281.818182 272.727273 0.57691427112597138 6.513858904118322e-05
93 91 281.818182 275.757576 0.5745669523588085 5.8991674353236329e-05
93 92 281.818182 278.787879 0.5724624182771102 5.261194647734008e-05
93 93 281.818182 281.818182 0.57060706144802753 4.6024583284800178e-05
93 94 281.818182 284.848485 0.56900645829829744 3.9255582088657619e-05
93 95 281.818182 287.878788 0.56766537463924049 3.2331657044171091e-05
93 96 281.818182 290.909091 0.56658777131908089 2.5280133720250722e-05
93 97 281.818182 293.939394 0.56577680959450805 1.8128841257921462e-05
93 98 281.818182 296.969697 0.56523485586906019 1.0906002541417321e-05
93 99 281.818182 300.000000 0.56496348550813502 3.6401228153512734e-06
94 0 284.848485 0.000000 0.56305118171868518 -3.1047568424321302e-06
94 1 284.848485 3.030303 0.5633371784097545 -9.3020174730407535e-06
94 2 284.848485 6.060606 0.56390836176707471 -1.5462567290381756e-05
94 3 284.848485 9.090909 0.56476310991213374 -2.1562093418813597e-05
94 4 284.848485 12.121212 0.56589898554145879 -2.7576523815315801e-05
94 5 284.848485 15.151515 0.56731273078430566 -3.3482122270845212e-05
94 6 284.848485 18.181818 0.5690002607424024 -3.9255582086309183e-05
94 7 284.848485 21.212121 0.57095665604188794 -4.487411805345896e-05
94 8 284.848485 24.242424 0.57317615479854167 -5.0315556377697117e-05
94 9 284.848485 27.272727 0.57565214446090496 -5.5558422187914625e-05
94 10 284.848485 30.303030 0.57837715405074552 -6.0582024287996009e-05
94 11 284.848485 33.333333 0.58134284736541408 -6.5366536815517857e-05
94 12 284.848485 36.363636 0.58454001774111641 -6.9893077485369862e-05
94 13 284.848485 39.393939 0.58795858499919551 -7.4143782109507784e-05
94 14 284.848485 42.424242 0.5915875952086459 -7.8101875098742402e-05
94 15 284.848485 45.454545 0.59541522389693013 -8.1751735668325896e-05
94 16 284.848485 48.484848 0.59942878332755667 -8.5078959486052798e-05
94 17 284.848485 51.515152 0.60361473443686564 -8.8070415519578491e-05
94 18 284.848485 54.545455 0.60795870398435081 -9.0714297858604981e-05
94 19 284.848485 57.575758 0.61244550742101245 -9.3000172307414997e-05
94 20 284.848485 60.606061 0.61705917791943632 -9.4919017563875813e-05
94 21 284.848485 63.636364 0.62178300193827296 -9.646326082239721e-05
94 22 284.848485 66.666667 0.62659956161366326 -9.7626807660335411e-05
94 23 284.848485 69.696970 0.63149078418200277 -9.8405066089895076e-05
94 24 284.848485 72.727273 0.63643799854365279 -9.8794964680607168e-05
94 25 284.848485 75.757576 0.64142199897715657 -9.8794964680861929e-05
94 26 284.848485 78.787879 0.64642311590977519 -9.8405066090658232e-05
94 27 284.848485 81.818182 0.65142129354430844 -9.7626807661604036e-05
94 28 284.848485 84.848485 0.65639617403583139 -9.6463260824166208e-05
94 29 284.848485 87.878788 0.66132718780689304 -9.4919017566138286e-05
94 30 284.848485 90.909091 0.66619364948747195 -9.3000172310162013e-05
94 31 284.848485 93.939394 0.67097485886826691 -9.0714297861825631e-05
94 32 284.848485 96.969697 0.67565020616425442 -8.807041552326013e-05
94 33 284.848485 100.000000 0.68019928080138625 -8.5078959490180871e-05
94 34 284.848485 103.030303 0.68460198286420193 -8.1751735672884099e-05
94 35 284.848485 106.060606 0.68883863627727004 -7.8101875103712737e-05
94 36 284.848485 109.090909 0.6928901027398493 -7.4143782114870696e-05
94 37 284.848485 112.121212 0.69673789539192765 -6.9893077491104154e-05
94 38 284.848485 115.151515 0.70036429116162913 -6.5366536821600895e-05
94 39 284.848485 118.181818 0.70375244072942666 -6.0582024294403786e-05
94 40 284.848485 121.212121 0.70688647504405144 -5.5558422194621832e-05
94 41 284.848485 124.242424 0.70975160733860398 -5.0315556384677299e-05
94 42 284.848485 127.272727 0.71233422962308013 -4.4874118060684578e-05
94 43 284.848485 130.303030 0.71462200267106901 -3.9255582093751729e-05
94 44 284.848485 133.333333 0.71660393857329918 -3.3482122278475284e-05
94 45 284.848485 136.363636 0.7182704749983021 -2.7576523823103293e-05
94 46 284.848485 139.393939 0.71961354037985215 -2.1562093426727815e-05
94 47 284.848485 142.424242 0.72062660934104461 -1.5462567298391418e-05
94 48 284.848485 145.454545 0.72130474776455822 -9.3020174811142548e-06
94 49 284.848485 148.484848 0.72164464702659703 -3.1047568505376316e-06
94 50 284.848485 151.515152 0.72164464702659714 3.1047568368886397e-06
94 51 284.848485 154.545455 0.72130474776455877 9.3020174674972634e-06
94 52 284.848485 157.575758 0.72062660934104594 1.5462567284838267e-05
94 53 284.848485 160.606061 0.71961354037985437 2.1562093413270108e-05
94 54 284.848485 163.636364 0.71827047499830432 2.7576523809772323e-05
94 55 284.848485 166.666667 0.7166039385733024 3.3482122265301726e-05
94 56 284.848485 169.696970 0.71462200267107268 3.9255582080765698e-05
94 57 284.848485 172.727273 0.71233422962308446 4.4874118047915482e-05
94 58 284.848485 175.757576 0.70975160733860876 5.0315556372153632e-05
94 59 284.848485 178.787879 0.70688647504405666 5.5558422182371127e-05
94 60 284.848485 181.818182 0.70375244072943266 6.0582024282452524e-05
94 61 284.848485 184.848485 0.70036429116163534 6.5366536809974372e-05
94 62 284.848485 187.878788 0.6967378953919342 6.9893077479826364e-05
94 63 284.848485 190.909091 0.6928901027398563 7.4143782103964286e-05
94 64 284.848485 193.939394 0.68883863627727759 7.810187509319893e-05
94 65 284.848485 196.969697 0.68460198286420948 8.1751735662782384e-05
94 66 284.848485 200.000000 0.68019928080139402 8.5078959480509327e-05
94 67 284.848485 203.030303 0.67565020616426263 8.8070415514035006e-05
94 68 284.848485 206.060606 0.67097485886827535 9.0714297853061455e-05
94 69 284.848485 209.090909 0.6661936494874805 9.3000172301871525e-05
94 70 284.848485 212.121212 0.66132718780690147 9.4919017558332315e-05
94 71 284.848485 215.151515 0.65639617403584005 9.6463260816853711e-05
94 72 284.848485 218.181818 0.6514212935443171 9.762680765479194e-05
94 73 284.848485 221.212121 0.64642311590978419 9.840506608435155e-05
94 74 284.848485 224.242424 0.64142199897716523 9.8794964675063656e-05
94 75 284.848485 227.272727 0.63643799854366134 9.8794964675318417e-05
94 76 284.848485 230.303030 0.63149078418201154 9.8405066085114761e-05
94 77 284.848485 233.333333 0.6265995616136717 9.7626807656060524e-05
94 78 284.848485 236.363636 0.62178300193828107 9.646326081862275e-05
94 79 284.848485 239.393939 0.6170591779194442 9.4919017560594801e-05
94 80 284.848485 242.424242 0.61244550742102066 9.3000172304618474e-05
94 81 284.848485 245.454545 0.60795870398435858 9.0714297856282173e-05
94 82 284.848485 248.484848 0.60361473443687352 8.8070415517716631e-05
94 83 284.848485 251.515152 0.59942878332756411 8.5078959484637359e-05
94 84 284.848485 254.545455 0.59541522389693713 8.1751735667340614e-05
94 85 284.848485 257.575758 0.59158759520865234 7.8101875098169265e-05
94 86 284.848485 260.606061 0.58795858499920184 7.4143782109327211e-05
94 87 284.848485 263.636364 0.58454001774112219 6.9893077485560655e-05
94 88 284.848485 266.666667 0.58134284736541941 6.5366536816057396e-05
94 89 284.848485 269.696970 0.57837715405075052 6.0582024288860301e-05
94 90 284.848485 272.727273 0.57565214446090951 5.5558422189078327e-05
94 91 284.848485 275.757576 0.57317615479854556 5.03155563791338e-05
94 92 284.848485 278.787879 0.57095665604189172 4.4874118055141093e-05
94 93 284.848485 281.818182 0.56900026074240551 3.925558208820821e-05
94 94 284.848485 284.848485 0.56731273078430822 3.3482122272931786e-05
94 95 284.848485 287.878788 0.56589898554146079 2.7576523817559811e-05
94 96 284.848485 290.909091 0.56476310991213552 2.1562093421184323e-05
94 97 284.848485 293.939394 0.56390836176707571 1.546256729284794e-05
94 98 284.848485 296.969697 0.56333717840975517 9.3020174755707698e-06
94 99 284.848485 300.000000 0.5630511817186854 3.1047568449941406e-06
95 0 287.878788 0.000000 0.56144962813226262 -2.5571378155613403e-06
95 1 287.878788 3.030303 0.56174784078852191 -7.6613215942316254e-06
95 2 287.878788 6.060606 0.5623434385567021 -1.2735269636706638e-05
95 3 287.878788 9.090909 0.56323476410437512 -1.7758957388129114e-05
95 4 287.878788 12.121212 0.56441932591926525 -2.2712558648048803e-05
95 5 287.878788 15.151515 0.56589379195923017 -2.7576523815377953e-05
95 6 287.878788 18.181818 0.56765398162425573 -3.2331657041735424e-05
95 7 287.878788 21.212121 0.56969485641613615 -3.6959191988690519e-05
95 8 287.878788 24.242424 0.57201050973020273 -4.14408658899272e-05
95 9 287.878788 27.272727 0.57459415629397204 -4.5758991626039377e-05
95 10 287.878788 30.303030 0.57743812182857668 -4.9896527527510557e-05
95 11 287.878788 33.333333 0.58053383355913535 -5.383714463039803e-05
95 12 287.878788 36.363636 0.5838718122388129 -5.7565291119293394e-05
95 13 287.878788 39.393939 0.58744166637739892 -6.1066253703233092e-05
95 14 287.878788 42.424242 0.59123208937818161 -6.4326215682335971e-05
95 15 287.878788 45.454545 0.59523086028632521 -6.7332311476005441e-05
95 16 287.878788 48.484848 0.59942484883771951 -7.0072677397498489e-05
95 17 287.878788 51.515152 0.60380002546936695 -7.2536498474477039e-05
95 18 287.878788 54.545455 0.6083414769111567 -7.4714051130763079e-05
95 19 287.878788 57.575758 0.61303342792478754 -7.6596741560851391e-05
95 20 287.878788 60.606061 0.61785926968940552 -7.8177139645733799e-05
95 21 287.878788 63.636364 0.62280159525610812 -7.9449008276184579e-05
95 22 287.878788 66.666667 0.62784224240598474 -8.0407327967780867e-05
95 23 287.878788 69.696970 0.63296234415003971 -8.1048316670514451e-05
95 24 287.878788 72.727273 0.63814238700570181 -8.1369444694815585e-05
95 25 287.878788 75.757576 0.64336227707513149 -8.136944469508181e-05
95 26 287.878788 78.787879 0.6486014138369649 -8.1048316671312017e-05
95 27 287.878788 81.818182 0.65383877144716263 -8.0407327969106562e-05
95 28 287.878788 84.848485 0.65905298722809802 -7.9449008278033238e-05
95 29 287.878788 87.878788 0.66422245690977888 -7.8177139648098119e-05
95 30 287.878788 90.909091 0.66932543607491168 -7.6596741563721978e-05
95 31 287.878788 93.939394 0.67434014715223523 -7.4714051134128686e-05
95 32 287.878788 96.969697 0.67924489120188247 -7.2536498478324357e-05
95 33 287.878788 100.000000 0.68401816364410606 -7.007267740181234e-05
95 34 287.878788 103.030303 0.68863877300005183 -6.7332311480768775e-05
95 35 287.878788 106.060606 0.69308596164178315 -6.4326215687530018e-05
95 36 287.878788 109.090909 0.69733952748965922 -6.106625370883736e-05
95 37 287.878788 112.121212 0.70137994554947825 -5.7565291125285739e-05
95 38 287.878788 115.151515 0.70518848815038848 -5.3837144636754809e-05
95 39 287.878788 118.181818 0.70874734272804052 -4.9896527534206712e-05
95 40 287.878788 121.212121 0.71203972599623278 -4.5758991633048425e-05
95 41 287.878788 124.242424 0.71504999336455377 -4.1440865897221515e-05
95 42 287.878788 127.272727 0.71776374248919661 -3.695919199624131e-05
95 43 287.878788 130.303030 0.72016790988893509 -3.2331657049512894e-05
95 44 287.878788 133.333333 0.7222508596176529 -2.7576523823351382e-05
95 45 287.878788 136.363636 0.72400246305813409 -2.2712558656186756e-05
95 46 287.878788 139.393939 0.72541416898800271 -1.7758957396399479e-05
95 47 287.878788 142.424242 0.72647906316673483 -1.2735269645076759e-05
95 48 287.878788 145.454545 0.7271919168010581 -7.661321602668453e-06
95 49 287.878788 148.484848 0.72754922336348971 -2.55713782403161e-06
95 50 287.878788 151.515152 0.72754922336348993 2.5571378093392577e-06
95 51 287.878788 154.545455 0.72719191680105888 7.6613215880095433e-06
95 52 287.878788 157.575758 0.72647906316673616 1.2735269630484565e-05
95 53 287.878788 160.606061 0.72541416898800493 1.7758957381907027e-05
95 54 287.878788 163.636364 0.72400246305813665 2.2712558641826732e-05
95 55 287.878788 166.666667 0.72225085961765623 2.7576523809155876e-05
95 56 287.878788 169.696970 0.72016790988893886 3.2331657035513344e-05
95 57 287.878788 172.727273 0.71776374248920105 3.6959191982468425e-05
95 58 287.878788 175.757576 0.71504999336455843 4.1440865883705133e-05
95 59 287.878788 178.787879 0.71203972599623833 4.575899161981731e-05
95 60 287.878788 181.818182 0.70874734272804629 4.9896527521288477e-05
95 61 287.878788 184.848485 0.70518848815039448 5.383714462417595e-05
95 62 287.878788 187.878788 0.7013799455494848 5.7565291113071334e-05
95 63 287.878788 190.909091 0.69733952748966621 6.1066253697011018e-05
95 64 287.878788 193.939394 0.69308596164179048 6.4326215676113884e-05
95 65 287.878788 196.969697 0.6886387730000596 6.7332311469783394e-05
95 66 287.878788 200.000000 0.68401816364411416 7.0072677391276429e-05
95 67 287.878788 203.030303 0.67924489120189069 7.2536498468254965e-05
95 68 287.878788 206.060606 0.67434014715224355 7.4714051124540978e-05
95 69 287.878788 209.090909 0.66932543607492057 7.659674155462929e-05
95 70 287.878788 212.121212 0.66422245690978754 7.8177139639511726e-05
95 71 287.878788 215.151515 0.65905298722810668 7.9449008269962519e-05
95 72 287.878788 218.181818 0.65383877144717129 8.040732796155878e-05
95 73 287.878788 221.212121 0.64860141383697401 8.1048316664292377e-05
95 74 287.878788 224.242424 0.64336227707514004 8.1369444688593538e-05
95 75 287.878788 227.272727 0.63814238700571024 8.1369444688859723e-05
95 76 287.878788 230.303030 0.63296234415004871 8.1048316665089943e-05
95 77 287.878788 233.333333 0.62784224240599318 8.0407327962884502e-05
95 78 287.878788 236.363636 0.62280159525611645 7.9449008271811178e-05
95 79 287.878788 239.393939 0.61785926968941352 7.8177139641876045e-05
95 80 287.878788 242.424242 0.61303342792479587 7.6596741557499851e-05
95 81 287.878788 245.454545 0.60834147691116458 7.4714051127906586e-05
95 82 287.878788 248.484848 0.60380002546937461 7.253649847210227e-05
95 83 287.878788 251.515152 0.59942484883772684 7.0072677395590266e-05
95 84 287.878788 254.545455 0.59523086028633221 6.7332311474546715e-05
95 85 287.878788 257.575758 0.59123208937818816 6.4326215681307931e-05
95 86 287.878788 260.606061 0.58744166637740536 6.1066253702615246e-05
95 87 287.878788 263.636364 0.58387181223881868 5.7565291119063672e-05
95 88 287.878788 266.666667 0.58053383355914057 5.3837144630532729e-05
95 89 287.878788 269.696970 0.57743812182858179 4.9896527527984611e-05
95 90 287.878788 272.727273 0.57459415629397681 4.5758991626826332e-05
95 91 287.878788 275.757576 0.57201050973020684 4.1440865890999428e-05
95 92 287.878788 278.787879 0.56969485641614004 3.6959191990019229e-05
95 93 287.878788 281.818182 0.56765398162425906 3.233165704329082e-05
95 94 287.878788 284.848485 0.56589379195923306 2.7576523817129302e-05
95 95 287.878788 287.878788 0.56441932591926747 2.2712558649964696e-05
95 96 287.878788 290.909091 0.56323476410437712 1.7758957390177402e-05
95 97 287.878788 293.939394 0.56234343855670332 1.2735269638854687e-05
95 98 287.878788 296.969697 0.56174784078852247 7.661321596446376e-06
95 99 287.878788 300.000000 0.56144962813226285 2.5571378178095296e-06
96 0 290.909091 0.000000 0.5601631885048296 -1.9994269339659556e-06
96 1 290.909091 3.030303 0.56047119126265077 -5.9903899792028225e-06
96 2 290.909091 6.060606 0.56108635633526815 -9.9577116919541993e-06
96 3 290.909091 9.090909 0.56200700023787598 -1.3885734865916772e-05
96 4 290.909091 12.121212 0.5632305913499227 -1.7758957388165987e-05
96 5 290.909091 15.151515 0.5647537425311604 -2.156209341891355e-05
96 6 290.909091 18.181818 0.56657220175085488 -2.5280133717733719e-05
96 7 290.909091 21.212121 0.56868084112574713 -2.8898404878178076e-05
96 8 290.909091 24.242424 0.57107364484754009 -3.2402627237007192e-05
96 9 290.909091 27.272727 0.57374369655710644 -3.5778971229497734e-05
96 10 290.909091 30.303030 0.57668316678878262 -3.9014111968416109e-05
96 11 290.909091 33.333333 0.57988330116278064 -4.2095281831261043e-05
96 12 290.909091 36.363636 0.58333441004582542 -4.5010320848236601e-05
96 13 290.909091 39.393939 0.58702586042875826 -4.7747724692097227e-05
96 14 290.909091 42.424242 0.59094607078432226 -5.0296690080472252e-05
96 15 290.909091 45.454545 0.59508250966831533 -5.2647157411485145e-05
96 16 290.909091 48.484848 0.59942169881252039 -5.4789850464406859e-05
96 17 290.909091 51.515152 0.60394922142837582 -5.6716313008660837e-05
96 18 290.909091 54.545455 0.6086497363965413 -5.84189421767019e-05
96 19 290.909091 57.575758 0.6135069989598666 -5.9891018469061024e-05
96 20 290.909091 60.606061 0.61850388846659354 -6.1126732273140085e-05
96 21 290.909091 63.636364 0.62362244362781749 -6.2121206791098199e-05
96 22 290.909091 66.666667 0.62884390565962744 -6.2870517286345282e-05
96 23 290.909091 69.696970 0.63414876957717337 -6.3371706572683893e-05
96 24 290.909091 72.727273 0.63951684379682783 -6.3622796684972477e-05
96 25 290.909091 75.757576 0.64492731808523318 -6.3622796685250101e-05
96 26 290.909091 78.787879 0.65035883977218245 -6.3371706573515517e-05
96 27 290.909091 81.818182 0.65578959801985792 -6.287051728772764e-05
96 28 290.909091 84.848485 0.66119741581583924 -6.2121206793025897e-05
96 29 290.909091 87.878788 0.6665598492335526 -6.1126732275605452e-05
96 30 290.909091 90.909091 0.67185429338329583 -5.9891018472054371e-05
96 31 290.909091 93.939394 0.67705809436169417 -5.8418942180211313e-05
96 32 290.909091 96.969697 0.68214866639917038 -5.6716313012672562e-05
96 33 290.909091 100.000000 0.68710361330558478 -5.4789850468905132e-05
96 34 290.909091 103.030303 0.69190085322520156 -5.2647157416452065e-05
96 35 290.909091 106.060606 0.6965187456351053 -5.0296690085888343e-05
96 36 290.909091 109.090909 0.7009362194573695 -4.774772469794109e-05
96 37 290.909091 112.121212 0.70513290110587146 -4.5010320854485075e-05
96 38 290.909091 115.151515 0.70908924125448525 -4.2095281837889557e-05
96 39 290.909091 118.181818 0.71278663909518314 -3.9014111975398466e-05
96 40 290.909091 121.212121 0.71620756285277076 -3.5778971236806402e-05
96 41 290.909091 124.242424 0.7193356653377494 -3.2402627244613324e-05
96 42 290.909091 127.272727 0.72215589335010055 -2.8898404886051654e-05
96 43 290.909091 130.303030 0.72465458979430464 -2.5280133725843653e-05
96 44 290.909091 133.333333 0.72681958742907204 -2.1562093427227829e-05
96 45 290.909091 136.363636 0.72864029325332669 -1.7758957396651793e-05
96 46 290.909091 139.393939 0.73010776262186328 -1.3885734874540665e-05
96 47 290.909091 142.424242 0.73121476228864291 -9.9577117006821182e-06
96 48 290.909091 145.454545 0.73195582169139017 -5.9903899880003049e-06
96 49 290.909091 148.484848 0.73232727191650693 -1.9994269427983082e-06
96 50 290.909091 151.515152 0.73232727191650715 1.9994269270820447e-06
96 51 290.909091 154.545455 0.73195582169139062 5.9903899723189146e-06
96 52 290.909091 157.575758 0.73121476228864424 9.9577116850702947e-06
96 53 290.909091 160.606061 0.73010776262186561 1.3885734859032854e-05
96 54 290.909091 163.636364 0.72864029325332924 1.7758957381282062e-05
96 55 290.909091 166.666667 0.72681958742907549 2.1562093412029639e-05
96 56 290.909091 169.696970 0.72465458979430863 2.5280133710849794e-05
96 57 290.909091 172.727273 0.7221558933501051 2.8898404871294172e-05
96 58 290.909091 175.757576 0.71933566533775406 3.2402627230123315e-05
96 59 290.909091 178.787879 0.71620756285277654 3.5778971222613802e-05
96 60 290.909091 181.818182 0.71278663909518913 3.9014111961532184e-05
96 61 290.909091 184.848485 0.70908924125449169 4.2095281824377186e-05
96 62 290.909091 187.878788 0.70513290110587812 4.5010320841352663e-05
96 63 290.909091 190.909091 0.70093621945737683 4.7747724685213329e-05
96 64 290.909091 193.939394 0.69651874563511296 5.0296690073588327e-05
96 65 290.909091 196.969697 0.69190085322520944 5.264715740460122e-05
96 66 290.909091 200.000000 0.68710361330559244 5.4789850457522948e-05
96 67 290.909091 203.030303 0.68214866639917882 5.671631300177694e-05
96 68 290.909091 206.060606 0.67705809436170283 5.8418942169817975e-05
96 69 290.909091 209.090909 0.67185429338330449 5.9891018462177113e-05
96 70 290.909091 212.121212 0.66655984923356104 6.112673226625616e-05
96 71 290.909091 215.151515 0.66119741581584801 6.2121206784214328e-05
96 72 290.909091 218.181818 0.65578959801986692 6.2870517279461371e-05
96 73 290.909091 221.212121 0.65035883977219178 6.3371706565799955e-05
96 74 290.909091 224.242424 0.64492731808524184 6.3622796678088579e-05
96 75 290.909091 227.272727 0.6395168437968366 6.3622796678366162e-05
96 76 290.909091 230.303030 0.63414876957718225 6.3371706566631592e-05
96 77 290.909091 233.333333 0.62884390565963588 6.2870517280843715e-05
96 78 290.909091 236.363636 0.62362244362782593 6.2121206786141945e-05
96 79 290.909091 239.393939 0.61850388846660165 6.1126732268721554e-05
96 80 290.909091 242.424242 0.61350699895987482 5.9891018465170432e-05
96 81 290.909091 245.454545 0.60864973639654896 5.8418942173327443e-05
96 82 290.909091 248.484848 0.60394922142838359 5.6716313005788637e-05
96 83 290.909091 251.515152 0.59942169881252771 5.4789850462021194e-05
96 84 290.909091 254.545455 0.59508250966832232 5.2647157409568194e-05
96 85 290.909091 257.575758 0.59094607078432881 5.0296690079004405e-05
96 86 290.909091 260.606061 0.5870258604287647 4.7747724691057179e-05
96 87 290.909091 263.636364 0.58333441004583109 4.5010320847601177e-05
96 88 290.909091 266.666667 0.57988330116278597 4.2095281831005672e-05
96 89 290.909091 269.696970 0.57668316678878795 3.9014111968514555e-05
96 90 290.909091 272.727273 0.57374369655711077 3.5778971229922463e-05
96 91 290.909091 275.757576 0.5710736448475443 3.2402627237729413e-05
96 92 290.909091 278.787879 0.56868084112575112 2.8898404879167729e-05
96 93 290.909091 281.818182 0.56657220175085798 2.5280133718959742e-05
96 94 290.909091 284.848485 0.56475374253116295 2.1562093420343924e-05
96 95 290.909091 287.878788 0.56323059134992493 1.7758957389767885e-05
96 96 290.909091 290.909091 0.56200700023787786 1.3885734867656757e-05
96 97 290.909091 293.939394 0.56108635633526938 9.9577116937982205e-06
96 98 290.909091 296.969697 0.56047119126265121 5.9903899811163953e-06
96 99 290.909091 300.000000 0.56016318850482971 1.9994269359143982e-06
97 0 293.939394 0.000000 0.55919533597998616 -1.4338252277017692e-06
97 1 293.939394 3.030303 0.55951069114984209 -4.2958170316628254e-06
97 2 293.939394 6.060606 0.56014055203504465 -7.140855208386861e-06
97 3 293.939394 9.090909 0.56108321684789131 -9.957711691964672e-06
97 4 293.939394 12.121212 0.5623361258197449 -1.2735269636754906e-05
97 5 293.939394 15.151515 0.56389585300151324 -1.5462567290494963e-05
97 6 293.939394 18.181818 0.5657580958333378 -1.8128841255329348e-05
97 7 293.939394 21.212121 0.56791766290237677 -2.0723568966023511e-05
97 8 293.939394 24.242424 0.57036846039784983 -2.3236510217721743e-05
97 9 293.939394 27.272727 0.57310347785352722 -2.5657747579357212e-05
97 10 293.939394 30.303030 0.57611477383805143 -2.7977725533221643e-05
97 11 293.939394 33.333333 0.57939346231156696 -3.0187288186228273e-05
97 12 293.939394 36.363636 0.58292970041193071 -3.2277715404038895e-05
97 13 293.939394 39.393939 0.58671267846439368 -3.4240757225450092e-05
97 14 293.939394 42.424242 0.59073061302434182 -3.6068666421221248e-05
97 15 293.939394 45.454545 0.59497074376305792 -3.7754229068848909e-05
97 16 293.939394 48.484848 0.59941933499131284 -3.9290793022623316e-05
97 17 293.939394 51.515152 0.60406168258492565 -4.0672294166608098e-05
97 18 293.939394 54.545455 0.60888212703065381 -4.1893280346935906e-05
97 19 293.939394 57.575758 0.61386407325035042 -4.2948932888968368e-05
97 20 293.939394 60.606061 0.61899001778715856 -4.3835085614404038e-05
97 21 293.939394 63.636364 0.62424158385056905 -4.4548241283280134e-05
97 22 293.939394 66.666667 0.62959956461876188 -4.5085585395981519e-05
97 23 293.939394 69.696970 0.63504397508819044 -4.5444997300784498e-05
97 24 293.939394 72.727273 0.64055411264350115 -4.5625058563100439e-05
97 25 293.939394 75.757576 0.6461086263973802 -4.5625058563389284e-05
97 26 293.939394 78.787879 0.65168559522165614 -4.5444997301649799e-05
97 27 293.939394 81.818182 0.65726261425998111 -4.5085585397419876e-05
97 28 293.939394 84.848485 0.66281688958065266 -4.4548241285285935e-05
97 29 293.939394 87.878788 0.66832534049777126 -4.3835085616969287e-05
97 30 293.939394 90.909091 0.67376470896191831 -4.2948932892083064e-05
97 31 293.939394 93.939394 0.67911167530002048 -4.1893280350587621e-05
97 32 293.939394 96.969697 0.68434297946990064 -4.0672294170782493e-05
97 33 293.939394 100.000000 0.68943554689012665 -3.9290793027303884e-05
97 34 293.939394 103.030303 0.69436661781184206 -3.7754229074017206e-05
97 35 293.939394 106.060606 0.69911387911788037 -3.6068666426856795e-05
97 36 293.939394 109.090909 0.70365559736702032 -3.4240757231530772e-05
97 37 293.939394 112.121212 0.70797075184887437 -3.2277715410540666e-05
97 38 293.939394 115.151515 0.71203916637862819 -3.0187288193125466e-05
97 39 293.939394 118.181818 0.71584163854133565 -2.7977725540487004e-05
97 40 293.939394 121.212121 0.71936006509318262 -2.5657747586962084e-05
97 41 293.939394 124.242424 0.7225775622423205 -2.323651022563612e-05
97 42 293.939394 127.272727 0.72547857956440687 -2.0723568974216196e-05
97 43 293.939394 130.303030 0.72804900635759806 -1.8128841263767971e-05
97 44 293.939394 133.333333 0.73027626930782841 -1.5462567299146212e-05
97 45 293.939394 136.363636 0.73214942041693631 -1.2735269645584655e-05
97 46 293.939394 139.393939 0.73365921424249814 -9.9577117009380916e-06
97 47 293.939394 142.424242 0.7347981736078244 -7.1408552174685144e-06
97 48 293.939394 145.454545 0.73556064306192359 -4.2958170408168578e-06
97 49 293.939394 148.484848 0.73594282950074552 -1.4338252368920877e-06
97 50 293.939394 151.515152 0.73594282950074563 1.4338252201754003e-06
97 51 293.939394 154.545455 0.73556064306192448 4.2958170241364599e-06
97 52 293.939394 157.575758 0.73479817360782562 7.1408552008604989e-06
97 53 293.939394 160.606061 0.73365921424250036 9.9577116844383099e-06
97 54 293.939394 163.636364 0.73214942041693887 1.273526962922853e-05
97 55 293.939394 166.666667 0.73027626930783163 1.5462567282968588e-05
97 56 293.939394 169.696970 0.72804900635760195 1.8128841247802959e-05
97 57 293.939394 172.727273 0.72547857956441142 2.0723568958497149e-05
97 58 293.939394 175.757576 0.72257756224232517 2.3236510210195374e-05
97 59 293.939394 178.787879 0.71936006509318795 2.5657747571830837e-05
97 60 293.939394 181.818182 0.71584163854134164 2.7977725525695261e-05
97 61 293.939394 184.848485 0.7120391663786344 3.0187288178701917e-05
97 62 293.939394 187.878788 0.7079707518488807 3.2277715396512513e-05
97 63 293.939394 190.909091 0.70365559736702743 3.424075721792371e-05
97 64 293.939394 193.939394 0.69911387911788792 3.6068666413694852e-05
97 65 293.939394 196.969697 0.69436661781184961 3.7754229061322554e-05
97 66 293.939394 200.000000 0.68943554689013486 3.9290793015096974e-05
97 67 293.939394 203.030303 0.68434297946990896 4.0672294159081743e-05
97 68 293.939394 206.060606 0.67911167530002903 4.1893280339409537e-05
97 69 293.939394 209.090909 0.67376470896192697 4.2948932881442027e-05
97 70 293.939394 212.121212 0.66832534049777981 4.3835085606877682e-05
97 71 293.939394 215.151515 0.66281688958066154 4.4548241275753765e-05
97 72 293.939394 218.181818 0.65726261425999 4.5085585388455123e-05
97 73 293.939394 221.212121 0.65168559522166525 4.5444997293258115e-05
97 74 293.939394 224.242424 0.64610862639738909 4.562505855557407e-05
97 75 293.939394 227.272727 0.64055411264350992 4.5625058555862915e-05
97 76 293.939394 230.303030 0.63504397508819943 4.5444997294123417e-05
97 77 293.939394 233.333333 0.62959956461877054 4.5085585389893534e-05
97 78 293.939394 236.363636 0.62424158385057738 4.4548241277759566e-05
97 79 293.939394 239.393939 0.61899001778716667 4.3835085609442945e-05
97 80 293.939394 242.424242 0.61386407325035885 4.2948932884556668e-05
97 81 293.939394 245.454545 0.60888212703066158 4.1893280343061225e-05
97 82 293.939394 248.484848 0.60406168258493331 4.0672294163256097e-05
97 83 293.939394 251.515152 0.59941933499132005 3.9290793019777488e-05
97 84 293.939394 254.545455 0.59497074376306502 3.7754229066490824e-05
97 85 293.939394 257.575758 0.59073061302434837 3.6068666419330413e-05
97 86 293.939394 260.606061 0.58671267846440012 3.4240757224004363e-05
97 87 293.939394 263.636364 0.58292970041193659 3.227771540301427e-05
97 88 293.939394 266.666667 0.57939346231157252 3.0187288185599083e-05
97 89 293.939394 269.696970 0.57611477383805687 2.7977725532960662e-05
97 90 293.939394 272.727273 0.57310347785353188 2.5657747579435695e-05
97 91 293.939394 275.757576 0.57036846039785394 2.3236510218109731e-05
97 92 293.939394 278.787879 0.56791766290238066 2.0723568966689827e-05
97 93 293.939394 281.818182 0.56575809583334102 1.8128841256241596e-05
97 94 293.939394 284.848485 0.56389585300151612 1.5462567291619843e-05
97 95 293.939394 287.878788 0.56233612581974712 1.2735269638058286e-05
97 96 293.939394 290.909091 0.5610832168478932 9.9577116934117295e-06
97 97 293.939394 293.939394 0.56014055203504587 7.1408552099421524e-06
97 98 293.939394 296.969697 0.55951069114984264 4.2958170332904957e-06
97 99 293.939394 300.000000 0.55919533597998639 1.4338252293657239e-06
98 0 296.969697 0.000000 0.55854866467566777 -8.6256486830456175e-07
98 1 296.969697 3.030303 0.55886892603874827 -2.5842904568588288e-06
98 2 296.969697 6.060606 0.55950859362219296 -4.2958170316459372e-06
98 3 296.969697 9.090909 0.56046595406868105 -5.9903899791973337e-06
98 4 296.969697 12.121212 0.56173842977630539 -7.6613215942657845e-06
98 5 296.969697 15.151515 0.56332257013602427 -9.3020174731426228e-06
98 6 296.969697 18.181818 0.56521404036975509 -1.0906002538756606e-05
98 7 296.969697 21.212121 0.56740760840394644 -1.2466946594844818e-05
98 8 296.969697 24.242424 0.5698971303072432 -1.3978689308345355e-05
98 9 296.969697 27.272727 0.57267553490501155 -1.5435264521417618e-05
98 10 296.969697 30.303030 0.57573480825647527 -1.6830923797141526e-05
98 11 296.969697 33.333333 0.57906597874063603 -1.8160159105971835e-05
98 12 296.969697 36.363636 0.58265910354382011 -1.9417724563414483e-05
98 13 296.969697 39.393939 0.58650325737367404 -2.0598657133135933e-05
98 14 296.969697 42.424242 0.59058652424095892 -2.1698296213800255e-05
98 15 296.969697 45.454545 0.59489599315117836 -2.2712302032333343e-05
98 16 296.969697 48.484848 0.59941775853262247 -2.3636672771024737e-05
98 17 296.969697 51.515152 0.60413692619596804 -2.4467760360873488e-05
98 18 296.969697 54.545455 0.60903762557339491 -2.5202284878850483e-05
98 19 296.969697 57.575758 0.61410302892290658 -2.5837347492255419e-05
98 20 296.969697 60.606061 0.61931537810697623 -2.6370441899085771e-05
98 21 296.969697 63.636364 0.62465601946486182 -2.6799464219265417e-05
98 22 296.969697 66.666667 0.63010544719626849 -2.712272129769833e-05
98 23 296.969697 69.696970 0.63564335556194562 -2.733893738637798e-05
98 24 296.969697 72.727273 0.64124870008599855 -2.7447259179182046e-05
98 25 296.969697 75.757576 0.6468997678169992 -2.7447259179481963e-05
98 26 296.969697 78.787879 0.65257425657234014 -2.7338937387276485e-05
98 27 296.969697 81.818182 0.65824936295476233 -2.7122721299191872e-05
98 28 296.969697 84.848485 0.66390187879368756 -2.6799464221348142e-05
98 29 296.969697 87.878788 0.66950829552909152 -2.6370441901749425e-05
98 30 296.969697 90.909091 0.67504491592420857 -2.5837347495489527e-05
98 31 296.969697 93.939394 0.6804879723675894 -2.5202284882642196e-05
98 32 296.969697 96.969697 0.68581375090681662 -2.4467760365207966e-05
98 33 296.969697 100.000000 0.69099872004758311 -2.3636672775884741e-05
98 34 296.969697 103.030303 0.69601966325451337 -2.2712302037699805e-05
98 35 296.969697 106.060606 0.70085381400578051 -2.1698296219651924e-05
98 36 296.969697 109.090909 0.70547899218361354 -2.0598657139449825e-05
98 37 296.969697 112.121212 0.70987374052842545 -1.9417724570165579e-05
98 38 296.969697 115.151515 0.71401745984656817 -1.8160159113133492e-05
98 39 296.969697 118.181818 0.71789054164127664 -1.6830923804685499e-05
98 40 296.969697 121.212121 0.72147449683378906 -1.543526452931412e-05
98 41 296.969697 124.242424 0.72475207925704321 -1.3978689316563242e-05
98 42 296.969697 127.272727 0.7277074026377609 -1.2466946603351658e-05
98 43 296.969697 130.303030 0.73032604983375327 -1.0906002547518844e-05
98 44 296.969697 133.333333 0.73259517316135292 -9.3020174821256444e-06
98 45 296.969697 136.363636 0.7345035847321203 -7.6613216034341437e-06
98 46 296.969697 139.393939 0.73604183581726301 -5.9903899885148757e-06
98 47 296.969697 142.424242 0.73720228437127078 -4.2958170410758534e-06
98 48 296.969697 145.454545 0.73797914997146041 -2.5842904663639124e-06
98 49 296.969697 148.484848 0.73836855556582981 -8.6256487784731795e-07
98 50 296.969697 151.515152 0.73836855556582992 8.6256486015764852e-07
98 51 296.969697 154.545455 0.73797914997146119 2.5842904487119168e-06
98 52 296.969697 157.575758 0.737202284371272 4.2958170234990253e-06
98 53 296.969697 160.606061 0.73604183581726523 5.9903899710504218e-06
98 54 296.969697 163.636364 0.73450358473212285 7.6613215861188658e-06
98 55 296.969697 166.666667 0.73259517316135625 9.3020174649957108e-06
98 56 296.969697 169.696970 0.73032604983375693 1.0906002530609708e-05
98 57 296.969697 172.727273 0.72770740263776523 1.2466946586697893e-05
98 58 296.969697 175.757576 0.72475207925704821 1.3978689300198457e-05
98 59 296.969697 178.787879 0.72147449683379439 1.543526451327072e-05
98 60 296.969697 181.818182 0.71789054164128285 1.6830923788994614e-05
98 61 296.969697 184.848485 0.7140174598465745 1.8160159097824937e-05
98 62 296.969697 187.878788 0.70987374052843222 1.9417724555267584e-05
98 63 296.969697 190.909091 0.70547899218362098 2.0598657124988994e-05
98 64 296.969697 193.939394 0.70085381400578806 2.1698296205653316e-05
98 65 296.969697 196.969697 0.69601966325452103 2.2712302024186431e-05
98 66 296.969697 200.000000 0.69099872004759122 2.3636672762877785e-05
98 67 296.969697 203.030303 0.68581375090682506 2.4467760352726603e-05
98 68 296.969697 206.060606 0.68048797236759784 2.5202284870703544e-05
98 69 296.969697 209.090909 0.67504491592421723 2.583734748410848e-05
98 70 296.969697 212.121212 0.66950829552909996 2.6370441890938832e-05
98 71 296.969697 215.151515 0.66390187879369655 2.6799464211118545e-05
98 72 296.969697 218.181818 0.6582493629547711 2.7122721289551431e-05
98 73 296.969697 221.212121 0.65257425657234935 2.7338937378231082e-05
98 74 296.969697 224.242424 0.6468997678170082 2.7447259171035148e-05
98 75 296.969697 227.272727 0.6412487000860071 2.7447259171335038e-05
98 76 296.969697 230.303030 0.63564335556195439 2.7338937379129573e-05
98 77 296.969697 233.333333 0.63010544719627715 2.7122721291044987e-05
98 78 296.969697 236.363636 0.62465601946486993 2.6799464213201257e-05
98 79 296.969697 239.393939 0.61931537810698445 2.6370441893602527e-05
98 80 296.969697 242.424242 0.61410302892291502 2.5837347487342587e-05
98 81 296.969697 245.454545 0.6090376255734028 2.520228487449527e-05
98 82 296.969697 248.484848 0.6041369261959757 2.4467760357061054e-05
98 83 296.969697 251.515152 0.5994177585326298 2.3636672767737816e-05
98 84 296.969697 254.545455 0.59489599315118524 2.2712302029552893e-05
98 85 296.969697 257.575758 0.59058652424096569 2.1698296211505012e-05
98 86 296.969697 260.606061 0.58650325737368048 2.0598657131302886e-05
98 87 296.969697 263.636364 0.58265910354382577 1.9417724562018654e-05
98 88 296.969697 266.666667 0.57906597874064103 1.8160159104986594e-05
98 89 296.969697 269.696970 0.57573480825648049 1.6830923796538574e-05
98 90 296.969697 272.727273 0.5726755349050161 1.5435264521167249e-05
98 91 296.969697 275.757576 0.56989713030724731 1.3978689308416343e-05
98 92 296.969697 278.787879 0.56740760840395044 1.2466946595204753e-05
98 93 296.969697 281.818182 0.56521404036975853 1.0906002539371925e-05
98 94 296.969697 284.848485 0.56332257013602705 9.3020174739787324e-06
98 95 296.969697 287.878788 0.56173842977630739 7.6613215952872453e-06
98 96 296.969697 290.909091 0.56046595406868271 5.9903899803679604e-06
98 97 296.969697 293.939394 0.55950859362219396 4.2958170329289618e-06
98 98 296.969697 296.969697 0.5588689260387486 2.5842904582170004e-06
98 99 296.969697 300.000000 0.55854866467566788 8.6256486970041022e-07
99 0 300.000000 0.000000 0.55822489877406156 -2.8790035942884469e-07
99 1 300.000000 3.030303 0.55854761458945423 -8.6256486825947334e-07
99 2 300.000000 6.060606 0.55919218833005069 -1.4338252276407295e-06
99 3 300.000000 9.090909 0.56015690104499394 -1.9994269339181761e-06
99 4 300.000000 12.121212 0.56143916649770798 -2.5571378155559739e-06
99 5 300.000000 15.151515 0.5630355221160035 -3.1047568424981674e-06
99 6 300.000000 18.181818 0.56494161745673954 -3.6401228126287587e-06
99 7 300.000000 21.212121 0.56715220062799909 -4.1611228810490552e-06
99 8 300.000000 24.242424 0.56966110320725716 -4.6657008985113459e-06
99 9 300.000000 27.272727 0.57246122427979051 -5.1518655261004491e-06
99 10 300.000000 30.303030 0.57554451429596354 -5.6176980941387538e-06
99 11 300.000000 33.333333 0.57890195950763468 -6.0613601742988822e-06
99 12 300.000000 36.363636 0.58252356779154724 -6.4811008350403986e-06
99 13 300.000000 39.393939 0.58639835670024798 -6.8752635517365236e-06
99 14 300.000000 42.424242 0.59051434459802465 -7.2422927442203133e-06
99 15 300.000000 45.454545 0.59485854574018393 -7.5807399159488151e-06
99 16 300.000000 48.484848 0.59941697013842521 -7.8892693705569391e-06
99 17 300.000000 51.515152 0.60417462902317853 -8.1666634832410477e-06
99 18 300.000000 54.545455 0.60911554666594259 -8.4118275061676991e-06
99 19 300.000000 57.575758 0.61422277926140401 -8.6237938889432205e-06
99 20 300.000000 60.606061 0.619478441491362 -8.8017260970929729e-06
99 21 300.000000 63.636364 0.62486374130125744 -8.9449219134809274e-06
99 22 300.000000 66.666667 0.63035902331679128 -9.0528162096396782e-06
99 23 300.000000 69.696970 0.63594382121417858 -9.1249831760746277e-06
99 24 300.000000 72.727273 0.64159691923478912 -9.1611380027390539e-06
99 25 300.000000 75.757576 0.64729642290509015 -9.1611380030498675e-06
99 26 300.000000 78.787879 0.65301983888794934 -9.1249831770056592e-06
99 27 300.000000 81.818182 0.65874416375356437 -9.0528162111873768e-06
99 28 300.000000 84.848485 0.6644459813196657 -8.9449219156390047e-06
99 29 300.000000 87.878788 0.67010156807345833 -8.8017260998530806e-06
99 30 300.000000 90.909091 0.67568700605407517 -8.6237938922944081e-06
99 31 300.000000 93.939394 0.68117830244637245 -8.4118275100967122e-06
99 32 300.000000 96.969697 0.68655151501664347 -8.1666634877324907e-06
99 33 300.000000 100.000000 0.6917828824103277 -7.8892693755929768e-06
99 34 300.000000 103.030303 0.69684895823275883 -7.5807399215096068e-06
99 35 300.000000 106.060606 0.70172674774815025 -7.2422927502839172e-06
99 36 300.000000 109.090909 0.70639384596080568 -6.8752635582790196e-06
99 37 300.000000 112.121212 0.71082857578714964 -6.481100842035915e-06
99 38 300.000000 115.151515 0.71501012498870553 -6.061360181719853e-06
99 39 300.000000 118.181818 0.71891868051525543 -5.6176981019558786e-06
99 40 300.000000 121.212121 0.72253555890466103 -5.1518655342828958e-06
99 41 300.000000 124.242424 0.72584333140138435 -4.6657009070268053e-06
99 42 300.000000 127.272727 0.72882594248957355 -4.1611228898639442e-06
99 43 300.000000 130.303030 0.73146882058834017 -3.6401228217082675e-06
99 44 300.000000 133.333333 0.73375897972591209 -3.1047568518064429e-06
99 45 300.000000 136.363636 0.73568511109486756 -2.5571378250562819e-06
99 46 300.000000 139.393939 0.73723766349147857 -1.9994269435730744e-06
99 47 300.000000 142.424242 0.73840891175698975 -1.4338252374120778e-06
99 48 300.000000 145.454545 0.73919301246581437 -8.6256487810871655e-07
99 49 300.000000 148.484848 0.73958604624345636 -2.8790036931712087e-07
99 50 300.000000 151.515152 0.73958604624345681 2.8790035068574266e-07
99 51 300.000000 154.545455 0.73919301246581515 8.6256485951637893e-07
99 52 300.000000 157.575758 0.7384089117569913 1.4338252188976317e-06
99 53 300.000000 160.606061 0.73723766349148101 1.999426925175075e-06
99 54 300.000000 163.636364 0.73568511109487 2.5571378068128659e-06
99 55 300.000000 166.666667 0.73375897972591519 3.104756833755073e-06
99 56 300.000000 169.696970 0.73146882058834395 3.6401228038856643e-06
99 57 300.000000 172.727273 0.72882594248957799 4.1611228723059879e-06
99 58 300.000000 175.757576 0.72584333140138901 4.6657008897682718e-06
99 59 300.000000 178.787879 0.72253555890466648 5.1518655173573479e-06
99 60 300.000000 181.818182 0.71891868051526153 5.6176980853956391e-06
99 61 300.000000 184.848485 0.71501012498871175 6.061360165555781e-06
99 62 300.000000 187.878788 0.71082857578715619 6.4811008262972704e-06
99 63 300.000000 190.909091 0.706393845960813 6.8752635429934089e-06
99 64 300.000000 193.939394 0.70172674774815769 7.2422927354772799e-06
99 65 300.000000 196.969697 0.69684895823276638 7.5807399072057411e-06
99 66 300.000000 200.000000 0.69178288241033559 7.889269361813865e-06
99 67 300.000000 203.030303 0.68655151501665168 8.1666634744979329e-06
99 68 300.000000 206.060606 0.68117830244638089 8.4118274974245844e-06
99 69 300.000000 209.090909 0.67568700605408405 8.6237938802001058e-06
99 70 300.000000 212.121212 0.67010156807346677 8.8017260883498311e-06
99 71 300.000000 215.151515 0.66444598131967458 8.9449219047378127e-06
99 72 300.000000 218.181818 0.65874416375357325 9.0528162008965906e-06
99 73 300.000000 221.212121 0.65301983888795845 9.1249831673314858e-06
99 74 300.000000 224.242424 0.64729642290509892 9.1611379939960204e-06
99 75 300.000000 227.272727 0.64159691923479778 9.1611379943067799e-06
99 76 300.000000 230.303030 0.63594382121418758 9.1249831682625444e-06
99 77 300.000000 233.333333 0.63035902331679994 9.052816202444235e-06
99 78 300.000000 236.363636 0.62486374130126587 8.9449219068959442e-06
99 79 300.000000 239.393939 0.6194784414913701 8.8017260911099659e-06
99 80 300.000000 242.424242 0.61422277926141233 8.6237938835512934e-06
99 81 300.000000 245.454545 0.60911554666595047 8.4118275013536653e-06
99 82 300.000000 248.484848 0.60417462902318619 8.1666634789893217e-06
99 83 300.000000 251.515152 0.59941697013843243 7.8892693668498485e-06
99 84 300.000000 254.545455 0.59485854574019081 7.580739912766492e-06
99 85 300.000000 257.575758 0.59051434459803132 7.2422927415408296e-06
99 86 300.000000 260.606061 0.58639835670025442 6.8752635495358913e-06
99 87 300.000000 263.636364 0.58252356779155301 6.4811008332928003e-06
99 88 300.000000 266.666667 0.57890195950763979 6.0613601729767519e-06
99 89 300.000000 269.696970 0.57554451429596876 5.6176980932127639e-06
99 90 300.000000 272.727273 0.57246122427979518 5.1518655255397946e-06
99 91 300.000000 275.757576 0.56966110320726115 4.6657008982837176e-06
99 92 300.000000 278.787879 0.56715220062800287 4.1611228811208294e-06
99 93 300.000000 281.818182 0.56494161745674276 3.6401228129651392e-06
99 94 300.000000 284.848485 0.56303552211600605 3.1047568430633349e-06
99 95 300.000000 287.878788 0.56143916649771031 2.557137816313201e-06
99 96 300.000000 290.909091 0.5601569010449956 1.9994269348299698e-06
99 97 300.000000 293.939394 0.5591921883300518 1.4338252286689902e-06
99 98 300.000000 296.969697 0.5585476145894549 8.6256486936561536e-07
99 99 300.000000 300.000000 0.5582248987740619 2.8790036057402476e-07
