# Nx=1000 Ny=4 Lx=3500.0 Ly=67.5 lambda=13.50
# i j x_nm y_nm |E|^2 Re(Ey)
0 0 0.000000 0.000000 0.60100260965063201 0
0 1 0.000000 22.500000 0.60100260965063201 0
0 2 0.000000 45.000000 0.60100260965063201 0
0 3 0.000000 67.500000 0.60100260965063201 0
1 0 3.503504 0.000000 0.60083643941037868 0
1 1 3.503504 22.500000 0.60083643941037868 0
1 2 3.503504 45.000000 0.60083643941037868 0
1 3 3.503504 67.500000 0.60083643941037868 0
2 0 7.007007 0.000000 0.6005193219194257 0
2 1 7.007007 22.500000 0.6005193219194257 0
2 2 7.007007 45.000000 0.6005193219194257 0
2 3 7.007007 67.500000 0.6005193219194257 0
3 0 10.510511 0.000000 0.60008026047395069 0
3 1 10.510511 22.500000 0.60008026047395069 0
3 2 10.510511 45.000000 0.60008026047395069 0
3 3 10.510511 67.500000 0.60008026047395069 0
4 0 14.014014 0.000000 0.59955930737621776 0
4 1 14.014014 22.500000 0.59955930737621776 0
4 2 14.014014 45.000000 0.59955930737621776 0
4 3 14.014014 67.500000 0.59955930737621776 0
5 0 17.517518 0.000000 0.59900382972711386 0
5 1 17.517518 22.500000 0.59900382972711386 0
5 2 17.517518 45.000000 0.59900382972711386 0
5 3 17.517518 67.500000 0.59900382972711386 0
6 0 21.021021 0.000000 0.59846414990493113 0
6 1 21.021021 22.500000 0.59846414990493113 0
6 2 21.021021 45.000000 0.59846414990493113 0
6 3 21.021021 67.500000 0.59846414990493113 0
7 0 24.524525 0.000000 0.59798898170212578 0
7 1 24.524525 22.500000 0.59798898170212578 0
7 2 24.524525 45.000000 0.59798898170212578 0
7 3 24.524525 67.500000 0.59798898170212578 0
8 0 28.028028 0.000000 0.597621078774077 0
8 1 28.028028 22.500000 0.597621078774077 0
8 2 28.028028 45.000000 0.597621078774077 0
8 3 28.028028 67.500000 0.597621078774077 0
9 0 31.531532 0.000000 0.59739346862721587 0
9 1 31.531532 22.500000 0.59739346862721587 0
9 2 31.531532 45.000000 0.59739346862721587 0
9 3 31.531532 67.500000 0.59739346862721587 0
10 0 35.035035 0.000000 0.59732657548577783 0
10 1 35.035035 22.500000 0.59732657548577783 0
10 2 35.035035 45.000000 0.59732657548577783 0
10 3 35.035035 67.500000 0.59732657548577783 0
11 0 38.538539 0.000000 0.59742645145847084 0
11 1 38.538539 22.500000 0.59742645145847084 0
11 2 38.538539 45.000000 0.59742645145847084 0
11 3 38.538539 67.500000 0.59742645145847084 0
12 0 42.042042 0.000000 0.59768424637200401 0
12 1 42.042042 22.500000 0.59768424637200401 0
12 2 42.042042 45.000000 0.59768424637200401 0
12 3 42.042042 67.500000 0.59768424637200401 0
13 0 45.545546 0.000000 0.59807695652499659 0
13 1 45.545546 22.500000 0.59807695652499659 0
13 2 45.545546 45.000000 0.59807695652499659 0
13 3 45.545546 67.500000 0.59807695652499659 0
14 0 49.049049 0.000000 0.59856940175683826 0
14 1 49.049049 22.500000 0.59856940175683826 0
14 2 49.049049 45.000000 0.59856940175683826 0
14 3 49.049049 67.500000 0.59856940175683826 0
15 0 52.552553 0.000000 0.59911728795032548 0
15 1 52.552553 22.500000 0.59911728795032548 0
15 2 52.552553 45.000000 0.59911728795032548 0
15 3 52.552553 67.500000 0.59911728795032548 0
16 0 56.056056 0.000000 0.59967111998580092 0
16 1 56.056056 22.500000 0.59967111998580092 0
16 2 56.056056 45.000000 0.59967111998580092 0
16 3 56.056056 67.500000 0.59967111998580092 0
17 0 59.559560 0.000000 0.60018064437131025 0
17 1 59.559560 22.500000 0.60018064437131025 0
17 2 59.559560 45.000000 0.60018064437131025 0
17 3 59.559560 67.500000 0.60018064437131025 0
18 0 63.063063 0.000000 0.60059943219807777 0
18 1 63.063063 22.500000 0.60059943219807777 0
18 2 63.063063 45.000000 0.60059943219807777 0
18 3 63.063063 67.500000 0.60059943219807777 0
19 0 66.566567 0.000000 0.60088917528617602 0
19 1 66.566567 22.500000 0.60088917528617602 0
19 2 66.566567 45.000000 0.60088917528617602 0
19 3 66.566567 67.500000 0.60088917528617602 0
20 0 70.070070 0.000000 0.60102327375867637 0
20 1 70.070070 22.500000 0.60102327375867637 0
20 2 70.070070 45.000000 0.60102327375867637 0
20 3 70.070070 67.500000 0.60102327375867637 0
21 0 73.573574 0.000000 0.60098934864925779 0
21 1 73.573574 22.500000 0.60098934864925779 0
21 2 73.573574 45.000000 0.60098934864925779 0
21 3 73.573574 67.500000 0.60098934864925779 0
22 0 77.077077 0.000000 0.60079041657105381 0
22 1 77.077077 22.500000 0.60079041657105381 0
22 2 77.077077 45.000000 0.60079041657105381 0
22 3 77.077077 67.500000 0.60079041657105381 0
23 0 80.580581 0.000000 0.60044460332096472 0
23 1 80.580581 22.500000 0.60044460332096472 0
23 2 80.580581 45.000000 0.60044460332096472 0
23 3 80.580581 67.500000 0.60044460332096472 0
24 0 84.084084 0.000000 0.59998343011038713 0
24 1 84.084084 22.500000 0.59998343011038713 0
24 2 84.084084 45.000000 0.59998343011038713 0
24 3 84.084084 67.500000 0.59998343011038713 0
25 0 87.587588 0.000000 0.59944885683223081 0
25 1 87.587588 22.500000 0.59944885683223081 0
25 2 87.587588 45.000000 0.59944885683223081 0
25 3 87.587588 67.500000 0.59944885683223081 0
26 0 91.091091 0.000000 0.59888938999248387 0
26 1 91.091091 22.500000 0.59888938999248387 0
26 2 91.091091 45.000000 0.59888938999248387 0
26 3 91.091091 67.500000 0.59888938999248387 0
27 0 94.594595 0.000000 0.5983556436446491 0
27 1 94.594595 22.500000 0.5983556436446491 0
27 2 94.594595 45.000000 0.5983556436446491 0
27 3 94.594595 67.500000 0.5983556436446491 0
28 0 98.098098 0.000000 0.59789577400168836 0
28 1 98.098098 22.500000 0.59789577400168836 0
28 2 98.098098 45.000000 0.59789577400168836 0
28 3 98.098098 67.500000 0.59789577400168836 0
29 0 101.601602 0.000000 0.5975511956564149 0
29 1 101.601602 22.500000 0.5975511956564149 0
29 2 101.601602 45.000000 0.5975511956564149 0
29 3 101.601602 67.500000 0.5975511956564149 0
30 0 105.105105 0.000000 0.59735293943800372 0
30 1 105.105105 22.500000 0.59735293943800372 0
30 2 105.105105 45.000000 0.59735293943800372 0
30 3 105.105105 67.500000 0.59735293943800372 0
31 0 108.608609 0.000000 0.59731894136500807 0
31 1 108.608609 22.500000 0.59731894136500807 0
31 2 108.608609 45.000000 0.59731894136500807 0
31 3 108.608609 67.500000 0.59731894136500807 0
32 0 112.112112 0.000000 0.59745246992318146 0
32 1 112.112112 22.500000 0.59745246992318146 0
32 2 112.112112 45.000000 0.59745246992318146 0
32 3 112.112112 67.500000 0.59745246992318146 0
33 0 115.615616 0.000000 0.59774181183587494 0
33 1 115.615616 22.500000 0.59774181183587494 0
33 2 115.615616 45.000000 0.59774181183587494 0
33 3 115.615616 67.500000 0.59774181183587494 0
34 0 119.119119 0.000000 0.59816124686162608 0
34 1 119.119119 22.500000 0.59816124686162608 0
34 2 119.119119 45.000000 0.59816124686162608 0
34 3 119.119119 67.500000 0.59816124686162608 0
35 0 122.622623 0.000000 0.5986732494228737 0
35 1 122.622623 22.500000 0.5986732494228737 0
35 2 122.622623 45.000000 0.5986732494228737 0
35 3 122.622623 67.500000 0.5986732494228737 0
36 0 126.126126 0.000000 0.59923175887314528 0
36 1 126.126126 22.500000 0.59923175887314528 0
36 2 126.126126 45.000000 0.59923175887314528 0
36 3 126.126126 67.500000 0.59923175887314528 0
37 0 129.629630 0.000000 0.59978626422012193 0
37 1 129.629630 22.500000 0.59978626422012193 0
37 2 129.629630 45.000000 0.59978626422012193 0
37 3 129.629630 67.500000 0.59978626422012193 0
38 0 133.133133 0.000000 0.60028636150222447 0
38 1 133.133133 22.500000 0.60028636150222447 0
38 2 133.133133 45.000000 0.60028636150222447 0
38 3 133.133133 67.500000 0.60028636150222447 0
39 0 136.636637 0.000000 0.60068637558889981 0
39 1 136.636637 22.500000 0.60068637558889981 0
39 2 136.636637 45.000000 0.60068637558889981 0
39 3 136.636637 67.500000 0.60068637558889981 0
40 0 140.140140 0.000000 0.60094960731528135 0
40 1 140.140140 22.500000 0.60094960731528135 0
40 2 140.140140 45.000000 0.60094960731528135 0
40 3 140.140140 67.500000 0.60094960731528135 0
41 0 143.643644 0.000000 0.60105178320897412 0
41 1 143.643644 22.500000 0.60105178320897412 0
41 2 143.643644 45.000000 0.60105178320897412 0
41 3 143.643644 67.500000 0.60105178320897412 0
42 0 147.147147 0.000000 0.60098335330514863 0
42 1 147.147147 22.500000 0.60098335330514863 0
42 2 147.147147 45.000000 0.60098335330514863 0
42 3 147.147147 67.500000 0.60098335330514863 0
43 0 150.650651 0.000000 0.60075039778011341 0
43 1 150.650651 22.500000 0.60075039778011341 0
43 2 150.650651 45.000000 0.60075039778011341 0
43 3 150.650651 67.500000 0.60075039778011341 0
44 0 154.154154 0.000000 0.60037405087839368 0
44 1 154.154154 22.500000 0.60037405087839368 0
44 2 154.154154 45.000000 0.60037405087839368 0
44 3 154.154154 67.500000 0.60037405087839368 0
45 0 157.657658 0.000000 0.5998885095647204 0
45 1 157.657658 22.500000 0.5998885095647204 0
45 2 157.657658 45.000000 0.5998885095647204 0
45 3 157.657658 67.500000 0.5998885095647204 0
46 0 161.161161 0.000000 0.59933784116691813 0
46 1 161.161161 22.500000 0.59933784116691813 0
46 2 161.161161 45.000000 0.59933784116691813 0
46 3 161.161161 67.500000 0.59933784116691813 0
47 0 164.664665 0.000000 0.59877191895253346 0
47 1 164.664665 22.500000 0.59877191895253346 0
47 2 164.664665 45.000000 0.59877191895253346 0
47 3 164.664665 67.500000 0.59877191895253346 0
48 0 168.168168 0.000000 0.59824188460501715 0
48 1 168.168168 22.500000 0.59824188460501715 0
48 2 168.168168 45.000000 0.59824188460501715 0
48 3 168.168168 67.500000 0.59824188460501715 0
49 0 171.671672 0.000000 0.59779555887400027 0
49 1 171.671672 22.500000 0.59779555887400027 0
49 2 171.671672 45.000000 0.59779555887400027 0
49 3 171.671672 67.500000 0.59779555887400027 0
50 0 175.175175 0.000000 0.59747320174466012 0
50 1 175.175175 22.500000 0.59747320174466012 0
50 2 175.175175 45.000000 0.59747320174466012 0
50 3 175.175175 67.500000 0.59747320174466012 0
51 0 178.678679 0.000000 0.59730397212259401 0
51 1 178.678679 22.500000 0.59730397212259401 0
51 2 178.678679 45.000000 0.59730397212259401 0
51 3 178.678679 67.500000 0.59730397212259401 0
52 0 182.182182 0.000000 0.59730336619475088 0
52 1 182.182182 22.500000 0.59730336619475088 0
52 2 182.182182 45.000000 0.59730336619475088 0
52 3 182.182182 67.500000 0.59730336619475088 0
53 0 185.685686 0.000000 0.59747183263117665 0
53 1 185.685686 22.500000 0.59747183263117665 0
53 2 185.685686 45.000000 0.59747183263117665 0
53 3 185.685686 67.500000 0.59747183263117665 0
54 0 189.189189 0.000000 0.59779467644236794 0
54 1 189.189189 22.500000 0.59779467644236794 0
54 2 189.189189 45.000000 0.59779467644236794 0
54 3 189.189189 67.500000 0.59779467644236794 0
55 0 192.692693 0.000000 0.59824327233251318 0
55 1 192.692693 22.500000 0.59824327233251318 0
55 2 192.692693 45.000000 0.59824327233251318 0
55 3 192.692693 67.500000 0.59824327233251318 0
56 0 196.196196 0.000000 0.59877751190049611 0
56 1 196.196196 22.500000 0.59877751190049611 0
56 2 196.196196 45.000000 0.59877751190049611 0
56 3 196.196196 67.500000 0.59877751190049611 0
57 0 199.699700 0.000000 0.5993493078736164 0
57 1 199.699700 22.500000 0.5993493078736164 0
57 2 199.699700 45.000000 0.5993493078736164 0
57 3 199.699700 67.500000 0.5993493078736164 0
58 0 203.203203 0.000000 0.59990687803264897 0
58 1 203.203203 22.500000 0.59990687803264897 0
58 2 203.203203 45.000000 0.59990687803264897 0
58 3 203.203203 67.500000 0.59990687803264897 0
59 0 206.706707 0.000000 0.60039944230942577 0
59 1 206.706707 22.500000 0.60039944230942577 0
59 2 206.706707 45.000000 0.60039944230942577 0
59 3 206.706707 67.500000 0.60039944230942577 0
60 0 210.210210 0.000000 0.60078190327738079 0
60 1 210.210210 22.500000 0.60078190327738079 0
60 2 210.210210 45.000000 0.60078190327738079 0
60 3 210.210210 67.500000 0.60078190327738079 0
61 0 213.713714 0.000000 0.60101905770872599 0
61 1 213.713714 22.500000 0.60101905770872599 0
61 2 213.713714 45.000000 0.60101905770872599 0
61 3 213.713714 67.500000 0.60101905770872599 0
62 0 217.217217 0.000000 0.60108891549069376 0
62 1 217.217217 22.500000 0.60108891549069376 0
62 2 217.217217 45.000000 0.60108891549069376 0
62 3 217.217217 67.500000 0.60108891549069376 0
63 0 220.720721 0.000000 0.60098478413576817 0
63 1 220.720721 22.500000 0.60098478413576817 0
63 2 220.720721 45.000000 0.60098478413576817 0
63 3 220.720721 67.500000 0.60098478413576817 0
64 0 224.224224 0.000000 0.60071590436553834 0
64 1 224.224224 22.500000 0.60071590436553834 0
64 2 224.224224 45.000000 0.60071590436553834 0
64 3 224.224224 67.500000 0.60071590436553834 0
65 0 227.727728 0.000000 0.60030657754790073 0
65 1 227.727728 22.500000 0.60030657754790073 0
65 2 227.727728 45.000000 0.60030657754790073 0
65 3 227.727728 67.500000 0.60030657754790073 0
66 0 231.231231 0.000000 0.59979388627800456 0
66 1 231.231231 22.500000 0.59979388627800456 0
66 2 231.231231 45.000000 0.59979388627800456 0
66 3 231.231231 67.500000 0.59979388627800456 0
67 0 234.734735 0.000000 0.59922425190454354 0
67 1 234.734735 22.500000 0.59922425190454354 0
67 2 234.734735 45.000000 0.59922425190454354 0
67 3 234.734735 67.500000 0.59922425190454354 0
68 0 238.238238 0.000000 0.5986491789671482 0
68 1 238.238238 22.500000 0.5986491789671482 0
68 2 238.238238 45.000000 0.5986491789671482 0
68 3 238.238238 67.500000 0.5986491789671482 0
69 0 241.741742 0.000000 0.59812059646829874 0
69 1 241.741742 22.500000 0.59812059646829874 0
69 2 241.741742 45.000000 0.59812059646829874 0
69 3 241.741742 67.500000 0.59812059646829874 0
70 0 245.245245 0.000000 0.59768621926989685 0
70 1 245.245245 22.500000 0.59768621926989685 0
70 2 245.245245 45.000000 0.59768621926989685 0
70 3 245.245245 67.500000 0.59768621926989685 0
71 0 248.748749 0.000000 0.59738532699182056 0
71 1 248.748749 22.500000 0.59738532699182056 0
71 2 248.748749 45.000000 0.59738532699182056 0
71 3 248.748749 67.500000 0.59738532699182056 0
72 0 252.252252 0.000000 0.59724530386962082 0
72 1 252.252252 22.500000 0.59724530386962082 0
72 2 252.252252 45.000000 0.59724530386962082 0
72 3 252.252252 67.500000 0.59724530386962082 0
73 0 255.755756 0.000000 0.59727921208314105 0
73 1 255.755756 22.500000 0.59727921208314105 0
73 2 255.755756 45.000000 0.59727921208314105 0
73 3 255.755756 67.500000 0.59727921208314105 0
74 0 259.259259 0.000000 0.59748459057037062 0
74 1 259.259259 22.500000 0.59748459057037062 0
74 2 259.259259 45.000000 0.59748459057037062 0
74 3 259.259259 67.500000 0.59748459057037062 0
75 0 262.762763 0.000000 0.5978435841633416 0
75 1 262.762763 22.500000 0.5978435841633416 0
75 2 262.762763 45.000000 0.5978435841633416 0
75 3 262.762763 67.500000 0.5978435841633416 0
76 0 266.266266 0.000000 0.59832441358576038 0
76 1 266.266266 22.500000 0.59832441358576038 0
76 2 266.266266 45.000000 0.59832441358576038 0
76 3 266.266266 67.500000 0.59832441358576038 0
77 0 269.769770 0.000000 0.59888409468929626 0
77 1 269.769770 22.500000 0.59888409468929626 0
77 2 269.769770 45.000000 0.59888409468929626 0
77 3 269.769770 67.500000 0.59888409468929626 0
78 0 273.273273 0.000000 0.59947220761278608 0
78 1 273.273273 22.500000 0.59947220761278608 0
78 2 273.273273 45.000000 0.59947220761278608 0
78 3 273.273273 67.500000 0.59947220761278608 0
79 0 276.776777 0.000000 0.60003541101783187 0
79 1 276.776777 22.500000 0.60003541101783187 0
79 2 276.776777 45.000000 0.60003541101783187 0
79 3 276.776777 67.500000 0.60003541101783187 0
80 0 280.280280 0.000000 0.60052230629320547 0
80 1 280.280280 22.500000 0.60052230629320547 0
80 2 280.280280 45.000000 0.60052230629320547 0
80 3 280.280280 67.500000 0.60052230629320547 0
81 0 283.783784 0.000000 0.60088819771673851 0
81 1 283.783784 22.500000 0.60088819771673851 0
81 2 283.783784 45.000000 0.60088819771673851 0
81 3 283.783784 67.500000 0.60088819771673851 0
82 0 287.287287 0.000000 0.60109928181574968 0
82 1 287.287287 22.500000 0.60109928181574968 0
82 2 287.287287 45.000000 0.60109928181574968 0
82 3 287.287287 67.500000 0.60109928181574968 0
83 0 290.790791 0.000000 0.60113584137497333 0
83 1 290.790791 22.500000 0.60113584137497333 0
83 2 290.790791 45.000000 0.60113584137497333 0
83 3 290.790791 67.500000 0.60113584137497333 0
84 0 294.294294 0.000000 0.60099411598617081 0
84 1 294.294294 22.500000 0.60099411598617081 0
84 2 294.294294 45.000000 0.60099411598617081 0
84 3 294.294294 67.500000 0.60099411598617081 0
85 0 297.797798 0.000000 0.6006866604490898 0
85 1 297.797798 22.500000 0.6006866604490898 0
85 2 297.797798 45.000000 0.6006866604490898 0
85 3 297.797798 67.500000 0.6006866604490898 0
86 0 301.301301 0.000000 0.60024116484807688 0
86 1 301.301301 22.500000 0.60024116484807688 0
86 2 301.301301 45.000000 0.60024116484807688 0
86 3 301.301301 67.500000 0.60024116484807688 0
87 0 304.804805 0.000000 0.59969787168255673 0
87 1 304.804805 22.500000 0.59969787168255673 0
87 2 304.804805 45.000000 0.59969787168255673 0
87 3 304.804805 67.500000 0.59969787168255673 0
88 0 308.308308 0.000000 0.59910586332211502 0
88 1 308.308308 22.500000 0.59910586332211502 0
88 2 308.308308 45.000000 0.59910586332211502 0
88 3 308.308308 67.500000 0.59910586332211502 0
89 0 311.811812 0.000000 0.59851859091499893 0
89 1 311.811812 22.500000 0.59851859091499893 0
89 2 311.811812 45.000000 0.59851859091499893 0
89 3 311.811812 67.500000 0.59851859091499893 0
90 0 315.315315 0.000000 0.59798906654706008 0
90 1 315.315315 22.500000 0.59798906654706008 0
90 2 315.315315 45.000000 0.59798906654706008 0
90 3 315.315315 67.500000 0.59798906654706008 0
91 0 318.818819 0.000000 0.59756514602833288 0
91 1 318.818819 22.500000 0.59756514602833288 0
91 2 318.818819 45.000000 0.59756514602833288 0
91 3 318.818819 67.500000 0.59756514602833288 0
92 0 322.322322 0.000000 0.5972852989352363 0
92 1 322.322322 22.500000 0.5972852989352363 0
92 2 322.322322 45.000000 0.5972852989352363 0
92 3 322.322322 67.500000 0.5972852989352363 0
93 0 325.825826 0.000000 0.59717520673017521 0
93 1 325.825826 22.500000 0.59717520673017521 0
93 2 325.825826 45.000000 0.59717520673017521 0
93 3 325.825826 67.500000 0.59717520673017521 0
94 0 329.329329 0.000000 0.59724545859639366 0
94 1 329.329329 22.500000 0.59724545859639366 0
94 2 329.329329 45.000000 0.59724545859639366 0
94 3 329.329329 67.500000 0.59724545859639366 0
95 0 332.832833 0.000000 0.59749053356380544 0
95 1 332.832833 22.500000 0.59749053356380544 0
95 2 332.832833 45.000000 0.59749053356380544 0
95 3 332.832833 67.500000 0.59749053356380544 0
96 0 336.336336 0.000000 0.59788916767108258 0
96 1 336.336336 22.500000 0.59788916767108258 0
96 2 336.336336 45.000000 0.59788916767108258 0
96 3 336.336336 67.500000 0.59788916767108258 0
97 0 339.839840 0.000000 0.59840610512220183 0
97 1 339.839840 22.500000 0.59840610512220183 0
97 2 339.839840 45.000000 0.59840610512220183 0
97 3 339.839840 67.500000 0.59840610512220183 0
98 0 343.343343 0.000000 0.5989951225900747 0
98 1 343.343343 22.500000 0.5989951225900747 0
98 2 343.343343 45.000000 0.5989951225900747 0
98 3 343.343343 67.500000 0.5989951225900747 0
99 0 346.846847 0.000000 0.59960310032241204 0
99 1 346.846847 22.500000 0.59960310032241204 0
99 2 346.846847 45.000000 0.59960310032241204 0
99 3 346.846847 67.500000 0.59960310032241204 0
100 0 350.350350 0.000000 0.60017480286572455 0
100 1 350.350350 22.500000 0.60017480286572455 0
100 2 350.350350 45.000000 0.60017480286572455 0
100 3 350.350350 67.500000 0.60017480286572455 0
101 0 353.853854 0.000000 0.60065794154437169 0
101 1 353.853854 22.500000 0.60065794154437169 0
101 2 353.853854 45.000000 0.60065794154437169 0
101 3 353.853854 67.500000 0.60065794154437169 0
102 0 357.357357 0.000000 0.60100803763747601 0
102 1 357.357357 22.500000 0.60100803763747601 0
102 2 357.357357 45.000000 0.60100803763747601 0
102 3 357.357357 67.500000 0.60100803763747601 0
103 0 360.860861 0.000000 0.60119260383211381 0
103 1 360.860861 22.500000 0.60119260383211381 0
103 2 360.860861 45.000000 0.60119260383211381 0
103 3 360.860861 67.500000 0.60119260383211381 0
104 0 364.364364 0.000000 0.60119421867647771 0
104 1 364.364364 22.500000 0.60119421867647771 0
104 2 364.364364 45.000000 0.60119421867647771 0
104 3 364.364364 67.500000 0.60119421867647771 0
105 0 367.867868 0.000000 0.60101218049643035 0
105 1 367.867868 22.500000 0.60101218049643035 0
105 2 367.867868 45.000000 0.60101218049643035 0
105 3 367.867868 67.500000 0.60101218049643035 0
106 0 371.371371 0.000000 0.60066257898698239 0
106 1 371.371371 22.500000 0.60066257898698239 0
106 2 371.371371 45.000000 0.60066257898698239 0
106 3 371.371371 67.500000 0.60066257898698239 0
107 0 374.874875 0.000000 0.60017679213412689 0
107 1 374.874875 22.500000 0.60017679213412689 0
107 2 374.874875 45.000000 0.60017679213412689 0
107 3 374.874875 67.500000 0.60017679213412689 0
108 0 378.378378 0.000000 0.59959857833971475 0
108 1 378.378378 22.500000 0.59959857833971475 0
108 2 378.378378 45.000000 0.59959857833971475 0
108 3 378.378378 67.500000 0.59959857833971475 0
109 0 381.881882 0.000000 0.5989800667963604 0
109 1 381.881882 22.500000 0.5989800667963604 0
109 2 381.881882 45.000000 0.5989800667963604 0
109 3 381.881882 67.500000 0.5989800667963604 0
110 0 385.385385 0.000000 0.59837703913424267 0
110 1 385.385385 22.500000 0.59837703913424267 0
110 2 385.385385 45.000000 0.59837703913424267 0
110 3 385.385385 67.500000 0.59837703913424267 0
111 0 388.888889 0.000000 0.59784393768870681 0
111 1 388.888889 22.500000 0.59784393768870681 0
111 2 388.888889 45.000000 0.59784393768870681 0
111 3 388.888889 67.500000 0.59784393768870681 0
112 0 392.392392 0.000000 0.5974290347525234 0
112 1 392.392392 22.500000 0.5974290347525234 0
112 2 392.392392 45.000000 0.5974290347525234 0
112 3 392.392392 67.500000 0.5974290347525234 0
113 0 395.895896 0.000000 0.59717016265736278 0
113 1 395.895896 22.500000 0.59717016265736278 0
113 2 395.895896 45.000000 0.59717016265736278 0
113 3 395.895896 67.500000 0.59717016265736278 0
114 0 399.399399 0.000000 0.59709134729421687 0
114 1 399.399399 22.500000 0.59709134729421687 0
114 2 399.399399 45.000000 0.59709134729421687 0
114 3 399.399399 67.500000 0.59709134729421687 0
115 0 402.902903 0.000000 0.59720061579497696 0
115 1 402.902903 22.500000 0.59720061579497696 0
115 2 402.902903 45.000000 0.59720061579497696 0
115 3 402.902903 67.500000 0.59720061579497696 0
116 0 406.406406 0.000000 0.59748916603396152 0
116 1 406.406406 22.500000 0.59748916603396152 0
116 2 406.406406 45.000000 0.59748916603396152 0
116 3 406.406406 67.500000 0.59748916603396152 0
117 0 409.909910 0.000000 0.5979319909683064 0
117 1 409.909910 22.500000 0.5979319909683064 0
117 2 409.909910 45.000000 0.5979319909683064 0
117 3 409.909910 67.500000 0.5979319909683064 0
118 0 413.413413 0.000000 0.59848994316900106 0
118 1 413.413413 22.500000 0.59848994316900106 0
118 2 413.413413 45.000000 0.59848994316900106 0
118 3 413.413413 67.500000 0.59848994316900106 0
119 0 416.916917 0.000000 0.59911310539644358 0
119 1 416.916917 22.500000 0.59911310539644358 0
119 2 416.916917 45.000000 0.59911310539644358 0
119 3 416.916917 67.500000 0.59911310539644358 0
120 0 420.420420 0.000000 0.59974520854638258 0
120 1 420.420420 22.500000 0.59974520854638258 0
120 2 420.420420 45.000000 0.59974520854638258 0
120 3 420.420420 67.500000 0.59974520854638258 0
121 0 423.923924 0.000000 0.60032872198584764 0
121 1 423.923924 22.500000 0.60032872198584764 0
121 2 423.923924 45.000000 0.60032872198584764 0
121 3 423.923924 67.500000 0.60032872198584764 0
122 0 427.427427 0.000000 0.60081015104605984 0
122 1 427.427427 22.500000 0.60081015104605984 0
122 2 427.427427 45.000000 0.60081015104605984 0
122 3 427.427427 67.500000 0.60081015104605984 0
123 0 430.930931 0.000000 0.60114503046393042 0
123 1 430.930931 22.500000 0.60114503046393042 0
123 2 430.930931 45.000000 0.60114503046393042 0
123 3 430.930931 67.500000 0.60114503046393042 0
124 0 434.434434 0.000000 0.60130211426986402 0
124 1 434.434434 22.500000 0.60130211426986402 0
124 2 434.434434 45.000000 0.60130211426986402 0
124 3 434.434434 67.500000 0.60130211426986402 0
125 0 437.937938 0.000000 0.60126633610244418 0
125 1 437.937938 22.500000 0.60126633610244418 0
125 2 437.937938 45.000000 0.60126633610244418 0
125 3 437.937938 67.500000 0.60126633610244418 0
126 0 441.441441 0.000000 0.60104024178843873 0
126 1 441.441441 22.500000 0.60104024178843873 0
126 2 441.441441 45.000000 0.60104024178843873 0
126 3 441.441441 67.500000 0.60104024178843873 0
127 0 444.944945 0.000000 0.60064376032723577 0
127 1 444.944945 22.500000 0.60064376032723577 0
127 2 444.944945 45.000000 0.60064376032723577 0
127 3 444.944945 67.500000 0.60064376032723577 0
128 0 448.448448 0.000000 0.60011235563004617 0
128 1 448.448448 22.500000 0.60011235563004617 0
128 2 448.448448 45.000000 0.60011235563004617 0
128 3 448.448448 67.500000 0.60011235563004617 0
129 0 451.951952 0.000000 0.5994937640674548 0
129 1 451.951952 22.500000 0.5994937640674548 0
129 2 451.951952 45.000000 0.5994937640674548 0
129 3 451.951952 67.500000 0.5994937640674548 0
130 0 455.455455 0.000000 0.59884365149537577 0
130 1 455.455455 22.500000 0.59884365149537577 0
130 2 455.455455 45.000000 0.59884365149537577 0
130 3 455.455455 67.500000 0.59884365149537577 0
131 0 458.958959 0.000000 0.59822060620645612 0
131 1 458.958959 22.500000 0.59822060620645612 0
131 2 458.958959 45.000000 0.59822060620645612 0
131 3 458.958959 67.500000 0.59822060620645612 0
132 0 462.462462 0.000000 0.59768091938159573 0
132 1 462.462462 22.500000 0.59768091938159573 0
132 2 462.462462 45.000000 0.59768091938159573 0
132 3 462.462462 67.500000 0.59768091938159573 0
133 0 465.965966 0.000000 0.59727359834583438 0
133 1 465.965966 22.500000 0.59727359834583438 0
133 2 465.965966 45.000000 0.59727359834583438 0
133 3 465.965966 67.500000 0.59727359834583438 0
134 0 469.469469 0.000000 0.59703602059591354 0
134 1 469.469469 22.500000 0.59703602059591354 0
134 2 469.469469 45.000000 0.59703602059591354 0
134 3 469.469469 67.500000 0.59703602059591354 0
135 0 472.972973 0.000000 0.59699057807964406 0
135 1 472.972973 22.500000 0.59699057807964406 0
135 2 472.972973 45.000000 0.59699057807964406 0
135 3 472.972973 67.500000 0.59699057807964406 0
136 0 476.476476 0.000000 0.59714258775130535 0
136 1 476.476476 22.500000 0.59714258775130535 0
136 2 476.476476 45.000000 0.59714258775130535 0
136 3 476.476476 67.500000 0.59714258775130535 0
137 0 479.979980 0.000000 0.59747965748681797 0
137 1 479.979980 22.500000 0.59747965748681797 0
137 2 479.979980 45.000000 0.59747965748681797 0
137 3 479.979980 67.500000 0.59747965748681797 0
138 0 483.483483 0.000000 0.59797259444490947 0
138 1 483.483483 22.500000 0.59797259444490947 0
138 2 483.483483 45.000000 0.59797259444490947 0
138 3 483.483483 67.500000 0.59797259444490947 0
139 0 486.986987 0.000000 0.59857782474892551 0
139 1 486.986987 22.500000 0.59857782474892551 0
139 2 486.986987 45.000000 0.59857782474892551 0
139 3 486.986987 67.500000 0.59857782474892551 0
140 0 490.490490 0.000000 0.59924116200136313 0
140 1 490.490490 22.500000 0.59924116200136313 0
140 2 490.490490 45.000000 0.59924116200136313 0
140 3 490.490490 67.500000 0.59924116200136313 0
141 0 493.993994 0.000000 0.59990262737937738 0
141 1 493.993994 22.500000 0.59990262737937738 0
141 2 493.993994 45.000000 0.59990262737937738 0
141 3 493.993994 67.500000 0.59990262737937738 0
142 0 497.497497 0.000000 0.60050190224907296 0
142 1 497.497497 22.500000 0.60050190224907296 0
142 2 497.497497 45.000000 0.60050190224907296 0
142 3 497.497497 67.500000 0.60050190224907296 0
143 0 501.001001 0.000000 0.60098390541764579 0
143 1 501.001001 22.500000 0.60098390541764579 0
143 2 501.001001 45.000000 0.60098390541764579 0
143 3 501.001001 67.500000 0.60098390541764579 0
144 0 504.504505 0.000000 0.60130395004816428 0
144 1 504.504505 22.500000 0.60130395004816428 0
144 2 504.504505 45.000000 0.60130395004816428 0
144 3 504.504505 67.500000 0.60130395004816428 0
145 0 508.008008 0.000000 0.60143196184231729 0
145 1 508.008008 22.500000 0.60143196184231729 0
145 2 508.008008 45.000000 0.60143196184231729 0
145 3 508.008008 67.500000 0.60143196184231729 0
146 0 511.511512 0.000000 0.60135533140304676 0
146 1 511.511512 22.500000 0.60135533140304676 0
146 2 511.511512 45.000000 0.60135533140304676 0
146 3 511.511512 67.500000 0.60135533140304676 0
147 0 515.015015 0.000000 0.60108011857773236 0
147 1 515.015015 22.500000 0.60108011857773236 0
147 2 515.015015 45.000000 0.60108011857773236 0
147 3 515.015015 67.500000 0.60108011857773236 0
148 0 518.518519 0.000000 0.60063050379169292 0
148 1 518.518519 22.500000 0.60063050379169292 0
148 2 518.518519 45.000000 0.60063050379169292 0
148 3 518.518519 67.500000 0.60063050379169292 0
149 0 522.022022 0.000000 0.60004656441370852 0
149 1 522.022022 22.500000 0.60004656441370852 0
149 2 522.022022 45.000000 0.60004656441370852 0
149 3 522.022022 67.500000 0.60004656441370852 0
150 0 525.525526 0.000000 0.59938061750428662 0
150 1 525.525526 22.500000 0.59938061750428662 0
150 2 525.525526 45.000000 0.59938061750428662 0
150 3 525.525526 67.500000 0.59938061750428662 0
151 0 529.029029 0.000000 0.59869249485964071 0
151 1 529.029029 22.500000 0.59869249485964071 0
151 2 529.029029 45.000000 0.59869249485964071 0
151 3 529.029029 67.500000 0.59869249485964071 0
152 0 532.532533 0.000000 0.59804419285068433 0
152 1 532.532533 22.500000 0.59804419285068433 0
152 2 532.532533 45.000000 0.59804419285068433 0
152 3 532.532533 67.500000 0.59804419285068433 0
153 0 536.036036 0.000000 0.59749436884566698 0
153 1 536.036036 22.500000 0.59749436884566698 0
153 2 536.036036 45.000000 0.59749436884566698 0
153 3 536.036036 67.500000 0.59749436884566698 0
154 0 539.539540 0.000000 0.59709314577648875 0
154 1 539.539540 22.500000 0.59709314577648875 0
154 2 539.539540 45.000000 0.59709314577648875 0
154 3 539.539540 67.500000 0.59709314577648875 0
155 0 543.043043 0.000000 0.59687764704735424 0
155 1 543.043043 22.500000 0.59687764704735424 0
155 2 543.043043 45.000000 0.59687764704735424 0
155 3 543.043043 67.500000 0.59687764704735424 0
156 0 546.546547 0.000000 0.59686862406847319 0
156 1 546.546547 22.500000 0.59686862406847319 0
156 2 546.546547 45.000000 0.59686862406847319 0
156 3 546.546547 67.500000 0.59686862406847319 0
157 0 550.050050 0.000000 0.59706846232224986 0
157 1 550.050050 22.500000 0.59706846232224986 0
157 2 550.050050 45.000000 0.59706846232224986 0
157 3 550.050050 67.500000 0.59706846232224986 0
158 0 553.553554 0.000000 0.59746075864683468 0
158 1 553.553554 22.500000 0.59746075864683468 0
158 2 553.553554 45.000000 0.59746075864683468 0
158 3 553.553554 67.500000 0.59746075864683468 0
159 0 557.057057 0.000000 0.59801155004210949 0
159 1 557.057057 22.500000 0.59801155004210949 0
159 2 557.057057 45.000000 0.59801155004210949 0
159 3 557.057057 67.500000 0.59801155004210949 0
160 0 560.560561 0.000000 0.59867214253460821 0
160 1 560.560561 22.500000 0.59867214253460821 0
160 2 560.560561 45.000000 0.59867214253460821 0
160 3 560.560561 67.500000 0.59867214253460821 0
161 0 564.064064 0.000000 0.59938334305416219 0
161 1 564.064064 22.500000 0.59938334305416219 0
161 2 564.064064 45.000000 0.59938334305416219 0
161 3 564.064064 67.500000 0.59938334305416219 0
162 0 567.567568 0.000000 0.60008075104234748 0
162 1 567.567568 22.500000 0.60008075104234748 0
162 2 567.567568 45.000000 0.60008075104234748 0
162 3 567.567568 67.500000 0.60008075104234748 0
163 0 571.071071 0.000000 0.6007006392465486 0
163 1 571.071071 22.500000 0.6007006392465486 0
163 2 571.071071 45.000000 0.6007006392465486 0
163 3 571.071071 67.500000 0.6007006392465486 0
164 0 574.574575 0.000000 0.60118586691847897 0
164 1 574.574575 22.500000 0.60118586691847897 0
164 2 574.574575 45.000000 0.60118586691847897 0
164 3 574.574575 67.500000 0.60118586691847897 0
165 0 578.078078 0.000000 0.60149124223649997 0
165 1 578.078078 22.500000 0.60149124223649997 0
165 2 578.078078 45.000000 0.60149124223649997 0
165 3 578.078078 67.500000 0.60149124223649997 0
166 0 581.581582 0.000000 0.6015877941692489 0
166 1 581.581582 22.500000 0.6015877941692489 0
166 2 581.581582 45.000000 0.6015877941692489 0
166 3 581.581582 67.500000 0.6015877941692489 0
167 0 585.085085 0.000000 0.60146552475320025 0
167 1 585.085085 22.500000 0.60146552475320025 0
167 2 585.085085 45.000000 0.60146552475320025 0
167 3 585.085085 67.500000 0.60146552475320025 0
168 0 588.588589 0.000000 0.60113437576253026 0
168 1 588.588589 22.500000 0.60113437576253026 0
168 2 588.588589 45.000000 0.60113437576253026 0
168 3 588.588589 67.500000 0.60113437576253026 0
169 0 592.092092 0.000000 0.60062333447117511 0
169 1 592.092092 22.500000 0.60062333447117511 0
169 2 592.092092 45.000000 0.60062333447117511 0
169 3 592.092092 67.500000 0.60062333447117511 0
170 0 595.595596 0.000000 0.59997779345802171 0
170 1 595.595596 22.500000 0.59997779345802171 0
170 2 595.595596 45.000000 0.59997779345802171 0
170 3 595.595596 67.500000 0.59997779345802171 0
171 0 599.099099 0.000000 0.59925544386932028 0
171 1 599.099099 22.500000 0.59925544386932028 0
171 2 599.099099 45.000000 0.59925544386932028 0
171 3 599.099099 67.500000 0.59925544386932028 0
172 0 602.602603 0.000000 0.59852110302189354 0
172 1 602.602603 22.500000 0.59852110302189354 0
172 2 602.602603 45.000000 0.59852110302189354 0
172 3 602.602603 67.500000 0.59852110302189354 0
173 0 606.106106 0.000000 0.59784094903600715 0
173 1 606.106106 22.500000 0.59784094903600715 0
173 2 606.106106 45.000000 0.59784094903600715 0
173 3 606.106106 67.500000 0.59784094903600715 0
174 0 609.609610 0.000000 0.59727666025242809 0
174 1 609.609610 22.500000 0.59727666025242809 0
174 2 609.609610 45.000000 0.59727666025242809 0
174 3 609.609610 67.500000 0.59727666025242809 0
175 0 613.113113 0.000000 0.59687994435950387 0
175 1 613.113113 22.500000 0.59687994435950387 0
175 2 613.113113 45.000000 0.59687994435950387 0
175 3 613.113113 67.500000 0.59687994435950387 0
176 0 616.616617 0.000000 0.59668790134086214 0
176 1 616.616617 22.500000 0.59668790134086214 0
176 2 616.616617 45.000000 0.59668790134086214 0
176 3 616.616617 67.500000 0.59668790134086214 0
177 0 620.120120 0.000000 0.59671960238159116 0
177 1 620.120120 22.500000 0.59671960238159116 0
177 2 620.120120 45.000000 0.59671960238159116 0
177 3 620.120120 67.500000 0.59671960238159116 0
178 0 623.623624 0.000000 0.59697418561908744 0
178 1 623.623624 22.500000 0.59697418561908744 0
178 2 623.623624 45.000000 0.59697418561908744 0
178 3 623.623624 67.500000 0.59697418561908744 0
179 0 627.127127 0.000000 0.5974306670598889 0
179 1 627.127127 22.500000 0.5974306670598889 0
179 2 627.127127 45.000000 0.5974306670598889 0
179 3 627.127127 67.500000 0.5974306670598889 0
180 0 630.630631 0.000000 0.59804953860060794 0
180 1 630.630631 22.500000 0.59804953860060794 0
180 2 630.630631 45.000000 0.59804953860060794 0
180 3 630.630631 67.500000 0.59804953860060794 0
181 0 634.134134 0.000000 0.59877607629734519 0
181 1 634.134134 22.500000 0.59877607629734519 0
181 2 634.134134 45.000000 0.59877607629734519 0
181 3 634.134134 67.500000 0.59877607629734519 0
182 0 637.637638 0.000000 0.59954511959139623 0
182 1 637.637638 22.500000 0.59954511959139623 0
182 2 637.637638 45.000000 0.59954511959139623 0
182 3 637.637638 67.500000 0.59954511959139623 0
183 0 641.141141 0.000000 0.60028692316190824 0
183 1 641.141141 22.500000 0.60028692316190824 0
183 2 641.141141 45.000000 0.60028692316190824 0
183 3 641.141141 67.500000 0.60028692316190824 0
184 0 644.644645 0.000000 0.60093355043185526 0
184 1 644.644645 22.500000 0.60093355043185526 0
184 2 644.644645 45.000000 0.60093355043185526 0
184 3 644.644645 67.500000 0.60093355043185526 0
185 0 648.148148 0.000000 0.60142519536082484 0
185 1 648.148148 22.500000 0.60142519536082484 0
185 2 648.148148 45.000000 0.60142519536082484 0
185 3 648.148148 67.500000 0.60142519536082484 0
186 0 651.651652 0.000000 0.60171580541412917 0
186 1 651.651652 22.500000 0.60171580541412917 0
186 2 651.651652 45.000000 0.60171580541412917 0
186 3 651.651652 67.500000 0.60171580541412917 0
187 0 655.155155 0.000000 0.60177744092997998 0
187 1 655.155155 22.500000 0.60177744092997998 0
187 2 655.155155 45.000000 0.60177744092997998 0
187 3 655.155155 67.500000 0.60177744092997998 0
188 0 658.658659 0.000000 0.60160293815311183 0
188 1 658.658659 22.500000 0.60160293815311183 0
188 2 658.658659 45.000000 0.60160293815311183 0
188 3 658.658659 67.500000 0.60160293815311183 0
189 0 662.162162 0.000000 0.60120662571205163 0
189 1 662.162162 22.500000 0.60120662571205163 0
189 2 662.162162 45.000000 0.60120662571205163 0
189 3 662.162162 67.500000 0.60120662571205163 0
190 0 665.665666 0.000000 0.60062304957028356 0
190 1 665.665666 22.500000 0.60062304957028356 0
190 2 665.665666 45.000000 0.60062304957028356 0
190 3 665.665666 67.500000 0.60062304957028356 0
191 0 669.169169 0.000000 0.5999038598865003 0
191 1 669.169169 22.500000 0.5999038598865003 0
191 2 669.169169 45.000000 0.5999038598865003 0
191 3 669.169169 67.500000 0.5999038598865003 0
192 0 672.672673 0.000000 0.59911318000492908 0
192 1 672.672673 22.500000 0.59911318000492908 0
192 2 672.672673 45.000000 0.59911318000492908 0
192 3 672.672673 67.500000 0.59911318000492908 0
193 0 676.176176 0.000000 0.5983218977584035 0
193 1 676.176176 22.500000 0.5983218977584035 0
193 2 676.176176 45.000000 0.5983218977584035 0
193 3 676.176176 67.500000 0.5983218977584035 0
194 0 679.679680 0.000000 0.59760138821766473 0
194 1 679.679680 22.500000 0.59760138821766473 0
194 2 679.679680 45.000000 0.59760138821766473 0
194 3 679.679680 67.500000 0.59760138821766473 0
195 0 683.183183 0.000000 0.59701719977791523 0
195 1 683.183183 22.500000 0.59701719977791523 0
195 2 683.183183 45.000000 0.59701719977791523 0
195 3 683.183183 67.500000 0.59701719977791523 0
196 0 686.686687 0.000000 0.59662322140844637 0
196 1 686.686687 22.500000 0.59662322140844637 0
196 2 686.686687 45.000000 0.59662322140844637 0
196 3 686.686687 67.500000 0.59662322140844637 0
197 0 690.190190 0.000000 0.59645680687902092 0
197 1 690.190190 22.500000 0.59645680687902092 0
197 2 690.190190 45.000000 0.59645680687902092 0
197 3 690.190190 67.500000 0.59645680687902092 0
198 0 693.693694 0.000000 0.59653526652660716 0
198 1 693.693694 22.500000 0.59653526652660716 0
198 2 693.693694 45.000000 0.59653526652660716 0
198 3 693.693694 67.500000 0.59653526652660716 0
199 0 697.197197 0.000000 0.59685404826489363 0
199 1 697.197197 22.500000 0.59685404826489363 0
199 2 697.197197 45.000000 0.59685404826489363 0
199 3 697.197197 67.500000 0.59685404826489363 0
200 0 700.700701 0.000000 0.59738681373750857 0
200 1 700.700701 22.500000 0.59738681373750857 0
200 2 700.700701 45.000000 0.59738681373750857 0
200 3 700.700701 67.500000 0.59738681373750857 0
201 0 704.204204 0.000000 0.5980874707387972 0
201 1 704.204204 22.500000 0.5980874707387972 0
201 2 704.204204 45.000000 0.5980874707387972 0
201 3 704.204204 67.500000 0.5980874707387972 0
202 0 707.707708 0.000000 0.59889405312579014 0
202 1 707.707708 22.500000 0.59889405312579014 0
202 2 707.707708 45.000000 0.59889405312579014 0
202 3 707.707708 67.500000 0.59889405312579014 0
203 0 711.211211 0.000000 0.59973415710940958 0
203 1 711.211211 22.500000 0.59973415710940958 0
203 2 711.211211 45.000000 0.59973415710940958 0
203 3 711.211211 67.500000 0.59973415710940958 0
204 0 714.714715 0.000000 0.6005314694147611 0
204 1 714.714715 22.500000 0.6005314694147611 0
204 2 714.714715 45.000000 0.6005314694147611 0
204 3 714.714715 67.500000 0.6005314694147611 0
205 0 718.218218 0.000000 0.60121278479088935 0
205 1 718.218218 22.500000 0.60121278479088935 0
205 2 718.218218 45.000000 0.60121278479088935 0
205 3 718.218218 67.500000 0.60121278479088935 0
206 0 721.721722 0.000000 0.6017148331049208 0
206 1 721.721722 22.500000 0.6017148331049208 0
206 2 721.721722 45.000000 0.6017148331049208 0
206 3 721.721722 67.500000 0.6017148331049208 0
207 0 725.225225 0.000000 0.60199023725972067 0
207 1 725.225225 22.500000 0.60199023725972067 0
207 2 725.225225 45.000000 0.60199023725972067 0
207 3 725.225225 67.500000 0.60199023725972067 0
208 0 728.728729 0.000000 0.6020120067769773 0
208 1 728.728729 22.500000 0.6020120067769773 0
208 2 728.728729 45.000000 0.6020120067769773 0
208 3 728.728729 67.500000 0.6020120067769773 0
209 0 732.232232 0.000000 0.60177612740680608 0
209 1 732.232232 22.500000 0.60177612740680608 0
209 2 732.232232 45.000000 0.60177612740680608 0
209 3 732.232232 67.500000 0.60177612740680608 0
210 0 735.735736 0.000000 0.60130201101804115 0
210 1 735.735736 22.500000 0.60130201101804115 0
210 2 735.735736 45.000000 0.60130201101804115 0
210 3 735.735736 67.500000 0.60130201101804115 0
211 0 739.239239 0.000000 0.60063079150071708 0
211 1 739.239239 22.500000 0.60063079150071708 0
211 2 739.239239 45.000000 0.60063079150071708 0
211 3 739.239239 67.500000 0.60063079150071708 0
212 0 742.742743 0.000000 0.59982166073688459 0
212 1 742.742743 22.500000 0.59982166073688459 0
212 2 742.742743 45.000000 0.59982166073688459 0
212 3 742.742743 67.500000 0.59982166073688459 0
213 0 746.246246 0.000000 0.59894660988696313 0
213 1 746.246246 22.500000 0.59894660988696313 0
213 2 746.246246 45.000000 0.59894660988696313 0
213 3 746.246246 67.500000 0.59894660988696313 0
214 0 749.749750 0.000000 0.59808406215147014 0
214 1 749.749750 22.500000 0.59808406215147014 0
214 2 749.749750 45.000000 0.59808406215147014 0
214 3 749.749750 67.500000 0.59808406215147014 0
215 0 753.253253 0.000000 0.59731195187893449 0
215 1 753.253253 22.500000 0.59731195187893449 0
215 2 753.253253 45.000000 0.59731195187893449 0
215 3 753.253253 67.500000 0.59731195187893449 0
216 0 756.756757 0.000000 0.59670082762448151 0
216 1 756.756757 22.500000 0.59670082762448151 0
216 2 756.756757 45.000000 0.59670082762448151 0
216 3 756.756757 67.500000 0.59670082762448151 0
217 0 760.260260 0.000000 0.59630754279056675 0
217 1 760.260260 22.500000 0.59630754279056675 0
217 2 760.260260 45.000000 0.59630754279056675 0
217 3 760.260260 67.500000 0.59630754279056675 0
218 0 763.763764 0.000000 0.59617005407911272 0
218 1 763.763764 22.500000 0.59617005407911272 0
218 2 763.763764 45.000000 0.59617005407911272 0
218 3 763.763764 67.500000 0.59617005407911272 0
219 0 767.267267 0.000000 0.59630377743683238 0
219 1 767.267267 22.500000 0.59630377743683238 0
219 2 767.267267 45.000000 0.59630377743683238 0
219 3 767.267267 67.500000 0.59630377743683238 0
220 0 770.770771 0.000000 0.59669985094909772 0
220 1 770.770771 22.500000 0.59669985094909772 0
220 2 770.770771 45.000000 0.59669985094909772 0
220 3 770.770771 67.500000 0.59669985094909772 0
221 0 774.274274 0.000000 0.5973255201122788 0
221 1 774.274274 22.500000 0.5973255201122788 0
221 2 774.274274 45.000000 0.5973255201122788 0
221 3 774.274274 67.500000 0.5973255201122788 0
222 0 777.777778 0.000000 0.59812669233211857 0
222 1 777.777778 22.500000 0.59812669233211857 0
222 2 777.777778 45.000000 0.59812669233211857 0
222 3 777.777778 67.500000 0.59812669233211857 0
223 0 781.281281 0.000000 0.5990325115589511 0
223 1 781.281281 22.500000 0.5990325115589511 0
223 2 781.281281 45.000000 0.5990325115589511 0
223 3 781.281281 67.500000 0.5990325115589511 0
224 0 784.784785 0.000000 0.59996159805849947 0
224 1 784.784785 22.500000 0.59996159805849947 0
224 2 784.784785 45.000000 0.59996159805849947 0
224 3 784.784785 67.500000 0.59996159805849947 0
225 0 788.288288 0.000000 0.60082940858396905 0
225 1 788.288288 22.500000 0.60082940858396905 0
225 2 788.288288 45.000000 0.60082940858396905 0
225 3 788.288288 67.500000 0.60082940858396905 0
226 0 791.791792 0.000000 0.60155602862105839 0
226 1 791.791792 22.500000 0.60155602862105839 0
226 2 791.791792 45.000000 0.60155602862105839 0
226 3 791.791792 67.500000 0.60155602862105839 0
227 0 795.295295 0.000000 0.60207363751178422 0
227 1 795.295295 22.500000 0.60207363751178422 0
227 2 795.295295 45.000000 0.60207363751178422 0
227 3 795.295295 67.500000 0.60207363751178422 0
228 0 798.798799 0.000000 0.60233290519409044 0
228 1 798.798799 22.500000 0.60233290519409044 0
228 2 798.798799 45.000000 0.60233290519409044 0
228 3 798.798799 67.500000 0.60233290519409044 0
229 0 802.302302 0.000000 0.60230768678146018 0
229 1 802.302302 22.500000 0.60230768678146018 0
229 2 802.302302 45.000000 0.60230768678146018 0
229 3 802.302302 67.500000 0.60230768678146018 0
230 0 805.805806 0.000000 0.60199756289993167 0
230 1 805.805806 22.500000 0.60199756289993167 0
230 2 805.805806 45.000000 0.60199756289993167 0
230 3 805.805806 67.500000 0.60199756289993167 0
231 0 809.309309 0.000000 0.60142800166424404 0
231 1 809.309309 22.500000 0.60142800166424404 0
231 2 809.309309 45.000000 0.60142800166424404 0
231 3 809.309309 67.500000 0.60142800166424404 0
232 0 812.812813 0.000000 0.60064815865989885 0
232 1 812.812813 22.500000 0.60064815865989885 0
232 2 812.812813 45.000000 0.60064815865989885 0
232 3 812.812813 67.500000 0.60064815865989885 0
233 0 816.316316 0.000000 0.59972655261660612 0
233 1 816.316316 22.500000 0.59972655261660612 0
233 2 816.316316 45.000000 0.59972655261660612 0
233 3 816.316316 67.500000 0.59972655261660612 0
234 0 819.819820 0.000000 0.59874503352385666 0
234 1 819.819820 22.500000 0.59874503352385666 0
234 2 819.819820 45.000000 0.59874503352385666 0
234 3 819.819820 67.500000 0.59874503352385666 0
235 0 823.323323 0.000000 0.59779158553437195 0
235 1 823.323323 22.500000 0.59779158553437195 0
235 2 823.323323 45.000000 0.59779158553437195 0
235 3 823.323323 67.500000 0.59779158553437195 0
236 0 826.826827 0.000000 0.59695257904140342 0
236 1 826.826827 22.500000 0.59695257904140342 0
236 2 826.826827 45.000000 0.59695257904140342 0
236 3 826.826827 67.500000 0.59695257904140342 0
237 0 830.330330 0.000000 0.59630511177907841 0
237 1 830.330330 22.500000 0.59630511177907841 0
237 2 830.330330 45.000000 0.59630511177907841 0
237 3 830.330330 67.500000 0.59630511177907841 0
238 0 833.833834 0.000000 0.59591006613852249 0
238 1 833.833834 22.500000 0.59591006613852249 0
238 2 833.833834 45.000000 0.59591006613852249 0
238 3 833.833834 67.500000 0.59591006613852249 0
239 0 837.337337 0.000000 0.59580646424299277 0
239 1 837.337337 22.500000 0.59580646424299277 0
239 2 837.337337 45.000000 0.59580646424299277 0
239 3 837.337337 67.500000 0.59580646424299277 0
240 0 840.840841 0.000000 0.59600762334643087 0
240 1 840.840841 22.500000 0.59600762334643087 0
240 2 840.840841 45.000000 0.59600762334643087 0
240 3 840.840841 67.500000 0.59600762334643087 0
241 0 844.344344 0.000000 0.59649949738280073 0
241 1 844.344344 22.500000 0.59649949738280073 0
241 2 844.344344 45.000000 0.59649949738280073 0
241 3 844.344344 67.500000 0.59649949738280073 0
242 0 847.847848 0.000000 0.59724143178415923 0
242 1 847.847848 22.500000 0.59724143178415923 0
242 2 847.847848 45.000000 0.59724143178415923 0
242 3 847.847848 67.500000 0.59724143178415923 0
243 0 851.351351 0.000000 0.59816935949409111 0
243 1 851.351351 22.500000 0.59816935949409111 0
243 2 851.351351 45.000000 0.59816935949409111 0
243 3 851.351351 67.500000 0.59816935949409111 0
244 0 854.854855 0.000000 0.59920123799329894 0
244 1 854.854855 22.500000 0.59920123799329894 0
244 2 854.854855 45.000000 0.59920123799329894 0
244 3 854.854855 67.500000 0.59920123799329894 0
245 0 858.358358 0.000000 0.60024429300857374 0
245 1 858.358358 22.500000 0.60024429300857374 0
245 2 858.358358 45.000000 0.60024429300857374 0
245 3 858.358358 67.500000 0.60024429300857374 0
246 0 861.861862 0.000000 0.60120342577876196 0
246 1 861.861862 22.500000 0.60120342577876196 0
246 2 861.861862 45.000000 0.60120342577876196 0
246 3 861.861862 67.500000 0.60120342577876196 0
247 0 865.365365 0.000000 0.60198999080848858 0
247 1 865.365365 22.500000 0.60198999080848858 0
247 2 865.365365 45.000000 0.60198999080848858 0
247 3 865.365365 67.500000 0.60198999080848858 0
248 0 868.868869 0.000000 0.60253008746583026 0
248 1 868.868869 22.500000 0.60253008746583026 0
248 2 868.868869 45.000000 0.60253008746583026 0
248 3 868.868869 67.500000 0.60253008746583026 0
249 0 872.372372 0.000000 0.60277154577650438 0
249 1 872.372372 22.500000 0.60277154577650438 0
249 2 872.372372 45.000000 0.60277154577650438 0
249 3 872.372372 67.500000 0.60277154577650438 0
250 0 875.875876 0.000000 0.60268892108550565 0
250 1 875.875876 22.500000 0.60268892108550565 0
250 2 875.875876 45.000000 0.60268892108550565 0
250 3 875.875876 67.500000 0.60268892108550565 0
251 0 879.379379 0.000000 0.60228602362726236 0
251 1 879.379379 22.500000 0.60228602362726236 0
251 2 879.379379 45.000000 0.60228602362726236 0
251 3 879.379379 67.500000 0.60228602362726236 0
252 0 882.882883 0.000000 0.60159576508806245 0
252 1 882.882883 22.500000 0.60159576508806245 0
252 2 882.882883 45.000000 0.60159576508806245 0
252 3 882.882883 67.500000 0.60159576508806245 0
253 0 886.386386 0.000000 0.60067736831937946 0
253 1 886.386386 22.500000 0.60067736831937946 0
253 2 886.386386 45.000000 0.60067736831937946 0
253 3 886.386386 67.500000 0.60067736831937946 0
254 0 889.889890 0.000000 0.59961122587052407 0
254 1 889.889890 22.500000 0.59961122587052407 0
254 2 889.889890 45.000000 0.59961122587052407 0
254 3 889.889890 67.500000 0.59961122587052407 0
255 0 893.393393 0.000000 0.59849188560717637 0
255 1 893.393393 22.500000 0.59849188560717637 0
255 2 893.393393 45.000000 0.59849188560717637 0
255 3 893.393393 67.500000 0.59849188560717637 0
256 0 896.896897 0.000000 0.59741977763281684 0
256 1 896.896897 22.500000 0.59741977763281684 0
256 2 896.896897 45.000000 0.59741977763281684 0
256 3 896.896897 67.500000 0.59741977763281684 0
257 0 900.400400 0.000000 0.59649237705943636 0
257 1 900.400400 22.500000 0.59649237705943636 0
257 2 900.400400 45.000000 0.59649237705943636 0
257 3 900.400400 67.500000 0.59649237705943636 0
258 0 903.903904 0.000000 0.59579552874080233 0
258 1 903.903904 22.500000 0.59579552874080233 0
258 2 903.903904 45.000000 0.59579552874080233 0
258 3 903.903904 67.500000 0.59579552874080233 0
259 0 907.407407 0.000000 0.59539564973376236 0
259 1 907.407407 22.500000 0.59539564973376236 0
259 2 907.407407 45.000000 0.59539564973376236 0
259 3 907.407407 67.500000 0.59539564973376236 0
260 0 910.910911 0.000000 0.59533347548165538 0
260 1 910.910911 22.500000 0.59533347548165538 0
260 2 910.910911 45.000000 0.59533347548165538 0
260 3 910.910911 67.500000 0.59533347548165538 0
261 0 914.414414 0.000000 0.59561992355897286 0
261 1 914.414414 22.500000 0.59561992355897286 0
261 2 914.414414 45.000000 0.59561992355897286 0
261 3 914.414414 67.500000 0.59561992355897286 0
262 0 917.917918 0.000000 0.59623450847518145 0
262 1 917.917918 22.500000 0.59623450847518145 0
262 2 917.917918 45.000000 0.59623450847518145 0
262 3 917.917918 67.500000 0.59623450847518145 0
263 0 921.421421 0.000000 0.59712654914500496 0
263 1 921.421421 22.500000 0.59712654914500496 0
263 2 921.421421 45.000000 0.59712654914500496 0
263 3 921.421421 67.500000 0.59712654914500496 0
264 0 924.924925 0.000000 0.59821917208481634 0
264 1 924.924925 22.500000 0.59821917208481634 0
264 2 924.924925 45.000000 0.59821917208481634 0
264 3 924.924925 67.500000 0.59821917208481634 0
265 0 928.428428 0.000000 0.59941584521646218 0
265 1 928.428428 22.500000 0.59941584521646218 0
265 2 928.428428 45.000000 0.59941584521646218 0
265 3 928.428428 67.500000 0.59941584521646218 0
266 0 931.931932 0.000000 0.60060890856480154 0
266 1 931.931932 22.500000 0.60060890856480154 0
266 2 931.931932 45.000000 0.60060890856480154 0
266 3 931.931932 67.500000 0.60060890856480154 0
267 0 935.435435 0.000000 0.6016893361722605 0
267 1 935.435435 22.500000 0.6016893361722605 0
267 2 935.435435 45.000000 0.6016893361722605 0
267 3 935.435435 67.500000 0.6016893361722605 0
268 0 938.938939 0.000000 0.60255680533462896 0
268 1 938.938939 22.500000 0.60255680533462896 0
268 2 938.938939 45.000000 0.60255680533462896 0
268 3 938.938939 67.500000 0.60255680533462896 0
269 0 942.442442 0.000000 0.60312909303192264 0
269 1 942.442442 22.500000 0.60312909303192264 0
269 2 942.442442 45.000000 0.60312909303192264 0
269 3 942.442442 67.500000 0.60312909303192264 0
270 0 945.945946 0.000000 0.60334987725486944 0
270 1 945.945946 22.500000 0.60334987725486944 0
270 2 945.945946 45.000000 0.60334987725486944 0
270 3 945.945946 67.500000 0.60334987725486944 0
271 0 949.449449 0.000000 0.60319418536082736 0
271 1 949.449449 22.500000 0.60319418536082736 0
271 2 949.449449 45.000000 0.60319418536082736 0
271 3 949.449449 67.500000 0.60319418536082736 0
272 0 952.952953 0.000000 0.60267097738254172 0
272 1 952.952953 22.500000 0.60267097738254172 0
272 2 952.952953 45.000000 0.60267097738254172 0
272 3 952.952953 67.500000 0.60267097738254172 0
273 0 956.456456 0.000000 0.6018226425550216 0
273 1 956.456456 22.500000 0.6018226425550216 0
273 2 956.456456 45.000000 0.6018226425550216 0
273 3 956.456456 67.500000 0.6018226425550216 0
274 0 959.959960 0.000000 0.60072148264245684 0
274 1 959.959960 22.500000 0.60072148264245684 0
274 2 959.959960 45.000000 0.60072148264245684 0
274 3 959.959960 67.500000 0.60072148264245684 0
275 0 963.463463 0.000000 0.59946352214575993 0
275 1 963.463463 22.500000 0.59946352214575993 0
275 2 963.463463 45.000000 0.59946352214575993 0
275 3 963.463463 67.500000 0.59946352214575993 0
276 0 966.966967 0.000000 0.59816020090453426 0
276 1 966.966967 22.500000 0.59816020090453426 0
276 2 966.966967 45.000000 0.59816020090453426 0
276 3 966.966967 67.500000 0.59816020090453426 0
277 0 970.470470 0.000000 0.59692865972280518 0
277 1 970.470470 22.500000 0.59692865972280518 0
277 2 970.470470 45.000000 0.59692865972280518 0
277 3 970.470470 67.500000 0.59692865972280518 0
278 0 973.973974 0.000000 0.5958814253722764 0
278 1 973.973974 22.500000 0.5958814253722764 0
278 2 973.973974 45.000000 0.5958814253722764 0
278 3 973.973974 67.500000 0.5958814253722764 0
279 0 977.477477 0.000000 0.5951163432262595 0
279 1 977.477477 22.500000 0.5951163432262595 0
279 2 977.477477 45.000000 0.5951163432262595 0
279 3 977.477477 67.500000 0.5951163432262595 0
280 0 980.980981 0.000000 0.59470759824225461 0
280 1 980.980981 22.500000 0.59470759824225461 0
280 2 980.980981 45.000000 0.59470759824225461 0
280 3 980.980981 67.500000 0.59470759824225461 0
281 0 984.484484 0.000000 0.59469860760400639 0
281 1 984.484484 22.500000 0.59469860760400639 0
281 2 984.484484 45.000000 0.59469860760400639 0
281 3 984.484484 67.500000 0.59469860760400639 0
282 0 987.987988 0.000000 0.59509745582662876 0
282 1 987.987988 22.500000 0.59509745582662876 0
282 2 987.987988 45.000000 0.59509745582662876 0
282 3 987.987988 67.500000 0.59509745582662876 0
283 0 991.491491 0.000000 0.59587536927116114 0
283 1 991.491491 22.500000 0.59587536927116114 0
283 2 991.491491 45.000000 0.59587536927116114 0
283 3 991.491491 67.500000 0.59587536927116114 0
284 0 994.994995 0.000000 0.59696849057087908 0
284 1 994.994995 22.500000 0.59696849057087908 0
284 2 994.994995 45.000000 0.59696849057087908 0
284 3 994.994995 67.500000 0.59696849057087908 0
285 0 998.498498 0.000000 0.59828292406522898 0
285 1 998.498498 22.500000 0.59828292406522898 0
285 2 998.498498 45.000000 0.59828292406522898 0
285 3 998.498498 67.500000 0.59828292406522898 0
286 0 1002.002002 0.000000 0.59970270457533326 0
286 1 1002.002002 22.500000 0.59970270457533326 0
286 2 1002.002002 45.000000 0.59970270457533326 0
286 3 1002.002002 67.500000 0.59970270457533326 0
287 0 1005.505506 0.000000 0.60110003003327306 0
287 1 1005.505506 22.500000 0.60110003003327306 0
287 2 1005.505506 45.000000 0.60110003003327306 0
287 3 1005.505506 67.500000 0.60110003003327306 0
288 0 1009.009009 0.000000 0.60234683669058819 0
288 1 1009.009009 22.500000 0.60234683669058819 0
288 2 1009.009009 45.000000 0.60234683669058819 0
288 3 1009.009009 67.500000 0.60234683669058819 0
289 0 1012.512513 0.000000 0.60332662473843712 0
289 1 1012.512513 22.500000 0.60332662473843712 0
289 2 1012.512513 45.000000 0.60332662473843712 0
289 3 1012.512513 67.500000 0.60332662473843712 0
290 0 1016.016016 0.000000 0.6039453912421493 0
290 1 1016.016016 22.500000 0.6039453912421493 0
290 2 1016.016016 45.000000 0.6039453912421493 0
290 3 1016.016016 67.500000 0.6039453912421493 0
291 0 1019.519520 0.000000 0.60414060646034329 0
291 1 1019.519520 22.500000 0.60414060646034329 0
291 2 1019.519520 45.000000 0.60414060646034329 0
291 3 1019.519520 67.500000 0.60414060646034329 0
292 0 1023.023023 0.000000 0.6038873675713845 0
292 1 1023.023023 22.500000 0.6038873675713845 0
292 2 1023.023023 45.000000 0.6038873675713845 0
292 3 1023.023023 67.500000 0.6038873675713845 0
293 0 1026.526527 0.000000 0.60320115070246039 0
293 1 1026.526527 22.500000 0.60320115070246039 0
293 2 1026.526527 45.000000 0.60320115070246039 0
293 3 1026.526527 67.500000 0.60320115070246039 0
294 0 1030.030030 0.000000 0.60213691687354132 0
294 1 1030.030030 22.500000 0.60213691687354132 0
294 2 1030.030030 45.000000 0.60213691687354132 0
294 3 1030.030030 67.500000 0.60213691687354132 0
295 0 1033.533534 0.000000 0.60078466719395218 0
295 1 1033.533534 22.500000 0.60078466719395218 0
295 2 1033.533534 45.000000 0.60078466719395218 0
295 3 1033.533534 67.500000 0.60078466719395218 0
296 0 1037.037037 0.000000 0.59926185142214117 0
296 1 1037.037037 22.500000 0.59926185142214117 0
296 2 1037.037037 45.000000 0.59926185142214117 0
296 3 1037.037037 67.500000 0.59926185142214117 0
297 0 1040.540541 0.000000 0.59770328805308581 0
297 1 1040.540541 22.500000 0.59770328805308581 0
297 2 1040.540541 45.000000 0.59770328805308581 0
297 3 1040.540541 67.500000 0.59770328805308581 0
298 0 1044.044044 0.000000 0.59624944262648805 0
298 1 1044.044044 22.500000 0.59624944262648805 0
298 2 1044.044044 45.000000 0.59624944262648805 0
298 3 1044.044044 67.500000 0.59624944262648805 0
299 0 1047.547548 0.000000 0.59503403272264421 0
299 1 1047.547548 22.500000 0.59503403272264421 0
299 2 1047.547548 45.000000 0.59503403272264421 0
299 3 1047.547548 67.500000 0.59503403272264421 0
300 0 1051.051051 0.000000 0.59417198579351493 0
300 1 1051.051051 22.500000 0.59417198579351493 0
300 2 1051.051051 45.000000 0.59417198579351493 0
300 3 1051.051051 67.500000 0.59417198579351493 0
301 0 1054.554555 0.000000 0.59374877070854648 0
301 1 1054.554555 22.500000 0.59374877070854648 0
301 2 1054.554555 45.000000 0.59374877070854648 0
301 3 1054.554555 67.500000 0.59374877070854648 0
302 0 1058.058058 0.000000 0.59381205251487434 0
302 1 1058.058058 22.500000 0.59381205251487434 0
302 2 1058.058058 45.000000 0.59381205251487434 0
302 3 1058.058058 67.500000 0.59381205251487434 0
303 0 1061.561562 0.000000 0.59436647601279158 0
303 1 1061.561562 22.500000 0.59436647601279158 0
303 2 1061.561562 45.000000 0.59436647601279158 0
303 3 1061.561562 67.500000 0.59436647601279158 0
304 0 1065.065065 0.000000 0.59537216226970979 0
304 1 1065.065065 22.500000 0.59537216226970979 0
304 2 1065.065065 45.000000 0.59537216226970979 0
304 3 1065.065065 67.500000 0.59537216226970979 0
305 0 1068.568569 0.000000 0.59674720575522777 0
305 1 1068.568569 22.500000 0.59674720575522777 0
305 2 1068.568569 45.000000 0.59674720575522777 0
305 3 1068.568569 67.500000 0.59674720575522777 0
306 0 1072.072072 0.000000 0.59837410413744929 0
306 1 1072.072072 22.500000 0.59837410413744929 0
306 2 1072.072072 45.000000 0.59837410413744929 0
306 3 1072.072072 67.500000 0.59837410413744929 0
307 0 1075.575576 0.000000 0.60010966898845741 0
307 1 1075.575576 22.500000 0.60010966898845741 0
307 2 1075.575576 45.000000 0.60010966898845741 0
307 3 1075.575576 67.500000 0.60010966898845741 0
308 0 1079.079079 0.000000 0.60179759745546957 0
308 1 1079.079079 22.500000 0.60179759745546957 0
308 2 1079.079079 45.000000 0.60179759745546957 0
308 3 1079.079079 67.500000 0.60179759745546957 0
309 0 1082.582583 0.000000 0.60328258167000393 0
309 1 1082.582583 22.500000 0.60328258167000393 0
309 2 1082.582583 45.000000 0.60328258167000393 0
309 3 1082.582583 67.500000 0.60328258167000393 0
310 0 1086.086086 0.000000 0.60442463924135637 0
310 1 1086.086086 22.500000 0.60442463924135637 0
310 2 1086.086086 45.000000 0.60442463924135637 0
310 3 1086.086086 67.500000 0.60442463924135637 0
311 0 1089.589590 0.000000 0.60511229533831112 0
311 1 1089.589590 22.500000 0.60511229533831112 0
311 2 1089.589590 45.000000 0.60511229533831112 0
311 3 1089.589590 67.500000 0.60511229533831112 0
312 0 1093.093093 0.000000 0.60527334418149348 0
312 1 1093.093093 22.500000 0.60527334418149348 0
312 2 1093.093093 45.000000 0.60527334418149348 0
312 3 1093.093093 67.500000 0.60527334418149348 0
313 0 1096.596597 0.000000 0.60488215173358117 0
313 1 1096.596597 22.500000 0.60488215173358117 0
313 2 1096.596597 45.000000 0.60488215173358117 0
313 3 1096.596597 67.500000 0.60488215173358117 0
314 0 1100.100100 0.000000 0.60396279890422355 0
314 1 1100.100100 22.500000 0.60396279890422355 0
314 2 1100.100100 45.000000 0.60396279890422355 0
314 3 1100.100100 67.500000 0.60396279890422355 0
315 0 1103.603604 0.000000 0.6025877608262149 0
315 1 1103.603604 22.500000 0.6025877608262149 0
315 2 1103.603604 45.000000 0.6025877608262149 0
315 3 1103.603604 67.500000 0.6025877608262149 0
316 0 1107.107107 0.000000 0.60087222569061949 0
316 1 1107.107107 22.500000 0.60087222569061949 0
316 2 1107.107107 45.000000 0.60087222569061949 0
316 3 1107.107107 67.500000 0.60087222569061949 0
317 0 1110.610611 0.000000 0.59896453562926999 0
317 1 1110.610611 22.500000 0.59896453562926999 0
317 2 1110.610611 45.000000 0.59896453562926999 0
317 3 1110.610611 67.500000 0.59896453562926999 0
318 0 1114.114114 0.000000 0.59703355318282569 0
318 1 1114.114114 22.500000 0.59703355318282569 0
318 2 1114.114114 45.000000 0.59703355318282569 0
318 3 1114.114114 67.500000 0.59703355318282569 0
319 0 1117.617618 0.000000 0.59525400341115042 0
319 1 1117.617618 22.500000 0.59525400341115042 0
319 2 1117.617618 45.000000 0.59525400341115042 0
319 3 1117.617618 67.500000 0.59525400341115042 0
320 0 1121.121121 0.000000 0.59379100658515949 0
320 1 1121.121121 22.500000 0.59379100658515949 0
320 2 1121.121121 45.000000 0.59379100658515949 0
320 3 1121.121121 67.500000 0.59379100658515949 0
321 0 1124.624625 0.000000 0.59278509709265947 0
321 1 1124.624625 22.500000 0.59278509709265947 0
321 2 1124.624625 45.000000 0.59278509709265947 0
321 3 1124.624625 67.500000 0.59278509709265947 0
322 0 1128.128128 0.000000 0.59233901821717028 0
322 1 1128.128128 22.500000 0.59233901821717028 0
322 2 1128.128128 45.000000 0.59233901821717028 0
322 3 1128.128128 67.500000 0.59233901821717028 0
323 0 1131.631632 0.000000 0.59250748542766241 0
323 1 1131.631632 22.500000 0.59250748542766241 0
323 2 1131.631632 45.000000 0.59250748542766241 0
323 3 1131.631632 67.500000 0.59250748542766241 0
324 0 1135.135135 0.000000 0.59329091794083855 0
324 1 1135.135135 22.500000 0.59329091794083855 0
324 2 1135.135135 45.000000 0.59329091794083855 0
324 3 1135.135135 67.500000 0.59329091794083855 0
325 0 1138.638639 0.000000 0.59463384878326508 0
325 1 1138.638639 22.500000 0.59463384878326508 0
325 2 1138.638639 45.000000 0.59463384878326508 0
325 3 1138.638639 67.500000 0.59463384878326508 0
326 0 1142.142142 0.000000 0.59642834622612184 0
326 1 1142.142142 22.500000 0.59642834622612184 0
326 2 1142.142142 45.000000 0.59642834622612184 0
326 3 1142.142142 67.500000 0.59642834622612184 0
327 0 1145.645646 0.000000 0.59852233723151615 0
327 1 1145.645646 22.500000 0.59852233723151615 0
327 2 1145.645646 45.000000 0.59852233723151615 0
327 3 1145.645646 67.500000 0.59852233723151615 0
328 0 1149.149149 0.000000 0.60073225463846625 0
328 1 1149.149149 22.500000 0.60073225463846625 0
328 2 1149.149149 45.000000 0.60073225463846625 0
328 3 1149.149149 67.500000 0.60073225463846625 0
329 0 1152.652653 0.000000 0.60285898443233366 0
329 1 1152.652653 22.500000 0.60285898443233366 0
329 2 1152.652653 45.000000 0.60285898443233366 0
329 3 1152.652653 67.500000 0.60285898443233366 0
330 0 1156.156156 0.000000 0.60470572244108578 0
330 1 1156.156156 22.500000 0.60470572244108578 0
330 2 1156.156156 45.000000 0.60470572244108578 0
330 3 1156.156156 67.500000 0.60470572244108578 0
331 0 1159.659660 0.000000 0.60609611095931148 0
331 1 1159.659660 22.500000 0.60609611095931148 0
331 2 1159.659660 45.000000 0.60609611095931148 0
331 3 1159.659660 67.500000 0.60609611095931148 0
332 0 1163.163163 0.000000 0.60689095020949546 0
332 1 1163.163163 22.500000 0.60689095020949546 0
332 2 1163.163163 45.000000 0.60689095020949546 0
332 3 1163.163163 67.500000 0.60689095020949546 0
333 0 1166.666667 0.000000 0.60700188071544792 0
333 1 1166.666667 22.500000 0.60700188071544792 0
333 2 1166.666667 45.000000 0.60700188071544792 0
333 3 1166.666667 67.500000 0.60700188071544792 0
334 0 1170.170170 0.000000 0.60640070006343072 0
334 1 1170.170170 22.500000 0.60640070006343072 0
334 2 1170.170170 45.000000 0.60640070006343072 0
334 3 1170.170170 67.500000 0.60640070006343072 0
335 0 1173.673674 0.000000 0.60512337911407843 0
335 1 1173.673674 22.500000 0.60512337911407843 0
335 2 1173.673674 45.000000 0.60512337911407843 0
335 3 1173.673674 67.500000 0.60512337911407843 0
336 0 1177.177177 0.000000 0.60326833145643544 0
336 1 1177.177177 22.500000 0.60326833145643544 0
336 2 1177.177177 45.000000 0.60326833145643544 0
336 3 1177.177177 67.500000 0.60326833145643544 0
337 0 1180.680681 0.000000 0.60098901233791113 0
337 1 1180.680681 22.500000 0.60098901233791113 0
337 2 1180.680681 45.000000 0.60098901233791113 0
337 3 1180.680681 67.500000 0.60098901233791113 0
338 0 1184.184184 0.000000 0.59848142805633564 0
338 1 1184.184184 22.500000 0.59848142805633564 0
338 2 1184.184184 45.000000 0.59848142805633564 0
338 3 1184.184184 67.500000 0.59848142805633564 0
339 0 1187.687688 0.000000 0.59596758072376699 0
339 1 1187.687688 22.500000 0.59596758072376699 0
339 2 1187.687688 45.000000 0.59596758072376699 0
339 3 1187.687688 67.500000 0.59596758072376699 0
340 0 1191.191191 0.000000 0.59367622458793523 0
340 1 1191.191191 22.500000 0.59367622458793523 0
340 2 1191.191191 45.000000 0.59367622458793523 0
340 3 1191.191191 67.500000 0.59367622458793523 0
341 0 1194.694695 0.000000 0.59182254818050528 0
341 1 1194.694695 22.500000 0.59182254818050528 0
341 2 1194.694695 45.000000 0.59182254818050528 0
341 3 1194.694695 67.500000 0.59182254818050528 0
342 0 1198.198198 0.000000 0.59058851005763691 0
342 1 1198.198198 22.500000 0.59058851005763691 0
342 2 1198.198198 45.000000 0.59058851005763691 0
342 3 1198.198198 67.500000 0.59058851005763691 0
343 0 1201.701702 0.000000 0.5901055398742604 0
343 1 1201.701702 22.500000 0.5901055398742604 0
343 2 1201.701702 45.000000 0.5901055398742604 0
343 3 1201.701702 67.500000 0.5901055398742604 0
344 0 1205.205205 0.000000 0.5904411706652023 0
344 1 1205.205205 22.500000 0.5904411706652023 0
344 2 1205.205205 45.000000 0.5904411706652023 0
344 3 1205.205205 67.500000 0.5904411706652023 0
345 0 1208.708709 0.000000 0.59159089660167696 0
345 1 1208.708709 22.500000 0.59159089660167696 0
345 2 1208.708709 45.000000 0.59159089660167696 0
345 3 1208.708709 67.500000 0.59159089660167696 0
346 0 1212.212212 0.000000 0.59347616320914987 0
346 1 1212.212212 22.500000 0.59347616320914987 0
346 2 1212.212212 45.000000 0.59347616320914987 0
346 3 1212.212212 67.500000 0.59347616320914987 0
347 0 1215.715716 0.000000 0.59594891256368754 0
347 1 1215.715716 22.500000 0.59594891256368754 0
347 2 1215.715716 45.000000 0.59594891256368754 0
347 3 1215.715716 67.500000 0.59594891256368754 0
348 0 1219.219219 0.000000 0.59880255350848899 0
348 1 1219.219219 22.500000 0.59880255350848899 0
348 2 1219.219219 45.000000 0.59880255350848899 0
348 3 1219.219219 67.500000 0.59880255350848899 0
349 0 1222.722723 0.000000 0.60178864711170454 0
349 1 1222.722723 22.500000 0.60178864711170454 0
349 2 1222.722723 45.000000 0.60178864711170454 0
349 3 1222.722723 67.500000 0.60178864711170454 0
350 0 1226.226226 0.000000 0.60463804100671725 0
350 1 1226.226226 22.500000 0.60463804100671725 0
350 2 1226.226226 45.000000 0.60463804100671725 0
350 3 1226.226226 67.500000 0.60463804100671725 0
351 0 1229.729730 0.000000 0.60708470923254787 0
351 1 1229.729730 22.500000 0.60708470923254787 0
351 2 1229.729730 45.000000 0.60708470923254787 0
351 3 1229.729730 67.500000 0.60708470923254787 0
352 0 1233.233233 0.000000 0.60889021232109275 0
352 1 1233.233233 22.500000 0.60889021232109275 0
352 2 1233.233233 45.000000 0.60889021232109275 0
352 3 1233.233233 67.500000 0.60889021232109275 0
353 0 1236.736737 0.000000 0.60986653278894554 0
353 1 1236.736737 22.500000 0.60986653278894554 0
353 2 1236.736737 45.000000 0.60986653278894554 0
353 3 1236.736737 67.500000 0.60986653278894554 0
354 0 1240.240240 0.000000 0.60989509482489268 0
354 1 1240.240240 22.500000 0.60989509482489268 0
354 2 1240.240240 45.000000 0.60989509482489268 0
354 3 1240.240240 67.500000 0.60989509482489268 0
355 0 1243.743744 0.000000 0.60894005231186887 0
355 1 1243.743744 22.500000 0.60894005231186887 0
355 2 1243.743744 45.000000 0.60894005231186887 0
355 3 1243.743744 67.500000 0.60894005231186887 0
356 0 1247.247247 0.000000 0.60705440893521379 0
356 1 1247.247247 22.500000 0.60705440893521379 0
356 2 1247.247247 45.000000 0.60705440893521379 0
356 3 1247.247247 67.500000 0.60705440893521379 0
357 0 1250.750751 0.000000 0.60437817483273604 0
357 1 1250.750751 22.500000 0.60437817483273604 0
357 2 1250.750751 45.000000 0.60437817483273604 0
357 3 1250.750751 67.500000 0.60437817483273604 0
358 0 1254.254254 0.000000 0.60112850143992003 0
358 1 1254.254254 22.500000 0.60112850143992003 0
358 2 1254.254254 45.000000 0.60112850143992003 0
358 3 1254.254254 67.500000 0.60112850143992003 0
359 0 1257.757758 0.000000 0.59758249191731894 0
359 1 1257.757758 22.500000 0.59758249191731894 0
359 2 1257.757758 45.000000 0.59758249191731894 0
359 3 1257.757758 67.500000 0.59758249191731894 0
360 0 1261.261261 0.000000 0.59405407819503386 0
360 1 1261.261261 22.500000 0.59405407819503386 0
360 2 1261.261261 45.000000 0.59405407819503386 0
360 3 1261.261261 67.500000 0.59405407819503386 0
361 0 1264.764765 0.000000 0.59086691546086467 0
361 1 1264.764765 22.500000 0.59086691546086467 0
361 2 1264.764765 45.000000 0.59086691546086467 0
361 3 1264.764765 67.500000 0.59086691546086467 0
362 0 1268.268268 0.000000 0.58832561801594141 0
362 1 1268.268268 22.500000 0.58832561801594141 0
362 2 1268.268268 45.000000 0.58832561801594141 0
362 3 1268.268268 67.500000 0.58832561801594141 0
363 0 1271.771772 0.000000 0.58668781936638703 0
363 1 1271.771772 22.500000 0.58668781936638703 0
363 2 1271.771772 45.000000 0.58668781936638703 0
363 3 1271.771772 67.500000 0.58668781936638703 0
364 0 1275.275275 0.000000 0.58613948341240885 0
364 1 1275.275275 22.500000 0.58613948341240885 0
364 2 1275.275275 45.000000 0.58613948341240885 0
364 3 1275.275275 67.500000 0.58613948341240885 0
365 0 1278.778779 0.000000 0.58677564428909479 0
365 1 1278.778779 22.500000 0.58677564428909479 0
365 2 1278.778779 45.000000 0.58677564428909479 0
365 3 1278.778779 67.500000 0.58677564428909479 0
366 0 1282.282282 0.000000 0.58858834543259675 0
366 1 1282.282282 22.500000 0.58858834543259675 0
366 2 1282.282282 45.000000 0.58858834543259675 0
366 3 1282.282282 67.500000 0.58858834543259675 0
367 0 1285.785786 0.000000 0.59146302325453715 0
367 1 1285.785786 22.500000 0.59146302325453715 0
367 2 1285.785786 45.000000 0.59146302325453715 0
367 3 1285.785786 67.500000 0.59146302325453715 0
368 0 1289.289289 0.000000 0.59518397225856201 0
368 1 1289.289289 22.500000 0.59518397225856201 0
368 2 1289.289289 45.000000 0.59518397225856201 0
368 3 1289.289289 67.500000 0.59518397225856201 0
369 0 1292.792793 0.000000 0.59944886305299128 0
369 1 1292.792793 22.500000 0.59944886305299128 0
369 2 1292.792793 45.000000 0.59944886305299128 0
369 3 1292.792793 67.500000 0.59944886305299128 0
370 0 1296.296296 0.000000 0.60389158330383153 0
370 1 1296.296296 22.500000 0.60389158330383153 0
370 2 1296.296296 45.000000 0.60389158330383153 0
370 3 1296.296296 67.500000 0.60389158330383153 0
371 0 1299.799800 0.000000 0.60811195750157521 0
371 1 1299.799800 22.500000 0.60811195750157521 0
371 2 1299.799800 45.000000 0.60811195750157521 0
371 3 1299.799800 67.500000 0.60811195750157521 0
372 0 1303.303303 0.000000 0.61171021083493238 0
372 1 1303.303303 22.500000 0.61171021083493238 0
372 2 1303.303303 45.000000 0.61171021083493238 0
372 3 1303.303303 67.500000 0.61171021083493238 0
373 0 1306.806807 0.000000 0.61432343309368531 0
373 1 1306.806807 22.500000 0.61432343309368531 0
373 2 1306.806807 45.000000 0.61432343309368531 0
373 3 1306.806807 67.500000 0.61432343309368531 0
374 0 1310.310310 0.000000 0.61566085001413773 0
374 1 1310.310310 22.500000 0.61566085001413773 0
374 2 1310.310310 45.000000 0.61566085001413773 0
374 3 1310.310310 67.500000 0.61566085001413773 0
375 0 1313.813814 0.000000 0.61553451369061452 0
375 1 1313.813814 22.500000 0.61553451369061452 0
375 2 1313.813814 45.000000 0.61553451369061452 0
375 3 1313.813814 67.500000 0.61553451369061452 0
376 0 1317.317317 0.000000 0.61388216449715127 0
376 1 1317.317317 22.500000 0.61388216449715127 0
376 2 1317.317317 45.000000 0.61388216449715127 0
376 3 1317.317317 67.500000 0.61388216449715127 0
377 0 1320.820821 0.000000 0.610779544186838 0
377 1 1320.820821 22.500000 0.610779544186838 0
377 2 1320.820821 45.000000 0.610779544186838 0
377 3 1320.820821 67.500000 0.610779544186838 0
378 0 1324.324324 0.000000 0.60644034478247355 0
378 1 1324.324324 22.500000 0.60644034478247355 0
378 2 1324.324324 45.000000 0.60644034478247355 0
378 3 1324.324324 67.500000 0.60644034478247355 0
379 0 1327.827828 0.000000 0.60120317972189752 0
379 1 1327.827828 22.500000 0.60120317972189752 0
379 2 1327.827828 45.000000 0.60120317972189752 0
379 3 1327.827828 67.500000 0.60120317972189752 0
380 0 1331.331331 0.000000 0.59550631367759654 0
380 1 1331.331331 22.500000 0.59550631367759654 0
380 2 1331.331331 45.000000 0.59550631367759654 0
380 3 1331.331331 67.500000 0.59550631367759654 0
381 0 1334.834835 0.000000 0.58985219313578452 0
381 1 1334.834835 22.500000 0.58985219313578452 0
381 2 1334.834835 45.000000 0.58985219313578452 0
381 3 1334.834835 67.500000 0.58985219313578452 0
382 0 1338.338338 0.000000 0.58476488569942298 0
382 1 1338.338338 22.500000 0.58476488569942298 0
382 2 1338.338338 45.000000 0.58476488569942298 0
382 3 1338.338338 67.500000 0.58476488569942298 0
383 0 1341.841842 0.000000 0.58074420993456943 0
383 1 1341.841842 22.500000 0.58074420993456943 0
383 2 1341.841842 45.000000 0.58074420993456943 0
383 3 1341.841842 67.500000 0.58074420993456943 0
384 0 1345.345345 0.000000 0.57822054876814422 0
384 1 1345.345345 22.500000 0.57822054876814422 0
384 2 1345.345345 45.000000 0.57822054876814422 0
384 3 1345.345345 67.500000 0.57822054876814422 0
385 0 1348.848849 0.000000 0.57751411605650427 0
385 1 1348.848849 22.500000 0.57751411605650427 0
385 2 1348.848849 45.000000 0.57751411605650427 0
385 3 1348.848849 67.500000 0.57751411605650427 0
386 0 1352.352352 0.000000 0.57880190296065936 0
386 1 1352.352352 22.500000 0.57880190296065936 0
386 2 1352.352352 45.000000 0.57880190296065936 0
386 3 1352.352352 67.500000 0.57880190296065936 0
387 0 1355.855856 0.000000 0.58209483043975019 0
387 1 1355.855856 22.500000 0.58209483043975019 0
387 2 1355.855856 45.000000 0.58209483043975019 0
387 3 1355.855856 67.500000 0.58209483043975019 0
388 0 1359.359359 0.000000 0.58722692963794643 0
388 1 1359.359359 22.500000 0.58722692963794643 0
388 2 1359.359359 45.000000 0.58722692963794643 0
388 3 1359.359359 67.500000 0.58722692963794643 0
389 0 1362.862863 0.000000 0.59385775234806149 0
389 1 1362.862863 22.500000 0.59385775234806149 0
389 2 1362.862863 45.000000 0.59385775234806149 0
389 3 1362.862863 67.500000 0.59385775234806149 0
390 0 1366.366366 0.000000 0.60148867111153015 0
390 1 1366.366366 22.500000 0.60148867111153015 0
390 2 1366.366366 45.000000 0.60148867111153015 0
390 3 1366.366366 67.500000 0.60148867111153015 0
391 0 1369.869870 0.000000 0.60949316123372432 0
391 1 1369.869870 22.500000 0.60949316123372432 0
391 2 1369.869870 45.000000 0.60949316123372432 0
391 3 1369.869870 67.500000 0.60949316123372432 0
392 0 1373.373373 0.000000 0.61716041353736761 0
392 1 1373.373373 22.500000 0.61716041353736761 0
392 2 1373.373373 45.000000 0.61716041353736761 0
392 3 1373.373373 67.500000 0.61716041353736761 0
393 0 1376.876877 0.000000 0.62375057892648389 0
393 1 1376.876877 22.500000 0.62375057892648389 0
393 2 1376.876877 45.000000 0.62375057892648389 0
393 3 1376.876877 67.500000 0.62375057892648389 0
394 0 1380.380380 0.000000 0.62855856848524783 0
394 1 1380.380380 22.500000 0.62855856848524783 0
394 2 1380.380380 45.000000 0.62855856848524783 0
394 3 1380.380380 67.500000 0.62855856848524783 0
395 0 1383.883884 0.000000 0.63098175931711531 0
395 1 1383.883884 22.500000 0.63098175931711531 0
395 2 1383.883884 45.000000 0.63098175931711531 0
395 3 1383.883884 67.500000 0.63098175931711531 0
396 0 1387.387387 0.000000 0.6305854850890128 0
396 1 1387.387387 22.500000 0.6305854850890128 0
396 2 1387.387387 45.000000 0.6305854850890128 0
396 3 1387.387387 67.500000 0.6305854850890128 0
397 0 1390.890891 0.000000 0.6271592287581178 0
397 1 1390.890891 22.500000 0.6271592287581178 0
397 2 1390.890891 45.000000 0.6271592287581178 0
397 3 1390.890891 67.500000 0.6271592287581178 0
398 0 1394.394394 0.000000 0.62075638899055174 0
398 1 1394.394394 22.500000 0.62075638899055174 0
398 2 1394.394394 45.000000 0.62075638899055174 0
398 3 1394.394394 67.500000 0.62075638899055174 0
399 0 1397.897898 0.000000 0.61171162836590087 0
399 1 1397.897898 22.500000 0.61171162836590087 0
399 2 1397.897898 45.000000 0.61171162836590087 0
399 3 1397.897898 67.500000 0.61171162836590087 0
400 0 1401.401401 0.000000 0.60063213841723573 0
400 1 1401.401401 22.500000 0.60063213841723573 0
400 2 1401.401401 45.000000 0.60063213841723573 0
400 3 1401.401401 67.500000 0.60063213841723573 0
401 0 1404.904905 0.000000 0.58836236319916879 0
401 1 1404.904905 22.500000 0.58836236319916879 0
401 2 1404.904905 45.000000 0.58836236319916879 0
401 3 1404.904905 67.500000 0.58836236319916879 0
402 0 1408.408408 0.000000 0.57592521350383619 0
402 1 1408.408408 22.500000 0.57592521350383619 0
402 2 1408.408408 45.000000 0.57592521350383619 0
402 3 1408.408408 67.500000 0.57592521350383619 0
403 0 1411.911912 0.000000 0.56444582800684684 0
403 1 1411.911912 22.500000 0.56444582800684684 0
403 2 1411.911912 45.000000 0.56444582800684684 0
403 3 1411.911912 67.500000 0.56444582800684684 0
404 0 1415.415415 0.000000 0.55506579333348438 0
404 1 1415.415415 22.500000 0.55506579333348438 0
404 2 1415.415415 45.000000 0.55506579333348438 0
404 3 1415.415415 67.500000 0.55506579333348438 0
405 0 1418.918919 0.000000 0.54885598604213337 0
405 1 1418.918919 22.500000 0.54885598604213337 0
405 2 1418.918919 45.000000 0.54885598604213337 0
405 3 1418.918919 67.500000 0.54885598604213337 0
406 0 1422.422422 0.000000 0.54673484085830049 0
406 1 1422.422422 22.500000 0.54673484085830049 0
406 2 1422.422422 45.000000 0.54673484085830049 0
406 3 1422.422422 67.500000 0.54673484085830049 0
407 0 1425.925926 0.000000 0.54939635806861598 0
407 1 1425.925926 22.500000 0.54939635806861598 0
407 2 1425.925926 45.000000 0.54939635806861598 0
407 3 1425.925926 67.500000 0.54939635806861598 0
408 0 1429.429429 0.000000 0.5572493997482626 0
408 1 1429.429429 22.500000 0.5572493997482626 0
408 2 1429.429429 45.000000 0.5572493997482626 0
408 3 1429.429429 67.500000 0.5572493997482626 0
409 0 1432.932933 0.000000 0.57036779793607106 0
409 1 1432.932933 22.500000 0.57036779793607106 0
409 2 1432.932933 45.000000 0.57036779793607106 0
409 3 1432.932933 67.500000 0.57036779793607106 0
410 0 1436.436436 0.000000 0.58845034518648653 0
410 1 1436.436436 22.500000 0.58845034518648653 0
410 2 1436.436436 45.000000 0.58845034518648653 0
410 3 1436.436436 67.500000 0.58845034518648653 0
411 0 1439.939940 0.000000 0.61079121507395229 0
411 1 1439.939940 22.500000 0.61079121507395229 0
411 2 1439.939940 45.000000 0.61079121507395229 0
411 3 1439.939940 67.500000 0.61079121507395229 0
412 0 1443.443443 0.000000 0.63626444246221492 0
412 1 1443.443443 22.500000 0.63626444246221492 0
412 2 1443.443443 45.000000 0.63626444246221492 0
412 3 1443.443443 67.500000 0.63626444246221492 0
413 0 1446.946947 0.000000 0.66332976720905024 0
413 1 1446.946947 22.500000 0.66332976720905024 0
413 2 1446.946947 45.000000 0.66332976720905024 0
413 3 1446.946947 67.500000 0.66332976720905024 0
414 0 1450.450450 0.000000 0.69006992339208639 0
414 1 1450.450450 22.500000 0.69006992339208639 0
414 2 1450.450450 45.000000 0.69006992339208639 0
414 3 1450.450450 67.500000 0.69006992339208639 0
415 0 1453.953954 0.000000 0.71426978270593044 0
415 1 1453.953954 22.500000 0.71426978270593044 0
415 2 1453.953954 45.000000 0.71426978270593044 0
415 3 1453.953954 67.500000 0.71426978270593044 0
416 0 1457.457457 0.000000 0.73354450515562031 0
416 1 1457.457457 22.500000 0.73354450515562031 0
416 2 1457.457457 45.000000 0.73354450515562031 0
416 3 1457.457457 67.500000 0.73354450515562031 0
417 0 1460.960961 0.000000 0.74551675570469544 0
417 1 1460.960961 22.500000 0.74551675570469544 0
417 2 1460.960961 45.000000 0.74551675570469544 0
417 3 1460.960961 67.500000 0.74551675570469544 0
418 0 1464.464464 0.000000 0.74803298393462903 0
418 1 1464.464464 22.500000 0.74803298393462903 0
418 2 1464.464464 45.000000 0.74803298393462903 0
418 3 1464.464464 67.500000 0.74803298393462903 0
419 0 1467.967968 0.000000 0.73939769426666979 0
419 1 1467.967968 22.500000 0.73939769426666979 0
419 2 1467.967968 45.000000 0.73939769426666979 0
419 3 1467.967968 67.500000 0.73939769426666979 0
420 0 1471.471471 0.000000 0.71859523646594015 0
420 1 1471.471471 22.500000 0.71859523646594015 0
420 2 1471.471471 45.000000 0.71859523646594015 0
420 3 1471.471471 67.500000 0.71859523646594015 0
421 0 1474.974975 0.000000 0.68546369021751352 0
421 1 1474.974975 22.500000 0.68546369021751352 0
421 2 1474.974975 45.000000 0.68546369021751352 0
421 3 1474.974975 67.500000 0.68546369021751352 0
422 0 1478.478478 0.000000 0.64078701931488524 0
422 1 1478.478478 22.500000 0.64078701931488524 0
422 2 1478.478478 45.000000 0.64078701931488524 0
422 3 1478.478478 67.500000 0.64078701931488524 0
423 0 1481.981982 0.000000 0.58628062820558591 0
423 1 1481.981982 22.500000 0.58628062820558591 0
423 2 1481.981982 45.000000 0.58628062820558591 0
423 3 1481.981982 67.500000 0.58628062820558591 0
424 0 1485.485485 0.000000 0.52446085851375324 0
424 1 1485.485485 22.500000 0.52446085851375324 0
424 2 1485.485485 45.000000 0.52446085851375324 0
424 3 1485.485485 67.500000 0.52446085851375324 0
425 0 1488.988989 0.000000 0.45840822674869874 0
425 1 1488.988989 22.500000 0.45840822674869874 0
425 2 1488.988989 45.000000 0.45840822674869874 0
425 3 1488.988989 67.500000 0.45840822674869874 0
426 0 1492.492492 0.000000 0.39145352640743081 0
426 1 1492.492492 22.500000 0.39145352640743081 0
426 2 1492.492492 45.000000 0.39145352640743081 0
426 3 1492.492492 67.500000 0.39145352640743081 0
427 0 1495.995996 0.000000 0.32683111496248785 0
427 1 1495.995996 22.500000 0.32683111496248785 0
427 2 1495.995996 45.000000 0.32683111496248785 0
427 3 1495.995996 67.500000 0.32683111496248785 0
428 0 1499.499499 0.000000 0.26735120829289244 0
428 1 1499.499499 22.500000 0.26735120829289244 0
428 2 1499.499499 45.000000 0.26735120829289244 0
428 3 1499.499499 67.500000 0.26735120829289244 0
429 0 1503.003003 0.000000 0.2151407657190062 0
429 1 1503.003003 22.500000 0.2151407657190062 0
429 2 1503.003003 45.000000 0.2151407657190062 0
429 3 1503.003003 67.500000 0.2151407657190062 0
430 0 1506.506507 0.000000 0.17149062971764095 0
430 1 1506.506507 22.500000 0.17149062971764095 0
430 2 1506.506507 45.000000 0.17149062971764095 0
430 3 1506.506507 67.500000 0.17149062971764095 0
431 0 1510.010010 0.000000 0.13682724145528535 0
431 1 1510.010010 22.500000 0.13682724145528535 0
431 2 1510.010010 45.000000 0.13682724145528535 0
431 3 1510.010010 67.500000 0.13682724145528535 0
432 0 1513.513514 0.000000 0.11080447921350119 0
432 1 1513.513514 22.500000 0.11080447921350119 0
432 2 1513.513514 45.000000 0.11080447921350119 0
432 3 1513.513514 67.500000 0.11080447921350119 0
433 0 1517.017017 0.000000 0.092489787679905094 0
433 1 1517.017017 22.500000 0.092489787679905094 0
433 2 1517.017017 45.000000 0.092489787679905094 0
433 3 1517.017017 67.500000 0.092489787679905094 0
434 0 1520.520521 0.000000 0.08060330970757304 0
434 1 1520.520521 22.500000 0.08060330970757304 0
434 2 1520.520521 45.000000 0.08060330970757304 0
434 3 1520.520521 67.500000 0.08060330970757304 0
435 0 1524.024024 0.000000 0.073762352560563071 0
435 1 1524.024024 22.500000 0.073762352560563071 0
435 2 1524.024024 45.000000 0.073762352560563071 0
435 3 1524.024024 67.500000 0.073762352560563071 0
436 0 1527.527528 0.000000 0.070687254677679431 0
436 1 1527.527528 22.500000 0.070687254677679431 0
436 2 1527.527528 45.000000 0.070687254677679431 0
436 3 1527.527528 67.500000 0.070687254677679431 0
437 0 1531.031031 0.000000 0.070337266782291102 0
437 1 1531.031031 22.500000 0.070337266782291102 0
437 2 1531.031031 45.000000 0.070337266782291102 0
437 3 1531.031031 67.500000 0.070337266782291102 0
438 0 1534.534535 0.000000 0.071963147141977768 0
438 1 1534.534535 22.500000 0.071963147141977768 0
438 2 1534.534535 45.000000 0.071963147141977768 0
438 3 1534.534535 67.500000 0.071963147141977768 0
439 0 1538.038038 0.000000 0.075082388411624179 0
439 1 1538.038038 22.500000 0.075082388411624179 0
439 2 1538.038038 45.000000 0.075082388411624179 0
439 3 1538.038038 67.500000 0.075082388411624179 0
440 0 1541.541542 0.000000 0.079398911182726836 0
440 1 1541.541542 22.500000 0.079398911182726836 0
440 2 1541.541542 45.000000 0.079398911182726836 0
440 3 1541.541542 67.500000 0.079398911182726836 0
441 0 1545.045045 0.000000 0.084698297998279382 0
441 1 1545.045045 22.500000 0.084698297998279382 0
441 2 1545.045045 45.000000 0.084698297998279382 0
441 3 1545.045045 67.500000 0.084698297998279382 0
442 0 1548.548549 0.000000 0.090750646780753466 0
442 1 1548.548549 22.500000 0.090750646780753466 0
442 2 1548.548549 45.000000 0.090750646780753466 0
442 3 1548.548549 67.500000 0.090750646780753466 0
443 0 1552.052052 0.000000 0.097246441564207975 0
443 1 1552.052052 22.500000 0.097246441564207975 0
443 2 1552.052052 45.000000 0.097246441564207975 0
443 3 1552.052052 67.500000 0.097246441564207975 0
444 0 1555.555556 0.000000 0.10377884825411884 0
444 1 1555.555556 22.500000 0.10377884825411884 0
444 2 1555.555556 45.000000 0.10377884825411884 0
444 3 1555.555556 67.500000 0.10377884825411884 0
445 0 1559.059059 0.000000 0.10987202555879738 0
445 1 1559.059059 22.500000 0.10987202555879738 0
445 2 1559.059059 45.000000 0.10987202555879738 0
445 3 1559.059059 67.500000 0.10987202555879738 0
446 0 1562.562563 0.000000 0.11504301632788821 0
446 1 1562.562563 22.500000 0.11504301632788821 0
446 2 1562.562563 45.000000 0.11504301632788821 0
446 3 1562.562563 67.500000 0.11504301632788821 0
447 0 1566.066066 0.000000 0.11887737253148051 0
447 1 1566.066066 22.500000 0.11887737253148051 0
447 2 1566.066066 45.000000 0.11887737253148051 0
447 3 1566.066066 67.500000 0.11887737253148051 0
448 0 1569.569570 0.000000 0.1210972267639005 0
448 1 1569.569570 22.500000 0.1210972267639005 0
448 2 1569.569570 45.000000 0.1210972267639005 0
448 3 1569.569570 67.500000 0.1210972267639005 0
449 0 1573.073073 0.000000 0.12160472726099436 0
449 1 1573.073073 22.500000 0.12160472726099436 0
449 2 1573.073073 45.000000 0.12160472726099436 0
449 3 1573.073073 67.500000 0.12160472726099436 0
450 0 1576.576577 0.000000 0.12049183335571162 0
450 1 1576.576577 22.500000 0.12049183335571162 0
450 2 1576.576577 45.000000 0.12049183335571162 0
450 3 1576.576577 67.500000 0.12049183335571162 0
451 0 1580.080080 0.000000 0.11801682777179061 0
451 1 1580.080080 22.500000 0.11801682777179061 0
451 2 1580.080080 45.000000 0.11801682777179061 0
451 3 1580.080080 67.500000 0.11801682777179061 0
452 0 1583.583584 0.000000 0.11455590372435337 0
452 1 1583.583584 22.500000 0.11455590372435337 0
452 2 1583.583584 45.000000 0.11455590372435337 0
452 3 1583.583584 67.500000 0.11455590372435337 0
453 0 1587.087087 0.000000 0.11054287684273531 0
453 1 1587.087087 22.500000 0.11054287684273531 0
453 2 1587.087087 45.000000 0.11054287684273531 0
453 3 1587.087087 67.500000 0.11054287684273531 0
454 0 1590.590591 0.000000 0.1064106563301907 0
454 1 1590.590591 22.500000 0.1064106563301907 0
454 2 1590.590591 45.000000 0.1064106563301907 0
454 3 1590.590591 67.500000 0.1064106563301907 0
455 0 1594.094094 0.000000 0.10254503850419897 0
455 1 1594.094094 22.500000 0.10254503850419897 0
455 2 1594.094094 45.000000 0.10254503850419897 0
455 3 1594.094094 67.500000 0.10254503850419897 0
456 0 1597.597598 0.000000 0.099256089863695177 0
456 1 1597.597598 22.500000 0.099256089863695177 0
456 2 1597.597598 45.000000 0.099256089863695177 0
456 3 1597.597598 67.500000 0.099256089863695177 0
457 0 1601.101101 0.000000 0.096766747288721228 0
457 1 1601.101101 22.500000 0.096766747288721228 0
457 2 1601.101101 45.000000 0.096766747288721228 0
457 3 1601.101101 67.500000 0.096766747288721228 0
458 0 1604.604605 0.000000 0.095214002679180551 0
458 1 1604.604605 22.500000 0.095214002679180551 0
458 2 1604.604605 45.000000 0.095214002679180551 0
458 3 1604.604605 67.500000 0.095214002679180551 0
459 0 1608.108108 0.000000 0.094656222154026928 0
459 1 1608.108108 22.500000 0.094656222154026928 0
459 2 1608.108108 45.000000 0.094656222154026928 0
459 3 1608.108108 67.500000 0.094656222154026928 0
460 0 1611.611612 0.000000 0.095080929799941954 0
460 1 1611.611612 22.500000 0.095080929799941954 0
460 2 1611.611612 45.000000 0.095080929799941954 0
460 3 1611.611612 67.500000 0.095080929799941954 0
461 0 1615.115115 0.000000 0.096410060491728747 0
461 1 1615.115115 22.500000 0.096410060491728747 0
461 2 1615.115115 45.000000 0.096410060491728747 0
461 3 1615.115115 67.500000 0.096410060491728747 0
462 0 1618.618619 0.000000 0.098503012829080971 0
462 1 1618.618619 22.500000 0.098503012829080971 0
462 2 1618.618619 45.000000 0.098503012829080971 0
462 3 1618.618619 67.500000 0.098503012829080971 0
463 0 1622.122122 0.000000 0.10116048714319117 0
463 1 1622.122122 22.500000 0.10116048714319117 0
463 2 1622.122122 45.000000 0.10116048714319117 0
463 3 1622.122122 67.500000 0.10116048714319117 0
464 0 1625.625626 0.000000 0.10413311322717494 0
464 1 1625.625626 22.500000 0.10413311322717494 0
464 2 1625.625626 45.000000 0.10413311322717494 0
464 3 1625.625626 67.500000 0.10413311322717494 0
465 0 1629.129129 0.000000 0.10713795035521778 0
465 1 1629.129129 22.500000 0.10713795035521778 0
465 2 1629.129129 45.000000 0.10713795035521778 0
465 3 1629.129129 67.500000 0.10713795035521778 0
466 0 1632.632633 0.000000 0.10988347971437649 0
466 1 1632.632633 22.500000 0.10988347971437649 0
466 2 1632.632633 45.000000 0.10988347971437649 0
466 3 1632.632633 67.500000 0.10988347971437649 0
467 0 1636.136136 0.000000 0.11210063475133765 0
467 1 1636.136136 22.500000 0.11210063475133765 0
467 2 1636.136136 45.000000 0.11210063475133765 0
467 3 1636.136136 67.500000 0.11210063475133765 0
468 0 1639.639640 0.000000 0.11357483847496794 0
468 1 1639.639640 22.500000 0.11357483847496794 0
468 2 1639.639640 45.000000 0.11357483847496794 0
468 3 1639.639640 67.500000 0.11357483847496794 0
469 0 1643.143143 0.000000 0.11417284691588755 0
469 1 1643.143143 22.500000 0.11417284691588755 0
469 2 1643.143143 45.000000 0.11417284691588755 0
469 3 1643.143143 67.500000 0.11417284691588755 0
470 0 1646.646647 0.000000 0.11385884606383509 0
470 1 1646.646647 22.500000 0.11385884606383509 0
470 2 1646.646647 45.000000 0.11385884606383509 0
470 3 1646.646647 67.500000 0.11385884606383509 0
471 0 1650.150150 0.000000 0.11269651540072155 0
471 1 1650.150150 22.500000 0.11269651540072155 0
471 2 1650.150150 45.000000 0.11269651540072155 0
471 3 1650.150150 67.500000 0.11269651540072155 0
472 0 1653.653654 0.000000 0.11083693664195786 0
472 1 1653.653654 22.500000 0.11083693664195786 0
472 2 1653.653654 45.000000 0.11083693664195786 0
472 3 1653.653654 67.500000 0.11083693664195786 0
473 0 1657.157157 0.000000 0.10849531586255901 0
473 1 1657.157157 22.500000 0.10849531586255901 0
473 2 1657.157157 45.000000 0.10849531586255901 0
473 3 1657.157157 67.500000 0.10849531586255901 0
474 0 1660.660661 0.000000 0.10592159891752281 0
474 1 1660.660661 22.500000 0.10592159891752281 0
474 2 1660.660661 45.000000 0.10592159891752281 0
474 3 1660.660661 67.500000 0.10592159891752281 0
475 0 1664.164164 0.000000 0.10337065498630262 0
475 1 1664.164164 22.500000 0.10337065498630262 0
475 2 1664.164164 45.000000 0.10337065498630262 0
475 3 1664.164164 67.500000 0.10337065498630262 0
476 0 1667.667668 0.000000 0.10107675830422309 0
476 1 1667.667668 22.500000 0.10107675830422309 0
476 2 1667.667668 45.000000 0.10107675830422309 0
476 3 1667.667668 67.500000 0.10107675830422309 0
477 0 1671.171171 0.000000 0.099235080173983456 0
477 1 1671.171171 22.500000 0.099235080173983456 0
477 2 1671.171171 45.000000 0.099235080173983456 0
477 3 1671.171171 67.500000 0.099235080173983456 0
478 0 1674.674675 0.000000 0.097990579622199703 0
478 1 1674.674675 22.500000 0.097990579622199703 0
478 2 1674.674675 45.000000 0.097990579622199703 0
478 3 1674.674675 67.500000 0.097990579622199703 0
479 0 1678.178178 0.000000 0.097432841564148387 0
479 1 1678.178178 22.500000 0.097432841564148387 0
479 2 1678.178178 45.000000 0.097432841564148387 0
479 3 1678.178178 67.500000 0.097432841564148387 0
480 0 1681.681682 0.000000 0.097594598810026092 0
480 1 1681.681682 22.500000 0.097594598810026092 0
480 2 1681.681682 45.000000 0.097594598810026092 0
480 3 1681.681682 67.500000 0.097594598810026092 0
481 0 1685.185185 0.000000 0.098452014403804272 0
481 1 1685.185185 22.500000 0.098452014403804272 0
481 2 1685.185185 45.000000 0.098452014403804272 0
481 3 1685.185185 67.500000 0.098452014403804272 0
482 0 1688.688689 0.000000 0.099925985980451951 0
482 1 1688.688689 22.500000 0.099925985980451951 0
482 2 1688.688689 45.000000 0.099925985980451951 0
482 3 1688.688689 67.500000 0.099925985980451951 0
483 0 1692.192192 0.000000 0.10188515904903986 0
483 1 1692.192192 22.500000 0.10188515904903986 0
483 2 1692.192192 45.000000 0.10188515904903986 0
483 3 1692.192192 67.500000 0.10188515904903986 0
484 0 1695.695696 0.000000 0.10415233401135755 0
484 1 1695.695696 22.500000 0.10415233401135755 0
484 2 1695.695696 45.000000 0.10415233401135755 0
484 3 1695.695696 67.500000 0.10415233401135755 0
485 0 1699.199199 0.000000 0.10651604111400734 0
485 1 1699.199199 22.500000 0.10651604111400734 0
485 2 1699.199199 45.000000 0.10651604111400734 0
485 3 1699.199199 67.500000 0.10651604111400734 0
486 0 1702.702703 0.000000 0.10874811789583089 0
486 1 1702.702703 22.500000 0.10874811789583089 0
486 2 1702.702703 45.000000 0.10874811789583089 0
486 3 1702.702703 67.500000 0.10874811789583089 0
487 0 1706.206206 0.000000 0.11062643656342067 0
487 1 1706.206206 22.500000 0.11062643656342067 0
487 2 1706.206206 45.000000 0.11062643656342067 0
487 3 1706.206206 67.500000 0.11062643656342067 0
488 0 1709.709710 0.000000 0.11196007447395723 0
488 1 1709.709710 22.500000 0.11196007447395723 0
488 2 1709.709710 45.000000 0.11196007447395723 0
488 3 1709.709710 67.500000 0.11196007447395723 0
489 0 1713.213213 0.000000 0.11261287011001028 0
489 1 1713.213213 22.500000 0.11261287011001028 0
489 2 1713.213213 45.000000 0.11261287011001028 0
489 3 1713.213213 67.500000 0.11261287011001028 0
490 0 1716.716717 0.000000 0.11252098133601851 0
490 1 1716.716717 22.500000 0.11252098133601851 0
490 2 1716.716717 45.000000 0.11252098133601851 0
490 3 1716.716717 67.500000 0.11252098133601851 0
491 0 1720.220220 0.000000 0.11170094986115497 0
491 1 1720.220220 22.500000 0.11170094986115497 0
491 2 1720.220220 45.000000 0.11170094986115497 0
491 3 1720.220220 67.500000 0.11170094986115497 0
492 0 1723.723724 0.000000 0.11024666131927616 0
492 1 1723.723724 22.500000 0.11024666131927616 0
492 2 1723.723724 45.000000 0.11024666131927616 0
492 3 1723.723724 67.500000 0.11024666131927616 0
493 0 1727.227227 0.000000 0.10831592995562435 0
493 1 1727.227227 22.500000 0.10831592995562435 0
493 2 1727.227227 45.000000 0.10831592995562435 0
493 3 1727.227227 67.500000 0.10831592995562435 0
494 0 1730.730731 0.000000 0.10610954142305631 0
494 1 1730.730731 22.500000 0.10610954142305631 0
494 2 1730.730731 45.000000 0.10610954142305631 0
494 3 1730.730731 67.500000 0.10610954142305631 0
495 0 1734.234234 0.000000 0.10384685494662277 0
495 1 1734.234234 22.500000 0.10384685494662277 0
495 2 1734.234234 45.000000 0.10384685494662277 0
495 3 1734.234234 67.500000 0.10384685494662277 0
496 0 1737.737738 0.000000 0.10174218162432534 0
496 1 1737.737738 22.500000 0.10174218162432534 0
496 2 1737.737738 45.000000 0.10174218162432534 0
496 3 1737.737738 67.500000 0.10174218162432534 0
497 0 1741.241241 0.000000 0.099985186532980899 0
497 1 1741.241241 22.500000 0.099985186532980899 0
497 2 1741.241241 45.000000 0.099985186532980899 0
497 3 1741.241241 67.500000 0.099985186532980899 0
498 0 1744.744745 0.000000 0.098726922662549843 0
498 1 1744.744745 22.500000 0.098726922662549843 0
498 2 1744.744745 45.000000 0.098726922662549843 0
498 3 1744.744745 67.500000 0.098726922662549843 0
499 0 1748.248248 0.000000 0.098071399755647271 0
499 1 1748.248248 22.500000 0.098071399755647271 0
499 2 1748.248248 45.000000 0.098071399755647271 0
499 3 1748.248248 67.500000 0.098071399755647271 0
500 0 1751.751752 0.000000 0.098071399755648159 0
500 1 1751.751752 22.500000 0.098071399755648159 0
500 2 1751.751752 45.000000 0.098071399755648159 0
500 3 1751.751752 67.500000 0.098071399755648159 0
501 0 1755.255255 0.000000 0.098726922662552619 0
501 1 1755.255255 22.500000 0.098726922662552619 0
501 2 1755.255255 45.000000 0.098726922662552619 0
501 3 1755.255255 67.500000 0.098726922662552619 0
502 0 1758.758759 0.000000 0.099985186532985451 0
502 1 1758.758759 22.500000 0.099985186532985451 0
502 2 1758.758759 45.000000 0.099985186532985451 0
502 3 1758.758759 67.500000 0.099985186532985451 0
503 0 1762.262262 0.000000 0.10174218162433137 0
503 1 1762.262262 22.500000 0.10174218162433137 0
503 2 1762.262262 45.000000 0.10174218162433137 0
503 3 1762.262262 67.500000 0.10174218162433137 0
504 0 1765.765766 0.000000 0.10384685494663007 0
504 1 1765.765766 22.500000 0.10384685494663007 0
504 2 1765.765766 45.000000 0.10384685494663007 0
504 3 1765.765766 67.500000 0.10384685494663007 0
505 0 1769.269269 0.000000 0.10610954142306475 0
505 1 1769.269269 22.500000 0.10610954142306475 0
505 2 1769.269269 45.000000 0.10610954142306475 0
505 3 1769.269269 67.500000 0.10610954142306475 0
506 0 1772.772773 0.000000 0.10831592995563349 0
506 1 1772.772773 22.500000 0.10831592995563349 0
506 2 1772.772773 45.000000 0.10831592995563349 0
506 3 1772.772773 67.500000 0.10831592995563349 0
507 0 1776.276276 0.000000 0.11024666131928598 0
507 1 1776.276276 22.500000 0.11024666131928598 0
507 2 1776.276276 45.000000 0.11024666131928598 0
507 3 1776.276276 67.500000 0.11024666131928598 0
508 0 1779.779780 0.000000 0.11170094986116522 0
508 1 1779.779780 22.500000 0.11170094986116522 0
508 2 1779.779780 45.000000 0.11170094986116522 0
508 3 1779.779780 67.500000 0.11170094986116522 0
509 0 1783.283283 0.000000 0.11252098133602907 0
509 1 1783.283283 22.500000 0.11252098133602907 0
509 2 1783.283283 45.000000 0.11252098133602907 0
509 3 1783.283283 67.500000 0.11252098133602907 0
510 0 1786.786787 0.000000 0.11261287011002123 0
510 1 1786.786787 22.500000 0.11261287011002123 0
510 2 1786.786787 45.000000 0.11261287011002123 0
510 3 1786.786787 67.500000 0.11261287011002123 0
511 0 1790.290290 0.000000 0.11196007447396819 0
511 1 1790.290290 22.500000 0.11196007447396819 0
511 2 1790.290290 45.000000 0.11196007447396819 0
511 3 1790.290290 67.500000 0.11196007447396819 0
512 0 1793.793794 0.000000 0.11062643656343177 0
512 1 1793.793794 22.500000 0.11062643656343177 0
512 2 1793.793794 45.000000 0.11062643656343177 0
512 3 1793.793794 67.500000 0.11062643656343177 0
513 0 1797.297297 0.000000 0.10874811789584207 0
513 1 1797.297297 22.500000 0.10874811789584207 0
513 2 1797.297297 45.000000 0.10874811789584207 0
513 3 1797.297297 67.500000 0.10874811789584207 0
514 0 1800.800801 0.000000 0.10651604111401856 0
514 1 1800.800801 22.500000 0.10651604111401856 0
514 2 1800.800801 45.000000 0.10651604111401856 0
514 3 1800.800801 67.500000 0.10651604111401856 0
515 0 1804.304304 0.000000 0.10415233401136888 0
515 1 1804.304304 22.500000 0.10415233401136888 0
515 2 1804.304304 45.000000 0.10415233401136888 0
515 3 1804.304304 67.500000 0.10415233401136888 0
516 0 1807.807808 0.000000 0.10188515904905128 0
516 1 1807.807808 22.500000 0.10188515904905128 0
516 2 1807.807808 45.000000 0.10188515904905128 0
516 3 1807.807808 67.500000 0.10188515904905128 0
517 0 1811.311311 0.000000 0.099925985980463525 0
517 1 1811.311311 22.500000 0.099925985980463525 0
517 2 1811.311311 45.000000 0.099925985980463525 0
517 3 1811.311311 67.500000 0.099925985980463525 0
518 0 1814.814815 0.000000 0.098452014403816207 0
518 1 1814.814815 22.500000 0.098452014403816207 0
518 2 1814.814815 45.000000 0.098452014403816207 0
518 3 1814.814815 67.500000 0.098452014403816207 0
519 0 1818.318318 0.000000 0.097594598810038485 0
519 1 1818.318318 22.500000 0.097594598810038485 0
519 2 1818.318318 45.000000 0.097594598810038485 0
519 3 1818.318318 67.500000 0.097594598810038485 0
520 0 1821.821822 0.000000 0.097432841564161543 0
520 1 1821.821822 22.500000 0.097432841564161543 0
520 2 1821.821822 45.000000 0.097432841564161543 0
520 3 1821.821822 67.500000 0.097432841564161543 0
521 0 1825.325325 0.000000 0.097990579622213567 0
521 1 1825.325325 22.500000 0.097990579622213567 0
521 2 1825.325325 45.000000 0.097990579622213567 0
521 3 1825.325325 67.500000 0.097990579622213567 0
522 0 1828.828829 0.000000 0.099235080173998264 0
522 1 1828.828829 22.500000 0.099235080173998264 0
522 2 1828.828829 45.000000 0.099235080173998264 0
522 3 1828.828829 67.500000 0.099235080173998264 0
523 0 1832.332332 0.000000 0.10107675830423855 0
523 1 1832.332332 22.500000 0.10107675830423855 0
523 2 1832.332332 45.000000 0.10107675830423855 0
523 3 1832.332332 67.500000 0.10107675830423855 0
524 0 1835.835836 0.000000 0.10337065498631876 0
524 1 1835.835836 22.500000 0.10337065498631876 0
524 2 1835.835836 45.000000 0.10337065498631876 0
524 3 1835.835836 67.500000 0.10337065498631876 0
525 0 1839.339339 0.000000 0.1059215989175392 0
525 1 1839.339339 22.500000 0.1059215989175392 0
525 2 1839.339339 45.000000 0.1059215989175392 0
525 3 1839.339339 67.500000 0.1059215989175392 0
526 0 1842.842843 0.000000 0.10849531586257528 0
526 1 1842.842843 22.500000 0.10849531586257528 0
526 2 1842.842843 45.000000 0.10849531586257528 0
526 3 1842.842843 67.500000 0.10849531586257528 0
527 0 1846.346346 0.000000 0.11083693664197347 0
527 1 1846.346346 22.500000 0.11083693664197347 0
527 2 1846.346346 45.000000 0.11083693664197347 0
527 3 1846.346346 67.500000 0.11083693664197347 0
528 0 1849.849850 0.000000 0.11269651540073596 0
528 1 1849.849850 22.500000 0.11269651540073596 0
528 2 1849.849850 45.000000 0.11269651540073596 0
528 3 1849.849850 67.500000 0.11269651540073596 0
529 0 1853.353353 0.000000 0.11385884606384777 0
529 1 1853.353353 22.500000 0.11385884606384777 0
529 2 1853.353353 45.000000 0.11385884606384777 0
529 3 1853.353353 67.500000 0.11385884606384777 0
530 0 1856.856857 0.000000 0.11417284691589802 0
530 1 1856.856857 22.500000 0.11417284691589802 0
530 2 1856.856857 45.000000 0.11417284691589802 0
530 3 1856.856857 67.500000 0.11417284691589802 0
531 0 1860.360360 0.000000 0.11357483847497603 0
531 1 1860.360360 22.500000 0.11357483847497603 0
531 2 1860.360360 45.000000 0.11357483847497603 0
531 3 1860.360360 67.500000 0.11357483847497603 0
532 0 1863.863864 0.000000 0.11210063475134342 0
532 1 1863.863864 22.500000 0.11210063475134342 0
532 2 1863.863864 45.000000 0.11210063475134342 0
532 3 1863.863864 67.500000 0.11210063475134342 0
533 0 1867.367367 0.000000 0.1098834797143798 0
533 1 1867.367367 22.500000 0.1098834797143798 0
533 2 1867.367367 45.000000 0.1098834797143798 0
533 3 1867.367367 67.500000 0.1098834797143798 0
534 0 1870.870871 0.000000 0.10713795035521897 0
534 1 1870.870871 22.500000 0.10713795035521897 0
534 2 1870.870871 45.000000 0.10713795035521897 0
534 3 1870.870871 67.500000 0.10713795035521897 0
535 0 1874.374374 0.000000 0.10413311322717431 0
535 1 1874.374374 22.500000 0.10413311322717431 0
535 2 1874.374374 45.000000 0.10413311322717431 0
535 3 1874.374374 67.500000 0.10413311322717431 0
536 0 1877.877878 0.000000 0.10116048714318894 0
536 1 1877.877878 22.500000 0.10116048714318894 0
536 2 1877.877878 45.000000 0.10116048714318894 0
536 3 1877.877878 67.500000 0.10116048714318894 0
537 0 1881.381381 0.000000 0.098503012829077627 0
537 1 1881.381381 22.500000 0.098503012829077627 0
537 2 1881.381381 45.000000 0.098503012829077627 0
537 3 1881.381381 67.500000 0.098503012829077627 0
538 0 1884.884885 0.000000 0.09641006049172475 0
538 1 1884.884885 22.500000 0.09641006049172475 0
538 2 1884.884885 45.000000 0.09641006049172475 0
538 3 1884.884885 67.500000 0.09641006049172475 0
539 0 1888.388388 0.000000 0.095080929799937722 0
539 1 1888.388388 22.500000 0.095080929799937722 0
539 2 1888.388388 45.000000 0.095080929799937722 0
539 3 1888.388388 67.500000 0.095080929799937722 0
540 0 1891.891892 0.000000 0.094656222154023098 0
540 1 1891.891892 22.500000 0.094656222154023098 0
540 2 1891.891892 45.000000 0.094656222154023098 0
540 3 1891.891892 67.500000 0.094656222154023098 0
541 0 1895.395395 0.000000 0.095214002679177609 0
541 1 1895.395395 22.500000 0.095214002679177609 0
541 2 1895.395395 45.000000 0.095214002679177609 0
541 3 1895.395395 67.500000 0.095214002679177609 0
542 0 1898.898899 0.000000 0.096766747288719979 0
542 1 1898.898899 22.500000 0.096766747288719979 0
542 2 1898.898899 45.000000 0.096766747288719979 0
542 3 1898.898899 67.500000 0.096766747288719979 0
543 0 1902.402402 0.000000 0.099256089863696051 0
543 1 1902.402402 22.500000 0.099256089863696051 0
543 2 1902.402402 45.000000 0.099256089863696051 0
543 3 1902.402402 67.500000 0.099256089863696051 0
544 0 1905.905906 0.000000 0.10254503850420257 0
544 1 1905.905906 22.500000 0.10254503850420257 0
544 2 1905.905906 45.000000 0.10254503850420257 0
544 3 1905.905906 67.500000 0.10254503850420257 0
545 0 1909.409409 0.000000 0.10641065633019765 0
545 1 1909.409409 22.500000 0.10641065633019765 0
545 2 1909.409409 45.000000 0.10641065633019765 0
545 3 1909.409409 67.500000 0.10641065633019765 0
546 0 1912.912913 0.000000 0.11054287684274558 0
546 1 1912.912913 22.500000 0.11054287684274558 0
546 2 1912.912913 45.000000 0.11054287684274558 0
546 3 1912.912913 67.500000 0.11054287684274558 0
547 0 1916.416416 0.000000 0.11455590372436707 0
547 1 1916.416416 22.500000 0.11455590372436707 0
547 2 1916.416416 45.000000 0.11455590372436707 0
547 3 1916.416416 67.500000 0.11455590372436707 0
548 0 1919.919920 0.000000 0.11801682777180698 0
548 1 1919.919920 22.500000 0.11801682777180698 0
548 2 1919.919920 45.000000 0.11801682777180698 0
548 3 1919.919920 67.500000 0.11801682777180698 0
549 0 1923.423423 0.000000 0.12049183335573022 0
549 1 1923.423423 22.500000 0.12049183335573022 0
549 2 1923.423423 45.000000 0.12049183335573022 0
549 3 1923.423423 67.500000 0.12049183335573022 0
550 0 1926.926927 0.000000 0.12160472726101415 0
550 1 1926.926927 22.500000 0.12160472726101415 0
550 2 1926.926927 45.000000 0.12160472726101415 0
550 3 1926.926927 67.500000 0.12160472726101415 0
551 0 1930.430430 0.000000 0.12109722676392062 0
551 1 1930.430430 22.500000 0.12109722676392062 0
551 2 1930.430430 45.000000 0.12109722676392062 0
551 3 1930.430430 67.500000 0.12109722676392062 0
552 0 1933.933934 0.000000 0.11887737253150008 0
552 1 1933.933934 22.500000 0.11887737253150008 0
552 2 1933.933934 45.000000 0.11887737253150008 0
552 3 1933.933934 67.500000 0.11887737253150008 0
553 0 1937.437437 0.000000 0.11504301632790659 0
553 1 1937.437437 22.500000 0.11504301632790659 0
553 2 1937.437437 45.000000 0.11504301632790659 0
553 3 1937.437437 67.500000 0.11504301632790659 0
554 0 1940.940941 0.000000 0.10987202555881372 0
554 1 1940.940941 22.500000 0.10987202555881372 0
554 2 1940.940941 45.000000 0.10987202555881372 0
554 3 1940.940941 67.500000 0.10987202555881372 0
555 0 1944.444444 0.000000 0.10377884825413319 0
555 1 1944.444444 22.500000 0.10377884825413319 0
555 2 1944.444444 45.000000 0.10377884825413319 0
555 3 1944.444444 67.500000 0.10377884825413319 0
556 0 1947.947948 0.000000 0.097246441564220007 0
556 1 1947.947948 22.500000 0.097246441564220007 0
556 2 1947.947948 45.000000 0.097246441564220007 0
556 3 1947.947948 67.500000 0.097246441564220007 0
557 0 1951.451451 0.000000 0.090750646780763389 0
557 1 1951.451451 22.500000 0.090750646780763389 0
557 2 1951.451451 45.000000 0.090750646780763389 0
557 3 1951.451451 67.500000 0.090750646780763389 0
558 0 1954.954955 0.000000 0.084698297998287209 0
558 1 1954.954955 22.500000 0.084698297998287209 0
558 2 1954.954955 45.000000 0.084698297998287209 0
558 3 1954.954955 67.500000 0.084698297998287209 0
559 0 1958.458458 0.000000 0.07939891118273272 0
559 1 1958.458458 22.500000 0.07939891118273272 0
559 2 1958.458458 45.000000 0.07939891118273272 0
559 3 1958.458458 67.500000 0.07939891118273272 0
560 0 1961.961962 0.000000 0.075082388411628134 0
560 1 1961.961962 22.500000 0.075082388411628134 0
560 2 1961.961962 45.000000 0.075082388411628134 0
560 3 1961.961962 67.500000 0.075082388411628134 0
561 0 1965.465465 0.000000 0.071963147141979988 0
561 1 1965.465465 22.500000 0.071963147141979988 0
561 2 1965.465465 45.000000 0.071963147141979988 0
561 3 1965.465465 67.500000 0.071963147141979988 0
562 0 1968.968969 0.000000 0.070337266782291546 0
562 1 1968.968969 22.500000 0.070337266782291546 0
562 2 1968.968969 45.000000 0.070337266782291546 0
562 3 1968.968969 67.500000 0.070337266782291546 0
563 0 1972.472472 0.000000 0.070687254677678293 0
563 1 1972.472472 22.500000 0.070687254677678293 0
563 2 1972.472472 45.000000 0.070687254677678293 0
563 3 1972.472472 67.500000 0.070687254677678293 0
564 0 1975.975976 0.000000 0.073762352560560338 0
564 1 1975.975976 22.500000 0.073762352560560338 0
564 2 1975.975976 45.000000 0.073762352560560338 0
564 3 1975.975976 67.500000 0.073762352560560338 0
565 0 1979.479479 0.000000 0.080603309707569265 0
565 1 1979.479479 22.500000 0.080603309707569265 0
565 2 1979.479479 45.000000 0.080603309707569265 0
565 3 1979.479479 67.500000 0.080603309707569265 0
566 0 1982.982983 0.000000 0.092489787679900598 0
566 1 1982.982983 22.500000 0.092489787679900598 0
566 2 1982.982983 45.000000 0.092489787679900598 0
566 3 1982.982983 67.500000 0.092489787679900598 0
567 0 1986.486486 0.000000 0.1108044792134965 0
567 1 1986.486486 22.500000 0.1108044792134965 0
567 2 1986.486486 45.000000 0.1108044792134965 0
567 3 1986.486486 67.500000 0.1108044792134965 0
568 0 1989.989990 0.000000 0.13682724145528091 0
568 1 1989.989990 22.500000 0.13682724145528091 0
568 2 1989.989990 45.000000 0.13682724145528091 0
568 3 1989.989990 67.500000 0.13682724145528091 0
569 0 1993.493493 0.000000 0.17149062971763704 0
569 1 1993.493493 22.500000 0.17149062971763704 0
569 2 1993.493493 45.000000 0.17149062971763704 0
569 3 1993.493493 67.500000 0.17149062971763704 0
570 0 1996.996997 0.000000 0.21514076571900279 0
570 1 1996.996997 22.500000 0.21514076571900279 0
570 2 1996.996997 45.000000 0.21514076571900279 0
570 3 1996.996997 67.500000 0.21514076571900279 0
571 0 2000.500501 0.000000 0.26735120829288933 0
571 1 2000.500501 22.500000 0.26735120829288933 0
571 2 2000.500501 45.000000 0.26735120829288933 0
571 3 2000.500501 67.500000 0.26735120829288933 0
572 0 2004.004004 0.000000 0.3268311149624844 0
572 1 2004.004004 22.500000 0.3268311149624844 0
572 2 2004.004004 45.000000 0.3268311149624844 0
572 3 2004.004004 67.500000 0.3268311149624844 0
573 0 2007.507508 0.000000 0.39145352640742564 0
573 1 2007.507508 22.500000 0.39145352640742564 0
573 2 2007.507508 45.000000 0.39145352640742564 0
573 3 2007.507508 67.500000 0.39145352640742564 0
574 0 2011.011011 0.000000 0.45840822674869175 0
574 1 2011.011011 22.500000 0.45840822674869175 0
574 2 2011.011011 45.000000 0.45840822674869175 0
574 3 2011.011011 67.500000 0.45840822674869175 0
575 0 2014.514515 0.000000 0.52446085851374347 0
575 1 2014.514515 22.500000 0.52446085851374347 0
575 2 2014.514515 45.000000 0.52446085851374347 0
575 3 2014.514515 67.500000 0.52446085851374347 0
576 0 2018.018018 0.000000 0.58628062820557247 0
576 1 2018.018018 22.500000 0.58628062820557247 0
576 2 2018.018018 45.000000 0.58628062820557247 0
576 3 2018.018018 67.500000 0.58628062820557247 0
577 0 2021.521522 0.000000 0.64078701931486848 0
577 1 2021.521522 22.500000 0.64078701931486848 0
577 2 2021.521522 45.000000 0.64078701931486848 0
577 3 2021.521522 67.500000 0.64078701931486848 0
578 0 2025.025025 0.000000 0.68546369021749376 0
578 1 2025.025025 22.500000 0.68546369021749376 0
578 2 2025.025025 45.000000 0.68546369021749376 0
578 3 2025.025025 67.500000 0.68546369021749376 0
579 0 2028.528529 0.000000 0.71859523646591827 0
579 1 2028.528529 22.500000 0.71859523646591827 0
579 2 2028.528529 45.000000 0.71859523646591827 0
579 3 2028.528529 67.500000 0.71859523646591827 0
580 0 2032.032032 0.000000 0.73939769426664759 0
580 1 2032.032032 22.500000 0.73939769426664759 0
580 2 2032.032032 45.000000 0.73939769426664759 0
580 3 2032.032032 67.500000 0.73939769426664759 0
581 0 2035.535536 0.000000 0.74803298393460826 0
581 1 2035.535536 22.500000 0.74803298393460826 0
581 2 2035.535536 45.000000 0.74803298393460826 0
581 3 2035.535536 67.500000 0.74803298393460826 0
582 0 2039.039039 0.000000 0.74551675570467735 0
582 1 2039.039039 22.500000 0.74551675570467735 0
582 2 2039.039039 45.000000 0.74551675570467735 0
582 3 2039.039039 67.500000 0.74551675570467735 0
583 0 2042.542543 0.000000 0.73354450515560654 0
583 1 2042.542543 22.500000 0.73354450515560654 0
583 2 2042.542543 45.000000 0.73354450515560654 0
583 3 2042.542543 67.500000 0.73354450515560654 0
584 0 2046.046046 0.000000 0.71426978270592301 0
584 1 2046.046046 22.500000 0.71426978270592301 0
584 2 2046.046046 45.000000 0.71426978270592301 0
584 3 2046.046046 67.500000 0.71426978270592301 0
585 0 2049.549550 0.000000 0.69006992339208506 0
585 1 2049.549550 22.500000 0.69006992339208506 0
585 2 2049.549550 45.000000 0.69006992339208506 0
585 3 2049.549550 67.500000 0.69006992339208506 0
586 0 2053.053053 0.000000 0.66332976720905579 0
586 1 2053.053053 22.500000 0.66332976720905579 0
586 2 2053.053053 45.000000 0.66332976720905579 0
586 3 2053.053053 67.500000 0.66332976720905579 0
587 0 2056.556557 0.000000 0.63626444246222669 0
587 1 2056.556557 22.500000 0.63626444246222669 0
587 2 2056.556557 45.000000 0.63626444246222669 0
587 3 2056.556557 67.500000 0.63626444246222669 0
588 0 2060.060060 0.000000 0.61079121507396994 0
588 1 2060.060060 22.500000 0.61079121507396994 0
588 2 2060.060060 45.000000 0.61079121507396994 0
588 3 2060.060060 67.500000 0.61079121507396994 0
589 0 2063.563564 0.000000 0.58845034518650929 0
589 1 2063.563564 22.500000 0.58845034518650929 0
589 2 2063.563564 45.000000 0.58845034518650929 0
589 3 2063.563564 67.500000 0.58845034518650929 0
590 0 2067.067067 0.000000 0.57036779793609804 0
590 1 2067.067067 22.500000 0.57036779793609804 0
590 2 2067.067067 45.000000 0.57036779793609804 0
590 3 2067.067067 67.500000 0.57036779793609804 0
591 0 2070.570571 0.000000 0.55724939974829268 0
591 1 2070.570571 22.500000 0.55724939974829268 0
591 2 2070.570571 45.000000 0.55724939974829268 0
591 3 2070.570571 67.500000 0.55724939974829268 0
592 0 2074.074074 0.000000 0.54939635806864751 0
592 1 2074.074074 22.500000 0.54939635806864751 0
592 2 2074.074074 45.000000 0.54939635806864751 0
592 3 2074.074074 67.500000 0.54939635806864751 0
593 0 2077.577578 0.000000 0.54673484085833313 0
593 1 2077.577578 22.500000 0.54673484085833313 0
593 2 2077.577578 45.000000 0.54673484085833313 0
593 3 2077.577578 67.500000 0.54673484085833313 0
594 0 2081.081081 0.000000 0.54885598604216523 0
594 1 2081.081081 22.500000 0.54885598604216523 0
594 2 2081.081081 45.000000 0.54885598604216523 0
594 3 2081.081081 67.500000 0.54885598604216523 0
595 0 2084.584585 0.000000 0.55506579333351425 0
595 1 2084.584585 22.500000 0.55506579333351425 0
595 2 2084.584585 45.000000 0.55506579333351425 0
595 3 2084.584585 67.500000 0.55506579333351425 0
596 0 2088.088088 0.000000 0.56444582800687371 0
596 1 2088.088088 22.500000 0.56444582800687371 0
596 2 2088.088088 45.000000 0.56444582800687371 0
596 3 2088.088088 67.500000 0.56444582800687371 0
597 0 2091.591592 0.000000 0.57592521350385839 0
597 1 2091.591592 22.500000 0.57592521350385839 0
597 2 2091.591592 45.000000 0.57592521350385839 0
597 3 2091.591592 67.500000 0.57592521350385839 0
598 0 2095.095095 0.000000 0.58836236319918545 0
598 1 2095.095095 22.500000 0.58836236319918545 0
598 2 2095.095095 45.000000 0.58836236319918545 0
598 3 2095.095095 67.500000 0.58836236319918545 0
599 0 2098.598599 0.000000 0.6006321384172455 0
599 1 2098.598599 22.500000 0.6006321384172455 0
599 2 2098.598599 45.000000 0.6006321384172455 0
599 3 2098.598599 67.500000 0.6006321384172455 0
600 0 2102.102102 0.000000 0.6117116283659032 0
600 1 2102.102102 22.500000 0.6117116283659032 0
600 2 2102.102102 45.000000 0.6117116283659032 0
600 3 2102.102102 67.500000 0.6117116283659032 0
601 0 2105.605606 0.000000 0.62075638899054686 0
601 1 2105.605606 22.500000 0.62075638899054686 0
601 2 2105.605606 45.000000 0.62075638899054686 0
601 3 2105.605606 67.500000 0.62075638899054686 0
602 0 2109.109109 0.000000 0.6271592287581057 0
602 1 2109.109109 22.500000 0.6271592287581057 0
602 2 2109.109109 45.000000 0.6271592287581057 0
602 3 2109.109109 67.500000 0.6271592287581057 0
603 0 2112.612613 0.000000 0.63058548508899415 0
603 1 2112.612613 22.500000 0.63058548508899415 0
603 2 2112.612613 45.000000 0.63058548508899415 0
603 3 2112.612613 67.500000 0.63058548508899415 0
604 0 2116.116116 0.000000 0.63098175931709155 0
604 1 2116.116116 22.500000 0.63098175931709155 0
604 2 2116.116116 45.000000 0.63098175931709155 0
604 3 2116.116116 67.500000 0.63098175931709155 0
605 0 2119.619620 0.000000 0.62855856848522007 0
605 1 2119.619620 22.500000 0.62855856848522007 0
605 2 2119.619620 45.000000 0.62855856848522007 0
605 3 2119.619620 67.500000 0.62855856848522007 0
606 0 2123.123123 0.000000 0.62375057892645391 0
606 1 2123.123123 22.500000 0.62375057892645391 0
606 2 2123.123123 45.000000 0.62375057892645391 0
606 3 2123.123123 67.500000 0.62375057892645391 0
607 0 2126.626627 0.000000 0.61716041353733675 0
607 1 2126.626627 22.500000 0.61716041353733675 0
607 2 2126.626627 45.000000 0.61716041353733675 0
607 3 2126.626627 67.500000 0.61716041353733675 0
608 0 2130.130130 0.000000 0.60949316123369435 0
608 1 2130.130130 22.500000 0.60949316123369435 0
608 2 2130.130130 45.000000 0.60949316123369435 0
608 3 2130.130130 67.500000 0.60949316123369435 0
609 0 2133.633634 0.000000 0.60148867111150239 0
609 1 2133.633634 22.500000 0.60148867111150239 0
609 2 2133.633634 45.000000 0.60148867111150239 0
609 3 2133.633634 67.500000 0.60148867111150239 0
610 0 2137.137137 0.000000 0.59385775234803728 0
610 1 2137.137137 22.500000 0.59385775234803728 0
610 2 2137.137137 45.000000 0.59385775234803728 0
610 3 2137.137137 67.500000 0.59385775234803728 0
611 0 2140.640641 0.000000 0.58722692963792622 0
611 1 2140.640641 22.500000 0.58722692963792622 0
611 2 2140.640641 45.000000 0.58722692963792622 0
611 3 2140.640641 67.500000 0.58722692963792622 0
612 0 2144.144144 0.000000 0.5820948304397352 0
612 1 2144.144144 22.500000 0.5820948304397352 0
612 2 2144.144144 45.000000 0.5820948304397352 0
612 3 2144.144144 67.500000 0.5820948304397352 0
613 0 2147.647648 0.000000 0.57880190296064959 0
613 1 2147.647648 22.500000 0.57880190296064959 0
613 2 2147.647648 45.000000 0.57880190296064959 0
613 3 2147.647648 67.500000 0.57880190296064959 0
614 0 2151.151151 0.000000 0.57751411605649983 0
614 1 2151.151151 22.500000 0.57751411605649983 0
614 2 2151.151151 45.000000 0.57751411605649983 0
614 3 2151.151151 67.500000 0.57751411605649983 0
615 0 2154.654655 0.000000 0.57822054876814533 0
615 1 2154.654655 22.500000 0.57822054876814533 0
615 2 2154.654655 45.000000 0.57822054876814533 0
615 3 2154.654655 67.500000 0.57822054876814533 0
616 0 2158.158158 0.000000 0.58074420993457643 0
616 1 2158.158158 22.500000 0.58074420993457643 0
616 2 2158.158158 45.000000 0.58074420993457643 0
616 3 2158.158158 67.500000 0.58074420993457643 0
617 0 2161.661662 0.000000 0.58476488569943486 0
617 1 2161.661662 22.500000 0.58476488569943486 0
617 2 2161.661662 45.000000 0.58476488569943486 0
617 3 2161.661662 67.500000 0.58476488569943486 0
618 0 2165.165165 0.000000 0.58985219313580051 0
618 1 2165.165165 22.500000 0.58985219313580051 0
618 2 2165.165165 45.000000 0.58985219313580051 0
618 3 2165.165165 67.500000 0.58985219313580051 0
619 0 2168.668669 0.000000 0.59550631367761686 0
619 1 2168.668669 22.500000 0.59550631367761686 0
619 2 2168.668669 45.000000 0.59550631367761686 0
619 3 2168.668669 67.500000 0.59550631367761686 0
620 0 2172.172172 0.000000 0.60120317972192072 0
620 1 2172.172172 22.500000 0.60120317972192072 0
620 2 2172.172172 45.000000 0.60120317972192072 0
620 3 2172.172172 67.500000 0.60120317972192072 0
621 0 2175.675676 0.000000 0.60644034478249909 0
621 1 2175.675676 22.500000 0.60644034478249909 0
621 2 2175.675676 45.000000 0.60644034478249909 0
621 3 2175.675676 67.500000 0.60644034478249909 0
622 0 2179.179179 0.000000 0.61077954418686509 0
622 1 2179.179179 22.500000 0.61077954418686509 0
622 2 2179.179179 45.000000 0.61077954418686509 0
622 3 2179.179179 67.500000 0.61077954418686509 0
623 0 2182.682683 0.000000 0.6138821644971787 0
623 1 2182.682683 22.500000 0.6138821644971787 0
623 2 2182.682683 45.000000 0.6138821644971787 0
623 3 2182.682683 67.500000 0.6138821644971787 0
624 0 2186.186186 0.000000 0.6155345136906416 0
624 1 2186.186186 22.500000 0.6155345136906416 0
624 2 2186.186186 45.000000 0.6155345136906416 0
624 3 2186.186186 67.500000 0.6155345136906416 0
625 0 2189.689690 0.000000 0.61566085001416382 0
625 1 2189.689690 22.500000 0.61566085001416382 0
625 2 2189.689690 45.000000 0.61566085001416382 0
625 3 2189.689690 67.500000 0.61566085001416382 0
626 0 2193.193193 0.000000 0.61432343309370951 0
626 1 2193.193193 22.500000 0.61432343309370951 0
626 2 2193.193193 45.000000 0.61432343309370951 0
626 3 2193.193193 67.500000 0.61432343309370951 0
627 0 2196.696697 0.000000 0.61171021083495392 0
627 1 2196.696697 22.500000 0.61171021083495392 0
627 2 2196.696697 45.000000 0.61171021083495392 0
627 3 2196.696697 67.500000 0.61171021083495392 0
628 0 2200.200200 0.000000 0.60811195750159353 0
628 1 2200.200200 22.500000 0.60811195750159353 0
628 2 2200.200200 45.000000 0.60811195750159353 0
628 3 2200.200200 67.500000 0.60811195750159353 0
629 0 2203.703704 0.000000 0.6038915833038464 0
629 1 2203.703704 22.500000 0.6038915833038464 0
629 2 2203.703704 45.000000 0.6038915833038464 0
629 3 2203.703704 67.500000 0.6038915833038464 0
630 0 2207.207207 0.000000 0.59944886305300227 0
630 1 2207.207207 22.500000 0.59944886305300227 0
630 2 2207.207207 45.000000 0.59944886305300227 0
630 3 2207.207207 67.500000 0.59944886305300227 0
631 0 2210.710711 0.000000 0.59518397225856945 0
631 1 2210.710711 22.500000 0.59518397225856945 0
631 2 2210.710711 45.000000 0.59518397225856945 0
631 3 2210.710711 67.500000 0.59518397225856945 0
632 0 2214.214214 0.000000 0.59146302325454014 0
632 1 2214.214214 22.500000 0.59146302325454014 0
632 2 2214.214214 45.000000 0.59146302325454014 0
632 3 2214.214214 67.500000 0.59146302325454014 0
633 0 2217.717718 0.000000 0.58858834543259619 0
633 1 2217.717718 22.500000 0.58858834543259619 0
633 2 2217.717718 45.000000 0.58858834543259619 0
633 3 2217.717718 67.500000 0.58858834543259619 0
634 0 2221.221221 0.000000 0.58677564428909001 0
634 1 2221.221221 22.500000 0.58677564428909001 0
634 2 2221.221221 45.000000 0.58677564428909001 0
634 3 2221.221221 67.500000 0.58677564428909001 0
635 0 2224.724725 0.000000 0.58613948341240096 0
635 1 2224.724725 22.500000 0.58613948341240096 0
635 2 2224.724725 45.000000 0.58613948341240096 0
635 3 2224.724725 67.500000 0.58613948341240096 0
636 0 2228.228228 0.000000 0.58668781936637526 0
636 1 2228.228228 22.500000 0.58668781936637526 0
636 2 2228.228228 45.000000 0.58668781936637526 0
636 3 2228.228228 67.500000 0.58668781936637526 0
637 0 2231.731732 0.000000 0.58832561801592642 0
637 1 2231.731732 22.500000 0.58832561801592642 0
637 2 2231.731732 45.000000 0.58832561801592642 0
637 3 2231.731732 67.500000 0.58832561801592642 0
638 0 2235.235235 0.000000 0.59086691546084713 0
638 1 2235.235235 22.500000 0.59086691546084713 0
638 2 2235.235235 45.000000 0.59086691546084713 0
638 3 2235.235235 67.500000 0.59086691546084713 0
639 0 2238.738739 0.000000 0.59405407819501432 0
639 1 2238.738739 22.500000 0.59405407819501432 0
639 2 2238.738739 45.000000 0.59405407819501432 0
639 3 2238.738739 67.500000 0.59405407819501432 0
640 0 2242.242242 0.000000 0.59758249191729773 0
640 1 2242.242242 22.500000 0.59758249191729773 0
640 2 2242.242242 45.000000 0.59758249191729773 0
640 3 2242.242242 67.500000 0.59758249191729773 0
641 0 2245.745746 0.000000 0.60112850143989816 0
641 1 2245.745746 22.500000 0.60112850143989816 0
641 2 2245.745746 45.000000 0.60112850143989816 0
641 3 2245.745746 67.500000 0.60112850143989816 0
642 0 2249.249249 0.000000 0.60437817483271483 0
642 1 2249.249249 22.500000 0.60437817483271483 0
642 2 2249.249249 45.000000 0.60437817483271483 0
642 3 2249.249249 67.500000 0.60437817483271483 0
643 0 2252.752753 0.000000 0.6070544089351938 0
643 1 2252.752753 22.500000 0.6070544089351938 0
643 2 2252.752753 45.000000 0.6070544089351938 0
643 3 2252.752753 67.500000 0.6070544089351938 0
644 0 2256.256256 0.000000 0.60894005231185155 0
644 1 2256.256256 22.500000 0.60894005231185155 0
644 2 2256.256256 45.000000 0.60894005231185155 0
644 3 2256.256256 67.500000 0.60894005231185155 0
645 0 2259.759760 0.000000 0.60989509482487914 0
645 1 2259.759760 22.500000 0.60989509482487914 0
645 2 2259.759760 45.000000 0.60989509482487914 0
645 3 2259.759760 67.500000 0.60989509482487914 0
646 0 2263.263263 0.000000 0.60986653278893632 0
646 1 2263.263263 22.500000 0.60986653278893632 0
646 2 2263.263263 45.000000 0.60986653278893632 0
646 3 2263.263263 67.500000 0.60986653278893632 0
647 0 2266.766767 0.000000 0.60889021232108942 0
647 1 2266.766767 22.500000 0.60889021232108942 0
647 2 2266.766767 45.000000 0.60889021232108942 0
647 3 2266.766767 67.500000 0.60889021232108942 0
648 0 2270.270270 0.000000 0.60708470923255009 0
648 1 2270.270270 22.500000 0.60708470923255009 0
648 2 2270.270270 45.000000 0.60708470923255009 0
648 3 2270.270270 67.500000 0.60708470923255009 0
649 0 2273.773774 0.000000 0.60463804100672558 0
649 1 2273.773774 22.500000 0.60463804100672558 0
649 2 2273.773774 45.000000 0.60463804100672558 0
649 3 2273.773774 67.500000 0.60463804100672558 0
650 0 2277.277277 0.000000 0.60178864711171898 0
650 1 2277.277277 22.500000 0.60178864711171898 0
650 2 2277.277277 45.000000 0.60178864711171898 0
650 3 2277.277277 67.500000 0.60178864711171898 0
651 0 2280.780781 0.000000 0.59880255350850953 0
651 1 2280.780781 22.500000 0.59880255350850953 0
651 2 2280.780781 45.000000 0.59880255350850953 0
651 3 2280.780781 67.500000 0.59880255350850953 0
652 0 2284.284284 0.000000 0.59594891256371385 0
652 1 2284.284284 22.500000 0.59594891256371385 0
652 2 2284.284284 45.000000 0.59594891256371385 0
652 3 2284.284284 67.500000 0.59594891256371385 0
653 0 2287.787788 0.000000 0.5934761632091814 0
653 1 2287.787788 22.500000 0.5934761632091814 0
653 2 2287.787788 45.000000 0.5934761632091814 0
653 3 2287.787788 67.500000 0.5934761632091814 0
654 0 2291.291291 0.000000 0.5915908966017126 0
654 1 2291.291291 22.500000 0.5915908966017126 0
654 2 2291.291291 45.000000 0.5915908966017126 0
654 3 2291.291291 67.500000 0.5915908966017126 0
655 0 2294.794795 0.000000 0.59044117066524104 0
655 1 2294.794795 22.500000 0.59044117066524104 0
655 2 2294.794795 45.000000 0.59044117066524104 0
655 3 2294.794795 67.500000 0.59044117066524104 0
656 0 2298.298298 0.000000 0.59010553987430081 0
656 1 2298.298298 22.500000 0.59010553987430081 0
656 2 2298.298298 45.000000 0.59010553987430081 0
656 3 2298.298298 67.500000 0.59010553987430081 0
657 0 2301.801802 0.000000 0.59058851005767699 0
657 1 2301.801802 22.500000 0.59058851005767699 0
657 2 2301.801802 45.000000 0.59058851005767699 0
657 3 2301.801802 67.500000 0.59058851005767699 0
658 0 2305.305305 0.000000 0.59182254818054369 0
658 1 2305.305305 22.500000 0.59182254818054369 0
658 2 2305.305305 45.000000 0.59182254818054369 0
658 3 2305.305305 67.500000 0.59182254818054369 0
659 0 2308.808809 0.000000 0.59367622458797076 0
659 1 2308.808809 22.500000 0.59367622458797076 0
659 2 2308.808809 45.000000 0.59367622458797076 0
659 3 2308.808809 67.500000 0.59367622458797076 0
660 0 2312.312312 0.000000 0.59596758072379696 0
660 1 2312.312312 22.500000 0.59596758072379696 0
660 2 2312.312312 45.000000 0.59596758072379696 0
660 3 2312.312312 67.500000 0.59596758072379696 0
661 0 2315.815816 0.000000 0.59848142805635995 0
661 1 2315.815816 22.500000 0.59848142805635995 0
661 2 2315.815816 45.000000 0.59848142805635995 0
661 3 2315.815816 67.500000 0.59848142805635995 0
662 0 2319.319319 0.000000 0.60098901233792845 0
662 1 2319.319319 22.500000 0.60098901233792845 0
662 2 2319.319319 45.000000 0.60098901233792845 0
662 3 2319.319319 67.500000 0.60098901233792845 0
663 0 2322.822823 0.000000 0.60326833145644476 0
663 1 2322.822823 22.500000 0.60326833145644476 0
663 2 2322.822823 45.000000 0.60326833145644476 0
663 3 2322.822823 67.500000 0.60326833145644476 0
664 0 2326.326326 0.000000 0.60512337911407932 0
664 1 2326.326326 22.500000 0.60512337911407932 0
664 2 2326.326326 45.000000 0.60512337911407932 0
664 3 2326.326326 67.500000 0.60512337911407932 0
665 0 2329.829830 0.000000 0.60640070006342295 0
665 1 2329.829830 22.500000 0.60640070006342295 0
665 2 2329.829830 45.000000 0.60640070006342295 0
665 3 2329.829830 67.500000 0.60640070006342295 0
666 0 2333.333333 0.000000 0.6070018807154326 0
666 1 2333.333333 22.500000 0.6070018807154326 0
666 2 2333.333333 45.000000 0.6070018807154326 0
666 3 2333.333333 67.500000 0.6070018807154326 0
667 0 2336.836837 0.000000 0.60689095020947337 0
667 1 2336.836837 22.500000 0.60689095020947337 0
667 2 2336.836837 45.000000 0.60689095020947337 0
667 3 2336.836837 67.500000 0.60689095020947337 0
668 0 2340.340340 0.000000 0.6060961109592844 0
668 1 2340.340340 22.500000 0.6060961109592844 0
668 2 2340.340340 45.000000 0.6060961109592844 0
668 3 2340.340340 67.500000 0.6060961109592844 0
669 0 2343.843844 0.000000 0.60470572244105458 0
669 1 2343.843844 22.500000 0.60470572244105458 0
669 2 2343.843844 45.000000 0.60470572244105458 0
669 3 2343.843844 67.500000 0.60470572244105458 0
670 0 2347.347347 0.000000 0.60285898443230057 0
670 1 2347.347347 22.500000 0.60285898443230057 0
670 2 2347.347347 45.000000 0.60285898443230057 0
670 3 2347.347347 67.500000 0.60285898443230057 0
671 0 2350.850851 0.000000 0.60073225463843405 0
671 1 2350.850851 22.500000 0.60073225463843405 0
671 2 2350.850851 45.000000 0.60073225463843405 0
671 3 2350.850851 67.500000 0.60073225463843405 0
672 0 2354.354354 0.000000 0.59852233723148607 0
672 1 2354.354354 22.500000 0.59852233723148607 0
672 2 2354.354354 45.000000 0.59852233723148607 0
672 3 2354.354354 67.500000 0.59852233723148607 0
673 0 2357.857858 0.000000 0.59642834622609631 0
673 1 2357.857858 22.500000 0.59642834622609631 0
673 2 2357.857858 45.000000 0.59642834622609631 0
673 3 2357.857858 67.500000 0.59642834622609631 0
674 0 2361.361361 0.000000 0.59463384878324599 0
674 1 2361.361361 22.500000 0.59463384878324599 0
674 2 2361.361361 45.000000 0.59463384878324599 0
674 3 2361.361361 67.500000 0.59463384878324599 0
675 0 2364.864865 0.000000 0.59329091794082756 0
675 1 2364.864865 22.500000 0.59329091794082756 0
675 2 2364.864865 45.000000 0.59329091794082756 0
675 3 2364.864865 67.500000 0.59329091794082756 0
676 0 2368.368368 0.000000 0.59250748542766074 0
676 1 2368.368368 22.500000 0.59250748542766074 0
676 2 2368.368368 45.000000 0.59250748542766074 0
676 3 2368.368368 67.500000 0.59250748542766074 0
677 0 2371.871872 0.000000 0.59233901821717772 0
677 1 2371.871872 22.500000 0.59233901821717772 0
677 2 2371.871872 45.000000 0.59233901821717772 0
677 3 2371.871872 67.500000 0.59233901821717772 0
678 0 2375.375375 0.000000 0.5927850970926769 0
678 1 2375.375375 22.500000 0.5927850970926769 0
678 2 2375.375375 45.000000 0.5927850970926769 0
678 3 2375.375375 67.500000 0.5927850970926769 0
679 0 2378.878879 0.000000 0.59379100658518613 0
679 1 2378.878879 22.500000 0.59379100658518613 0
679 2 2378.878879 45.000000 0.59379100658518613 0
679 3 2378.878879 67.500000 0.59379100658518613 0
680 0 2382.382382 0.000000 0.59525400341118595 0
680 1 2382.382382 22.500000 0.59525400341118595 0
680 2 2382.382382 45.000000 0.59525400341118595 0
680 3 2382.382382 67.500000 0.59525400341118595 0
681 0 2385.885886 0.000000 0.59703355318286799 0
681 1 2385.885886 22.500000 0.59703355318286799 0
681 2 2385.885886 45.000000 0.59703355318286799 0
681 3 2385.885886 67.500000 0.59703355318286799 0
682 0 2389.389389 0.000000 0.59896453562931762 0
682 1 2389.389389 22.500000 0.59896453562931762 0
682 2 2389.389389 45.000000 0.59896453562931762 0
682 3 2389.389389 67.500000 0.59896453562931762 0
683 0 2392.892893 0.000000 0.60087222569066956 0
683 1 2392.892893 22.500000 0.60087222569066956 0
683 2 2392.892893 45.000000 0.60087222569066956 0
683 3 2392.892893 67.500000 0.60087222569066956 0
684 0 2396.396396 0.000000 0.60258776082626575 0
684 1 2396.396396 22.500000 0.60258776082626575 0
684 2 2396.396396 45.000000 0.60258776082626575 0
684 3 2396.396396 67.500000 0.60258776082626575 0
685 0 2399.899900 0.000000 0.6039627989042724 0
685 1 2399.899900 22.500000 0.6039627989042724 0
685 2 2399.899900 45.000000 0.6039627989042724 0
685 3 2399.899900 67.500000 0.6039627989042724 0
686 0 2403.403403 0.000000 0.60488215173362547 0
686 1 2403.403403 22.500000 0.60488215173362547 0
686 2 2403.403403 45.000000 0.60488215173362547 0
686 3 2403.403403 67.500000 0.60488215173362547 0
687 0 2406.906907 0.000000 0.605273344181531 0
687 1 2406.906907 22.500000 0.605273344181531 0
687 2 2406.906907 45.000000 0.605273344181531 0
687 3 2406.906907 67.500000 0.605273344181531 0
688 0 2410.410410 0.000000 0.60511229533834077 0
688 1 2410.410410 22.500000 0.60511229533834077 0
688 2 2410.410410 45.000000 0.60511229533834077 0
688 3 2410.410410 67.500000 0.60511229533834077 0
689 0 2413.913914 0.000000 0.60442463924137591 0
689 1 2413.913914 22.500000 0.60442463924137591 0
689 2 2413.913914 45.000000 0.60442463924137591 0
689 3 2413.913914 67.500000 0.60442463924137591 0
690 0 2417.417417 0.000000 0.60328258167001347 0
690 1 2417.417417 22.500000 0.60328258167001347 0
690 2 2417.417417 45.000000 0.60328258167001347 0
690 3 2417.417417 67.500000 0.60328258167001347 0
691 0 2420.920921 0.000000 0.60179759745546857 0
691 1 2420.920921 22.500000 0.60179759745546857 0
691 2 2420.920921 45.000000 0.60179759745546857 0
691 3 2420.920921 67.500000 0.60179759745546857 0
692 0 2424.424424 0.000000 0.60010966898844609 0
692 1 2424.424424 22.500000 0.60010966898844609 0
692 2 2424.424424 45.000000 0.60010966898844609 0
692 3 2424.424424 67.500000 0.60010966898844609 0
693 0 2427.927928 0.000000 0.59837410413742909 0
693 1 2427.927928 22.500000 0.59837410413742909 0
693 2 2427.927928 45.000000 0.59837410413742909 0
693 3 2427.927928 67.500000 0.59837410413742909 0
694 0 2431.431431 0.000000 0.59674720575520002 0
694 1 2431.431431 22.500000 0.59674720575520002 0
694 2 2431.431431 45.000000 0.59674720575520002 0
694 3 2431.431431 67.500000 0.59674720575520002 0
695 0 2434.934935 0.000000 0.59537216226967649 0
695 1 2434.934935 22.500000 0.59537216226967649 0
695 2 2434.934935 45.000000 0.59537216226967649 0
695 3 2434.934935 67.500000 0.59537216226967649 0
696 0 2438.438438 0.000000 0.59436647601275561 0
696 1 2438.438438 22.500000 0.59436647601275561 0
696 2 2438.438438 45.000000 0.59436647601275561 0
696 3 2438.438438 67.500000 0.59436647601275561 0
697 0 2441.941942 0.000000 0.59381205251483782 0
697 1 2441.941942 22.500000 0.59381205251483782 0
697 2 2441.941942 45.000000 0.59381205251483782 0
697 3 2441.941942 67.500000 0.59381205251483782 0
698 0 2445.445445 0.000000 0.59374877070851262 0
698 1 2445.445445 22.500000 0.59374877070851262 0
698 2 2445.445445 45.000000 0.59374877070851262 0
698 3 2445.445445 67.500000 0.59374877070851262 0
699 0 2448.948949 0.000000 0.59417198579348596 0
699 1 2448.948949 22.500000 0.59417198579348596 0
699 2 2448.948949 45.000000 0.59417198579348596 0
699 3 2448.948949 67.500000 0.59417198579348596 0
700 0 2452.452452 0.000000 0.59503403272262168 0
700 1 2452.452452 22.500000 0.59503403272262168 0
700 2 2452.452452 45.000000 0.59503403272262168 0
700 3 2452.452452 67.500000 0.59503403272262168 0
701 0 2455.955956 0.000000 0.59624944262647439 0
701 1 2455.955956 22.500000 0.59624944262647439 0
701 2 2455.955956 45.000000 0.59624944262647439 0
701 3 2455.955956 67.500000 0.59624944262647439 0
702 0 2459.459459 0.000000 0.59770328805308237 0
702 1 2459.459459 22.500000 0.59770328805308237 0
702 2 2459.459459 45.000000 0.59770328805308237 0
702 3 2459.459459 67.500000 0.59770328805308237 0
703 0 2462.962963 0.000000 0.59926185142214805 0
703 1 2462.962963 22.500000 0.59926185142214805 0
703 2 2462.962963 45.000000 0.59926185142214805 0
703 3 2462.962963 67.500000 0.59926185142214805 0
704 0 2466.466466 0.000000 0.60078466719396983 0
704 1 2466.466466 22.500000 0.60078466719396983 0
704 2 2466.466466 45.000000 0.60078466719396983 0
704 3 2466.466466 67.500000 0.60078466719396983 0
705 0 2469.969970 0.000000 0.60213691687356852 0
705 1 2469.969970 22.500000 0.60213691687356852 0
705 2 2469.969970 45.000000 0.60213691687356852 0
705 3 2469.969970 67.500000 0.60213691687356852 0
706 0 2473.473473 0.000000 0.60320115070249658 0
706 1 2473.473473 22.500000 0.60320115070249658 0
706 2 2473.473473 45.000000 0.60320115070249658 0
706 3 2473.473473 67.500000 0.60320115070249658 0
707 0 2476.976977 0.000000 0.60388736757142736 0
707 1 2476.976977 22.500000 0.60388736757142736 0
707 2 2476.976977 45.000000 0.60388736757142736 0
707 3 2476.976977 67.500000 0.60388736757142736 0
708 0 2480.480480 0.000000 0.60414060646039103 0
708 1 2480.480480 22.500000 0.60414060646039103 0
708 2 2480.480480 45.000000 0.60414060646039103 0
708 3 2480.480480 67.500000 0.60414060646039103 0
709 0 2483.983984 0.000000 0.60394539124219915 0
709 1 2483.983984 22.500000 0.60394539124219915 0
709 2 2483.983984 45.000000 0.60394539124219915 0
709 3 2483.983984 67.500000 0.60394539124219915 0
710 0 2487.487487 0.000000 0.60332662473848708 0
710 1 2487.487487 22.500000 0.60332662473848708 0
710 2 2487.487487 45.000000 0.60332662473848708 0
710 3 2487.487487 67.500000 0.60332662473848708 0
711 0 2490.990991 0.000000 0.60234683669063471 0
711 1 2490.990991 22.500000 0.60234683669063471 0
711 2 2490.990991 45.000000 0.60234683669063471 0
711 3 2490.990991 67.500000 0.60234683669063471 0
712 0 2494.494494 0.000000 0.60110003003331458 0
712 1 2494.494494 22.500000 0.60110003003331458 0
712 2 2494.494494 45.000000 0.60110003003331458 0
712 3 2494.494494 67.500000 0.60110003003331458 0
713 0 2497.997998 0.000000 0.59970270457536712 0
713 1 2497.997998 22.500000 0.59970270457536712 0
713 2 2497.997998 45.000000 0.59970270457536712 0
713 3 2497.997998 67.500000 0.59970270457536712 0
714 0 2501.501502 0.000000 0.59828292406525374 0
714 1 2501.501502 22.500000 0.59828292406525374 0
714 2 2501.501502 45.000000 0.59828292406525374 0
714 3 2501.501502 67.500000 0.59828292406525374 0
715 0 2505.005005 0.000000 0.59696849057089352 0
715 1 2505.005005 22.500000 0.59696849057089352 0
715 2 2505.005005 45.000000 0.59696849057089352 0
715 3 2505.005005 67.500000 0.59696849057089352 0
716 0 2508.508509 0.000000 0.59587536927116491 0
716 1 2508.508509 22.500000 0.59587536927116491 0
716 2 2508.508509 45.000000 0.59587536927116491 0
716 3 2508.508509 67.500000 0.59587536927116491 0
717 0 2512.012012 0.000000 0.59509745582662132 0
717 1 2512.012012 22.500000 0.59509745582662132 0
717 2 2512.012012 45.000000 0.59509745582662132 0
717 3 2512.012012 67.500000 0.59509745582662132 0
718 0 2515.515516 0.000000 0.59469860760398907 0
718 1 2515.515516 22.500000 0.59469860760398907 0
718 2 2515.515516 45.000000 0.59469860760398907 0
718 3 2515.515516 67.500000 0.59469860760398907 0
719 0 2519.019019 0.000000 0.5947075982422283 0
719 1 2519.019019 22.500000 0.5947075982422283 0
719 2 2519.019019 45.000000 0.5947075982422283 0
719 3 2519.019019 67.500000 0.5947075982422283 0
720 0 2522.522523 0.000000 0.59511634322622609 0
720 1 2522.522523 22.500000 0.59511634322622609 0
720 2 2522.522523 45.000000 0.59511634322622609 0
720 3 2522.522523 67.500000 0.59511634322622609 0
721 0 2526.026026 0.000000 0.59588142537223765 0
721 1 2526.026026 22.500000 0.59588142537223765 0
721 2 2526.026026 45.000000 0.59588142537223765 0
721 3 2526.026026 67.500000 0.59588142537223765 0
722 0 2529.529530 0.000000 0.59692865972276343 0
722 1 2529.529530 22.500000 0.59692865972276343 0
722 2 2529.529530 45.000000 0.59692865972276343 0
722 3 2529.529530 67.500000 0.59692865972276343 0
723 0 2533.033033 0.000000 0.59816020090449107 0
723 1 2533.033033 22.500000 0.59816020090449107 0
723 2 2533.033033 45.000000 0.59816020090449107 0
723 3 2533.033033 67.500000 0.59816020090449107 0
724 0 2536.536537 0.000000 0.59946352214571896 0
724 1 2536.536537 22.500000 0.59946352214571896 0
724 2 2536.536537 45.000000 0.59946352214571896 0
724 3 2536.536537 67.500000 0.59946352214571896 0
725 0 2540.040040 0.000000 0.60072148264241954 0
725 1 2540.040040 22.500000 0.60072148264241954 0
725 2 2540.040040 45.000000 0.60072148264241954 0
725 3 2540.040040 67.500000 0.60072148264241954 0
726 0 2543.543544 0.000000 0.60182264255498985 0
726 1 2543.543544 22.500000 0.60182264255498985 0
726 2 2543.543544 45.000000 0.60182264255498985 0
726 3 2543.543544 67.500000 0.60182264255498985 0
727 0 2547.047047 0.000000 0.60267097738251729 0
727 1 2547.047047 22.500000 0.60267097738251729 0
727 2 2547.047047 45.000000 0.60267097738251729 0
727 3 2547.047047 67.500000 0.60267097738251729 0
728 0 2550.550551 0.000000 0.60319418536081137 0
728 1 2550.550551 22.500000 0.60319418536081137 0
728 2 2550.550551 45.000000 0.60319418536081137 0
728 3 2550.550551 67.500000 0.60319418536081137 0
729 0 2554.054054 0.000000 0.60334987725486255 0
729 1 2554.054054 22.500000 0.60334987725486255 0
729 2 2554.054054 45.000000 0.60334987725486255 0
729 3 2554.054054 67.500000 0.60334987725486255 0
730 0 2557.557558 0.000000 0.60312909303192463 0
730 1 2557.557558 22.500000 0.60312909303192463 0
730 2 2557.557558 45.000000 0.60312909303192463 0
730 3 2557.557558 67.500000 0.60312909303192463 0
731 0 2561.061061 0.000000 0.60255680533463984 0
731 1 2561.061061 22.500000 0.60255680533463984 0
731 2 2561.061061 45.000000 0.60255680533463984 0
731 3 2561.061061 67.500000 0.60255680533463984 0
732 0 2564.564565 0.000000 0.60168933617228004 0
732 1 2564.564565 22.500000 0.60168933617228004 0
732 2 2564.564565 45.000000 0.60168933617228004 0
732 3 2564.564565 67.500000 0.60168933617228004 0
733 0 2568.068068 0.000000 0.60060890856482863 0
733 1 2568.068068 22.500000 0.60060890856482863 0
733 2 2568.068068 45.000000 0.60060890856482863 0
733 3 2568.068068 67.500000 0.60060890856482863 0
734 0 2571.571572 0.000000 0.59941584521649538 0
734 1 2571.571572 22.500000 0.59941584521649538 0
734 2 2571.571572 45.000000 0.59941584521649538 0
734 3 2571.571572 67.500000 0.59941584521649538 0
735 0 2575.075075 0.000000 0.59821917208485453 0
735 1 2575.075075 22.500000 0.59821917208485453 0
735 2 2575.075075 45.000000 0.59821917208485453 0
735 3 2575.075075 67.500000 0.59821917208485453 0
736 0 2578.578579 0.000000 0.59712654914504681 0
736 1 2578.578579 22.500000 0.59712654914504681 0
736 2 2578.578579 45.000000 0.59712654914504681 0
736 3 2578.578579 67.500000 0.59712654914504681 0
737 0 2582.082082 0.000000 0.5962345084752243 0
737 1 2582.082082 22.500000 0.5962345084752243 0
737 2 2582.082082 45.000000 0.5962345084752243 0
737 3 2582.082082 67.500000 0.5962345084752243 0
738 0 2585.585586 0.000000 0.5956199235590165 0
738 1 2585.585586 22.500000 0.5956199235590165 0
738 2 2585.585586 45.000000 0.5956199235590165 0
738 3 2585.585586 67.500000 0.5956199235590165 0
739 0 2589.089089 0.000000 0.59533347548169768 0
739 1 2589.089089 22.500000 0.59533347548169768 0
739 2 2589.089089 45.000000 0.59533347548169768 0
739 3 2589.089089 67.500000 0.59533347548169768 0
740 0 2592.592593 0.000000 0.59539564973380166 0
740 1 2592.592593 22.500000 0.59539564973380166 0
740 2 2592.592593 45.000000 0.59539564973380166 0
740 3 2592.592593 67.500000 0.59539564973380166 0
741 0 2596.096096 0.000000 0.59579552874083841 0
741 1 2596.096096 22.500000 0.59579552874083841 0
741 2 2596.096096 45.000000 0.59579552874083841 0
741 3 2596.096096 67.500000 0.59579552874083841 0
742 0 2599.599600 0.000000 0.59649237705946756 0
742 1 2599.599600 22.500000 0.59649237705946756 0
742 2 2599.599600 45.000000 0.59649237705946756 0
742 3 2599.599600 67.500000 0.59649237705946756 0
743 0 2603.103103 0.000000 0.59741977763284271 0
743 1 2603.103103 22.500000 0.59741977763284271 0
743 2 2603.103103 45.000000 0.59741977763284271 0
743 3 2603.103103 67.500000 0.59741977763284271 0
744 0 2606.606607 0.000000 0.59849188560719624 0
744 1 2606.606607 22.500000 0.59849188560719624 0
744 2 2606.606607 45.000000 0.59849188560719624 0
744 3 2606.606607 67.500000 0.59849188560719624 0
745 0 2610.110110 0.000000 0.59961122587053794 0
745 1 2610.110110 22.500000 0.59961122587053794 0
745 2 2610.110110 45.000000 0.59961122587053794 0
745 3 2610.110110 67.500000 0.59961122587053794 0
746 0 2613.613614 0.000000 0.60067736831938734 0
746 1 2613.613614 22.500000 0.60067736831938734 0
746 2 2613.613614 45.000000 0.60067736831938734 0
746 3 2613.613614 67.500000 0.60067736831938734 0
747 0 2617.117117 0.000000 0.60159576508806401 0
747 1 2617.117117 22.500000 0.60159576508806401 0
747 2 2617.117117 45.000000 0.60159576508806401 0
747 3 2617.117117 67.500000 0.60159576508806401 0
748 0 2620.620621 0.000000 0.60228602362725814 0
748 1 2620.620621 22.500000 0.60228602362725814 0
748 2 2620.620621 45.000000 0.60228602362725814 0
748 3 2620.620621 67.500000 0.60228602362725814 0
749 0 2624.124124 0.000000 0.60268892108549554 0
749 1 2624.124124 22.500000 0.60268892108549554 0
749 2 2624.124124 45.000000 0.60268892108549554 0
749 3 2624.124124 67.500000 0.60268892108549554 0
750 0 2627.627628 0.000000 0.60277154577648928 0
750 1 2627.627628 22.500000 0.60277154577648928 0
750 2 2627.627628 45.000000 0.60277154577648928 0
750 3 2627.627628 67.500000 0.60277154577648928 0
751 0 2631.131131 0.000000 0.60253008746581049 0
751 1 2631.131131 22.500000 0.60253008746581049 0
751 2 2631.131131 45.000000 0.60253008746581049 0
751 3 2631.131131 67.500000 0.60253008746581049 0
752 0 2634.634635 0.000000 0.60198999080846438 0
752 1 2634.634635 22.500000 0.60198999080846438 0
752 2 2634.634635 45.000000 0.60198999080846438 0
752 3 2634.634635 67.500000 0.60198999080846438 0
753 0 2638.138138 0.000000 0.60120342577873553 0
753 1 2638.138138 22.500000 0.60120342577873553 0
753 2 2638.138138 45.000000 0.60120342577873553 0
753 3 2638.138138 67.500000 0.60120342577873553 0
754 0 2641.641642 0.000000 0.60024429300854509 0
754 1 2641.641642 22.500000 0.60024429300854509 0
754 2 2641.641642 45.000000 0.60024429300854509 0
754 3 2641.641642 67.500000 0.60024429300854509 0
755 0 2645.145145 0.000000 0.59920123799326963 0
755 1 2645.145145 22.500000 0.59920123799326963 0
755 2 2645.145145 45.000000 0.59920123799326963 0
755 3 2645.145145 67.500000 0.59920123799326963 0
756 0 2648.648649 0.000000 0.59816935949406214 0
756 1 2648.648649 22.500000 0.59816935949406214 0
756 2 2648.648649 45.000000 0.59816935949406214 0
756 3 2648.648649 67.500000 0.59816935949406214 0
757 0 2652.152152 0.000000 0.59724143178413203 0
757 1 2652.152152 22.500000 0.59724143178413203 0
757 2 2652.152152 45.000000 0.59724143178413203 0
757 3 2652.152152 67.500000 0.59724143178413203 0
758 0 2655.655656 0.000000 0.59649949738277663 0
758 1 2655.655656 22.500000 0.59649949738277663 0
758 2 2655.655656 45.000000 0.59649949738277663 0
758 3 2655.655656 67.500000 0.59649949738277663 0
759 0 2659.159159 0.000000 0.596007623346411 0
759 1 2659.159159 22.500000 0.596007623346411 0
759 2 2659.159159 45.000000 0.596007623346411 0
759 3 2659.159159 67.500000 0.596007623346411 0
760 0 2662.662663 0.000000 0.59580646424297834 0
760 1 2662.662663 22.500000 0.59580646424297834 0
760 2 2662.662663 45.000000 0.59580646424297834 0
760 3 2662.662663 67.500000 0.59580646424297834 0
761 0 2666.166166 0.000000 0.59591006613851483 0
761 1 2666.166166 22.500000 0.59591006613851483 0
761 2 2666.166166 45.000000 0.59591006613851483 0
761 3 2666.166166 67.500000 0.59591006613851483 0
762 0 2669.669670 0.000000 0.59630511177907841 0
762 1 2669.669670 22.500000 0.59630511177907841 0
762 2 2669.669670 45.000000 0.59630511177907841 0
762 3 2669.669670 67.500000 0.59630511177907841 0
763 0 2673.173173 0.000000 0.5969525790414113 0
763 1 2673.173173 22.500000 0.5969525790414113 0
763 2 2673.173173 45.000000 0.5969525790414113 0
763 3 2673.173173 67.500000 0.5969525790414113 0
764 0 2676.676677 0.000000 0.59779158553438794 0
764 1 2676.676677 22.500000 0.59779158553438794 0
764 2 2676.676677 45.000000 0.59779158553438794 0
764 3 2676.676677 67.500000 0.59779158553438794 0
765 0 2680.180180 0.000000 0.59874503352388042 0
765 1 2680.180180 22.500000 0.59874503352388042 0
765 2 2680.180180 45.000000 0.59874503352388042 0
765 3 2680.180180 67.500000 0.59874503352388042 0
766 0 2683.683684 0.000000 0.59972655261663743 0
766 1 2683.683684 22.500000 0.59972655261663743 0
766 2 2683.683684 45.000000 0.59972655261663743 0
766 3 2683.683684 67.500000 0.59972655261663743 0
767 0 2687.187187 0.000000 0.60064815865993693 0
767 1 2687.187187 22.500000 0.60064815865993693 0
767 2 2687.187187 45.000000 0.60064815865993693 0
767 3 2687.187187 67.500000 0.60064815865993693 0
768 0 2690.690691 0.000000 0.60142800166428745 0
768 1 2690.690691 22.500000 0.60142800166428745 0
768 2 2690.690691 45.000000 0.60142800166428745 0
768 3 2690.690691 67.500000 0.60142800166428745 0
769 0 2694.194194 0.000000 0.60199756289997874 0
769 1 2694.194194 22.500000 0.60199756289997874 0
769 2 2694.194194 45.000000 0.60199756289997874 0
769 3 2694.194194 67.500000 0.60199756289997874 0
770 0 2697.697698 0.000000 0.60230768678150959 0
770 1 2697.697698 22.500000 0.60230768678150959 0
770 2 2697.697698 45.000000 0.60230768678150959 0
770 3 2697.697698 67.500000 0.60230768678150959 0
771 0 2701.201201 0.000000 0.6023329051941394 0
771 1 2701.201201 22.500000 0.6023329051941394 0
771 2 2701.201201 45.000000 0.6023329051941394 0
771 3 2701.201201 67.500000 0.6023329051941394 0
772 0 2704.704705 0.000000 0.60207363751183052 0
772 1 2704.704705 22.500000 0.60207363751183052 0
772 2 2704.704705 45.000000 0.60207363751183052 0
772 3 2704.704705 67.500000 0.60207363751183052 0
773 0 2708.208208 0.000000 0.60155602862110047 0
773 1 2708.208208 22.500000 0.60155602862110047 0
773 2 2708.208208 45.000000 0.60155602862110047 0
773 3 2708.208208 67.500000 0.60155602862110047 0
774 0 2711.711712 0.000000 0.60082940858400535 0
774 1 2711.711712 22.500000 0.60082940858400535 0
774 2 2711.711712 45.000000 0.60082940858400535 0
774 3 2711.711712 67.500000 0.60082940858400535 0
775 0 2715.215215 0.000000 0.59996159805852833 0
775 1 2715.215215 22.500000 0.59996159805852833 0
775 2 2715.215215 45.000000 0.59996159805852833 0
775 3 2715.215215 67.500000 0.59996159805852833 0
776 0 2718.718719 0.000000 0.59903251155897097 0
776 1 2718.718719 22.500000 0.59903251155897097 0
776 2 2718.718719 45.000000 0.59903251155897097 0
776 3 2718.718719 67.500000 0.59903251155897097 0
777 0 2722.222222 0.000000 0.59812669233212823 0
777 1 2722.222222 22.500000 0.59812669233212823 0
777 2 2722.222222 45.000000 0.59812669233212823 0
777 3 2722.222222 67.500000 0.59812669233212823 0
778 0 2725.725726 0.000000 0.59732552011227891 0
778 1 2725.725726 22.500000 0.59732552011227891 0
778 2 2725.725726 45.000000 0.59732552011227891 0
778 3 2725.725726 67.500000 0.59732552011227891 0
779 0 2729.229229 0.000000 0.59669985094908806 0
779 1 2729.229229 22.500000 0.59669985094908806 0
779 2 2729.229229 45.000000 0.59669985094908806 0
779 3 2729.229229 67.500000 0.59669985094908806 0
780 0 2732.732733 0.000000 0.59630377743681406 0
780 1 2732.732733 22.500000 0.59630377743681406 0
780 2 2732.732733 45.000000 0.59630377743681406 0
780 3 2732.732733 67.500000 0.59630377743681406 0
781 0 2736.236236 0.000000 0.59617005407908719 0
781 1 2736.236236 22.500000 0.59617005407908719 0
781 2 2736.236236 45.000000 0.59617005407908719 0
781 3 2736.236236 67.500000 0.59617005407908719 0
782 0 2739.739740 0.000000 0.59630754279053544 0
782 1 2739.739740 22.500000 0.59630754279053544 0
782 2 2739.739740 45.000000 0.59630754279053544 0
782 3 2739.739740 67.500000 0.59630754279053544 0
783 0 2743.243243 0.000000 0.59670082762444643 0
783 1 2743.243243 22.500000 0.59670082762444643 0
783 2 2743.243243 45.000000 0.59670082762444643 0
783 3 2743.243243 67.500000 0.59670082762444643 0
784 0 2746.746747 0.000000 0.59731195187889852 0
784 1 2746.746747 22.500000 0.59731195187889852 0
784 2 2746.746747 45.000000 0.59731195187889852 0
784 3 2746.746747 67.500000 0.59731195187889852 0
785 0 2750.250250 0.000000 0.59808406215143506 0
785 1 2750.250250 22.500000 0.59808406215143506 0
785 2 2750.250250 45.000000 0.59808406215143506 0
785 3 2750.250250 67.500000 0.59808406215143506 0
786 0 2753.753754 0.000000 0.5989466098869306 0
786 1 2753.753754 22.500000 0.5989466098869306 0
786 2 2753.753754 45.000000 0.5989466098869306 0
786 3 2753.753754 67.500000 0.5989466098869306 0
787 0 2757.257257 0.000000 0.59982166073685694 0
787 1 2757.257257 22.500000 0.59982166073685694 0
787 2 2757.257257 45.000000 0.59982166073685694 0
787 3 2757.257257 67.500000 0.59982166073685694 0
788 0 2760.760761 0.000000 0.60063079150069587 0
788 1 2760.760761 22.500000 0.60063079150069587 0
788 2 2760.760761 45.000000 0.60063079150069587 0
788 3 2760.760761 67.500000 0.60063079150069587 0
789 0 2764.264264 0.000000 0.60130201101802716 0
789 1 2764.264264 22.500000 0.60130201101802716 0
789 2 2764.264264 45.000000 0.60130201101802716 0
789 3 2764.264264 67.500000 0.60130201101802716 0
790 0 2767.767768 0.000000 0.60177612740680042 0
790 1 2767.767768 22.500000 0.60177612740680042 0
790 2 2767.767768 45.000000 0.60177612740680042 0
790 3 2767.767768 67.500000 0.60177612740680042 0
791 0 2771.271271 0.000000 0.60201200677698008 0
791 1 2771.271271 22.500000 0.60201200677698008 0
791 2 2771.271271 45.000000 0.60201200677698008 0
791 3 2771.271271 67.500000 0.60201200677698008 0
792 0 2774.774775 0.000000 0.60199023725973078 0
792 1 2774.774775 22.500000 0.60199023725973078 0
792 2 2774.774775 45.000000 0.60199023725973078 0
792 3 2774.774775 67.500000 0.60199023725973078 0
793 0 2778.278278 0.000000 0.6017148331049379 0
793 1 2778.278278 22.500000 0.6017148331049379 0
793 2 2778.278278 45.000000 0.6017148331049379 0
793 3 2778.278278 67.500000 0.6017148331049379 0
794 0 2781.781782 0.000000 0.60121278479091211 0
794 1 2781.781782 22.500000 0.60121278479091211 0
794 2 2781.781782 45.000000 0.60121278479091211 0
794 3 2781.781782 67.500000 0.60121278479091211 0
795 0 2785.285285 0.000000 0.60053146941478819 0
795 1 2785.285285 22.500000 0.60053146941478819 0
795 2 2785.285285 45.000000 0.60053146941478819 0
795 3 2785.285285 67.500000 0.60053146941478819 0
796 0 2788.788789 0.000000 0.59973415710943867 0
796 1 2788.788789 22.500000 0.59973415710943867 0
796 2 2788.788789 45.000000 0.59973415710943867 0
796 3 2788.788789 67.500000 0.59973415710943867 0
797 0 2792.292292 0.000000 0.59889405312581945 0
797 1 2792.292292 22.500000 0.59889405312581945 0
797 2 2792.292292 45.000000 0.59889405312581945 0
797 3 2792.292292 67.500000 0.59889405312581945 0
798 0 2795.795796 0.000000 0.59808747073882518 0
798 1 2795.795796 22.500000 0.59808747073882518 0
798 2 2795.795796 45.000000 0.59808747073882518 0
798 3 2795.795796 67.500000 0.59808747073882518 0
799 0 2799.299299 0.000000 0.59738681373753377 0
799 1 2799.299299 22.500000 0.59738681373753377 0
799 2 2799.299299 45.000000 0.59738681373753377 0
799 3 2799.299299 67.500000 0.59738681373753377 0
800 0 2802.802803 0.000000 0.59685404826491428 0
800 1 2802.802803 22.500000 0.59685404826491428 0
800 2 2802.802803 45.000000 0.59685404826491428 0
800 3 2802.802803 67.500000 0.59685404826491428 0
801 0 2806.306306 0.000000 0.59653526652662325 0
801 1 2806.306306 22.500000 0.59653526652662325 0
801 2 2806.306306 45.000000 0.59653526652662325 0
801 3 2806.306306 67.500000 0.59653526652662325 0
802 0 2809.809810 0.000000 0.5964568068790318 0
802 1 2809.809810 22.500000 0.5964568068790318 0
802 2 2809.809810 45.000000 0.5964568068790318 0
802 3 2809.809810 67.500000 0.5964568068790318 0
803 0 2813.313313 0.000000 0.59662322140845192 0
803 1 2813.313313 22.500000 0.59662322140845192 0
803 2 2813.313313 45.000000 0.59662322140845192 0
803 3 2813.313313 67.500000 0.59662322140845192 0
804 0 2816.816817 0.000000 0.59701719977791612 0
804 1 2816.816817 22.500000 0.59701719977791612 0
804 2 2816.816817 45.000000 0.59701719977791612 0
804 3 2816.816817 67.500000 0.59701719977791612 0
805 0 2820.320320 0.000000 0.59760138821766184 0
805 1 2820.320320 22.500000 0.59760138821766184 0
805 2 2820.320320 45.000000 0.59760138821766184 0
805 3 2820.320320 67.500000 0.59760138821766184 0
806 0 2823.823824 0.000000 0.59832189775839817 0
806 1 2823.823824 22.500000 0.59832189775839817 0
806 2 2823.823824 45.000000 0.59832189775839817 0
806 3 2823.823824 67.500000 0.59832189775839817 0
807 0 2827.327327 0.000000 0.59911318000492264 0
807 1 2827.327327 22.500000 0.59911318000492264 0
807 2 2827.327327 45.000000 0.59911318000492264 0
807 3 2827.327327 67.500000 0.59911318000492264 0
808 0 2830.830831 0.000000 0.59990385988649364 0
808 1 2830.830831 22.500000 0.59990385988649364 0
808 2 2830.830831 45.000000 0.59990385988649364 0
808 3 2830.830831 67.500000 0.59990385988649364 0
809 0 2834.334334 0.000000 0.6006230495702789 0
809 1 2834.334334 22.500000 0.6006230495702789 0
809 2 2834.334334 45.000000 0.6006230495702789 0
809 3 2834.334334 67.500000 0.6006230495702789 0
810 0 2837.837838 0.000000 0.60120662571204975 0
810 1 2837.837838 22.500000 0.60120662571204975 0
810 2 2837.837838 45.000000 0.60120662571204975 0
810 3 2837.837838 67.500000 0.60120662571204975 0
811 0 2841.341341 0.000000 0.60160293815311339 0
811 1 2841.341341 22.500000 0.60160293815311339 0
811 2 2841.341341 45.000000 0.60160293815311339 0
811 3 2841.341341 67.500000 0.60160293815311339 0
812 0 2844.844845 0.000000 0.60177744092998564 0
812 1 2844.844845 22.500000 0.60177744092998564 0
812 2 2844.844845 45.000000 0.60177744092998564 0
812 3 2844.844845 67.500000 0.60177744092998564 0
813 0 2848.348348 0.000000 0.60171580541413927 0
813 1 2848.348348 22.500000 0.60171580541413927 0
813 2 2848.348348 45.000000 0.60171580541413927 0
813 3 2848.348348 67.500000 0.60171580541413927 0
814 0 2851.851852 0.000000 0.60142519536083872 0
814 1 2851.851852 22.500000 0.60142519536083872 0
814 2 2851.851852 45.000000 0.60142519536083872 0
814 3 2851.851852 67.500000 0.60142519536083872 0
815 0 2855.355355 0.000000 0.60093355043187213 0
815 1 2855.355355 22.500000 0.60093355043187213 0
815 2 2855.355355 45.000000 0.60093355043187213 0
815 3 2855.355355 67.500000 0.60093355043187213 0
816 0 2858.858859 0.000000 0.600286923161928 0
816 1 2858.858859 22.500000 0.600286923161928 0
816 2 2858.858859 45.000000 0.600286923161928 0
816 3 2858.858859 67.500000 0.600286923161928 0
817 0 2862.362362 0.000000 0.59954511959141632 0
817 1 2862.362362 22.500000 0.59954511959141632 0
817 2 2862.362362 45.000000 0.59954511959141632 0
817 3 2862.362362 67.500000 0.59954511959141632 0
818 0 2865.865866 0.000000 0.59877607629736429 0
818 1 2865.865866 22.500000 0.59877607629736429 0
818 2 2865.865866 45.000000 0.59877607629736429 0
818 3 2865.865866 67.500000 0.59877607629736429 0
819 0 2869.369369 0.000000 0.59804953860062504 0
819 1 2869.369369 22.500000 0.59804953860062504 0
819 2 2869.369369 45.000000 0.59804953860062504 0
819 3 2869.369369 67.500000 0.59804953860062504 0
820 0 2872.872873 0.000000 0.59743066705990222 0
820 1 2872.872873 22.500000 0.59743066705990222 0
820 2 2872.872873 45.000000 0.59743066705990222 0
820 3 2872.872873 67.500000 0.59743066705990222 0
821 0 2876.376376 0.000000 0.59697418561909577 0
821 1 2876.376376 22.500000 0.59697418561909577 0
821 2 2876.376376 45.000000 0.59697418561909577 0
821 3 2876.376376 67.500000 0.59697418561909577 0
822 0 2879.879880 0.000000 0.59671960238159372 0
822 1 2879.879880 22.500000 0.59671960238159372 0
822 2 2879.879880 45.000000 0.59671960238159372 0
822 3 2879.879880 67.500000 0.59671960238159372 0
823 0 2883.383383 0.000000 0.59668790134085825 0
823 1 2883.383383 22.500000 0.59668790134085825 0
823 2 2883.383383 45.000000 0.59668790134085825 0
823 3 2883.383383 67.500000 0.59668790134085825 0
824 0 2886.886887 0.000000 0.59687994435949365 0
824 1 2886.886887 22.500000 0.59687994435949365 0
824 2 2886.886887 45.000000 0.59687994435949365 0
824 3 2886.886887 67.500000 0.59687994435949365 0
825 0 2890.390390 0.000000 0.59727666025241177 0
825 1 2890.390390 22.500000 0.59727666025241177 0
825 2 2890.390390 45.000000 0.59727666025241177 0
825 3 2890.390390 67.500000 0.59727666025241177 0
826 0 2893.893894 0.000000 0.59784094903598584 0
826 1 2893.893894 22.500000 0.59784094903598584 0
826 2 2893.893894 45.000000 0.59784094903598584 0
826 3 2893.893894 67.500000 0.59784094903598584 0
827 0 2897.397397 0.000000 0.59852110302186778 0
827 1 2897.397397 22.500000 0.59852110302186778 0
827 2 2897.397397 45.000000 0.59852110302186778 0
827 3 2897.397397 67.500000 0.59852110302186778 0
828 0 2900.900901 0.000000 0.5992554438692923 0
828 1 2900.900901 22.500000 0.5992554438692923 0
828 2 2900.900901 45.000000 0.5992554438692923 0
828 3 2900.900901 67.500000 0.5992554438692923 0
829 0 2904.404404 0.000000 0.59997779345799318 0
829 1 2904.404404 22.500000 0.59997779345799318 0
829 2 2904.404404 45.000000 0.59997779345799318 0
829 3 2904.404404 67.500000 0.59997779345799318 0
830 0 2907.907908 0.000000 0.60062333447114791 0
830 1 2907.907908 22.500000 0.60062333447114791 0
830 2 2907.907908 45.000000 0.60062333447114791 0
830 3 2907.907908 67.500000 0.60062333447114791 0
831 0 2911.411411 0.000000 0.60113437576250706 0
831 1 2911.411411 22.500000 0.60113437576250706 0
831 2 2911.411411 45.000000 0.60113437576250706 0
831 3 2911.411411 67.500000 0.60113437576250706 0
832 0 2914.914915 0.000000 0.60146552475318216 0
832 1 2914.914915 22.500000 0.60146552475318216 0
832 2 2914.914915 45.000000 0.60146552475318216 0
832 3 2914.914915 67.500000 0.60146552475318216 0
833 0 2918.418418 0.000000 0.60158779416923791 0
833 1 2918.418418 22.500000 0.60158779416923791 0
833 2 2918.418418 45.000000 0.60158779416923791 0
833 3 2918.418418 67.500000 0.60158779416923791 0
834 0 2921.921922 0.000000 0.60149124223649697 0
834 1 2921.921922 22.500000 0.60149124223649697 0
834 2 2921.921922 45.000000 0.60149124223649697 0
834 3 2921.921922 67.500000 0.60149124223649697 0
835 0 2925.425425 0.000000 0.60118586691848497 0
835 1 2925.425425 22.500000 0.60118586691848497 0
835 2 2925.425425 45.000000 0.60118586691848497 0
835 3 2925.425425 67.500000 0.60118586691848497 0
836 0 2928.928929 0.000000 0.60070063924656303 0
836 1 2928.928929 22.500000 0.60070063924656303 0
836 2 2928.928929 45.000000 0.60070063924656303 0
836 3 2928.928929 67.500000 0.60070063924656303 0
837 0 2932.432432 0.000000 0.60008075104237024 0
837 1 2932.432432 22.500000 0.60008075104237024 0
837 2 2932.432432 45.000000 0.60008075104237024 0
837 3 2932.432432 67.500000 0.60008075104237024 0
838 0 2935.935936 0.000000 0.59938334305419294 0
838 1 2935.935936 22.500000 0.59938334305419294 0
838 2 2935.935936 45.000000 0.59938334305419294 0
838 3 2935.935936 67.500000 0.59938334305419294 0
839 0 2939.439439 0.000000 0.59867214253464518 0
839 1 2939.439439 22.500000 0.59867214253464518 0
839 2 2939.439439 45.000000 0.59867214253464518 0
839 3 2939.439439 67.500000 0.59867214253464518 0
840 0 2942.942943 0.000000 0.59801155004215034 0
840 1 2942.942943 22.500000 0.59801155004215034 0
840 2 2942.942943 45.000000 0.59801155004215034 0
840 3 2942.942943 67.500000 0.59801155004215034 0
841 0 2946.446446 0.000000 0.59746075864687798 0
841 1 2946.446446 22.500000 0.59746075864687798 0
841 2 2946.446446 45.000000 0.59746075864687798 0
841 3 2946.446446 67.500000 0.59746075864687798 0
842 0 2949.949950 0.000000 0.59706846232229316 0
842 1 2949.949950 22.500000 0.59706846232229316 0
842 2 2949.949950 45.000000 0.59706846232229316 0
842 3 2949.949950 67.500000 0.59706846232229316 0
843 0 2953.453453 0.000000 0.59686862406851426 0
843 1 2953.453453 22.500000 0.59686862406851426 0
843 2 2953.453453 45.000000 0.59686862406851426 0
843 3 2953.453453 67.500000 0.59686862406851426 0
844 0 2956.956957 0.000000 0.59687764704739088 0
844 1 2956.956957 22.500000 0.59687764704739088 0
844 2 2956.956957 45.000000 0.59687764704739088 0
844 3 2956.956957 67.500000 0.59687764704739088 0
845 0 2960.460460 0.000000 0.59709314577651929 0
845 1 2960.460460 22.500000 0.59709314577651929 0
845 2 2960.460460 45.000000 0.59709314577651929 0
845 3 2960.460460 67.500000 0.59709314577651929 0
846 0 2963.963964 0.000000 0.59749436884568952 0
846 1 2963.963964 22.500000 0.59749436884568952 0
846 2 2963.963964 45.000000 0.59749436884568952 0
846 3 2963.963964 67.500000 0.59749436884568952 0
847 0 2967.467467 0.000000 0.59804419285069865 0
847 1 2967.467467 22.500000 0.59804419285069865 0
847 2 2967.467467 45.000000 0.59804419285069865 0
847 3 2967.467467 67.500000 0.59804419285069865 0
848 0 2970.970971 0.000000 0.59869249485964471 0
848 1 2970.970971 22.500000 0.59869249485964471 0
848 2 2970.970971 45.000000 0.59869249485964471 0
848 3 2970.970971 67.500000 0.59869249485964471 0
849 0 2974.474474 0.000000 0.5993806175042814 0
849 1 2974.474474 22.500000 0.5993806175042814 0
849 2 2974.474474 45.000000 0.5993806175042814 0
849 3 2974.474474 67.500000 0.5993806175042814 0
850 0 2977.977978 0.000000 0.60004656441369431 0
850 1 2977.977978 22.500000 0.60004656441369431 0
850 2 2977.977978 45.000000 0.60004656441369431 0
850 3 2977.977978 67.500000 0.60004656441369431 0
851 0 2981.481481 0.000000 0.6006305037916706 0
851 1 2981.481481 22.500000 0.6006305037916706 0
851 2 2981.481481 45.000000 0.6006305037916706 0
851 3 2981.481481 67.500000 0.6006305037916706 0
852 0 2984.984985 0.000000 0.60108011857770349 0
852 1 2984.984985 22.500000 0.60108011857770349 0
852 2 2984.984985 45.000000 0.60108011857770349 0
852 3 2984.984985 67.500000 0.60108011857770349 0
853 0 2988.488488 0.000000 0.60135533140301345 0
853 1 2988.488488 22.500000 0.60135533140301345 0
853 2 2988.488488 45.000000 0.60135533140301345 0
853 3 2988.488488 67.500000 0.60135533140301345 0
854 0 2991.991992 0.000000 0.60143196184228109 0
854 1 2991.991992 22.500000 0.60143196184228109 0
854 2 2991.991992 45.000000 0.60143196184228109 0
854 3 2991.991992 67.500000 0.60143196184228109 0
855 0 2995.495495 0.000000 0.60130395004812731 0
855 1 2995.495495 22.500000 0.60130395004812731 0
855 2 2995.495495 45.000000 0.60130395004812731 0
855 3 2995.495495 67.500000 0.60130395004812731 0
856 0 2998.998999 0.000000 0.60098390541761104 0
856 1 2998.998999 22.500000 0.60098390541761104 0
856 2 2998.998999 45.000000 0.60098390541761104 0
856 3 2998.998999 67.500000 0.60098390541761104 0
857 0 3002.502503 0.000000 0.60050190224904187 0
857 1 3002.502503 22.500000 0.60050190224904187 0
857 2 3002.502503 45.000000 0.60050190224904187 0
857 3 3002.502503 67.500000 0.60050190224904187 0
858 0 3006.006006 0.000000 0.59990262737935141 0
858 1 3006.006006 22.500000 0.59990262737935141 0
858 2 3006.006006 45.000000 0.59990262737935141 0
858 3 3006.006006 67.500000 0.59990262737935141 0
859 0 3009.509510 0.000000 0.59924116200134414 0
859 1 3009.509510 22.500000 0.59924116200134414 0
859 2 3009.509510 45.000000 0.59924116200134414 0
859 3 3009.509510 67.500000 0.59924116200134414 0
860 0 3013.013013 0.000000 0.59857782474891419 0
860 1 3013.013013 22.500000 0.59857782474891419 0
860 2 3013.013013 45.000000 0.59857782474891419 0
860 3 3013.013013 67.500000 0.59857782474891419 0
861 0 3016.516517 0.000000 0.59797259444490691 0
861 1 3016.516517 22.500000 0.59797259444490691 0
861 2 3016.516517 45.000000 0.59797259444490691 0
861 3 3016.516517 67.500000 0.59797259444490691 0
862 0 3020.020020 0.000000 0.5974796574868243 0
862 1 3020.020020 22.500000 0.5974796574868243 0
862 2 3020.020020 45.000000 0.5974796574868243 0
862 3 3020.020020 67.500000 0.5974796574868243 0
863 0 3023.523524 0.000000 0.59714258775132001 0
863 1 3023.523524 22.500000 0.59714258775132001 0
863 2 3023.523524 45.000000 0.59714258775132001 0
863 3 3023.523524 67.500000 0.59714258775132001 0
864 0 3027.027027 0.000000 0.59699057807966693 0
864 1 3027.027027 22.500000 0.59699057807966693 0
864 2 3027.027027 45.000000 0.59699057807966693 0
864 3 3027.027027 67.500000 0.59699057807966693 0
865 0 3030.530531 0.000000 0.5970360205959423 0
865 1 3030.530531 22.500000 0.5970360205959423 0
865 2 3030.530531 45.000000 0.5970360205959423 0
865 3 3030.530531 67.500000 0.5970360205959423 0
866 0 3034.034034 0.000000 0.59727359834586868 0
866 1 3034.034034 22.500000 0.59727359834586868 0
866 2 3034.034034 45.000000 0.59727359834586868 0
866 3 3034.034034 67.500000 0.59727359834586868 0
867 0 3037.537538 0.000000 0.59768091938163337 0
867 1 3037.537538 22.500000 0.59768091938163337 0
867 2 3037.537538 45.000000 0.59768091938163337 0
867 3 3037.537538 67.500000 0.59768091938163337 0
868 0 3041.041041 0.000000 0.59822060620649575 0
868 1 3041.041041 22.500000 0.59822060620649575 0
868 2 3041.041041 45.000000 0.59822060620649575 0
868 3 3041.041041 67.500000 0.59822060620649575 0
869 0 3044.544545 0.000000 0.59884365149541496 0
869 1 3044.544545 22.500000 0.59884365149541496 0
869 2 3044.544545 45.000000 0.59884365149541496 0
869 3 3044.544545 67.500000 0.59884365149541496 0
870 0 3048.048048 0.000000 0.59949376406749155 0
870 1 3048.048048 22.500000 0.59949376406749155 0
870 2 3048.048048 45.000000 0.59949376406749155 0
870 3 3048.048048 67.500000 0.59949376406749155 0
871 0 3051.551552 0.000000 0.60011235563007914 0
871 1 3051.551552 22.500000 0.60011235563007914 0
871 2 3051.551552 45.000000 0.60011235563007914 0
871 3 3051.551552 67.500000 0.60011235563007914 0
872 0 3055.055055 0.000000 0.60064376032726363 0
872 1 3055.055055 22.500000 0.60064376032726363 0
872 2 3055.055055 45.000000 0.60064376032726363 0
872 3 3055.055055 67.500000 0.60064376032726363 0
873 0 3058.558559 0.000000 0.60104024178846005 0
873 1 3058.558559 22.500000 0.60104024178846005 0
873 2 3058.558559 45.000000 0.60104024178846005 0
873 3 3058.558559 67.500000 0.60104024178846005 0
874 0 3062.062062 0.000000 0.60126633610245839 0
874 1 3062.062062 22.500000 0.60126633610245839 0
874 2 3062.062062 45.000000 0.60126633610245839 0
874 3 3062.062062 67.500000 0.60126633610245839 0
875 0 3065.565566 0.000000 0.60130211426987046 0
875 1 3065.565566 22.500000 0.60130211426987046 0
875 2 3065.565566 45.000000 0.60130211426987046 0
875 3 3065.565566 67.500000 0.60130211426987046 0
876 0 3069.069069 0.000000 0.60114503046392953 0
876 1 3069.069069 22.500000 0.60114503046392953 0
876 2 3069.069069 45.000000 0.60114503046392953 0
876 3 3069.069069 67.500000 0.60114503046392953 0
877 0 3072.572573 0.000000 0.60081015104605162 0
877 1 3072.572573 22.500000 0.60081015104605162 0
877 2 3072.572573 45.000000 0.60081015104605162 0
877 3 3072.572573 67.500000 0.60081015104605162 0
878 0 3076.076076 0.000000 0.60032872198583287 0
878 1 3076.076076 22.500000 0.60032872198583287 0
878 2 3076.076076 45.000000 0.60032872198583287 0
878 3 3076.076076 67.500000 0.60032872198583287 0
879 0 3079.579580 0.000000 0.59974520854636248 0
879 1 3079.579580 22.500000 0.59974520854636248 0
879 2 3079.579580 45.000000 0.59974520854636248 0
879 3 3079.579580 67.500000 0.59974520854636248 0
880 0 3083.083083 0.000000 0.5991131053964196 0
880 1 3083.083083 22.500000 0.5991131053964196 0
880 2 3083.083083 45.000000 0.5991131053964196 0
880 3 3083.083083 67.500000 0.5991131053964196 0
881 0 3086.586587 0.000000 0.59848994316897475 0
881 1 3086.586587 22.500000 0.59848994316897475 0
881 2 3086.586587 45.000000 0.59848994316897475 0
881 3 3086.586587 67.500000 0.59848994316897475 0
882 0 3090.090090 0.000000 0.59793199096827887 0
882 1 3090.090090 22.500000 0.59793199096827887 0
882 2 3090.090090 45.000000 0.59793199096827887 0
882 3 3090.090090 67.500000 0.59793199096827887 0
883 0 3093.593594 0.000000 0.59748916603393443 0
883 1 3093.593594 22.500000 0.59748916603393443 0
883 2 3093.593594 45.000000 0.59748916603393443 0
883 3 3093.593594 67.500000 0.59748916603393443 0
884 0 3097.097097 0.000000 0.59720061579495232 0
884 1 3097.097097 22.500000 0.59720061579495232 0
884 2 3097.097097 45.000000 0.59720061579495232 0
884 3 3097.097097 67.500000 0.59720061579495232 0
885 0 3100.600601 0.000000 0.59709134729419577 0
885 1 3100.600601 22.500000 0.59709134729419577 0
885 2 3100.600601 45.000000 0.59709134729419577 0
885 3 3100.600601 67.500000 0.59709134729419577 0
886 0 3104.104104 0.000000 0.59717016265734657 0
886 1 3104.104104 22.500000 0.59717016265734657 0
886 2 3104.104104 45.000000 0.59717016265734657 0
886 3 3104.104104 67.500000 0.59717016265734657 0
887 0 3107.607608 0.000000 0.59742903475251263 0
887 1 3107.607608 22.500000 0.59742903475251263 0
887 2 3107.607608 45.000000 0.59742903475251263 0
887 3 3107.607608 67.500000 0.59742903475251263 0
888 0 3111.111111 0.000000 0.59784393768870248 0
888 1 3111.111111 22.500000 0.59784393768870248 0
888 2 3111.111111 45.000000 0.59784393768870248 0
888 3 3111.111111 67.500000 0.59784393768870248 0
889 0 3114.614615 0.000000 0.59837703913424478 0
889 1 3114.614615 22.500000 0.59837703913424478 0
889 2 3114.614615 45.000000 0.59837703913424478 0
889 3 3114.614615 67.500000 0.59837703913424478 0
890 0 3118.118118 0.000000 0.59898006679636917 0
890 1 3118.118118 22.500000 0.59898006679636917 0
890 2 3118.118118 45.000000 0.59898006679636917 0
890 3 3118.118118 67.500000 0.59898006679636917 0
891 0 3121.621622 0.000000 0.59959857833972974 0
891 1 3121.621622 22.500000 0.59959857833972974 0
891 2 3121.621622 45.000000 0.59959857833972974 0
891 3 3121.621622 67.500000 0.59959857833972974 0
892 0 3125.125125 0.000000 0.60017679213414676 0
892 1 3125.125125 22.500000 0.60017679213414676 0
892 2 3125.125125 45.000000 0.60017679213414676 0
892 3 3125.125125 67.500000 0.60017679213414676 0
893 0 3128.628629 0.000000 0.60066257898700626 0
893 1 3128.628629 22.500000 0.60066257898700626 0
893 2 3128.628629 45.000000 0.60066257898700626 0
893 3 3128.628629 67.500000 0.60066257898700626 0
894 0 3132.132132 0.000000 0.6010121804964571 0
894 1 3132.132132 22.500000 0.6010121804964571 0
894 2 3132.132132 45.000000 0.6010121804964571 0
894 3 3132.132132 67.500000 0.6010121804964571 0
895 0 3135.635636 0.000000 0.60119421867650569 0
895 1 3135.635636 22.500000 0.60119421867650569 0
895 2 3135.635636 45.000000 0.60119421867650569 0
895 3 3135.635636 67.500000 0.60119421867650569 0
896 0 3139.139139 0.000000 0.60119260383214201 0
896 1 3139.139139 22.500000 0.60119260383214201 0
896 2 3139.139139 45.000000 0.60119260383214201 0
896 3 3139.139139 67.500000 0.60119260383214201 0
897 0 3142.642643 0.000000 0.60100803763750255 0
897 1 3142.642643 22.500000 0.60100803763750255 0
897 2 3142.642643 45.000000 0.60100803763750255 0
897 3 3142.642643 67.500000 0.60100803763750255 0
898 0 3146.146146 0.000000 0.60065794154439578 0
898 1 3146.146146 22.500000 0.60065794154439578 0
898 2 3146.146146 45.000000 0.60065794154439578 0
898 3 3146.146146 67.500000 0.60065794154439578 0
899 0 3149.649650 0.000000 0.60017480286574509 0
899 1 3149.649650 22.500000 0.60017480286574509 0
899 2 3149.649650 45.000000 0.60017480286574509 0
899 3 3149.649650 67.500000 0.60017480286574509 0
900 0 3153.153153 0.000000 0.59960310032242747 0
900 1 3153.153153 22.500000 0.59960310032242747 0
900 2 3153.153153 45.000000 0.59960310032242747 0
900 3 3153.153153 67.500000 0.59960310032242747 0
901 0 3156.656657 0.000000 0.59899512259008492 0
901 1 3156.656657 22.500000 0.59899512259008492 0
901 2 3156.656657 45.000000 0.59899512259008492 0
901 3 3156.656657 67.500000 0.59899512259008492 0
902 0 3160.160160 0.000000 0.59840610512220671 0
902 1 3160.160160 22.500000 0.59840610512220671 0
902 2 3160.160160 45.000000 0.59840610512220671 0
902 3 3160.160160 67.500000 0.59840610512220671 0
903 0 3163.663664 0.000000 0.59788916767108169 0
903 1 3163.663664 22.500000 0.59788916767108169 0
903 2 3163.663664 45.000000 0.59788916767108169 0
903 3 3163.663664 67.500000 0.59788916767108169 0
904 0 3167.167167 0.000000 0.59749053356379944 0
904 1 3167.167167 22.500000 0.59749053356379944 0
904 2 3167.167167 45.000000 0.59749053356379944 0
904 3 3167.167167 67.500000 0.59749053356379944 0
905 0 3170.670671 0.000000 0.59724545859638312 0
905 1 3170.670671 22.500000 0.59724545859638312 0
905 2 3170.670671 45.000000 0.59724545859638312 0
905 3 3170.670671 67.500000 0.59724545859638312 0
906 0 3174.174174 0.000000 0.59717520673016122 0
906 1 3174.174174 22.500000 0.59717520673016122 0
906 2 3174.174174 45.000000 0.59717520673016122 0
906 3 3174.174174 67.500000 0.59717520673016122 0
907 0 3177.677678 0.000000 0.59728529893521987 0
907 1 3177.677678 22.500000 0.59728529893521987 0
907 2 3177.677678 45.000000 0.59728529893521987 0
907 3 3177.677678 67.500000 0.59728529893521987 0
908 0 3181.181181 0.000000 0.59756514602831512 0
908 1 3181.181181 22.500000 0.59756514602831512 0
908 2 3181.181181 45.000000 0.59756514602831512 0
908 3 3181.181181 67.500000 0.59756514602831512 0
909 0 3184.684685 0.000000 0.59798906654704276 0
909 1 3184.684685 22.500000 0.59798906654704276 0
909 2 3184.684685 45.000000 0.59798906654704276 0
909 3 3184.684685 67.500000 0.59798906654704276 0
910 0 3188.188188 0.000000 0.59851859091498361 0
910 1 3188.188188 22.500000 0.59851859091498361 0
910 2 3188.188188 45.000000 0.59851859091498361 0
910 3 3188.188188 67.500000 0.59851859091498361 0
911 0 3191.691692 0.000000 0.59910586332210236 0
911 1 3191.691692 22.500000 0.59910586332210236 0
911 2 3191.691692 45.000000 0.59910586332210236 0
911 3 3191.691692 67.500000 0.59910586332210236 0
912 0 3195.195195 0.000000 0.59969787168254851 0
912 1 3195.195195 22.500000 0.59969787168254851 0
912 2 3195.195195 45.000000 0.59969787168254851 0
912 3 3195.195195 67.500000 0.59969787168254851 0
913 0 3198.698699 0.000000 0.60024116484807366 0
913 1 3198.698699 22.500000 0.60024116484807366 0
913 2 3198.698699 45.000000 0.60024116484807366 0
913 3 3198.698699 67.500000 0.60024116484807366 0
914 0 3202.202202 0.000000 0.6006866604490918 0
914 1 3202.202202 22.500000 0.6006866604490918 0
914 2 3202.202202 45.000000 0.6006866604490918 0
914 3 3202.202202 67.500000 0.6006866604490918 0
915 0 3205.705706 0.000000 0.60099411598617836 0
915 1 3205.705706 22.500000 0.60099411598617836 0
915 2 3205.705706 45.000000 0.60099411598617836 0
915 3 3205.705706 67.500000 0.60099411598617836 0
916 0 3209.209209 0.000000 0.60113584137498677 0
916 1 3209.209209 22.500000 0.60113584137498677 0
916 2 3209.209209 45.000000 0.60113584137498677 0
916 3 3209.209209 67.500000 0.60113584137498677 0
917 0 3212.712713 0.000000 0.60109928181576777 0
917 1 3212.712713 22.500000 0.60109928181576777 0
917 2 3212.712713 45.000000 0.60109928181576777 0
917 3 3212.712713 67.500000 0.60109928181576777 0
918 0 3216.216216 0.000000 0.60088819771676083 0
918 1 3216.216216 22.500000 0.60088819771676083 0
918 2 3216.216216 45.000000 0.60088819771676083 0
918 3 3216.216216 67.500000 0.60088819771676083 0
919 0 3219.719720 0.000000 0.60052230629323122 0
919 1 3219.719720 22.500000 0.60052230629323122 0
919 2 3219.719720 45.000000 0.60052230629323122 0
919 3 3219.719720 67.500000 0.60052230629323122 0
920 0 3223.223223 0.000000 0.60003541101785984 0
920 1 3223.223223 22.500000 0.60003541101785984 0
920 2 3223.223223 45.000000 0.60003541101785984 0
920 3 3223.223223 67.500000 0.60003541101785984 0
921 0 3226.726727 0.000000 0.5994722076128145 0
921 1 3226.726727 22.500000 0.5994722076128145 0
921 2 3226.726727 45.000000 0.5994722076128145 0
921 3 3226.726727 67.500000 0.5994722076128145 0
922 0 3230.230230 0.000000 0.59888409468932402 0
922 1 3230.230230 22.500000 0.59888409468932402 0
922 2 3230.230230 45.000000 0.59888409468932402 0
922 3 3230.230230 67.500000 0.59888409468932402 0
923 0 3233.733734 0.000000 0.59832441358578581 0
923 1 3233.733734 22.500000 0.59832441358578581 0
923 2 3233.733734 45.000000 0.59832441358578581 0
923 3 3233.733734 67.500000 0.59832441358578581 0
924 0 3237.237237 0.000000 0.59784358416336392 0
924 1 3237.237237 22.500000 0.59784358416336392 0
924 2 3237.237237 45.000000 0.59784358416336392 0
924 3 3237.237237 67.500000 0.59784358416336392 0
925 0 3240.740741 0.000000 0.59748459057038839 0
925 1 3240.740741 22.500000 0.59748459057038839 0
925 2 3240.740741 45.000000 0.59748459057038839 0
925 3 3240.740741 67.500000 0.59748459057038839 0
926 0 3244.244244 0.000000 0.59727921208315382 0
926 1 3244.244244 22.500000 0.59727921208315382 0
926 2 3244.244244 45.000000 0.59727921208315382 0
926 3 3244.244244 67.500000 0.59727921208315382 0
927 0 3247.747748 0.000000 0.5972453038696276 0
927 1 3247.747748 22.500000 0.5972453038696276 0
927 2 3247.747748 45.000000 0.5972453038696276 0
927 3 3247.747748 67.500000 0.5972453038696276 0
928 0 3251.251251 0.000000 0.59738532699182112 0
928 1 3251.251251 22.500000 0.59738532699182112 0
928 2 3251.251251 45.000000 0.59738532699182112 0
928 3 3251.251251 67.500000 0.59738532699182112 0
929 0 3254.754755 0.000000 0.59768621926989141 0
929 1 3254.754755 22.500000 0.59768621926989141 0
929 2 3254.754755 45.000000 0.59768621926989141 0
929 3 3254.754755 67.500000 0.59768621926989141 0
930 0 3258.258258 0.000000 0.59812059646828697 0
930 1 3258.258258 22.500000 0.59812059646828697 0
930 2 3258.258258 45.000000 0.59812059646828697 0
930 3 3258.258258 67.500000 0.59812059646828697 0
931 0 3261.761762 0.000000 0.59864917896713121 0
931 1 3261.761762 22.500000 0.59864917896713121 0
931 2 3261.761762 45.000000 0.59864917896713121 0
931 3 3261.761762 67.500000 0.59864917896713121 0
932 0 3265.265265 0.000000 0.59922425190452255 0
932 1 3265.265265 22.500000 0.59922425190452255 0
932 2 3265.265265 45.000000 0.59922425190452255 0
932 3 3265.265265 67.500000 0.59922425190452255 0
933 0 3268.768769 0.000000 0.59979388627798036 0
933 1 3268.768769 22.500000 0.59979388627798036 0
933 2 3268.768769 45.000000 0.59979388627798036 0
933 3 3268.768769 67.500000 0.59979388627798036 0
934 0 3272.272272 0.000000 0.6003065775478752 0
934 1 3272.272272 22.500000 0.6003065775478752 0
934 2 3272.272272 45.000000 0.6003065775478752 0
934 3 3272.272272 67.500000 0.6003065775478752 0
935 0 3275.775776 0.000000 0.60071590436551225 0
935 1 3275.775776 22.500000 0.60071590436551225 0
935 2 3275.775776 45.000000 0.60071590436551225 0
935 3 3275.775776 67.500000 0.60071590436551225 0
936 0 3279.279279 0.000000 0.60098478413574308 0
936 1 3279.279279 22.500000 0.60098478413574308 0
936 2 3279.279279 45.000000 0.60098478413574308 0
936 3 3279.279279 67.500000 0.60098478413574308 0
937 0 3282.782783 0.000000 0.60108891549067112 0
937 1 3282.782783 22.500000 0.60108891549067112 0
937 2 3282.782783 45.000000 0.60108891549067112 0
937 3 3282.782783 67.500000 0.60108891549067112 0
938 0 3286.286286 0.000000 0.60101905770870756 0
938 1 3286.286286 22.500000 0.60101905770870756 0
938 2 3286.286286 45.000000 0.60101905770870756 0
938 3 3286.286286 67.500000 0.60101905770870756 0
939 0 3289.789790 0.000000 0.60078190327736802 0
939 1 3289.789790 22.500000 0.60078190327736802 0
939 2 3289.789790 45.000000 0.60078190327736802 0
939 3 3289.789790 67.500000 0.60078190327736802 0
940 0 3293.293293 0.000000 0.60039944230941844 0
940 1 3293.293293 22.500000 0.60039944230941844 0
940 2 3293.293293 45.000000 0.60039944230941844 0
940 3 3293.293293 67.500000 0.60039944230941844 0
941 0 3296.796797 0.000000 0.59990687803264908 0
941 1 3296.796797 22.500000 0.59990687803264908 0
941 2 3296.796797 45.000000 0.59990687803264908 0
941 3 3296.796797 67.500000 0.59990687803264908 0
942 0 3300.300300 0.000000 0.59934930787362417 0
942 1 3300.300300 22.500000 0.59934930787362417 0
942 2 3300.300300 45.000000 0.59934930787362417 0
942 3 3300.300300 67.500000 0.59934930787362417 0
943 0 3303.803804 0.000000 0.59877751190051121 0
943 1 3303.803804 22.500000 0.59877751190051121 0
943 2 3303.803804 45.000000 0.59877751190051121 0
943 3 3303.803804 67.500000 0.59877751190051121 0
944 0 3307.307307 0.000000 0.59824327233253627 0
944 1 3307.307307 22.500000 0.59824327233253627 0
944 2 3307.307307 45.000000 0.59824327233253627 0
944 3 3307.307307 67.500000 0.59824327233253627 0
945 0 3310.810811 0.000000 0.59779467644239814 0
945 1 3310.810811 22.500000 0.59779467644239814 0
945 2 3310.810811 45.000000 0.59779467644239814 0
945 3 3310.810811 67.500000 0.59779467644239814 0
946 0 3314.314314 0.000000 0.59747183263121317 0
946 1 3314.314314 22.500000 0.59747183263121317 0
946 2 3314.314314 45.000000 0.59747183263121317 0
946 3 3314.314314 67.500000 0.59747183263121317 0
947 0 3317.817818 0.000000 0.59730336619479296 0
947 1 3317.817818 22.500000 0.59730336619479296 0
947 2 3317.817818 45.000000 0.59730336619479296 0
947 3 3317.817818 67.500000 0.59730336619479296 0
948 0 3321.321321 0.000000 0.59730397212263986 0
948 1 3321.321321 22.500000 0.59730397212263986 0
948 2 3321.321321 45.000000 0.59730397212263986 0
948 3 3321.321321 67.500000 0.59730397212263986 0
949 0 3324.824825 0.000000 0.59747320174470797 0
949 1 3324.824825 22.500000 0.59747320174470797 0
949 2 3324.824825 45.000000 0.59747320174470797 0
949 3 3324.824825 67.500000 0.59747320174470797 0
950 0 3328.328328 0.000000 0.59779555887404845 0
950 1 3328.328328 22.500000 0.59779555887404845 0
950 2 3328.328328 45.000000 0.59779555887404845 0
950 3 3328.328328 67.500000 0.59779555887404845 0
951 0 3331.831832 0.000000 0.59824188460506345 0
951 1 3331.831832 22.500000 0.59824188460506345 0
951 2 3331.831832 45.000000 0.59824188460506345 0
951 3 3331.831832 67.500000 0.59824188460506345 0
952 0 3335.335335 0.000000 0.59877191895257575 0
952 1 3335.335335 22.500000 0.59877191895257575 0
952 2 3335.335335 45.000000 0.59877191895257575 0
952 3 3335.335335 67.500000 0.59877191895257575 0
953 0 3338.838839 0.000000 0.59933784116695477 0
953 1 3338.838839 22.500000 0.59933784116695477 0
953 2 3338.838839 45.000000 0.59933784116695477 0
953 3 3338.838839 67.500000 0.59933784116695477 0
954 0 3342.342342 0.000000 0.59988850956474893 0
954 1 3342.342342 22.500000 0.59988850956474893 0
954 2 3342.342342 45.000000 0.59988850956474893 0
954 3 3342.342342 67.500000 0.59988850956474893 0
955 0 3345.845846 0.000000 0.60037405087841245 0
955 1 3345.845846 22.500000 0.60037405087841245 0
955 2 3345.845846 45.000000 0.60037405087841245 0
955 3 3345.845846 67.500000 0.60037405087841245 0
956 0 3349.349349 0.000000 0.60075039778012118 0
956 1 3349.349349 22.500000 0.60075039778012118 0
956 2 3349.349349 45.000000 0.60075039778012118 0
956 3 3349.349349 67.500000 0.60075039778012118 0
957 0 3352.852853 0.000000 0.6009833533051443 0
957 1 3352.852853 22.500000 0.6009833533051443 0
957 2 3352.852853 45.000000 0.6009833533051443 0
957 3 3352.852853 67.500000 0.6009833533051443 0
958 0 3356.356356 0.000000 0.60105178320895747 0
958 1 3356.356356 22.500000 0.60105178320895747 0
958 2 3356.356356 45.000000 0.60105178320895747 0
958 3 3356.356356 67.500000 0.60105178320895747 0
959 0 3359.859860 0.000000 0.60094960731525227 0
959 1 3359.859860 22.500000 0.60094960731525227 0
959 2 3359.859860 45.000000 0.60094960731525227 0
959 3 3359.859860 67.500000 0.60094960731525227 0
960 0 3363.363363 0.000000 0.60068637558885851 0
960 1 3363.363363 22.500000 0.60068637558885851 0
960 2 3363.363363 45.000000 0.60068637558885851 0
960 3 3363.363363 67.500000 0.60068637558885851 0
961 0 3366.866867 0.000000 0.60028636150217285 0
961 1 3366.866867 22.500000 0.60028636150217285 0
961 2 3366.866867 45.000000 0.60028636150217285 0
961 3 3366.866867 67.500000 0.60028636150217285 0
962 0 3370.370370 0.000000 0.59978626422006209 0
962 1 3370.370370 22.500000 0.59978626422006209 0
962 2 3370.370370 45.000000 0.59978626422006209 0
962 3 3370.370370 67.500000 0.59978626422006209 0
963 0 3373.873874 0.000000 0.599231758873079 0
963 1 3373.873874 22.500000 0.599231758873079 0
963 2 3373.873874 45.000000 0.599231758873079 0
963 3 3373.873874 67.500000 0.599231758873079 0
964 0 3377.377377 0.000000 0.59867324942280387 0
964 1 3377.377377 22.500000 0.59867324942280387 0
964 2 3377.377377 45.000000 0.59867324942280387 0
964 3 3377.377377 67.500000 0.59867324942280387 0
965 0 3380.880881 0.000000 0.59816124686155647 0
965 1 3380.880881 22.500000 0.59816124686155647 0
965 2 3380.880881 45.000000 0.59816124686155647 0
965 3 3380.880881 67.500000 0.59816124686155647 0
966 0 3384.384384 0.000000 0.5977418118358091 0
966 1 3384.384384 22.500000 0.5977418118358091 0
966 2 3384.384384 45.000000 0.5977418118358091 0
966 3 3384.384384 67.500000 0.5977418118358091 0
967 0 3387.887888 0.000000 0.59745246992312306 0
967 1 3387.887888 22.500000 0.59745246992312306 0
967 2 3387.887888 45.000000 0.59745246992312306 0
967 3 3387.887888 67.500000 0.59745246992312306 0
968 0 3391.391391 0.000000 0.59731894136495989 0
968 1 3391.391391 22.500000 0.59731894136495989 0
968 2 3391.391391 45.000000 0.59731894136495989 0
968 3 3391.391391 67.500000 0.59731894136495989 0
969 0 3394.894895 0.000000 0.59735293943796941 0
969 1 3394.894895 22.500000 0.59735293943796941 0
969 2 3394.894895 45.000000 0.59735293943796941 0
969 3 3394.894895 67.500000 0.59735293943796941 0
970 0 3398.398398 0.000000 0.59755119565639692 0
970 1 3398.398398 22.500000 0.59755119565639692 0
970 2 3398.398398 45.000000 0.59755119565639692 0
970 3 3398.398398 67.500000 0.59755119565639692 0
971 0 3401.901902 0.000000 0.59789577400168847 0
971 1 3401.901902 22.500000 0.59789577400168847 0
971 2 3401.901902 45.000000 0.59789577400168847 0
971 3 3401.901902 67.500000 0.59789577400168847 0
972 0 3405.405405 0.000000 0.59835564364466842 0
972 1 3405.405405 22.500000 0.59835564364466842 0
972 2 3405.405405 45.000000 0.59835564364466842 0
972 3 3405.405405 67.500000 0.59835564364466842 0
973 0 3408.908909 0.000000 0.5988893899925225 0
973 1 3408.908909 22.500000 0.5988893899925225 0
973 2 3408.908909 45.000000 0.5988893899925225 0
973 3 3408.908909 67.500000 0.5988893899925225 0
974 0 3412.412412 0.000000 0.59944885683228821 0
974 1 3412.412412 22.500000 0.59944885683228821 0
974 2 3412.412412 45.000000 0.59944885683228821 0
974 3 3412.412412 67.500000 0.59944885683228821 0
975 0 3415.915916 0.000000 0.59998343011046162 0
975 1 3415.915916 22.500000 0.59998343011046162 0
975 2 3415.915916 45.000000 0.59998343011046162 0
975 3 3415.915916 67.500000 0.59998343011046162 0
976 0 3419.419419 0.000000 0.60044460332105276 0
976 1 3419.419419 22.500000 0.60044460332105276 0
976 2 3419.419419 45.000000 0.60044460332105276 0
976 3 3419.419419 67.500000 0.60044460332105276 0
977 0 3422.922923 0.000000 0.60079041657115229 0
977 1 3422.922923 22.500000 0.60079041657115229 0
977 2 3422.922923 45.000000 0.60079041657115229 0
977 3 3422.922923 67.500000 0.60079041657115229 0
978 0 3426.426426 0.000000 0.60098934864936193 0
978 1 3426.426426 22.500000 0.60098934864936193 0
978 2 3426.426426 45.000000 0.60098934864936193 0
978 3 3426.426426 67.500000 0.60098934864936193 0
979 0 3429.929930 0.000000 0.60102327375878117 0
979 1 3429.929930 22.500000 0.60102327375878117 0
979 2 3429.929930 45.000000 0.60102327375878117 0
979 3 3429.929930 67.500000 0.60102327375878117 0
980 0 3433.433433 0.000000 0.6008891752862765 0
980 1 3433.433433 22.500000 0.6008891752862765 0
980 2 3433.433433 45.000000 0.6008891752862765 0
980 3 3433.433433 67.500000 0.6008891752862765 0
981 0 3436.936937 0.000000 0.60059943219816858 0
981 1 3436.936937 22.500000 0.60059943219816858 0
981 2 3436.936937 45.000000 0.60059943219816858 0
981 3 3436.936937 67.500000 0.60059943219816858 0
982 0 3440.440440 0.000000 0.60018064437138652 0
982 1 3440.440440 22.500000 0.60018064437138652 0
982 2 3440.440440 45.000000 0.60018064437138652 0
982 3 3440.440440 67.500000 0.60018064437138652 0
983 0 3443.943944 0.000000 0.59967111998585787 0
983 1 3443.943944 22.500000 0.59967111998585787 0
983 2 3443.943944 45.000000 0.59967111998585787 0
983 3 3443.943944 67.500000 0.59967111998585787 0
984 0 3447.447447 0.000000 0.5991172879503609 0
984 1 3447.447447 22.500000 0.5991172879503609 0
984 2 3447.447447 45.000000 0.5991172879503609 0
984 3 3447.447447 67.500000 0.5991172879503609 0
985 0 3450.950951 0.000000 0.59856940175684903 0
985 1 3450.950951 22.500000 0.59856940175684903 0
985 2 3450.950951 45.000000 0.59856940175684903 0
985 3 3450.950951 67.500000 0.59856940175684903 0
986 0 3454.454454 0.000000 0.59807695652498127 0
986 1 3454.454454 22.500000 0.59807695652498127 0
986 2 3454.454454 45.000000 0.59807695652498127 0
986 3 3454.454454 67.500000 0.59807695652498127 0
987 0 3457.957958 0.000000 0.59768424637196294 0
987 1 3457.957958 22.500000 0.59768424637196294 0
987 2 3457.957958 45.000000 0.59768424637196294 0
987 3 3457.957958 67.500000 0.59768424637196294 0
988 0 3461.461461 0.000000 0.59742645145840578 0
988 1 3461.461461 22.500000 0.59742645145840578 0
988 2 3461.461461 45.000000 0.59742645145840578 0
988 3 3461.461461 67.500000 0.59742645145840578 0
989 0 3464.964965 0.000000 0.59732657548569112 0
989 1 3464.964965 22.500000 0.59732657548569112 0
989 2 3464.964965 45.000000 0.59732657548569112 0
989 3 3464.964965 67.500000 0.59732657548569112 0
990 0 3468.468468 0.000000 0.59739346862711196 0
990 1 3468.468468 22.500000 0.59739346862711196 0
990 2 3468.468468 45.000000 0.59739346862711196 0
990 3 3468.468468 67.500000 0.59739346862711196 0
991 0 3471.971972 0.000000 0.59762107877396087 0
991 1 3471.971972 22.500000 0.59762107877396087 0
991 2 3471.971972 45.000000 0.59762107877396087 0
991 3 3471.971972 67.500000 0.59762107877396087 0
992 0 3475.475475 0.000000 0.59798898170200232 0
992 1 3475.475475 22.500000 0.59798898170200232 0
992 2 3475.475475 45.000000 0.59798898170200232 0
992 3 3475.475475 67.500000 0.59798898170200232 0
993 0 3478.978979 0.000000 0.59846414990480734 0
993 1 3478.978979 22.500000 0.59846414990480734 0
993 2 3478.978979 45.000000 0.59846414990480734 0
993 3 3478.978979 67.500000 0.59846414990480734 0
994 0 3482.482482 0.000000 0.59900382972699551 0
994 1 3482.482482 22.500000 0.59900382972699551 0
994 2 3482.482482 45.000000 0.59900382972699551 0
994 3 3482.482482 67.500000 0.59900382972699551 0
995 0 3485.985986 0.000000 0.59955930737611141 0
995 1 3485.985986 22.500000 0.59955930737611141 0
995 2 3485.985986 45.000000 0.59955930737611141 0
995 3 3485.985986 67.500000 0.59955930737611141 0
996 0 3489.489489 0.000000 0.60008026047386143 0
996 1 3489.489489 22.500000 0.60008026047386143 0
996 2 3489.489489 45.000000 0.60008026047386143 0
996 3 3489.489489 67.500000 0.60008026047386143 0
997 0 3492.992993 0.000000 0.60051932191935831 0
997 1 3492.992993 22.500000 0.60051932191935831 0
997 2 3492.992993 45.000000 0.60051932191935831 0
997 3 3492.992993 67.500000 0.60051932191935831 0
998 0 3496.496496 0.000000 0.60083643941033693 0
998 1 3496.496496 22.500000 0.60083643941033693 0
998 2 3496.496496 45.000000 0.60083643941033693 0
998 3 3496.496496 67.500000 0.60083643941033693 0
999 0 3500.000000 0.000000 0.60100260965061791 0
999 1 3500.000000 22.500000 0.60100260965061791 0
999 2 3500.000000 45.000000 0.60100260965061791 0
999 3 3500.000000 67.500000 0.60100260965061791 0
