# Nx=1000 Ny=4 Lx=3500.0 Ly=67.5 lambda=13.50
# i j x_nm y_nm |E|^2 Re(Ey)
0 0 0.000000 0.000000 0.6244138831049445 -0.050040036447680181
0 1 0.000000 22.500000 0.6244138831049445 -0.050040036447680181
0 2 0.000000 45.000000 0.6244138831049445 -0.050040036447680181
0 3 0.000000 67.500000 0.6244138831049445 -0.050040036447680181
1 0 3.503504 0.000000 0.62360638002711788 -0.050310711130984016
1 1 3.503504 22.500000 0.62360638002711788 -0.050310711130984016
1 2 3.503504 45.000000 0.62360638002711788 -0.050310711130984016
1 3 3.503504 67.500000 0.62360638002711788 -0.050310711130984016
2 0 7.007007 0.000000 0.62230494927033975 -0.050387026027753003
2 1 7.007007 22.500000 0.62230494927033975 -0.050387026027753003
2 2 7.007007 45.000000 0.62230494927033975 -0.050387026027753003
2 3 7.007007 67.500000 0.62230494927033975 -0.050387026027753003
3 0 10.510511 0.000000 0.62073420399986423 -0.050255723503318639
3 1 10.510511 22.500000 0.62073420399986423 -0.050255723503318639
3 2 10.510511 45.000000 0.62073420399986423 -0.050255723503318639
3 3 10.510511 67.500000 0.62073420399986423 -0.050255723503318639
4 0 14.014014 0.000000 0.61916501025279003 -0.049939236407810492
4 1 14.014014 22.500000 0.61916501025279003 -0.049939236407810492
4 2 14.014014 45.000000 0.61916501025279003 -0.049939236407810492
4 3 14.014014 67.500000 0.61916501025279003 -0.049939236407810492
5 0 17.517518 0.000000 0.61786748601910257 -0.049491856592544056
5 1 17.517518 22.500000 0.61786748601910257 -0.049491856592544056
5 2 17.517518 45.000000 0.61786748601910257 -0.049491856592544056
5 3 17.517518 67.500000 0.61786748601910257 -0.049491856592544056
6 0 21.021021 0.000000 0.61706454040875602 -0.048990423760891286
6 1 21.021021 22.500000 0.61706454040875602 -0.048990423760891286
6 2 21.021021 45.000000 0.61706454040875602 -0.048990423760891286
6 3 21.021021 67.500000 0.61706454040875602 -0.048990423760891286
7 0 24.524525 0.000000 0.61689392597311465 -0.048521131130192414
7 1 24.524525 22.500000 0.61689392597311465 -0.048521131130192414
7 2 24.524525 45.000000 0.61689392597311465 -0.048521131130192414
7 3 24.524525 67.500000 0.61689392597311465 -0.048521131130192414
8 0 28.028028 0.000000 0.61738503982877624 -0.048164712979573802
8 1 28.028028 22.500000 0.61738503982877624 -0.048164712979573802
8 2 28.028028 45.000000 0.61738503982877624 -0.048164712979573802
8 3 28.028028 67.500000 0.61738503982877624 -0.048164712979573802
9 0 31.531532 0.000000 0.6184540958966096 -0.047982559006319821
9 1 31.531532 22.500000 0.6184540958966096 -0.047982559006319821
9 2 31.531532 45.000000 0.6184540958966096 -0.047982559006319821
9 3 31.531532 67.500000 0.6184540958966096 -0.047982559006319821
10 0 35.035035 0.000000 0.61991830331984377 -0.04800614312556991
10 1 35.035035 22.500000 0.61991830331984377 -0.04800614312556991
10 2 35.035035 45.000000 0.61991830331984377 -0.04800614312556991
10 3 35.035035 67.500000 0.61991830331984377 -0.04800614312556991
11 0 38.538539 0.000000 0.62152672608056192 -0.048231586606978641
11 1 38.538539 22.500000 0.62152672608056192 -0.048231586606978641
11 2 38.538539 45.000000 0.62152672608056192 -0.048231586606978641
11 3 38.538539 67.500000 0.62152672608056192 -0.048231586606978641
12 0 42.042042 0.000000 0.62300287112210917 -0.048620294472946399
12 1 42.042042 22.500000 0.62300287112210917 -0.048620294472946399
12 2 42.042042 45.000000 0.62300287112210917 -0.048620294472946399
12 3 42.042042 67.500000 0.62300287112210917 -0.048620294472946399
13 0 45.545546 0.000000 0.624092047913267 -0.049105561008813539
13 1 45.545546 22.500000 0.624092047913267 -0.049105561008813539
13 2 45.545546 45.000000 0.624092047913267 -0.049105561008813539
13 3 45.545546 67.500000 0.624092047913267 -0.049105561008813539
14 0 49.049049 0.000000 0.62460549455627035 -0.049604014158634621
14 1 49.049049 22.500000 0.62460549455627035 -0.049604014158634621
14 2 49.049049 45.000000 0.62460549455627035 -0.049604014158634621
14 3 49.049049 67.500000 0.62460549455627035 -0.049604014158634621
15 0 52.552553 0.000000 0.62445350054707116 -0.050029935837766396
15 1 52.552553 22.500000 0.62445350054707116 -0.050029935837766396
15 2 52.552553 45.000000 0.62445350054707116 -0.050029935837766396
15 3 52.552553 67.500000 0.62445350054707116 -0.050029935837766396
16 0 56.056056 0.000000 0.62366144190678419 -0.05030999905974589
16 1 56.056056 22.500000 0.62366144190678419 -0.05030999905974589
16 2 56.056056 45.000000 0.62366144190678419 -0.05030999905974589
16 3 56.056056 67.500000 0.62366144190678419 -0.05030999905974589
17 0 59.559560 0.000000 0.62236562445114596 -0.050395888816962227
17 1 59.559560 22.500000 0.62236562445114596 -0.050395888816962227
17 2 59.559560 45.000000 0.62236562445114596 -0.050395888816962227
17 3 59.559560 67.500000 0.62236562445114596 -0.050395888816962227
18 0 63.063063 0.000000 0.62078956447930556 -0.050272634978798948
18 1 63.063063 22.500000 0.62078956447930556 -0.050272634978798948
18 2 63.063063 45.000000 0.62078956447930556 -0.050272634978798948
18 3 63.063063 67.500000 0.62078956447930556 -0.050272634978798948
19 0 66.566567 0.000000 0.6192050092726018 -0.049961220403024809
19 1 66.566567 22.500000 0.6192050092726018 -0.049961220403024809
19 2 66.566567 45.000000 0.6192050092726018 -0.049961220403024809
19 3 66.566567 67.500000 0.6192050092726018 -0.049961220403024809
20 0 70.070070 0.000000 0.61788477880469894 -0.049515010065573552
20 1 70.070070 22.500000 0.61788477880469894 -0.049515010065573552
20 2 70.070070 45.000000 0.61788477880469894 -0.049515010065573552
20 3 70.070070 67.500000 0.61788477880469894 -0.049515010065573552
21 0 73.573574 0.000000 0.6170558177537947 -0.049010608686190039
21 1 73.573574 22.500000 0.6170558177537947 -0.049010608686190039
21 2 73.573574 45.000000 0.6170558177537947 -0.049010608686190039
21 3 73.573574 67.500000 0.6170558177537947 -0.049010608686190039
22 0 77.077077 0.000000 0.61686052696255755 -0.048534712691614461
22 1 77.077077 22.500000 0.61686052696255755 -0.048534712691614461
22 2 77.077077 45.000000 0.61686052696255755 -0.048534712691614461
22 3 77.077077 67.500000 0.61686052696255755 -0.048534712691614461
23 0 80.580581 0.000000 0.61733274182577047 -0.048169212605515155
23 1 80.580581 22.500000 0.61733274182577047 -0.048169212605515155
23 2 80.580581 45.000000 0.61733274182577047 -0.048169212605515155
23 3 80.580581 67.500000 0.61733274182577047 -0.048169212605515155
24 0 84.084084 0.000000 0.61839212120949427 -0.047977105174119905
24 1 84.084084 22.500000 0.61839212120949427 -0.047977105174119905
24 2 84.084084 45.000000 0.61839212120949427 -0.047977105174119905
24 3 84.084084 67.500000 0.61839212120949427 -0.047977105174119905
25 0 87.587588 0.000000 0.61985771120998678 -0.047991638194547173
25 1 87.587588 22.500000 0.61985771120998678 -0.047991638194547173
25 2 87.587588 45.000000 0.61985771120998678 -0.047991638194547173
25 3 87.587588 67.500000 0.61985771120998678 -0.047991638194547173
26 0 91.091091 0.000000 0.62147846065392054 -0.048210558051203369
26 1 91.091091 22.500000 0.62147846065392054 -0.048210558051203369
26 2 91.091091 45.000000 0.62147846065392054 -0.048210558051203369
26 3 91.091091 67.500000 0.62147846065392054 -0.048210558051203369
27 0 94.594595 0.000000 0.62297579848265927 -0.048596454944345058
27 1 94.594595 22.500000 0.62297579848265927 -0.048596454944345058
27 2 94.594595 45.000000 0.62297579848265927 -0.048596454944345058
27 3 94.594595 67.500000 0.62297579848265927 -0.048596454944345058
28 0 98.098098 0.000000 0.6240913291913176 -0.049083153726002041
28 1 98.098098 22.500000 0.6240913291913176 -0.049083153726002041
28 2 98.098098 45.000000 0.6240913291913176 -0.049083153726002041
28 3 98.098098 67.500000 0.6240913291913176 -0.049083153726002041
29 0 101.601602 0.000000 0.62463159677367097 -0.049587058894583355
29 1 101.601602 22.500000 0.62463159677367097 -0.049587058894583355
29 2 101.601602 45.000000 0.62463159677367097 -0.049587058894583355
29 3 101.601602 67.500000 0.62463159677367097 -0.049587058894583355
30 0 105.105105 0.000000 0.62450204387362585 -0.05002150928319473
30 1 105.105105 22.500000 0.62450204387362585 -0.05002150928319473
30 2 105.105105 45.000000 0.62450204387362585 -0.05002150928319473
30 3 105.105105 67.500000 0.62450204387362585 -0.05002150928319473
31 0 108.608609 0.000000 0.62372393208770949 -0.050311678143697483
31 1 108.608609 22.500000 0.62372393208770949 -0.050311678143697483
31 2 108.608609 45.000000 0.62372393208770949 -0.050311678143697483
31 3 108.608609 67.500000 0.62372393208770949 -0.050311678143697483
32 0 112.112112 0.000000 0.6224309504162393 -0.050407457438420747
32 1 112.112112 22.500000 0.6224309504162393 -0.050407457438420747
32 2 112.112112 45.000000 0.6224309504162393 -0.050407457438420747
32 3 112.112112 67.500000 0.6224309504162393 -0.050407457438420747
33 0 115.615616 0.000000 0.62084599038822863 -0.05029210839335041
33 1 115.615616 22.500000 0.62084599038822863 -0.05029210839335041
33 2 115.615616 45.000000 0.62084599038822863 -0.05029210839335041
33 3 115.615616 67.500000 0.62084599038822863 -0.05029210839335041
34 0 119.119119 0.000000 0.61924229298030109 -0.04998518531373649
34 1 119.119119 22.500000 0.61924229298030109 -0.04998518531373649
34 2 119.119119 45.000000 0.61924229298030109 -0.04998518531373649
34 3 119.119119 67.500000 0.61924229298030109 -0.04998518531373649
35 0 122.622623 0.000000 0.61789602692845802 -0.049539222214841222
35 1 122.622623 22.500000 0.61789602692845802 -0.049539222214841222
35 2 122.622623 45.000000 0.61789602692845802 -0.049539222214841222
35 3 122.622623 67.500000 0.61789602692845802 -0.049539222214841222
36 0 126.126126 0.000000 0.61703874283859261 -0.049030743441359013
36 1 126.126126 22.500000 0.61703874283859261 -0.049030743441359013
36 2 126.126126 45.000000 0.61703874283859261 -0.049030743441359013
36 3 126.126126 67.500000 0.61703874283859261 -0.049030743441359013
37 0 129.629630 0.000000 0.61681788744515154 -0.048547136069458562
37 1 129.629630 22.500000 0.61681788744515154 -0.048547136069458562
37 2 129.629630 45.000000 0.61681788744515154 -0.048547136069458562
37 3 129.629630 67.500000 0.61681788744515154 -0.048547136069458562
38 0 133.133133 0.000000 0.61727189278688521 -0.048171635511153624
38 1 133.133133 22.500000 0.61727189278688521 -0.048171635511153624
38 2 133.133133 45.000000 0.61727189278688521 -0.048171635511153624
38 3 133.133133 67.500000 0.61727189278688521 -0.048171635511153624
39 0 136.636637 0.000000 0.6183237550250652 -0.047969003342846137
39 1 136.636637 22.500000 0.6183237550250652 -0.047969003342846137
39 2 136.636637 45.000000 0.6183237550250652 -0.047969003342846137
39 3 136.636637 67.500000 0.6183237550250652 -0.047969003342846137
40 0 140.140140 0.000000 0.61979400006848251 -0.047974361098991995
40 1 140.140140 22.500000 0.61979400006848251 -0.047974361098991995
40 2 140.140140 45.000000 0.61979400006848251 -0.047974361098991995
40 3 140.140140 67.500000 0.61979400006848251 -0.047974361098991995
41 0 143.643644 0.000000 0.6214309123322459 -0.048187104782951233
41 1 143.643644 22.500000 0.6214309123322459 -0.048187104782951233
41 2 143.643644 45.000000 0.6214309123322459 -0.048187104782951233
41 3 143.643644 67.500000 0.6214309123322459 -0.048187104782951233
42 0 147.147147 0.000000 0.62295319142264616 -0.04857095417426574
42 1 147.147147 22.500000 0.62295319142264616 -0.04857095417426574
42 2 147.147147 45.000000 0.62295319142264616 -0.04857095417426574
42 3 147.147147 67.500000 0.62295319142264616 -0.04857095417426574
43 0 150.650651 0.000000 0.62409809272799111 -0.04906013782076829
43 1 150.650651 22.500000 0.62409809272799111 -0.04906013782076829
43 2 150.650651 45.000000 0.62409809272799111 -0.04906013782076829
43 3 150.650651 67.500000 0.62409809272799111 -0.04906013782076829
44 0 154.154154 0.000000 0.6246669401677265 -0.049570659654059421
44 1 154.154154 22.500000 0.6246669401677265 -0.049570659654059421
44 2 154.154154 45.000000 0.6246669401677265 -0.049570659654059421
44 3 154.154154 67.500000 0.6246669401677265 -0.049570659654059421
45 0 157.657658 0.000000 0.62456001502735314 -0.050014717794547803
45 1 157.657658 22.500000 0.62456001502735314 -0.050014717794547803
45 2 157.657658 45.000000 0.62456001502735314 -0.050014717794547803
45 3 157.657658 67.500000 0.62456001502735314 -0.050014717794547803
46 0 161.161161 0.000000 0.6237944194116698 -0.050315801069631926
46 1 161.161161 22.500000 0.6237944194116698 -0.050315801069631926
46 2 161.161161 45.000000 0.6237944194116698 -0.050315801069631926
46 3 161.161161 67.500000 0.6237944194116698 -0.050315801069631926
47 0 164.664665 0.000000 0.62250146067100665 -0.050421868268959551
47 1 164.664665 22.500000 0.62250146067100665 -0.050421868268959551
47 2 164.664665 45.000000 0.62250146067100665 -0.050421868268959551
47 3 164.664665 67.500000 0.62250146067100665 -0.050421868268959551
48 0 168.168168 0.000000 0.6209038816439949 -0.050314340598230381
48 1 168.168168 22.500000 0.6209038816439949 -0.050314340598230381
48 2 168.168168 45.000000 0.6209038816439949 -0.050314340598230381
48 3 168.168168 67.500000 0.6209038816439949 -0.050314340598230381
49 0 171.671672 0.000000 0.61927705164417945 -0.050011353949702325
49 1 171.671672 22.500000 0.61927705164417945 -0.050011353949702325
49 2 171.671672 45.000000 0.61927705164417945 -0.050011353949702325
49 3 171.671672 67.500000 0.61927705164417945 -0.050011353949702325
50 0 175.175175 0.000000 0.61790117146764989 -0.049564702018524531
50 1 175.175175 22.500000 0.61790117146764989 -0.049564702018524531
50 2 175.175175 45.000000 0.61790117146764989 -0.049564702018524531
50 3 175.175175 67.500000 0.61790117146764989 -0.049564702018524531
51 0 178.678679 0.000000 0.61701301232333106 -0.049050985183492143
51 1 178.678679 22.500000 0.61701301232333106 -0.049050985183492143
51 2 178.678679 45.000000 0.61701301232333106 -0.049050985183492143
51 3 178.678679 67.500000 0.61701301232333106 -0.049050985183492143
52 0 182.182182 0.000000 0.61676550865847946 -0.048558477280796236
52 1 182.182182 22.500000 0.61676550865847946 -0.048558477280796236
52 2 182.182182 45.000000 0.61676550865847946 -0.048558477280796236
52 3 182.182182 67.500000 0.61676550865847946 -0.048558477280796236
53 0 185.685686 0.000000 0.61720188382417129 -0.048171961353602383
53 1 185.685686 22.500000 0.61720188382417129 -0.048171961353602383
53 2 185.685686 45.000000 0.61720188382417129 -0.048171961353602383
53 3 185.685686 67.500000 0.61720188382417129 -0.048171961353602383
54 0 189.189189 0.000000 0.61824838554516104 -0.047958138677024913
54 1 189.189189 22.500000 0.61824838554516104 -0.047958138677024913
54 2 189.189189 45.000000 0.61824838554516104 -0.047958138677024913
54 3 189.189189 67.500000 0.61824838554516104 -0.047958138677024913
55 0 192.692693 0.000000 0.61972666582010205 -0.047954121435982489
55 1 192.692693 22.500000 0.61972666582010205 -0.047954121435982489
55 2 192.692693 45.000000 0.61972666582010205 -0.047954121435982489
55 3 192.692693 67.500000 0.61972666582010205 -0.047954121435982489
56 0 196.196196 0.000000 0.62138377920231458 -0.048160993720792314
56 1 196.196196 22.500000 0.62138377920231458 -0.048160993720792314
56 2 196.196196 45.000000 0.62138377920231458 -0.048160993720792314
56 3 196.196196 67.500000 0.62138377920231458 -0.048160993720792314
57 0 199.699700 0.000000 0.62293501100629178 -0.04854355759876075
57 1 199.699700 22.500000 0.62293501100629178 -0.04854355759876075
57 2 199.699700 45.000000 0.62293501100629178 -0.04854355759876075
57 3 199.699700 67.500000 0.62293501100629178 -0.04854355759876075
58 0 203.203203 0.000000 0.62411257765822059 -0.049036319499389233
58 1 203.203203 22.500000 0.62411257765822059 -0.049036319499389233
58 2 203.203203 45.000000 0.62411257765822059 -0.049036319499389233
58 3 203.203203 67.500000 0.62411257765822059 -0.049036319499389233
59 0 206.706707 0.000000 0.62471200702013274 -0.049554699150576254
59 1 206.706707 22.500000 0.62471200702013274 -0.049554699150576254
59 2 206.706707 45.000000 0.62471200702013274 -0.049554699150576254
59 3 206.706707 67.500000 0.62471200702013274 -0.049554699150576254
60 0 210.210210 0.000000 0.62462805923589904 -0.05000954327045469
60 1 210.210210 22.500000 0.62462805923589904 -0.05000954327045469
60 2 210.210210 45.000000 0.62462805923589904 -0.05000954327045469
60 3 210.210210 67.500000 0.62462805923589904 -0.05000954327045469
61 0 213.713714 0.000000 0.62387359991155966 -0.050322454216712317
61 1 213.713714 22.500000 0.62387359991155966 -0.050322454216712317
61 2 213.713714 45.000000 0.62387359991155966 -0.050322454216712317
61 3 213.713714 67.500000 0.62387359991155966 -0.050322454216712317
62 0 217.217217 0.000000 0.62257777770207734 -0.050439298793029538
62 1 217.217217 22.500000 0.62257777770207734 -0.050439298793029538
62 2 217.217217 45.000000 0.62257777770207734 -0.050439298793029538
62 3 217.217217 67.500000 0.62257777770207734 -0.050439298793029538
63 0 220.720721 0.000000 0.6209636731329764 -0.050339570171068826
63 1 220.720721 22.500000 0.6209636731329764 -0.050339570171068826
63 2 220.720721 45.000000 0.6209636731329764 -0.050339570171068826
63 3 220.720721 67.500000 0.6209636731329764 -0.050339570171068826
64 0 224.224224 0.000000 0.61930944981841773 -0.050039984386658486
64 1 224.224224 22.500000 0.61930944981841773 -0.050039984386658486
64 2 224.224224 45.000000 0.61930944981841773 -0.050039984386658486
64 3 224.224224 67.500000 0.61930944981841773 -0.050039984386658486
65 0 227.727728 0.000000 0.61790007080105747 -0.049591681099097548
65 1 227.727728 22.500000 0.61790007080105747 -0.049591681099097548
65 2 227.727728 45.000000 0.61790007080105747 -0.049591681099097548
65 3 227.727728 67.500000 0.61790007080105747 -0.049591681099097548
66 0 231.231231 0.000000 0.61697819670994347 -0.049071496922241484
66 1 231.231231 22.500000 0.61697819670994347 -0.049071496922241484
66 2 231.231231 45.000000 0.61697819670994347 -0.049071496922241484
66 3 231.231231 67.500000 0.61697819670994347 -0.049071496922241484
67 0 234.734735 0.000000 0.61670274336255992 -0.048568799984882685
67 1 234.734735 22.500000 0.61670274336255992 -0.048568799984882685
67 2 234.734735 45.000000 0.61670274336255992 -0.048568799984882685
67 3 234.734735 67.500000 0.61670274336255992 -0.048568799984882685
68 0 238.238238 0.000000 0.61712196051722989 -0.048170140864357926
68 1 238.238238 22.500000 0.61712196051722989 -0.048170140864357926
68 2 238.238238 45.000000 0.61712196051722989 -0.048170140864357926
68 3 238.238238 67.500000 0.61712196051722989 -0.048170140864357926
69 0 241.741742 0.000000 0.61816528356800082 -0.047944355347153154
69 1 241.741742 22.500000 0.61816528356800082 -0.047944355347153154
69 2 241.741742 45.000000 0.61816528356800082 -0.047944355347153154
69 3 241.741742 67.500000 0.61816528356800082 -0.047944355347153154
70 0 245.245245 0.000000 0.61965513596322608 -0.047930682400060258
70 1 245.245245 22.500000 0.61965513596322608 -0.047930682400060258
70 2 245.245245 45.000000 0.61965513596322608 -0.047930682400060258
70 3 245.245245 67.500000 0.61965513596322608 -0.047930682400060258
71 0 248.748749 0.000000 0.62133675278501088 -0.048131947711165177
71 1 248.748749 22.500000 0.62133675278501088 -0.048131947711165177
71 2 248.748749 45.000000 0.62133675278501088 -0.048131947711165177
71 3 248.748749 67.500000 0.62133675278501088 -0.048131947711165177
72 0 252.252252 0.000000 0.62292127611264558 -0.048513996438326719
72 1 252.252252 22.500000 0.62292127611264558 -0.048513996438326719
72 2 252.252252 45.000000 0.62292127611264558 -0.048513996438326719
72 3 252.252252 67.500000 0.62292127611264558 -0.048513996438326719
73 0 255.755756 0.000000 0.62413513675726906 -0.049011486635759174
73 1 255.755756 22.500000 0.62413513675726906 -0.049011486635759174
73 2 255.755756 45.000000 0.62413513675726906 -0.049011486635759174
73 3 255.755756 67.500000 0.62413513675726906 -0.049011486635759174
74 0 259.259259 0.000000 0.62476743062946161 -0.049539061113154356
74 1 259.259259 22.500000 0.62476743062946161 -0.049539061113154356
74 2 259.259259 45.000000 0.62476743062946161 -0.049539061113154356
74 3 259.259259 67.500000 0.62476743062946161 -0.049539061113154356
75 0 262.762763 0.000000 0.62470698474174324 -0.050005988224751621
75 1 262.762763 22.500000 0.62470698474174324 -0.050005988224751621
75 2 262.762763 45.000000 0.62470698474174324 -0.050005988224751621
75 3 262.762763 67.500000 0.62470698474174324 -0.050005988224751621
76 0 266.266266 0.000000 0.62396231661611234 -0.050331761099333489
76 1 266.266266 22.500000 0.62396231661611234 -0.050331761099333489
76 2 266.266266 45.000000 0.62396231661611234 -0.050331761099333489
76 3 266.266266 67.500000 0.62396231661611234 -0.050331761099333489
77 0 269.769770 0.000000 0.62266062919454701 -0.050459974186321969
77 1 269.769770 22.500000 0.62266062919454701 -0.050459974186321969
77 2 269.769770 45.000000 0.62266062919454701 -0.050459974186321969
77 3 269.769770 67.500000 0.62266062919454701 -0.050459974186321969
78 0 273.273273 0.000000 0.62102584417745255 -0.050368086038734029
78 1 273.273273 22.500000 0.62102584417745255 -0.050368086038734029
78 2 273.273273 45.000000 0.62102584417745255 -0.050368086038734029
78 3 273.273273 67.500000 0.62102584417745255 -0.050368086038734029
79 0 276.776777 0.000000 0.61933962700487166 -0.05007137917905978
79 1 276.776777 22.500000 0.61933962700487166 -0.05007137917905978
79 2 276.776777 45.000000 0.61933962700487166 -0.05007137917905978
79 3 276.776777 67.500000 0.61933962700487166 -0.05007137917905978
80 0 280.280280 0.000000 0.61789249193562101 -0.049620421970668183
80 1 280.280280 22.500000 0.61789249193562101 -0.049620421970668183
80 2 280.280280 45.000000 0.61789249193562101 -0.049620421970668183
80 3 280.280280 67.500000 0.61789249193562101 -0.049620421970668183
81 0 283.783784 0.000000 0.61693372347411679 -0.049092453405349755
81 1 283.783784 22.500000 0.61693372347411679 -0.049092453405349755
81 2 283.783784 45.000000 0.61693372347411679 -0.049092453405349755
81 3 283.783784 67.500000 0.61693372347411679 -0.049092453405349755
82 0 287.287287 0.000000 0.61662877343742462 -0.048578158011496654
82 1 287.287287 22.500000 0.61662877343742462 -0.048578158011496654
82 2 287.287287 45.000000 0.61662877343742462 -0.048578158011496654
82 3 287.287287 67.500000 0.61662877343742462 -0.048578158011496654
83 0 290.790791 0.000000 0.61703119873602352 -0.048166094602933404
83 1 290.790791 22.500000 0.61703119873602352 -0.048166094602933404
83 2 290.790791 45.000000 0.61703119873602352 -0.048166094602933404
83 3 290.790791 67.500000 0.61703119873602352 -0.048166094602933404
84 0 294.294294 0.000000 0.61807358077446606 -0.047927451748308182
84 1 294.294294 22.500000 0.61807358077446606 -0.047927451748308182
84 2 294.294294 45.000000 0.61807358077446606 -0.047927451748308182
84 3 294.294294 67.500000 0.61807358077446606 -0.047927451748308182
85 0 297.797798 0.000000 0.61957875431242226 -0.047903753329527551
85 1 297.797798 22.500000 0.61957875431242226 -0.047903753329527551
85 2 297.797798 45.000000 0.61957875431242226 -0.047903753329527551
85 3 297.797798 67.500000 0.61957875431242226 -0.047903753329527551
86 0 301.301301 0.000000 0.6212895122679768 -0.048099636744029478
86 1 301.301301 22.500000 0.6212895122679768 -0.048099636744029478
86 2 301.301301 45.000000 0.6212895122679768 -0.048099636744029478
86 3 301.301301 67.500000 0.6212895122679768 -0.048099636744029478
87 0 304.804805 0.000000 0.62291206864835058 -0.048481959172574543
87 1 304.804805 22.500000 0.62291206864835058 -0.048481959172574543
87 2 304.804805 45.000000 0.62291206864835058 -0.048481959172574543
87 3 304.804805 67.500000 0.62291206864835058 -0.048481959172574543
88 0 308.308308 0.000000 0.6241662522336956 -0.048985402063719853
88 1 308.308308 22.500000 0.6241662522336956 -0.048985402063719853
88 2 308.308308 45.000000 0.6241662522336956 -0.048985402063719853
88 3 308.308308 67.500000 0.6241662522336956 -0.048985402063719853
89 0 311.811812 0.000000 0.62483401936797589 -0.049523626645156263
89 1 311.811812 22.500000 0.62483401936797589 -0.049523626645156263
89 2 311.811812 45.000000 0.62483401936797589 -0.049523626645156263
89 3 311.811812 67.500000 0.62483401936797589 -0.049523626645156263
90 0 315.315315 0.000000 0.62479779121445711 -0.050004075921689643
90 1 315.315315 22.500000 0.62479779121445711 -0.050004075921689643
90 2 315.315315 45.000000 0.62479779121445711 -0.050004075921689643
90 3 315.315315 67.500000 0.62479779121445711 -0.050004075921689643
91 0 318.818819 0.000000 0.62406158745636775 -0.050343886311844596
91 1 318.818819 22.500000 0.62406158745636775 -0.050343886311844596
91 2 318.818819 45.000000 0.62406158745636775 -0.050343886311844596
91 3 318.818819 67.500000 0.62406158745636775 -0.050343886311844596
92 0 322.322322 0.000000 0.62275087046747779 -0.05048417440674112
92 1 322.322322 22.500000 0.62275087046747779 -0.05048417440674112
92 2 322.322322 45.000000 0.62275087046747779 -0.05048417440674112
92 3 322.322322 67.500000 0.62275087046747779 -0.05048417440674112
93 0 325.825826 0.000000 0.62109093133286097 -0.050400236459623979
93 1 325.825826 22.500000 0.62109093133286097 -0.050400236459623979
93 2 325.825826 45.000000 0.62109093133286097 -0.050400236459623979
93 3 325.825826 67.500000 0.62109093133286097 -0.050400236459623979
94 0 329.329329 0.000000 0.6193676982238272 -0.050105894600653095
94 1 329.329329 22.500000 0.6193676982238272 -0.050105894600653095
94 2 329.329329 45.000000 0.6193676982238272 -0.050105894600653095
94 3 329.329329 67.500000 0.6193676982238272 -0.050105894600653095
95 0 332.832833 0.000000 0.61787809835160679 -0.049651225813705319
95 1 332.832833 22.500000 0.61787809835160679 -0.049651225813705319
95 2 332.832833 45.000000 0.61787809835160679 -0.049651225813705319
95 3 332.832833 67.500000 0.61787809835160679 -0.049651225813705319
96 0 336.336336 0.000000 0.61687885391936503 -0.049114045923358551
96 1 336.336336 22.500000 0.61687885391936503 -0.049114045923358551
96 2 336.336336 45.000000 0.61687885391936503 -0.049114045923358551
96 3 336.336336 67.500000 0.61687885391936503 -0.049114045923358551
97 0 339.839840 0.000000 0.61654257946911439 -0.048586596191427384
97 1 339.839840 22.500000 0.61654257946911439 -0.048586596191427384
97 2 339.839840 45.000000 0.61654257946911439 -0.048586596191427384
97 3 339.839840 67.500000 0.61654257946911439 -0.048586596191427384
98 0 343.343343 0.000000 0.61692847207929402 -0.048159709506813787
98 1 343.343343 22.500000 0.61692847207929402 -0.048159709506813787
98 2 343.343343 45.000000 0.61692847207929402 -0.048159709506813787
98 3 343.343343 67.500000 0.61692847207929402 -0.048159709506813787
99 0 346.846847 0.000000 0.61797224069584811 -0.047907173239069761
99 1 346.846847 22.500000 0.61797224069584811 -0.047907173239069761
99 2 346.846847 45.000000 0.61797224069584811 -0.047907173239069761
99 3 346.846847 67.500000 0.61797224069584811 -0.047907173239069761
100 0 350.350350 0.000000 0.61949676076788007 -0.047872979819984542
100 1 350.350350 22.500000 0.61949676076788007 -0.047872979819984542
100 2 350.350350 45.000000 0.61949676076788007 -0.047872979819984542
100 3 350.350350 67.500000 0.61949676076788007 -0.047872979819984542
101 0 353.853854 0.000000 0.62124171701277686 -0.048063667152046706
101 1 353.853854 22.500000 0.62124171701277686 -0.048063667152046706
101 2 353.853854 45.000000 0.62124171701277686 -0.048063667152046706
101 3 353.853854 67.500000 0.62124171701277686 -0.048063667152046706
102 0 357.357357 0.000000 0.62290754064316645 -0.048447081769655155
102 1 357.357357 22.500000 0.62290754064316645 -0.048447081769655155
102 2 357.357357 45.000000 0.62290754064316645 -0.048447081769655155
102 3 357.357357 67.500000 0.62290754064316645 -0.048447081769655155
103 0 360.860861 0.000000 0.62420655675203218 -0.048957796671147795
103 1 360.860861 22.500000 0.62420655675203218 -0.048957796671147795
103 2 360.860861 45.000000 0.62420655675203218 -0.048957796671147795
103 3 360.860861 67.500000 0.62420655675203218 -0.048957796671147795
104 0 364.364364 0.000000 0.62491278845622433 -0.049508271571451622
104 1 364.364364 22.500000 0.62491278845622433 -0.049508271571451622
104 2 364.364364 45.000000 0.62491278845622433 -0.049508271571451622
104 3 364.364364 67.500000 0.62491278845622433 -0.049508271571451622
105 0 367.867868 0.000000 0.62490170704458903 -0.050003852651166636
105 1 367.867868 22.500000 0.62490170704458903 -0.050003852651166636
105 2 367.867868 45.000000 0.62490170704458903 -0.050003852651166636
105 3 367.867868 67.500000 0.62490170704458903 -0.050003852651166636
106 0 371.371371 0.000000 0.62417264165094888 -0.050359042544566454
106 1 371.371371 22.500000 0.62417264165094888 -0.050359042544566454
106 2 371.371371 45.000000 0.62417264165094888 -0.050359042544566454
106 3 371.371371 67.500000 0.62417264165094888 -0.050359042544566454
107 0 374.874875 0.000000 0.62284951345213446 -0.050512244902111883
107 1 374.874875 22.500000 0.62284951345213446 -0.050512244902111883
107 2 374.874875 45.000000 0.62284951345213446 -0.050512244902111883
107 3 374.874875 67.500000 0.62284951345213446 -0.050512244902111883
108 0 378.378378 0.000000 0.62115954456959011 -0.050436441667045355
108 1 378.378378 22.500000 0.62115954456959011 -0.050436441667045355
108 2 378.378378 45.000000 0.62115954456959011 -0.050436441667045355
108 3 378.378378 67.500000 0.62115954456959011 -0.050436441667045355
109 0 381.881882 0.000000 0.61939375412661879 -0.050143953047688219
109 1 381.881882 22.500000 0.61939375412661879 -0.050143953047688219
109 2 381.881882 45.000000 0.61939375412661879 -0.050143953047688219
109 3 381.881882 67.500000 0.61939375412661879 -0.050143953047688219
110 0 385.385385 0.000000 0.61785643353262265 -0.049684442415200154
110 1 385.385385 22.500000 0.61785643353262265 -0.049684442415200154
110 2 385.385385 45.000000 0.61785643353262265 -0.049684442415200154
110 3 385.385385 67.500000 0.61785643353262265 -0.049684442415200154
111 0 388.888889 0.000000 0.6168126525298705 -0.049136487911862183
111 1 388.888889 22.500000 0.6168126525298705 -0.049136487911862183
111 2 388.888889 45.000000 0.6168126525298705 -0.049136487911862183
111 3 388.888889 67.500000 0.6168126525298705 -0.049136487911862183
112 0 392.392392 0.000000 0.61644290090108256 -0.048594150441783883
112 1 392.392392 22.500000 0.61644290090108256 -0.048594150441783883
112 2 392.392392 45.000000 0.61644290090108256 -0.048594150441783883
112 3 392.392392 67.500000 0.61644290090108256 -0.048594150441783883
113 0 395.895896 0.000000 0.61681240957625794 -0.048150833213519484
113 1 395.895896 22.500000 0.61681240957625794 -0.048150833213519484
113 2 395.895896 45.000000 0.61681240957625794 -0.048150833213519484
113 3 395.895896 67.500000 0.61681240957625794 -0.048150833213519484
114 0 399.399399 0.000000 0.61786002138216922 -0.047883201466679043
114 1 399.399399 22.500000 0.61786002138216922 -0.047883201466679043
114 2 399.399399 45.000000 0.61786002138216922 -0.047883201466679043
114 3 399.399399 67.500000 0.61786002138216922 -0.047883201466679043
115 0 402.902903 0.000000 0.61940826577442343 -0.04783792973455879
115 1 402.902903 22.500000 0.61940826577442343 -0.04783792973455879
115 2 402.902903 45.000000 0.61940826577442343 -0.04783792973455879
115 3 402.902903 67.500000 0.61940826577442343 -0.04783792973455879
116 0 406.406406 0.000000 0.62119299782819259 -0.048023566640345447
116 1 406.406406 22.500000 0.62119299782819259 -0.048023566640345447
116 2 406.406406 45.000000 0.62119299782819259 -0.048023566640345447
116 3 406.406406 67.500000 0.62119299782819259 -0.048023566640345447
117 0 409.909910 0.000000 0.62290792459995281 -0.048408934333870647
117 1 409.909910 22.500000 0.62290792459995281 -0.048408934333870647
117 2 409.909910 45.000000 0.62290792459995281 -0.048408934333870647
117 3 409.909910 67.500000 0.62290792459995281 -0.048408934333870647
118 0 413.413413 0.000000 0.62425686182776763 -0.048928360077719842
118 1 413.413413 22.500000 0.62425686182776763 -0.048928360077719842
118 2 413.413413 45.000000 0.62425686182776763 -0.048928360077719842
118 3 413.413413 67.500000 0.62425686182776763 -0.048928360077719842
119 0 416.916917 0.000000 0.62500500210130394 -0.049492862939064013
119 1 416.916917 22.500000 0.62500500210130394 -0.049492862939064013
119 2 416.916917 45.000000 0.62500500210130394 -0.049492862939064013
119 3 416.916917 67.500000 0.62500500210130394 -0.049492862939064013
120 0 420.420420 0.000000 0.62502023827577968 -0.050005390885416515
120 1 420.420420 22.500000 0.62502023827577968 -0.050005390885416515
120 2 420.420420 45.000000 0.62502023827577968 -0.050005390885416515
120 3 420.420420 67.500000 0.62502023827577968 -0.050005390885416515
121 0 423.923924 0.000000 0.62429696698155424 -0.050377500087300943
121 1 423.923924 22.500000 0.62429696698155424 -0.050377500087300943
121 2 423.923924 45.000000 0.62429696698155424 -0.050377500087300943
121 3 423.923924 67.500000 0.62429696698155424 -0.050377500087300943
122 0 427.427427 0.000000 0.62295776383981649 -0.050544611021294039
122 1 427.427427 22.500000 0.62295776383981649 -0.050544611021294039
122 2 427.427427 45.000000 0.62295776383981649 -0.050544611021294039
122 3 427.427427 67.500000 0.62295776383981649 -0.050544611021294039
123 0 430.930931 0.000000 0.62123238734197106 -0.050477210831214224
123 1 430.930931 22.500000 0.62123238734197106 -0.050477210831214224
123 2 430.930931 45.000000 0.62123238734197106 -0.050477210831214224
123 3 430.930931 67.500000 0.62123238734197106 -0.050477210831214224
124 0 434.434434 0.000000 0.61941785985830977 -0.050186059659884451
124 1 434.434434 22.500000 0.61941785985830977 -0.050186059659884451
124 2 434.434434 45.000000 0.61941785985830977 -0.050186059659884451
124 3 434.434434 67.500000 0.61941785985830977 -0.050186059659884451
125 0 437.937938 0.000000 0.61782689813543745 -0.049720483512209132
125 1 437.937938 22.500000 0.61782689813543745 -0.049720483512209132
125 2 437.937938 45.000000 0.61782689813543745 -0.049720483512209132
125 3 437.937938 67.500000 0.61782689813543745 -0.049720483512209132
126 0 441.441441 0.000000 0.6167339457822526 -0.049160022553193516
126 1 441.441441 22.500000 0.6167339457822526 -0.049160022553193516
126 2 441.441441 45.000000 0.6167339457822526 -0.049160022553193516
126 3 441.441441 67.500000 0.6167339457822526 -0.049160022553193516
127 0 444.944945 0.000000 0.61632818316018456 -0.048600848085194451
127 1 444.944945 22.500000 0.61632818316018456 -0.048600848085194451
127 2 444.944945 45.000000 0.61632818316018456 -0.048600848085194451
127 3 444.944945 67.500000 0.61632818316018456 -0.048600848085194451
128 0 448.448448 0.000000 0.61668134007414477 -0.048139266785667295
128 1 448.448448 22.500000 0.61668134007414477 -0.048139266785667295
128 2 448.448448 45.000000 0.61668134007414477 -0.048139266785667295
128 3 448.448448 67.500000 0.61668134007414477 -0.048139266785667295
129 0 451.951952 0.000000 0.61773542680417148 -0.04785514051459052
129 1 451.951952 22.500000 0.61773542680417148 -0.04785514051459052
129 2 451.951952 45.000000 0.61773542680417148 -0.04785514051459052
129 3 451.951952 67.500000 0.61773542680417148 -0.04785514051459052
130 0 455.455455 0.000000 0.61931221764532307 -0.047798074987311354
130 1 455.455455 22.500000 0.61931221764532307 -0.047798074987311354
130 2 455.455455 45.000000 0.61931221764532307 -0.047798074987311354
130 3 455.455455 67.500000 0.61931221764532307 -0.047798074987311354
131 0 458.958959 0.000000 0.62114294669905357 -0.047978764768333848
131 1 458.958959 22.500000 0.62114294669905357 -0.047978764768333848
131 2 458.958959 45.000000 0.62114294669905357 -0.047978764768333848
131 3 458.958959 67.500000 0.62114294669905357 -0.047978764768333848
132 0 462.462462 0.000000 0.62291354844080393 -0.048367003687583475
132 1 462.462462 22.500000 0.62291354844080393 -0.048367003687583475
132 2 462.462462 45.000000 0.62291354844080393 -0.048367003687583475
132 3 462.462462 67.500000 0.62291354844080393 -0.048367003687583475
133 0 465.965966 0.000000 0.62431819645233988 -0.04889672846932526
133 1 465.965966 22.500000 0.62431819645233988 -0.04889672846932526
133 2 465.965966 45.000000 0.62431819645233988 -0.04889672846932526
133 3 465.965966 67.500000 0.62431819645233988 -0.04889672846932526
134 0 469.469469 0.000000 0.62511222996670834 -0.049477254441402371
134 1 469.469469 22.500000 0.62511222996670834 -0.049477254441402371
134 2 469.469469 45.000000 0.62511222996670834 -0.049477254441402371
134 3 469.469469 67.500000 0.62511222996670834 -0.049477254441402371
135 0 472.972973 0.000000 0.6251552336321029 -0.050008793372815261
135 1 472.972973 22.500000 0.6251552336321029 -0.050008793372815261
135 2 472.972973 45.000000 0.6251552336321029 -0.050008793372815261
135 3 472.972973 67.500000 0.6251552336321029 -0.050008793372815261
136 0 476.476476 0.000000 0.62443637216620085 -0.050399599178366151
136 1 476.476476 22.500000 0.62443637216620085 -0.050399599178366151
136 2 476.476476 45.000000 0.62443637216620085 -0.050399599178366151
136 3 476.476476 67.500000 0.62443637216620085 -0.050399599178366151
137 0 479.979980 0.000000 0.62307706962750509 -0.050581796728703665
137 1 479.979980 22.500000 0.62307706962750509 -0.050581796728703665
137 2 479.979980 45.000000 0.62307706962750509 -0.050581796728703665
137 3 479.979980 67.500000 0.62307706962750509 -0.050581796728703665
138 0 483.483483 0.000000 0.62131028220316797 -0.050523164054155939
138 1 483.483483 22.500000 0.62131028220316797 -0.050523164054155939
138 2 483.483483 45.000000 0.62131028220316797 -0.050523164054155939
138 3 483.483483 67.500000 0.62131028220316797 -0.050523164054155939
139 0 486.986987 0.000000 0.6194400524195296 -0.050232823816787946
139 1 486.986987 22.500000 0.6194400524195296 -0.050232823816787946
139 2 486.986987 45.000000 0.6194400524195296 -0.050232823816787946
139 3 486.986987 67.500000 0.6194400524195296 -0.050232823816787946
140 0 490.490490 0.000000 0.61778871861767992 -0.049759839959646585
140 1 490.490490 22.500000 0.61778871861767992 -0.049759839959646585
140 2 490.490490 45.000000 0.61778871861767992 -0.049759839959646585
140 3 490.490490 67.500000 0.61778871861767992 -0.049759839959646585
141 0 493.993994 0.000000 0.61664126661464669 -0.049184932410144752
141 1 493.993994 22.500000 0.61664126661464669 -0.049184932410144752
141 2 493.993994 45.000000 0.61664126661464669 -0.049184932410144752
141 3 493.993994 67.500000 0.61664126661464669 -0.049184932410144752
142 0 497.497497 0.000000 0.61619650693727412 -0.048606707958909055
142 1 497.497497 22.500000 0.61619650693727412 -0.048606707958909055
142 2 497.497497 45.000000 0.61619650693727412 -0.048606707958909055
142 3 497.497497 67.500000 0.61619650693727412 -0.048606707958909055
143 0 501.001001 0.000000 0.6165332182726071 -0.048124754917667149
143 1 501.001001 22.500000 0.6165332182726071 -0.048124754917667149
143 2 501.001001 45.000000 0.6165332182726071 -0.048124754917667149
143 3 501.001001 67.500000 0.6165332182726071 -0.048124754917667149
144 0 504.504505 0.000000 0.61759664260113234 -0.047822498569396694
144 1 504.504505 22.500000 0.61759664260113234 -0.047822498569396694
144 2 504.504505 45.000000 0.61759664260113234 -0.047822498569396694
144 3 504.504505 67.500000 0.61759664260113234 -0.047822498569396694
145 0 508.008008 0.000000 0.61920735981121189 -0.04775276759822969
145 1 508.008008 22.500000 0.61920735981121189 -0.04775276759822969
145 2 508.008008 45.000000 0.61920735981121189 -0.04775276759822969
145 3 508.008008 67.500000 0.61920735981121189 -0.04775276759822969
146 0 511.511512 0.000000 0.62109110406326518 -0.047928567427186576
146 1 511.511512 22.500000 0.62109110406326518 -0.047928567427186576
146 2 511.511512 45.000000 0.62109110406326518 -0.047928567427186576
146 3 511.511512 67.500000 0.62109110406326518 -0.047928567427186576
147 0 515.015015 0.000000 0.62292485643257156 -0.04832067074042292
147 1 515.015015 22.500000 0.62292485643257156 -0.04832067074042292
147 2 515.015015 45.000000 0.62292485643257156 -0.04832067074042292
147 3 515.015015 67.500000 0.62292485643257156 -0.04832067074042292
148 0 518.518519 0.000000 0.62439185948913911 -0.048862468988581799
148 1 518.518519 22.500000 0.62439185948913911 -0.048862468988581799
148 2 518.518519 45.000000 0.62439185948913911 -0.048862468988581799
148 3 518.518519 67.500000 0.62439185948913911 -0.048862468988581799
149 0 522.022022 0.000000 0.62523642314834704 -0.049461280875840723
149 1 522.022022 22.500000 0.62523642314834704 -0.049461280875840723
149 2 522.022022 45.000000 0.62523642314834704 -0.049461280875840723
149 3 522.022022 67.500000 0.62523642314834704 -0.049461280875840723
150 0 525.525526 0.000000 0.62530897160479537 -0.050014199043096626
150 1 525.525526 22.500000 0.62530897160479537 -0.050014199043096626
150 2 525.525526 45.000000 0.62530897160479537 -0.050014199043096626
150 3 525.525526 67.500000 0.62530897160479537 -0.050014199043096626
151 0 529.029029 0.000000 0.62459307005656972 -0.050425766763366998
151 1 529.029029 22.500000 0.62459307005656972 -0.050425766763366998
151 2 529.029029 45.000000 0.62459307005656972 -0.050425766763366998
151 3 529.029029 67.500000 0.62459307005656972 -0.050425766763366998
152 0 532.532533 0.000000 0.62320918551837501 -0.050624449675541978
152 1 532.532533 22.500000 0.62320918551837501 -0.050624449675541978
152 2 532.532533 45.000000 0.62320918551837501 -0.050624449675541978
152 3 532.532533 67.500000 0.62320918551837501 -0.050624449675541978
153 0 536.036036 0.000000 0.62139420430682424 -0.050575061638302908
153 1 536.036036 22.500000 0.62139420430682424 -0.050575061638302908
153 2 536.036036 45.000000 0.62139420430682424 -0.050575061638302908
153 3 536.036036 67.500000 0.62139420430682424 -0.050575061638302908
154 0 539.539540 0.000000 0.61946033625100849 -0.050284987580714077
154 1 539.539540 22.500000 0.61946033625100849 -0.050284987580714077
154 2 539.539540 45.000000 0.61946033625100849 -0.050284987580714077
154 3 539.539540 67.500000 0.61946033625100849 -0.050284987580714077
155 0 543.043043 0.000000 0.61774090437643925 -0.049803104269573198
155 1 543.043043 22.500000 0.61774090437643925 -0.049803104269573198
155 2 543.043043 45.000000 0.61774090437643925 -0.049803104269573198
155 3 543.043043 67.500000 0.61774090437643925 -0.049803104269573198
156 0 546.546547 0.000000 0.61653277935442008 -0.04921155182520795
156 1 546.546547 22.500000 0.61653277935442008 -0.04921155182520795
156 2 546.546547 45.000000 0.61653277935442008 -0.04921155182520795
156 3 546.546547 67.500000 0.61653277935442008 -0.04921155182520795
157 0 550.050050 0.000000 0.61604549300542721 -0.048611740062744359
157 1 550.050050 22.500000 0.61604549300542721 -0.048611740062744359
157 2 550.050050 45.000000 0.61604549300542721 -0.048611740062744359
157 3 550.050050 67.500000 0.61604549300542721 -0.048611740062744359
158 0 553.553554 0.000000 0.61636552548872725 -0.048106972373868254
158 1 553.553554 22.500000 0.61636552548872725 -0.048106972373868254
158 2 553.553554 45.000000 0.61636552548872725 -0.048106972373868254
158 3 553.553554 67.500000 0.61636552548872725 -0.048106972373868254
159 0 557.057057 0.000000 0.61744145018337115 -0.047784663011629626
159 1 557.057057 22.500000 0.61744145018337115 -0.047784663011629626
159 2 557.057057 45.000000 0.61744145018337115 -0.047784663011629626
159 3 557.057057 67.500000 0.61744145018337115 -0.047784663011629626
160 0 560.560561 0.000000 0.61909217405256622 -0.047701207384774881
160 1 560.560561 22.500000 0.61909217405256622 -0.047701207384774881
160 2 560.560561 45.000000 0.61909217405256622 -0.047701207384774881
160 3 560.560561 67.500000 0.61909217405256622 -0.047701207384774881
161 0 564.064064 0.000000 0.62103694256921571 -0.04787212255229828
161 1 564.064064 22.500000 0.62103694256921571 -0.04787212255229828
161 2 564.064064 45.000000 0.62103694256921571 -0.04787212255229828
161 3 564.064064 67.500000 0.62103694256921571 -0.04787212255229828
162 0 567.567568 0.000000 0.62294243825813278 -0.048269180216121289
162 1 567.567568 22.500000 0.62294243825813278 -0.048269180216121289
162 2 567.567568 45.000000 0.62294243825813278 -0.048269180216121289
162 3 567.567568 67.500000 0.62294243825813278 -0.048269180216121289
163 0 571.071071 0.000000 0.62447949104269851 -0.048825059006048187
163 1 571.071071 22.500000 0.62447949104269851 -0.048825059006048187
163 2 571.071071 45.000000 0.62447949104269851 -0.048825059006048187
163 3 571.071071 67.500000 0.62447949104269851 -0.048825059006048187
164 0 574.574575 0.000000 0.62538001713560154 -0.049444751028454817
164 1 574.574575 22.500000 0.62538001713560154 -0.049444751028454817
164 2 574.574575 45.000000 0.62538001713560154 -0.049444751028454817
164 3 574.574575 67.500000 0.62538001713560154 -0.049444751028454817
165 0 578.078078 0.000000 0.62548427813601248 -0.05002179133374117
165 1 578.078078 22.500000 0.62548427813601248 -0.05002179133374117
165 2 578.078078 45.000000 0.62548427813601248 -0.05002179133374117
165 3 578.078078 67.500000 0.62548427813601248 -0.05002179133374117
166 0 581.581582 0.000000 0.62476978977573427 -0.050456539434064369
166 1 581.581582 22.500000 0.62476978977573427 -0.050456539434064369
166 2 581.581582 45.000000 0.62476978977573427 -0.050456539434064369
166 3 581.581582 67.500000 0.62476978977573427 -0.050456539434064369
167 0 585.085085 0.000000 0.6233562593892038 -0.050673375300803319
167 1 585.085085 22.500000 0.6233562593892038 -0.050673375300803319
167 2 585.085085 45.000000 0.6233562593892038 -0.050673375300803319
167 3 585.085085 67.500000 0.6233562593892038 -0.050673375300803319
168 0 588.588589 0.000000 0.62148532589153582 -0.050633843779022969
168 1 588.588589 22.500000 0.62148532589153582 -0.050633843779022969
168 2 588.588589 45.000000 0.62148532589153582 -0.050633843779022969
168 3 588.588589 67.500000 0.62148532589153582 -0.050633843779022969
169 0 592.092092 0.000000 0.61947867631467191 -0.050343464186405278
169 1 592.092092 22.500000 0.61947867631467191 -0.050343464186405278
169 2 592.092092 45.000000 0.61947867631467191 -0.050343464186405278
169 3 592.092092 67.500000 0.61947867631467191 -0.050343464186405278
170 0 595.595596 0.000000 0.61768218879701442 -0.049851001030118122
170 1 595.595596 22.500000 0.61768218879701442 -0.049851001030118122
170 2 595.595596 45.000000 0.61768218879701442 -0.049851001030118122
170 3 595.595596 67.500000 0.61768218879701442 -0.049851001030118122
171 0 599.099099 0.000000 0.61640617726517777 -0.049240283539012664
171 1 599.099099 22.500000 0.61640617726517777 -0.049240283539012664
171 2 599.099099 45.000000 0.61640617726517777 -0.049240283539012664
171 3 599.099099 67.500000 0.61640617726517777 -0.049240283539012664
172 0 602.602603 0.000000 0.61587217273762473 -0.048615944846911924
172 1 602.602603 22.500000 0.61587217273762473 -0.048615944846911924
172 2 602.602603 45.000000 0.61587217273762473 -0.048615944846911924
172 3 602.602603 67.500000 0.61587217273762473 -0.048615944846911924
173 0 606.106106 0.000000 0.6161751349698309 -0.04808550533293858
173 1 606.106106 22.500000 0.6161751349698309 -0.04808550533293858
173 2 606.106106 45.000000 0.6161751349698309 -0.04808550533293858
173 3 606.106106 67.500000 0.6161751349698309 -0.04808550533293858
174 0 609.609610 0.000000 0.61726711046589233 -0.047740866353687669
174 1 609.609610 22.500000 0.61726711046589233 -0.047740866353687669
174 2 609.609610 45.000000 0.61726711046589233 -0.047740866353687669
174 3 609.609610 67.500000 0.61726711046589233 -0.047740866353687669
175 0 613.113113 0.000000 0.61896480410295807 -0.047642397865973171
175 1 613.113113 22.500000 0.61896480410295807 -0.047642397865973171
175 2 613.113113 45.000000 0.61896480410295807 -0.047642397865973171
175 3 613.113113 67.500000 0.61896480410295807 -0.047642397865973171
176 0 616.616617 0.000000 0.62097984601515543 -0.047808373373006065
176 1 616.616617 22.500000 0.62097984601515543 -0.047808373373006065
176 2 616.616617 45.000000 0.62097984601515543 -0.047808373373006065
176 3 616.616617 67.500000 0.62097984601515543 -0.047808373373006065
177 0 620.120120 0.000000 0.62296706976342753 -0.048211599415196135
177 1 620.120120 22.500000 0.62296706976342753 -0.048211599415196135
177 2 620.120120 45.000000 0.62296706976342753 -0.048211599415196135
177 3 620.120120 67.500000 0.62296706976342753 -0.048211599415196135
178 0 623.623624 0.000000 0.62458317084258907 -0.048783857940386539
178 1 623.623624 22.500000 0.62458317084258907 -0.048783857940386539
178 2 623.623624 45.000000 0.62458317084258907 -0.048783857940386539
178 3 623.623624 67.500000 0.62458317084258907 -0.048783857940386539
179 0 627.127127 0.000000 0.62554607315895105 -0.049427438111868637
179 1 627.127127 22.500000 0.62554607315895105 -0.049427438111868637
179 2 627.127127 45.000000 0.62554607315895105 -0.049427438111868637
179 3 627.127127 67.500000 0.62554607315895105 -0.049427438111868637
180 0 630.630631 0.000000 0.62568468782666287 -0.050031809751617647
180 1 630.630631 22.500000 0.62568468782666287 -0.050031809751617647
180 2 630.630631 45.000000 0.62568468782666287 -0.050031809751617647
180 3 630.630631 67.500000 0.62568468782666287 -0.050031809751617647
181 0 634.134134 0.000000 0.62496993002454215 -0.050492594989344199
181 1 634.134134 22.500000 0.62496993002454215 -0.050492594989344199
181 2 634.134134 45.000000 0.62496993002454215 -0.050492594989344199
181 3 634.134134 67.500000 0.62496993002454215 -0.050492594989344199
182 0 637.637638 0.000000 0.62352095012832931 -0.05072958367662337
182 1 637.637638 22.500000 0.62352095012832931 -0.05072958367662337
182 2 637.637638 45.000000 0.62352095012832931 -0.05072958367662337
182 3 637.637638 67.500000 0.62352095012832931 -0.05072958367662337
183 0 641.141141 0.000000 0.6215850763105657 -0.050700685065447074
183 1 641.141141 22.500000 0.6215850763105657 -0.050700685065447074
183 2 641.141141 45.000000 0.6215850763105657 -0.050700685065447074
183 3 641.141141 67.500000 0.6215850763105657 -0.050700685065447074
184 0 644.644645 0.000000 0.61949498743709008 -0.050409390875869244
184 1 644.644645 22.500000 0.61949498743709008 -0.050409390875869244
184 2 644.644645 45.000000 0.61949498743709008 -0.050409390875869244
184 3 644.644645 67.500000 0.61949498743709008 -0.050409390875869244
185 0 648.148148 0.000000 0.61761094711052433 -0.049904428634795696
185 1 648.148148 22.500000 0.61761094711052433 -0.049904428634795696
185 2 648.148148 45.000000 0.61761094711052433 -0.049904428634795696
185 3 648.148148 67.500000 0.61761094711052433 -0.049904428634795696
186 0 651.651652 0.000000 0.61625854071217478 -0.049271621421643819
186 1 651.651652 22.500000 0.61625854071217478 -0.049271621421643819
186 2 651.651652 45.000000 0.61625854071217478 -0.049271621421643819
186 3 651.651652 67.500000 0.61625854071217478 -0.049271621421643819
187 0 655.155155 0.000000 0.61567280930266666 -0.04861931206555789
187 1 655.155155 22.500000 0.61567280930266666 -0.04861931206555789
187 2 655.155155 45.000000 0.61567280930266666 -0.04861931206555789
187 3 655.155155 67.500000 0.61567280930266666 -0.04861931206555789
188 0 658.658659 0.000000 0.61595812621988988 -0.048059825494926198
188 1 658.658659 22.500000 0.61595812621988988 -0.048059825494926198
188 2 658.658659 45.000000 0.61595812621988988 -0.048059825494926198
188 3 658.658659 67.500000 0.61595812621988988 -0.048059825494926198
189 0 662.162162 0.000000 0.61707020392338929 -0.047690139076677324
189 1 662.162162 22.500000 0.61707020392338929 -0.047690139076677324
189 2 662.162162 45.000000 0.61707020392338929 -0.047690139076677324
189 3 662.162162 67.500000 0.61707020392338929 -0.047690139076677324
190 0 665.665666 0.000000 0.61882295104936891 -0.047575085230834938
190 1 665.665666 22.500000 0.61882295104936891 -0.047575085230834938
190 2 665.665666 45.000000 0.61882295104936891 -0.047575085230834938
190 3 665.665666 67.500000 0.61882295104936891 -0.047575085230834938
191 0 669.169169 0.000000 0.62091908147046215 -0.047735993707361153
191 1 669.169169 22.500000 0.62091908147046215 -0.047735993707361153
191 2 669.169169 45.000000 0.62091908147046215 -0.047735993707361153
191 3 669.169169 67.500000 0.62091908147046215 -0.047735993707361153
192 0 672.672673 0.000000 0.62299977074758284 -0.048146761145989904
192 1 672.672673 22.500000 0.62299977074758284 -0.048146761145989904
192 2 672.672673 45.000000 0.62299977074758284 -0.048146761145989904
192 3 672.672673 67.500000 0.62299977074758284 -0.048146761145989904
193 0 676.176176 0.000000 0.62470555590699328 -0.048738068299291004
193 1 676.176176 22.500000 0.62470555590699328 -0.048738068299291004
193 2 676.176176 45.000000 0.62470555590699328 -0.048738068299291004
193 3 676.176176 67.500000 0.62470555590699328 -0.048738068299291004
194 0 679.679680 0.000000 0.62573847534222204 -0.049409066660715463
194 1 679.679680 22.500000 0.62573847534222204 -0.049409066660715463
194 2 679.679680 45.000000 0.62573847534222204 -0.049409066660715463
194 3 679.679680 67.500000 0.62573847534222204 -0.049409066660715463
195 0 683.183183 0.000000 0.62591466844550592 -0.050044566141836375
195 1 683.183183 22.500000 0.62591466844550592 -0.050044566141836375
195 2 683.183183 45.000000 0.62591466844550592 -0.050044566141836375
195 3 683.183183 67.500000 0.62591466844550592 -0.050044566141836375
196 0 686.686687 0.000000 0.625197772293555 -0.050534796552316623
196 1 686.686687 22.500000 0.625197772293555 -0.050534796552316623
196 2 686.686687 45.000000 0.625197772293555 -0.050534796552316623
196 3 686.686687 67.500000 0.625197772293555 -0.050534796552316623
197 0 690.190190 0.000000 0.62370659112823956 -0.050794354940725574
197 1 690.190190 22.500000 0.62370659112823956 -0.050794354940725574
197 2 690.190190 45.000000 0.62370659112823956 -0.050794354940725574
197 3 690.190190 67.500000 0.62370659112823956 -0.050794354940725574
198 0 693.693694 0.000000 0.62169522464254445 -0.050777070611519454
198 1 693.693694 22.500000 0.62169522464254445 -0.050777070611519454
198 2 693.693694 45.000000 0.62169522464254445 -0.050777070611519454
198 3 693.693694 67.500000 0.62169522464254445 -0.050777070611519454
199 0 697.197197 0.000000 0.61950911806730435 -0.050484202717001041
199 1 697.197197 22.500000 0.61950911806730435 -0.050484202717001041
199 2 697.197197 45.000000 0.61950911806730435 -0.050484202717001041
199 3 697.197197 67.500000 0.61950911806730435 -0.050484202717001041
200 0 700.700701 0.000000 0.61752508020144381 -0.049964517575687158
200 1 700.700701 22.500000 0.61752508020144381 -0.049964517575687158
200 2 700.700701 45.000000 0.61752508020144381 -0.049964517575687158
200 3 700.700701 67.500000 0.61752508020144381 -0.049964517575687158
201 0 704.204204 0.000000 0.61608613754439689 -0.049306182156517941
201 1 704.204204 22.500000 0.61608613754439689 -0.049306182156517941
201 2 704.204204 45.000000 0.61608613754439689 -0.049306182156517941
201 3 704.204204 67.500000 0.61608613754439689 -0.049306182156517941
202 0 707.707708 0.000000 0.61544264647048397 -0.048621818960994809
202 1 707.707708 22.500000 0.61544264647048397 -0.048621818960994809
202 2 707.707708 45.000000 0.61544264647048397 -0.048621818960994809
202 3 707.707708 67.500000 0.61544264647048397 -0.048621818960994809
203 0 711.211211 0.000000 0.61570952445617777 -0.048029253489114403
203 1 711.211211 22.500000 0.61570952445617777 -0.048029253489114403
203 2 711.211211 45.000000 0.61570952445617777 -0.048029253489114403
203 3 711.211211 67.500000 0.61570952445617777 -0.048029253489114403
204 0 714.714715 0.000000 0.61684640648957167 -0.047631243092872019
204 1 714.714715 22.500000 0.61684640648957167 -0.047631243092872019
204 2 714.714715 45.000000 0.61684640648957167 -0.047631243092872019
204 3 714.714715 67.500000 0.61684640648957167 -0.047631243092872019
205 0 718.218218 0.000000 0.61866372734664155 -0.047497672230740827
205 1 718.218218 22.500000 0.61866372734664155 -0.047497672230740827
205 2 718.218218 45.000000 0.61866372734664155 -0.047497672230740827
205 3 718.218218 67.500000 0.61866372734664155 -0.047497672230740827
206 0 721.721722 0.000000 0.62085376155011751 -0.047653296632245851
206 1 721.721722 22.500000 0.62085376155011751 -0.047653296632245851
206 2 721.721722 45.000000 0.62085376155011751 -0.047653296632245851
206 3 721.721722 67.500000 0.62085376155011751 -0.047653296632245851
207 0 725.225225 0.000000 0.62304188817573014 -0.048073183141903453
207 1 725.225225 22.500000 0.62304188817573014 -0.048073183141903453
207 2 725.225225 45.000000 0.62304188817573014 -0.048073183141903453
207 3 725.225225 67.500000 0.62304188817573014 -0.048073183141903453
208 0 728.728729 0.000000 0.62485007657083402 -0.048686680683007764
208 1 728.728729 22.500000 0.62485007657083402 -0.048686680683007764
208 2 728.728729 45.000000 0.62485007657083402 -0.048686680683007764
208 3 728.728729 67.500000 0.62485007657083402 -0.048686680683007764
209 0 732.232232 0.000000 0.62596221076017855 -0.049389294144922997
209 1 732.232232 22.500000 0.62596221076017855 -0.049389294144922997
209 2 732.232232 45.000000 0.62596221076017855 -0.049389294144922997
209 3 732.232232 67.500000 0.62596221076017855 -0.049389294144922997
210 0 735.735736 0.000000 0.62617993952021056 -0.050060467977637614
210 1 735.735736 22.500000 0.62617993952021056 -0.050060467977637614
210 2 735.735736 45.000000 0.62617993952021056 -0.050060467977637614
210 3 735.735736 67.500000 0.62617993952021056 -0.050060467977637614
211 0 739.239239 0.000000 0.62545878314376335 -0.050584255455901277
211 1 739.239239 22.500000 0.62545878314376335 -0.050584255455901277
211 2 739.239239 45.000000 0.62545878314376335 -0.050584255455901277
211 3 739.239239 67.500000 0.62545878314376335 -0.050584255455901277
212 0 742.742743 0.000000 0.62391742164212394 -0.050869332565146655
212 1 742.742743 22.500000 0.62391742164212394 -0.050869332565146655
212 2 742.742743 45.000000 0.62391742164212394 -0.050869332565146655
212 3 742.742743 67.500000 0.62391742164212394 -0.050869332565146655
213 0 746.246246 0.000000 0.62181799575156027 -0.050864904643649296
213 1 746.246246 22.500000 0.62181799575156027 -0.050864904643649296
213 2 746.246246 45.000000 0.62181799575156027 -0.050864904643649296
213 3 746.246246 67.500000 0.62181799575156027 -0.050864904643649296
214 0 749.749750 0.000000 0.61952082539590758 -0.050569737974341375
214 1 749.749750 22.500000 0.61952082539590758 -0.050569737974341375
214 2 749.749750 45.000000 0.61952082539590758 -0.050569737974341375
214 3 749.749750 67.500000 0.61952082539590758 -0.050569737974341375
215 0 753.253253 0.000000 0.61742184717126447 -0.050032713703643004
215 1 753.253253 22.500000 0.61742184717126447 -0.050032713703643004
215 2 753.253253 45.000000 0.61742184717126447 -0.050032713703643004
215 3 753.253253 67.500000 0.61742184717126447 -0.050032713703643004
216 0 756.756757 0.000000 0.61588413664819186 -0.049344750471692289
216 1 756.756757 22.500000 0.61588413664819186 -0.049344750471692289
216 2 756.756757 45.000000 0.61588413664819186 -0.049344750471692289
216 3 756.756757 67.500000 0.61588413664819186 -0.049344750471692289
217 0 760.260260 0.000000 0.6151755486433691 -0.048623427496891254
217 1 760.260260 22.500000 0.6151755486433691 -0.048623427496891254
217 2 760.260260 45.000000 0.6151755486433691 -0.048623427496891254
217 3 760.260260 67.500000 0.6151755486433691 -0.048623427496891254
218 0 763.763764 0.000000 0.61542292754218586 -0.047992906158973427
218 1 763.763764 22.500000 0.61542292754218586 -0.047992906158973427
218 2 763.763764 45.000000 0.61542292754218586 -0.047992906158973427
218 3 763.763764 67.500000 0.61542292754218586 -0.047992906158973427
219 0 767.267267 0.000000 0.61659016904637454 -0.047562575905525963
219 1 767.267267 22.500000 0.61659016904637454 -0.047562575905525963
219 2 767.267267 45.000000 0.61659016904637454 -0.047562575905525963
219 3 767.267267 67.500000 0.61659016904637454 -0.047562575905525963
220 0 770.770771 0.000000 0.6184834487582016 -0.047408094048240514
220 1 770.770771 22.500000 0.6184834487582016 -0.047408094048240514
220 2 770.770771 45.000000 0.6184834487582016 -0.047408094048240514
220 3 770.770771 67.500000 0.6184834487582016 -0.047408094048240514
221 0 774.274274 0.000000 0.62078279228157562 -0.047558102685252637
221 1 774.274274 22.500000 0.62078279228157562 -0.047558102685252637
221 2 774.274274 45.000000 0.62078279228157562 -0.047558102685252637
221 3 774.274274 67.500000 0.62078279228157562 -0.047558102685252637
222 0 777.777778 0.000000 0.62309521840547466 -0.047988951648836105
222 1 777.777778 22.500000 0.62309521840547466 -0.047988951648836105
222 2 777.777778 45.000000 0.62309521840547466 -0.047988951648836105
222 3 777.777778 67.500000 0.62309521840547466 -0.047988951648836105
223 0 781.281281 0.000000 0.62502122153455975 -0.048628394272400136
223 1 781.281281 22.500000 0.62502122153455975 -0.048628394272400136
223 2 781.281281 45.000000 0.62502122153455975 -0.048628394272400136
223 3 781.281281 67.500000 0.62502122153455975 -0.048628394272400136
224 0 784.784785 0.000000 0.62622377585739664 -0.049367684436910995
224 1 784.784785 22.500000 0.62622377585739664 -0.049367684436910995
224 2 784.784785 45.000000 0.62622377585739664 -0.049367684436910995
224 3 784.784785 67.500000 0.62622377585739664 -0.049367684436910995
225 0 788.288288 0.000000 0.62648793434684569 -0.050080052310071677
225 1 788.288288 22.500000 0.62648793434684569 -0.050080052310071677
225 2 788.288288 45.000000 0.62648793434684569 -0.050080052310071677
225 3 788.288288 67.500000 0.62648793434684569 -0.050080052310071677
226 0 791.791792 0.000000 0.62576005228368325 -0.050642422820649596
226 1 791.791792 22.500000 0.62576005228368325 -0.050642422820649596
226 2 791.791792 45.000000 0.62576005228368325 -0.050642422820649596
226 3 791.791792 67.500000 0.62576005228368325 -0.050642422820649596
227 0 795.295295 0.000000 0.62415892154016528 -0.050956659310575317
227 1 795.295295 22.500000 0.62415892154016528 -0.050956659310575317
227 2 795.295295 45.000000 0.62415892154016528 -0.050956659310575317
227 3 795.295295 67.500000 0.62415892154016528 -0.050956659310575317
228 0 798.798799 0.000000 0.62195623705743275 -0.050966668984924253
228 1 798.798799 22.500000 0.62195623705743275 -0.050966668984924253
228 2 798.798799 45.000000 0.62195623705743275 -0.050966668984924253
228 3 798.798799 67.500000 0.62195623705743275 -0.050966668984924253
229 0 802.302302 0.000000 0.61952973662989574 -0.050668392103991731
229 1 802.302302 22.500000 0.61952973662989574 -0.050668392103991731
229 2 802.302302 45.000000 0.61952973662989574 -0.050668392103991731
229 3 802.302302 67.500000 0.61952973662989574 -0.050668392103991731
230 0 805.805806 0.000000 0.61729761859832577 -0.050110900064842923
230 1 805.805806 22.500000 0.61729761859832577 -0.050110900064842923
230 2 805.805806 45.000000 0.61729761859832577 -0.050110900064842923
230 3 805.805806 67.500000 0.61729761859832577 -0.050110900064842923
231 0 809.309309 0.000000 0.61564618742918431 -0.049388345379554034
231 1 809.309309 22.500000 0.61564618742918431 -0.049388345379554034
231 2 809.309309 45.000000 0.61564618742918431 -0.049388345379554034
231 3 809.309309 67.500000 0.61564618742918431 -0.049388345379554034
232 0 812.812813 0.000000 0.61486347297517852 -0.048624080185818493
232 1 812.812813 22.500000 0.61486347297517852 -0.048624080185818493
232 2 812.812813 45.000000 0.61486347297517852 -0.048624080185818493
232 3 812.812813 67.500000 0.61486347297517852 -0.048624080185818493
233 0 816.316316 0.000000 0.61508995920458587 -0.047949618885855382
233 1 816.316316 22.500000 0.61508995920458587 -0.047949618885855382
233 2 816.316316 45.000000 0.61508995920458587 -0.047949618885855382
233 3 816.316316 67.500000 0.61508995920458587 -0.047949618885855382
234 0 819.819820 0.000000 0.61629424811568601 -0.04748202924899296
234 1 819.819820 22.500000 0.61629424811568601 -0.04748202924899296
234 2 819.819820 45.000000 0.61629424811568601 -0.04748202924899296
234 3 819.819820 67.500000 0.61629424811568601 -0.04748202924899296
235 0 823.323323 0.000000 0.61827733072568403 -0.047303634947595125
235 1 823.323323 22.500000 0.61827733072568403 -0.047303634947595125
235 2 823.323323 45.000000 0.61827733072568403 -0.047303634947595125
235 3 823.323323 67.500000 0.61827733072568403 -0.047303634947595125
236 0 826.826827 0.000000 0.62070479946135859 -0.047447544890541746
236 1 826.826827 22.500000 0.62070479946135859 -0.047447544890541746
236 2 826.826827 45.000000 0.62070479946135859 -0.047447544890541746
236 3 826.826827 67.500000 0.62070479946135859 -0.047447544890541746
237 0 830.330330 0.000000 0.62316219110323845 -0.047891548943393911
237 1 830.330330 22.500000 0.62316219110323845 -0.047891548943393911
237 2 830.330330 45.000000 0.62316219110323845 -0.047891548943393911
237 3 830.330330 67.500000 0.62316219110323845 -0.047891548943393911
238 0 833.833834 0.000000 0.62522496267559702 -0.048561498851170046
238 1 833.833834 22.500000 0.62522496267559702 -0.048561498851170046
238 2 833.833834 45.000000 0.62522496267559702 -0.048561498851170046
238 3 833.833834 67.500000 0.62522496267559702 -0.048561498851170046
239 0 837.337337 0.000000 0.62653178107611462 -0.049343668434194826
239 1 837.337337 22.500000 0.62653178107611462 -0.049343668434194826
239 2 837.337337 45.000000 0.62653178107611462 -0.049343668434194826
239 3 837.337337 67.500000 0.62653178107611462 -0.049343668434194826
240 0 840.840841 0.000000 0.62684848699225937 -0.050104036442577583
240 1 840.840841 22.500000 0.62684848699225937 -0.050104036442577583
240 2 840.840841 45.000000 0.62684848699225937 -0.050104036442577583
240 3 840.840841 67.500000 0.62684848699225937 -0.050104036442577583
241 0 844.344344 0.000000 0.62611094371171261 -0.050711226338363176
241 1 844.344344 22.500000 0.62611094371171261 -0.050711226338363176
241 2 844.344344 45.000000 0.62611094371171261 -0.050711226338363176
241 3 844.344344 67.500000 0.62611094371171261 -0.050711226338363176
242 0 847.847848 0.000000 0.62443830817853152 -0.051059180610781074
242 1 847.847848 22.500000 0.62443830817853152 -0.051059180610781074
242 2 847.847848 45.000000 0.62443830817853152 -0.051059180610781074
242 3 847.847848 67.500000 0.62443830817853152 -0.051059180610781074
243 0 851.351351 0.000000 0.62211366435672666 -0.051085660551422121
243 1 851.351351 22.500000 0.62211366435672666 -0.051085660551422121
243 2 851.351351 45.000000 0.62211366435672666 -0.051085660551422121
243 3 851.351351 67.500000 0.62211366435672666 -0.051085660551422121
244 0 854.854855 0.000000 0.61953528734491503 -0.050783348930504291
244 1 854.854855 22.500000 0.61953528734491503 -0.050783348930504291
244 2 854.854855 45.000000 0.61953528734491503 -0.050783348930504291
244 3 854.854855 67.500000 0.61953528734491503 -0.050783348930504291
245 0 858.358358 0.000000 0.61714750326939738 -0.050201580123185478
245 1 858.358358 22.500000 0.61714750326939738 -0.050201580123185478
245 2 858.358358 45.000000 0.61714750326939738 -0.050201580123185478
245 3 858.358358 67.500000 0.61714750326939738 -0.050201580123185478
246 0 861.861862 0.000000 0.61536378590890495 -0.049438319946876197
246 1 861.861862 22.500000 0.61536378590890495 -0.049438319946876197
246 2 861.861862 45.000000 0.61536378590890495 -0.049438319946876197
246 3 861.861862 67.500000 0.61536378590890495 -0.049438319946876197
247 0 865.365365 0.000000 0.61449567431701557 -0.04862369372202021
247 1 865.365365 22.500000 0.61449567431701557 -0.04862369372202021
247 2 865.365365 45.000000 0.61449567431701557 -0.04862369372202021
247 3 865.365365 67.500000 0.61449567431701557 -0.04862369372202021
248 0 868.868869 0.000000 0.61469944580269131 -0.047897827999303706
248 1 868.868869 22.500000 0.61469944580269131 -0.047897827999303706
248 2 868.868869 45.000000 0.61469944580269131 -0.047897827999303706
248 3 868.868869 67.500000 0.61469944580269131 -0.047897827999303706
249 0 872.372372 0.000000 0.61594899982258577 -0.047386774729493375
249 1 872.372372 22.500000 0.61594899982258577 -0.047386774729493375
249 2 872.372372 45.000000 0.61594899982258577 -0.047386774729493375
249 3 872.372372 67.500000 0.61594899982258577 -0.047386774729493375
250 0 875.875876 0.000000 0.61803903309746389 -0.047180649715530966
250 1 875.875876 22.500000 0.61803903309746389 -0.047180649715530966
250 2 875.875876 45.000000 0.61803903309746389 -0.047180649715530966
250 3 875.875876 67.500000 0.61803903309746389 -0.047180649715530966
251 0 879.379379 0.000000 0.62061802208433769 -0.047317771958659119
251 1 879.379379 22.500000 0.62061802208433769 -0.047317771958659119
251 2 879.379379 45.000000 0.62061802208433769 -0.047317771958659119
251 3 879.379379 67.500000 0.62061802208433769 -0.047317771958659119
252 0 882.882883 0.000000 0.62324615396474747 -0.047777590251055428
252 1 882.882883 22.500000 0.62324615396474747 -0.047777590251055428
252 2 882.882883 45.000000 0.62324615396474747 -0.047777590251055428
252 3 882.882883 67.500000 0.62324615396474747 -0.047777590251055428
253 0 886.386386 0.000000 0.62546940651083738 -0.048483694503695295
253 1 886.386386 22.500000 0.62546940651083738 -0.048483694503695295
253 2 886.386386 45.000000 0.62546940651083738 -0.048483694503695295
253 3 886.386386 67.500000 0.62546940651083738 -0.048483694503695295
254 0 889.889890 0.000000 0.6268978766300326 -0.04931648378309008
254 1 889.889890 22.500000 0.6268978766300326 -0.04931648378309008
254 2 889.889890 45.000000 0.6268978766300326 -0.04931648378309008
254 3 889.889890 67.500000 0.6268978766300326 -0.04931648378309008
255 0 893.393393 0.000000 0.62727488392049879 -0.050133395758068175
255 1 893.393393 22.500000 0.62727488392049879 -0.050133395758068175
255 2 893.393393 45.000000 0.62727488392049879 -0.050133395758068175
255 3 893.393393 67.500000 0.62727488392049879 -0.050133395758068175
256 0 896.896897 0.000000 0.62652409223356609 -0.050793280722314718
256 1 896.896897 22.500000 0.62652409223356609 -0.050793280722314718
256 2 896.896897 45.000000 0.62652409223356609 -0.050793280722314718
256 3 896.896897 67.500000 0.62652409223356609 -0.050793280722314718
257 0 900.400400 0.000000 0.62476529585050999 -0.051180758143506658
257 1 900.400400 22.500000 0.62476529585050999 -0.051180758143506658
257 2 900.400400 45.000000 0.62476529585050999 -0.051180758143506658
257 3 900.400400 67.500000 0.62476529585050999 -0.051180758143506658
258 0 903.903904 0.000000 0.62229523487467908 -0.051226358301870639
258 1 903.903904 22.500000 0.62229523487467908 -0.051226358301870639
258 2 903.903904 45.000000 0.62229523487467908 -0.051226358301870639
258 3 903.903904 67.500000 0.62229523487467908 -0.051226358301870639
259 0 907.407407 0.000000 0.61953662049667724 -0.050918938613067503
259 1 907.407407 22.500000 0.61953662049667724 -0.050918938613067503
259 2 907.407407 45.000000 0.61953662049667724 -0.050918938613067503
259 3 907.407407 67.500000 0.61953662049667724 -0.050918938613067503
260 0 910.910911 0.000000 0.61696476593702732 -0.050308162099035304
260 1 910.910911 22.500000 0.61696476593702732 -0.050308162099035304
260 2 910.910911 45.000000 0.61696476593702732 -0.050308162099035304
260 3 910.910911 67.500000 0.61696476593702732 -0.050308162099035304
261 0 914.414414 0.000000 0.6150252892928999 -0.049496516470093746
261 1 914.414414 22.500000 0.6150252892928999 -0.049496516470093746
261 2 914.414414 45.000000 0.6150252892928999 -0.049496516470093746
261 3 914.414414 67.500000 0.6150252892928999 -0.049496516470093746
262 0 917.917918 0.000000 0.6140574701069087 -0.048622149046856265
262 1 917.917918 22.500000 0.6140574701069087 -0.048622149046856265
262 2 917.917918 45.000000 0.6140574701069087 -0.048622149046856265
262 3 917.917918 67.500000 0.6140574701069087 -0.048622149046856265
263 0 921.421421 0.000000 0.61423613765357898 -0.047835387029241998
263 1 921.421421 22.500000 0.61423613765357898 -0.047835387029241998
263 2 921.421421 45.000000 0.61423613765357898 -0.047835387029241998
263 3 921.421421 67.500000 0.61423613765357898 -0.047835387029241998
264 0 924.924925 0.000000 0.61554128393959795 -0.047272928088752053
264 1 924.924925 22.500000 0.61554128393959795 -0.047272928088752053
264 2 924.924925 45.000000 0.61554128393959795 -0.047272928088752053
264 3 924.924925 67.500000 0.61554128393959795 -0.047272928088752053
265 0 928.428428 0.000000 0.61775995583020638 -0.047034126344438126
265 1 928.428428 22.500000 0.61775995583020638 -0.047034126344438126
265 2 928.428428 45.000000 0.61775995583020638 -0.047034126344438126
265 3 928.428428 67.500000 0.61775995583020638 -0.047034126344438126
266 0 931.931932 0.000000 0.62052015395881077 -0.047163481217789231
266 1 931.931932 22.500000 0.62052015395881077 -0.047163481217789231
266 2 931.931932 45.000000 0.62052015395881077 -0.047163481217789231
266 3 931.931932 67.500000 0.62052015395881077 -0.047163481217789231
267 0 935.435435 0.000000 0.62335182851125637 -0.047642408731791777
267 1 935.435435 22.500000 0.62335182851125637 -0.047642408731791777
267 2 935.435435 45.000000 0.62335182851125637 -0.047642408731791777
267 3 935.435435 67.500000 0.62335182851125637 -0.047642408731791777
268 0 938.938939 0.000000 0.62576582719389084 -0.048391806476099218
268 1 938.938939 22.500000 0.62576582719389084 -0.048391806476099218
268 2 938.938939 45.000000 0.62576582719389084 -0.048391806476099218
268 3 938.938939 67.500000 0.62576582719389084 -0.048391806476099218
269 0 942.442442 0.000000 0.62733821841713899 -0.049285079288121231
269 1 942.442442 22.500000 0.62733821841713899 -0.049285079288121231
269 2 942.442442 45.000000 0.62733821841713899 -0.049285079288121231
269 3 942.442442 67.500000 0.62733821841713899 -0.049285079288121231
270 0 945.945946 0.000000 0.62778552911030416 -0.05016948734575484
270 1 945.945946 22.500000 0.62778552911030416 -0.05016948734575484
270 2 945.945946 45.000000 0.62778552911030416 -0.05016948734575484
270 3 945.945946 67.500000 0.62778552911030416 -0.05016948734575484
271 0 949.449449 0.000000 0.6270169813025348 -0.050892222930210021
271 1 949.449449 22.500000 0.6270169813025348 -0.050892222930210021
271 2 949.449449 45.000000 0.6270169813025348 -0.050892222930210021
271 3 949.449449 67.500000 0.6270169813025348 -0.050892222930210021
272 0 952.952953 0.000000 0.62515329687924226 -0.051326770619621438
272 1 952.952953 22.500000 0.62515329687924226 -0.051326770619621438
272 2 952.952953 45.000000 0.62515329687924226 -0.051326770619621438
272 3 952.952953 67.500000 0.62515329687924226 -0.051326770619621438
273 0 956.456456 0.000000 0.62250773279625082 -0.051395010813672051
273 1 956.456456 22.500000 0.62250773279625082 -0.051395010813672051
273 2 956.456456 45.000000 0.62250773279625082 -0.051395010813672051
273 3 956.456456 67.500000 0.62250773279625082 -0.051395010813672051
274 0 959.959960 0.000000 0.61953241505228485 -0.051081212362376179
274 1 959.959960 22.500000 0.61953241505228485 -0.051081212362376179
274 2 959.959960 45.000000 0.61953241505228485 -0.051081212362376179
274 3 959.959960 67.500000 0.61953241505228485 -0.051081212362376179
275 0 963.463463 0.000000 0.61673988581703731 -0.050435416723010239
275 1 963.463463 22.500000 0.61673988581703731 -0.050435416723010239
275 2 963.463463 45.000000 0.61673988581703731 -0.050435416723010239
275 3 963.463463 67.500000 0.61673988581703731 -0.050435416723010239
276 0 966.966967 0.000000 0.6146143277897006 -0.049565517023021817
276 1 966.966967 22.500000 0.6146143277897006 -0.049565517023021817
276 2 966.966967 45.000000 0.6146143277897006 -0.049565517023021817
276 3 966.966967 67.500000 0.6146143277897006 -0.049565517023021817
277 0 970.470470 0.000000 0.61352825075560968 -0.048619275404206096
277 1 970.470470 22.500000 0.61352825075560968 -0.048619275404206096
277 2 970.470470 45.000000 0.61352825075560968 -0.048619275404206096
277 3 970.470470 67.500000 0.61352825075560968 -0.048619275404206096
278 0 973.973974 0.000000 0.61367864913880343 -0.047759268682778626
278 1 973.973974 22.500000 0.61367864913880343 -0.047759268682778626
278 2 973.973974 45.000000 0.61367864913880343 -0.047759268682778626
278 3 973.973974 67.500000 0.61367864913880343 -0.047759268682778626
279 0 977.477477 0.000000 0.61505269918675765 -0.047135003035924571
279 1 977.477477 22.500000 0.61505269918675765 -0.047135003035924571
279 2 977.477477 45.000000 0.61505269918675765 -0.047135003035924571
279 3 977.477477 67.500000 0.61505269918675765 -0.047135003035924571
280 0 980.980981 0.000000 0.61742810897422684 -0.046856972552793204
280 1 980.980981 22.500000 0.61742810897422684 -0.046856972552793204
280 2 980.980981 45.000000 0.61742810897422684 -0.046856972552793204
280 3 980.980981 67.500000 0.61742810897422684 -0.046856972552793204
281 0 984.484484 0.000000 0.62040810115066358 -0.046977154373246184
281 1 984.484484 22.500000 0.62040810115066358 -0.046977154373246184
281 2 984.484484 45.000000 0.62040810115066358 -0.046977154373246184
281 3 984.484484 67.500000 0.62040810115066358 -0.046977154373246184
282 0 987.987988 0.000000 0.62348606927039141 -0.047479374394360278
282 1 987.987988 22.500000 0.62348606927039141 -0.047479374394360278
282 2 987.987988 45.000000 0.62348606927039141 -0.047479374394360278
282 3 987.987988 67.500000 0.62348606927039141 -0.047479374394360278
283 0 991.491491 0.000000 0.62613037034854757 -0.048281315770414543
283 1 991.491491 22.500000 0.62613037034854757 -0.048281315770414543
283 2 991.491491 45.000000 0.62613037034854757 -0.048281315770414543
283 3 991.491491 67.500000 0.62613037034854757 -0.048281315770414543
284 0 994.994995 0.000000 0.62787588294037788 -0.049247956905793935
284 1 994.994995 22.500000 0.62787588294037788 -0.049247956905793935
284 2 994.994995 45.000000 0.62787588294037788 -0.049247956905793935
284 3 994.994995 67.500000 0.62787588294037788 -0.049247956905793935
285 0 998.498498 0.000000 0.62840668771533625 -0.050214254364388318
285 1 998.498498 22.500000 0.62840668771533625 -0.050214254364388318
285 2 998.498498 45.000000 0.62840668771533625 -0.050214254364388318
285 3 998.498498 67.500000 0.62840668771533625 -0.050214254364388318
286 0 1002.002002 0.000000 0.62761454348089429 -0.051013268449819592
286 1 1002.002002 22.500000 0.62761454348089429 -0.051013268449819592
286 2 1002.002002 45.000000 0.62761454348089429 -0.051013268449819592
286 3 1002.002002 67.500000 0.62761454348089429 -0.051013268449819592
287 0 1005.505506 0.000000 0.62562139913188941 -0.051504947524424687
287 1 1005.505506 22.500000 0.62562139913188941 -0.051504947524424687
287 2 1005.505506 45.000000 0.62562139913188941 -0.051504947524424687
287 3 1005.505506 67.500000 0.62562139913188941 -0.051504947524424687
288 0 1009.009009 0.000000 0.62276072545275818 -0.051600617652931932
288 1 1009.009009 22.500000 0.62276072545275818 -0.051600617652931932
288 2 1009.009009 45.000000 0.62276072545275818 -0.051600617652931932
288 3 1009.009009 67.500000 0.62276072545275818 -0.051600617652931932
289 0 1012.512513 0.000000 0.61952058256516573 -0.051278905454204771
289 1 1012.512513 22.500000 0.61952058256516573 -0.051278905454204771
289 2 1012.512513 45.000000 0.61952058256516573 -0.051278905454204771
289 3 1012.512513 67.500000 0.61952058256516573 -0.051278905454204771
290 0 1016.016016 0.000000 0.61645896778163611 -0.050590246844841494
290 1 1016.016016 22.500000 0.61645896778163611 -0.050590246844841494
290 2 1016.016016 45.000000 0.61645896778163611 -0.050590246844841494
290 3 1016.016016 67.500000 0.61645896778163611 -0.050590246844841494
291 0 1019.519520 0.000000 0.61410713318798149 -0.049649066287067507
291 1 1019.519520 22.500000 0.61410713318798149 -0.049649066287067507
291 2 1019.519520 45.000000 0.61410713318798149 -0.049649066287067507
291 3 1019.519520 67.500000 0.61410713318798149 -0.049649066287067507
292 0 1023.023023 0.000000 0.61287813378606537 -0.048614823855946017
292 1 1023.023023 22.500000 0.61287813378606537 -0.048614823855946017
292 2 1023.023023 45.000000 0.61287813378606537 -0.048614823855946017
292 3 1023.023023 67.500000 0.61287813378606537 -0.048614823855946017
293 0 1026.526527 0.000000 0.61299599354254841 -0.047665059609575629
293 1 1026.526527 22.500000 0.61299599354254841 -0.047665059609575629
293 2 1026.526527 45.000000 0.61299599354254841 -0.047665059609575629
293 3 1026.526527 67.500000 0.61299599354254841 -0.047665059609575629
294 0 1030.030030 0.000000 0.61445661546084418 -0.046964981790958912
294 1 1030.030030 22.500000 0.61445661546084418 -0.046964981790958912
294 2 1030.030030 45.000000 0.61445661546084418 -0.046964981790958912
294 3 1030.030030 67.500000 0.61445661546084418 -0.046964981790958912
295 0 1033.533534 0.000000 0.61702621942954561 -0.046638797250612422
295 1 1033.533534 22.500000 0.61702621942954561 -0.046638797250612422
295 2 1033.533534 45.000000 0.61702621942954561 -0.046638797250612422
295 3 1033.533534 67.500000 0.61702621942954561 -0.046638797250612422
296 0 1037.037037 0.000000 0.62027759749909561 -0.046747747604475198
296 1 1037.037037 22.500000 0.62027759749909561 -0.046747747604475198
296 2 1037.037037 45.000000 0.62027759749909561 -0.046747747604475198
296 3 1037.037037 67.500000 0.62027759749909561 -0.046747747604475198
297 0 1040.540541 0.000000 0.62365918953755917 -0.047278722435281362
297 1 1040.540541 22.500000 0.62365918953755917 -0.047278722435281362
297 2 1040.540541 45.000000 0.62365918953755917 -0.047278722435281362
297 3 1040.540541 67.500000 0.62365918953755917 -0.047278722435281362
298 0 1044.044044 0.000000 0.62658699870569379 -0.048145548458358979
298 1 1044.044044 22.500000 0.62658699870569379 -0.048145548458358979
298 2 1044.044044 45.000000 0.62658699870569379 -0.048145548458358979
298 3 1044.044044 67.500000 0.62658699870569379 -0.048145548458358979
299 0 1047.547548 0.000000 0.62854503815917762 -0.049202897292754948
299 1 1047.547548 22.500000 0.62854503815917762 -0.049202897292754948
299 2 1047.547548 45.000000 0.62854503815917762 -0.049202897292754948
299 3 1047.547548 67.500000 0.62854503815917762 -0.049202897292754948
300 0 1051.051051 0.000000 0.62917722732732362 -0.050270580314207579
300 1 1051.051051 22.500000 0.62917722732732362 -0.050270580314207579
300 2 1051.051051 45.000000 0.62917722732732362 -0.050270580314207579
300 3 1051.051051 67.500000 0.62917722732732362 -0.050270580314207579
301 0 1054.554555 0.000000 0.62835365684466882 -0.051164180749509389
301 1 1054.554555 22.500000 0.62835365684466882 -0.051164180749509389
301 2 1054.554555 45.000000 0.62835365684466882 -0.051164180749509389
301 3 1054.554555 67.500000 0.62835365684466882 -0.051164180749509389
302 0 1058.058058 0.000000 0.6261977825238747 -0.051726828059286543
302 1 1058.058058 22.500000 0.6261977825238747 -0.051726828059286543
302 2 1058.058058 45.000000 0.6261977825238747 -0.051726828059286543
302 3 1058.058058 67.500000 0.6261977825238747 -0.051726828059286543
303 0 1061.561562 0.000000 0.62306820079489589 -0.051856653501694168
303 1 1061.561562 22.500000 0.62306820079489589 -0.051856653501694168
303 2 1061.561562 45.000000 0.62306820079489589 -0.051856653501694168
303 3 1061.561562 67.500000 0.62306820079489589 -0.051856653501694168
304 0 1065.065065 0.000000 0.6194977017782981 -0.051525135947560377
304 1 1065.065065 22.500000 0.6194977017782981 -0.051525135947560377
304 2 1065.065065 45.000000 0.6194977017782981 -0.051525135947560377
304 3 1065.065065 67.500000 0.6194977017782981 -0.051525135947560377
305 0 1068.568569 0.000000 0.61610092034759445 -0.050783050742502819
305 1 1068.568569 22.500000 0.61610092034759445 -0.050783050742502819
305 2 1068.568569 45.000000 0.61610092034759445 -0.050783050742502819
305 3 1068.568569 67.500000 0.61610092034759445 -0.050783050742502819
306 0 1072.072072 0.000000 0.61346780841764359 -0.049752824289858659
306 1 1072.072072 22.500000 0.61346780841764359 -0.049752824289858659
306 2 1072.072072 45.000000 0.61346780841764359 -0.049752824289858659
306 3 1072.072072 67.500000 0.61346780841764359 -0.049752824289858659
307 0 1075.575576 0.000000 0.6120620383911809 -0.048608421628124787
307 1 1075.575576 22.500000 0.6120620383911809 -0.048608421628124787
307 2 1075.575576 45.000000 0.6120620383911809 -0.048608421628124787
307 3 1075.575576 67.500000 0.6120620383911809 -0.048608421628124787
308 0 1079.079079 0.000000 0.61214144191922482 -0.047546057083434193
308 1 1079.079079 22.500000 0.61214144191922482 -0.047546057083434193
308 2 1079.079079 45.000000 0.61214144191922482 -0.047546057083434193
308 3 1079.079079 67.500000 0.61214144191922482 -0.047546057083434193
309 0 1082.582583 0.000000 0.61371291400293537 -0.04675064496692926
309 1 1082.582583 22.500000 0.61371291400293537 -0.04675064496692926
309 2 1082.582583 45.000000 0.61371291400293537 -0.04675064496692926
309 3 1082.582583 67.500000 0.61371291400293537 -0.04675064496692926
310 0 1086.086086 0.000000 0.61652838871960403 -0.04636371105948054
310 1 1086.086086 22.500000 0.61652838871960403 -0.04636371105948054
310 2 1086.086086 45.000000 0.61652838871960403 -0.04636371105948054
310 3 1086.086086 67.500000 0.61652838871960403 -0.04636371105948054
311 0 1089.589590 0.000000 0.62012257000363924 -0.046458316503084351
311 1 1089.589590 22.500000 0.62012257000363924 -0.046458316503084351
311 2 1089.589590 45.000000 0.62012257000363924 -0.046458316503084351
311 3 1089.589590 67.500000 0.62012257000363924 -0.046458316503084351
312 0 1093.093093 0.000000 0.62388741286237215 -0.047025418952127737
312 1 1093.093093 22.500000 0.62388741286237215 -0.047025418952127737
312 2 1093.093093 45.000000 0.62388741286237215 -0.047025418952127737
312 3 1093.093093 67.500000 0.62388741286237215 -0.047025418952127737
313 0 1096.596597 0.000000 0.62717288336820409 -0.047974191398121334
313 1 1096.596597 22.500000 0.62717288336820409 -0.047974191398121334
313 2 1096.596597 45.000000 0.62717288336820409 -0.047974191398121334
313 3 1096.596597 67.500000 0.62717288336820409 -0.047974191398121334
314 0 1100.100100 0.000000 0.62939857262585341 -0.049146453086741891
314 1 1100.100100 22.500000 0.62939857262585341 -0.049146453086741891
314 2 1100.100100 45.000000 0.62939857262585341 -0.049146453086741891
314 3 1100.100100 67.500000 0.62939857262585341 -0.049146453086741891
315 0 1103.603604 0.000000 0.63015729985016933 -0.050342939347328655
315 1 1103.603604 22.500000 0.63015729985016933 -0.050342939347328655
315 2 1103.603604 45.000000 0.63015729985016933 -0.050342939347328655
315 3 1103.603604 67.500000 0.63015729985016933 -0.050342939347328655
316 0 1107.107107 0.000000 0.62929138758860492 -0.051357064306961506
316 1 1107.107107 22.500000 0.62929138758860492 -0.051357064306961506
316 2 1107.107107 45.000000 0.62929138758860492 -0.051357064306961506
316 3 1107.107107 67.500000 0.62929138758860492 -0.051357064306961506
317 0 1110.610611 0.000000 0.62692597935551186 -0.052010473918497967
317 1 1110.610611 22.500000 0.62692597935551186 -0.052010473918497967
317 2 1110.610611 45.000000 0.62692597935551186 -0.052010473918497967
317 3 1110.610611 67.500000 0.62692597935551186 -0.052010473918497967
318 0 1114.114114 0.000000 0.62345153988169366 -0.052184290415473067
318 1 1114.114114 22.500000 0.62345153988169366 -0.052184290415473067
318 2 1114.114114 45.000000 0.62345153988169366 -0.052184290415473067
318 3 1114.114114 67.500000 0.62345153988169366 -0.052184290415473067
319 0 1117.617618 0.000000 0.61945789788598193 -0.051840595922070534
319 1 1117.617618 22.500000 0.61945789788598193 -0.051840595922070534
319 2 1117.617618 45.000000 0.61945789788598193 -0.051840595922070534
319 3 1117.617618 67.500000 0.61945789788598193 -0.051840595922070534
320 0 1121.121121 0.000000 0.61563212000036782 -0.05103029739419588
320 1 1121.121121 22.500000 0.61563212000036782 -0.05103029739419588
320 2 1121.121121 45.000000 0.61563212000036782 -0.05103029739419588
320 3 1121.121121 67.500000 0.61563212000036782 -0.05103029739419588
321 0 1124.624625 0.000000 0.6126394072040674 -0.049885798080716338
321 1 1124.624625 22.500000 0.6126394072040674 -0.049885798080716338
321 2 1124.624625 45.000000 0.6126394072040674 -0.049885798080716338
321 3 1124.624625 67.500000 0.6126394072040674 -0.049885798080716338
322 0 1128.128128 0.000000 0.61100850362714376 -0.048599490808274817
322 1 1128.128128 22.500000 0.61100850362714376 -0.048599490808274817
322 2 1128.128128 45.000000 0.61100850362714376 -0.048599490808274817
322 3 1128.128128 67.500000 0.61100850362714376 -0.048599490808274817
323 0 1131.631632 0.000000 0.61104091862999443 -0.047391545488873428
323 1 1131.631632 22.500000 0.61104091862999443 -0.047391545488873428
323 2 1131.631632 45.000000 0.61104091862999443 -0.047391545488873428
323 3 1131.631632 67.500000 0.61104091862999443 -0.047391545488873428
324 0 1135.135135 0.000000 0.61275804248209897 -0.046472363107097354
324 1 1135.135135 22.500000 0.61275804248209897 -0.046472363107097354
324 2 1135.135135 45.000000 0.61275804248209897 -0.046472363107097354
324 3 1135.135135 67.500000 0.61275804248209897 -0.046472363107097354
325 0 1138.638639 0.000000 0.61589379863351845 -0.046006075722548841
325 1 1138.638639 22.500000 0.61589379863351845 -0.046006075722548841
325 2 1138.638639 45.000000 0.61589379863351845 -0.046006075722548841
325 3 1138.638639 67.500000 0.61589379863351845 -0.046006075722548841
326 0 1142.142142 0.000000 0.61993403860846108 -0.046081399149310233
326 1 1142.142142 22.500000 0.61993403860846108 -0.046081399149310233
326 2 1142.142142 45.000000 0.61993403860846108 -0.046081399149310233
326 3 1142.142142 67.500000 0.61993403860846108 -0.046081399149310233
327 0 1145.645646 0.000000 0.62419773668519662 -0.046694986649308143
327 1 1145.645646 22.500000 0.62419773668519662 -0.046694986649308143
327 2 1145.645646 45.000000 0.62419773668519662 -0.046694986649308143
327 3 1145.645646 67.500000 0.62419773668519662 -0.046694986649308143
328 0 1149.149149 0.000000 0.62794899222444933 -0.047750369021000133
328 1 1149.149149 22.500000 0.62794899222444933 -0.047750369021000133
328 2 1149.149149 45.000000 0.62794899222444933 -0.047750369021000133
328 3 1149.149149 67.500000 0.62794899222444933 -0.047750369021000133
329 0 1152.652653 0.000000 0.63052308062753104 -0.049072937863352852
329 1 1152.652653 22.500000 0.63052308062753104 -0.049072937863352852
329 2 1152.652653 45.000000 0.63052308062753104 -0.049072937863352852
329 3 1152.652653 67.500000 0.63052308062753104 -0.049072937863352852
330 0 1156.156156 0.000000 0.63144542737200171 -0.050438676217569992
330 1 1156.156156 22.500000 0.63144542737200171 -0.050438676217569992
330 2 1156.156156 45.000000 0.63144542737200171 -0.050438676217569992
330 3 1156.156156 67.500000 0.63144542737200171 -0.050438676217569992
331 0 1159.659660 0.000000 0.63052124354067474 -0.051611934635705431
331 1 1159.659660 22.500000 0.63052124354067474 -0.051611934635705431
331 2 1159.659660 45.000000 0.63052124354067474 -0.051611934635705431
331 3 1159.659660 67.500000 0.63052124354067474 -0.051611934635705431
332 0 1163.163163 0.000000 0.62787722338911622 -0.052385910038931643
332 1 1163.163163 22.500000 0.62787722338911622 -0.052385910038931643
332 2 1163.163163 45.000000 0.62787722338911622 -0.052385910038931643
332 3 1163.163163 67.500000 0.62787722338911622 -0.052385910038931643
333 0 1166.666667 0.000000 0.62394532550787396 -0.052618904561561569
333 1 1166.666667 22.500000 0.62394532550787396 -0.052618904561561569
333 2 1166.666667 45.000000 0.62394532550787396 -0.052618904561561569
333 3 1166.666667 67.500000 0.62394532550787396 -0.052618904561561569
334 0 1170.170170 0.000000 0.61939044666963983 -0.052260040348767571
334 1 1170.170170 22.500000 0.61939044666963983 -0.052260040348767571
334 2 1170.170170 45.000000 0.61939044666963983 -0.052260040348767571
334 3 1170.170170 67.500000 0.61939044666963983 -0.052260040348767571
335 0 1173.673674 0.000000 0.614995505396564 -0.051359802441343694
335 1 1173.673674 22.500000 0.614995505396564 -0.051359802441343694
335 2 1173.673674 45.000000 0.614995505396564 -0.051359802441343694
335 3 1173.673674 67.500000 0.614995505396564 -0.051359802441343694
336 0 1177.177177 0.000000 0.61152573278441291 -0.050063304391022079
336 1 1177.177177 22.500000 0.61152573278441291 -0.050063304391022079
336 2 1177.177177 45.000000 0.61152573278441291 -0.050063304391022079
336 3 1177.177177 67.500000 0.61152573278441291 -0.050063304391022079
337 0 1180.680681 0.000000 0.60959683271484932 -0.048587102587582746
337 1 1180.680681 22.500000 0.60959683271484932 -0.048587102587582746
337 2 1180.680681 45.000000 0.60959683271484932 -0.048587102587582746
337 3 1180.680681 67.500000 0.60959683271484932 -0.048587102587582746
338 0 1184.184184 0.000000 0.60956922407581338 -0.047183230278846744
338 1 1184.184184 22.500000 0.60956922407581338 -0.047183230278846744
338 2 1184.184184 45.000000 0.60956922407581338 -0.047183230278846744
338 3 1184.184184 67.500000 0.60956922407581338 -0.047183230278846744
339 0 1187.687688 0.000000 0.61148460546323125 -0.046096391416422071
339 1 1187.687688 22.500000 0.61148460546323125 -0.046096391416422071
339 2 1187.687688 45.000000 0.61148460546323125 -0.046096391416422071
339 3 1187.687688 67.500000 0.61148460546323125 -0.046096391416422071
340 0 1191.191191 0.000000 0.61505383789224533 -0.045521547732880981
340 1 1191.191191 22.500000 0.61505383789224533 -0.045521547732880981
340 2 1191.191191 45.000000 0.61505383789224533 -0.045521547732880981
340 3 1191.191191 67.500000 0.61505383789224533 -0.045521547732880981
341 0 1194.694695 0.000000 0.61969808369391322 -0.045569209351910576
341 1 1194.694695 22.500000 0.61969808369391322 -0.045569209351910576
341 2 1194.694695 45.000000 0.61969808369391322 -0.045569209351910576
341 3 1194.694695 67.500000 0.61969808369391322 -0.045569209351910576
342 0 1198.198198 0.000000 0.62463847508040837 -0.046244562877261634
342 1 1198.198198 22.500000 0.62463847508040837 -0.046244562877261634
342 2 1198.198198 45.000000 0.62463847508040837 -0.046244562877261634
342 3 1198.198198 67.500000 0.62463847508040837 -0.046244562877261634
343 0 1201.701702 0.000000 0.62902283368055356 -0.047444318190988946
343 1 1201.701702 22.500000 0.62902283368055356 -0.047444318190988946
343 2 1201.701702 45.000000 0.62902283368055356 -0.047444318190988946
343 3 1201.701702 67.500000 0.62902283368055356 -0.047444318190988946
344 0 1205.205205 0.000000 0.63207109678425866 -0.048972190626170288
344 1 1205.205205 22.500000 0.63207109678425866 -0.048972190626170288
344 2 1205.205205 45.000000 0.63207109678425866 -0.048972190626170288
344 3 1205.205205 67.500000 0.63207109678425866 -0.048972190626170288
345 0 1208.708709 0.000000 0.63321538157811419 -0.050570752240938641
345 1 1208.708709 22.500000 0.63321538157811419 -0.050570752240938641
345 2 1208.708709 45.000000 0.63321538157811419 -0.050570752240938641
345 3 1208.708709 67.500000 0.63321538157811419 -0.050570752240938641
346 0 1212.212212 0.000000 0.63220838153586467 -0.051964525291112319
346 1 1212.212212 22.500000 0.63220838153586467 -0.051964525291112319
346 2 1212.212212 45.000000 0.63220838153586467 -0.051964525291112319
346 3 1212.212212 67.500000 0.63220838153586467 -0.051964525291112319
347 0 1215.715716 0.000000 0.62917725272341629 -0.052907149181821871
347 1 1215.715716 22.500000 0.62917725272341629 -0.052907149181821871
347 2 1215.715716 45.000000 0.62917725272341629 -0.052907149181821871
347 3 1215.715716 67.500000 0.62917725272341629 -0.052907149181821871
348 0 1219.219219 0.000000 0.62460985116944545 -0.053224595872202136
348 1 1219.219219 22.500000 0.62460985116944545 -0.053224595872202136
348 2 1219.219219 45.000000 0.62460985116944545 -0.053224595872202136
348 3 1219.219219 67.500000 0.62460985116944545 -0.053224595872202136
349 0 1222.722723 0.000000 0.6192741519920536 -0.052846909612401675
349 1 1222.722723 22.500000 0.6192741519920536 -0.052846909612401675
349 2 1222.722723 45.000000 0.6192741519920536 -0.052846909612401675
349 3 1222.722723 67.500000 0.6192741519920536 -0.052846909612401675
350 0 1226.226226 0.000000 0.61408594745371303 -0.05182274844360607
350 1 1226.226226 22.500000 0.61408594745371303 -0.05182274844360607
350 2 1226.226226 45.000000 0.61408594745371303 -0.05182274844360607
350 3 1226.226226 67.500000 0.61408594745371303 -0.05182274844360607
351 0 1229.729730 0.000000 0.60995021734774912 -0.050313827190405835
351 1 1229.729730 22.500000 0.60995021734774912 -0.050313827190405835
351 2 1229.729730 45.000000 0.60995021734774912 -0.050313827190405835
351 3 1229.729730 67.500000 0.60995021734774912 -0.050313827190405835
352 0 1233.233233 0.000000 0.60760526486420485 -0.048569744535922971
352 1 1233.233233 22.500000 0.60760526486420485 -0.048569744535922971
352 2 1233.233233 45.000000 0.60760526486420485 -0.048569744535922971
352 3 1233.233233 67.500000 0.60760526486420485 -0.048569744535922971
353 0 1236.736737 0.000000 0.60749587710642505 -0.04688705433103825
353 1 1236.736737 22.500000 0.60749587710642505 -0.04688705433103825
353 2 1236.736737 45.000000 0.60749587710642505 -0.04688705433103825
353 3 1236.736737 67.500000 0.60749587710642505 -0.04688705433103825
354 0 1240.240240 0.000000 0.60969470702862805 -0.045559236139831101
354 1 1240.240240 22.500000 0.60969470702862805 -0.045559236139831101
354 2 1240.240240 45.000000 0.60969470702862805 -0.045559236139831101
354 3 1240.240240 67.500000 0.60969470702862805 -0.045559236139831101
355 0 1243.743744 0.000000 0.61388271727108612 -0.044825941275486052
355 1 1243.743744 22.500000 0.61388271727108612 -0.044825941275486052
355 2 1243.743744 45.000000 0.61388271727108612 -0.044825941275486052
355 3 1243.743744 67.500000 0.61388271727108612 -0.044825941275486052
356 0 1247.247247 0.000000 0.61939172388686248 -0.044830219314419377
356 1 1247.247247 22.500000 0.61939172388686248 -0.044830219314419377
356 2 1247.247247 45.000000 0.61939172388686248 -0.044830219314419377
356 3 1247.247247 67.500000 0.61939172388686248 -0.044830219314419377
357 0 1250.750751 0.000000 0.62530488620461844 -0.045591277409514755
357 1 1250.750751 22.500000 0.62530488620461844 -0.045591277409514755
357 2 1250.750751 45.000000 0.62530488620461844 -0.045591277409514755
357 3 1250.750751 67.500000 0.62530488620461844 -0.045591277409514755
358 0 1254.254254 0.000000 0.63060340888912458 -0.046997852087189693
358 1 1254.254254 22.500000 0.63060340888912458 -0.046997852087189693
358 2 1254.254254 45.000000 0.63060340888912458 -0.046997852087189693
358 3 1254.254254 67.500000 0.63060340888912458 -0.046997852087189693
359 0 1257.757758 0.000000 0.6343393074115723 -0.048823870594115706
359 1 1257.757758 22.500000 0.6343393074115723 -0.048823870594115706
359 2 1257.757758 45.000000 0.6343393074115723 -0.048823870594115706
359 3 1257.757758 67.500000 0.6343393074115723 -0.048823870594115706
360 0 1261.261261 0.000000 0.63580622714825485 -0.050764303795382777
360 1 1261.261261 22.500000 0.63580622714825485 -0.050764303795382777
360 2 1261.261261 45.000000 0.63580622714825485 -0.050764303795382777
360 3 1261.261261 67.500000 0.63580622714825485 -0.050764303795382777
361 0 1264.764765 0.000000 0.63467613883473872 -0.05248559942929084
361 1 1264.764765 22.500000 0.63467613883473872 -0.05248559942929084
361 2 1264.764765 45.000000 0.63467613883473872 -0.05248559942929084
361 3 1264.764765 67.500000 0.63467613883473872 -0.05248559942929084
362 0 1268.268268 0.000000 0.6310725555368405 -0.05368243843835456
362 1 1268.268268 22.500000 0.6310725555368405 -0.05368243843835456
362 2 1268.268268 45.000000 0.6310725555368405 -0.05368243843835456
362 3 1268.268268 67.500000 0.6310725555368405 -0.05368243843835456
363 0 1271.771772 0.000000 0.62556198865251889 -0.054131250943591815
363 1 1271.771772 22.500000 0.62556198865251889 -0.054131250943591815
363 2 1271.771772 45.000000 0.62556198865251889 -0.054131250943591815
363 3 1271.771772 67.500000 0.62556198865251889 -0.054131250943591815
364 0 1275.275275 0.000000 0.61906254091234991 -0.053731219264471594
364 1 1275.275275 22.500000 0.61906254091234991 -0.053731219264471594
364 2 1275.275275 45.000000 0.61906254091234991 -0.053731219264471594
364 3 1275.275275 67.500000 0.61906254091234991 -0.053731219264471594
365 0 1278.778779 0.000000 0.6126867590871703 -0.052525375679816494
365 1 1278.778779 22.500000 0.6126867590871703 -0.052525375679816494
365 2 1278.778779 45.000000 0.6126867590871703 -0.052525375679816494
365 3 1278.778779 67.500000 0.6126867590871703 -0.052525375679816494
366 0 1282.282282 0.000000 0.60754937594734459 -0.050697594993066489
366 1 1282.282282 22.500000 0.60754937594734459 -0.050697594993066489
366 2 1282.282282 45.000000 0.60754937594734459 -0.050697594993066489
366 3 1282.282282 67.500000 0.60754937594734459 -0.050697594993066489
367 0 1285.785786 0.000000 0.60457563705973183 -0.048545279347198267
367 1 1285.785786 22.500000 0.60457563705973183 -0.048545279347198267
367 2 1285.785786 45.000000 0.60457563705973183 -0.048545279347198267
367 3 1285.785786 67.500000 0.60457563705973183 -0.048545279347198267
368 0 1289.289289 0.000000 0.60434247876614811 -0.04643167829295989
368 1 1289.289289 22.500000 0.60434247876614811 -0.04643167829295989
368 2 1289.289289 45.000000 0.60434247876614811 -0.04643167829295989
368 3 1289.289289 67.500000 0.60434247876614811 -0.04643167829295989
369 0 1292.792793 0.000000 0.6069760510120964 -0.044725381353192095
369 1 1292.792793 22.500000 0.6069760510120964 -0.044725381353192095
369 2 1292.792793 45.000000 0.6069760510120964 -0.044725381353192095
369 3 1292.792793 67.500000 0.6069760510120964 -0.044725381353192095
370 0 1296.296296 0.000000 0.61211908756539846 -0.043736938055294501
370 1 1296.296296 22.500000 0.61211908756539846 -0.043736938055294501
370 2 1296.296296 45.000000 0.61211908756539846 -0.043736938055294501
370 3 1296.296296 67.500000 0.61211908756539846 -0.043736938055294501
371 0 1299.799800 0.000000 0.61897296827369697 -0.043663358131636236
371 1 1299.799800 22.500000 0.61897296827369697 -0.043663358131636236
371 2 1299.799800 45.000000 0.61897296827369697 -0.043663358131636236
371 3 1299.799800 67.500000 0.61897296827369697 -0.043663358131636236
372 0 1303.303303 0.000000 0.62641178518365537 -0.044550240086312677
372 1 1303.303303 22.500000 0.62641178518365537 -0.044550240086312677
372 2 1303.303303 45.000000 0.62641178518365537 -0.044550240086312677
372 3 1303.303303 67.500000 0.62641178518365537 -0.044550240086312677
373 0 1306.806807 0.000000 0.63315730450372121 -0.046278586347725317
373 1 1306.806807 22.500000 0.63315730450372121 -0.046278586347725317
373 2 1306.806807 45.000000 0.63315730450372121 -0.046278586347725317
373 3 1306.806807 67.500000 0.63315730450372121 -0.046278586347725317
374 0 1310.310310 0.000000 0.63799302329388474 -0.048579392017012758
374 1 1310.310310 22.500000 0.63799302329388474 -0.048579392017012758
374 2 1310.310310 45.000000 0.63799302329388474 -0.048579392017012758
374 3 1310.310310 67.500000 0.63799302329388474 -0.048579392017012758
375 0 1313.813814 0.000000 0.63998396235298094 -0.051074473541791073
375 1 1313.813814 22.500000 0.63998396235298094 -0.051074473541791073
375 2 1313.813814 45.000000 0.63998396235298094 -0.051074473541791073
375 3 1313.813814 67.500000 0.63998396235298094 -0.051074473541791073
376 0 1317.317317 0.000000 0.63866085542570128 -0.053337493094404796
376 1 1317.317317 22.500000 0.63866085542570128 -0.053337493094404796
376 2 1317.317317 45.000000 0.63866085542570128 -0.053337493094404796
376 3 1317.317317 67.500000 0.63866085542570128 -0.053337493094404796
377 0 1320.820821 0.000000 0.63412830860661351 -0.054965497738877642
377 1 1320.820821 22.500000 0.63412830860661351 -0.054965497738877642
377 2 1320.820821 45.000000 0.63412830860661351 -0.054965497738877642
377 3 1320.820821 67.500000 0.63412830860661351 -0.054965497738877642
378 0 1324.324324 0.000000 0.62706913974105927 -0.05564916973228539
378 1 1324.324324 22.500000 0.62706913974105927 -0.05564916973228539
378 2 1324.324324 45.000000 0.62706913974105927 -0.05564916973228539
378 3 1324.324324 67.500000 0.62706913974105927 -0.05564916973228539
379 0 1327.827828 0.000000 0.61863935231032596 -0.05522978139999124
379 1 1327.827828 22.500000 0.61863935231032596 -0.05522978139999124
379 2 1327.827828 45.000000 0.61863935231032596 -0.05522978139999124
379 3 1327.827828 67.500000 0.61863935231032596 -0.05522978139999124
380 0 1331.331331 0.000000 0.61027322203421031 -0.053732661983251238
380 1 1331.331331 22.500000 0.61027322203421031 -0.053732661983251238
380 2 1331.331331 45.000000 0.61027322203421031 -0.053732661983251238
380 3 1331.331331 67.500000 0.61027322203421031 -0.053732661983251238
381 0 1334.834835 0.000000 0.6034372889624281 -0.051370577572494795
381 1 1334.834835 22.500000 0.6034372889624281 -0.051370577572494795
381 2 1334.834835 45.000000 0.6034372889624281 -0.051370577572494795
381 3 1334.834835 67.500000 0.6034372889624281 -0.051370577572494795
382 0 1338.338338 0.000000 0.59937973628137953 -0.048515256962790611
382 1 1338.338338 22.500000 0.59937973628137953 -0.048515256962790611
382 2 1338.338338 45.000000 0.59937973628137953 -0.048515256962790611
382 3 1338.338338 67.500000 0.59937973628137953 -0.048515256962790611
383 0 1341.841842 0.000000 0.59891722751513976 -0.045640600483889807
383 1 1341.841842 22.500000 0.59891722751513976 -0.045640600483889807
383 2 1341.841842 45.000000 0.59891722751513976 -0.045640600483889807
383 3 1341.841842 67.500000 0.59891722751513976 -0.045640600483889807
384 0 1345.345345 0.000000 0.6022894518495947 -0.043246016505468686
384 1 1345.345345 22.500000 0.6022894518495947 -0.043246016505468686
384 2 1345.345345 45.000000 0.6022894518495947 -0.043246016505468686
384 3 1345.345345 67.500000 0.6022894518495947 -0.043246016505468686
385 0 1348.848849 0.000000 0.6090989254639273 -0.041772009574916669
385 1 1348.848849 22.500000 0.6090989254639273 -0.041772009574916669
385 2 1348.848849 45.000000 0.6090989254639273 -0.041772009574916669
385 3 1348.848849 67.500000 0.6090989254639273 -0.041772009574916669
386 0 1352.352352 0.000000 0.61834415789993291 -0.041521939112291274
386 1 1352.352352 22.500000 0.61834415789993291 -0.041521939112291274
386 2 1352.352352 45.000000 0.61834415789993291 -0.041521939112291274
386 3 1352.352352 67.500000 0.61834415789993291 -0.041521939112291274
387 0 1355.855856 0.000000 0.62854748988774678 -0.042603412021592471
387 1 1355.855856 22.500000 0.62854748988774678 -0.042603412021592471
387 2 1355.855856 45.000000 0.62854748988774678 -0.042603412021592471
387 3 1355.855856 67.500000 0.62854748988774678 -0.042603412021592471
388 0 1359.359359 0.000000 0.63797048227720032 -0.044900059315197582
388 1 1359.359359 22.500000 0.63797048227720032 -0.044900059315197582
388 2 1359.359359 45.000000 0.63797048227720032 -0.044900059315197582
388 3 1359.359359 67.500000 0.63797048227720032 -0.044900059315197582
389 0 1362.862863 0.000000 0.64489579881155723 -0.048079840354649336
389 1 1362.862863 22.500000 0.64489579881155723 -0.048079840354649336
389 2 1362.862863 45.000000 0.64489579881155723 -0.048079840354649336
389 3 1362.862863 67.500000 0.64489579881155723 -0.048079840354649336
390 0 1366.366366 0.000000 0.64793577384195045 -0.051640206771280103
390 1 1366.366366 22.500000 0.64793577384195045 -0.051640206771280103
390 2 1366.366366 45.000000 0.64793577384195045 -0.051640206771280103
390 3 1366.366366 67.500000 0.64793577384195045 -0.051640206771280103
391 0 1369.869870 0.000000 0.64631092255183453 -0.054984351267180397
391 1 1369.869870 22.500000 0.64631092255183453 -0.054984351267180397
391 2 1369.869870 45.000000 0.64631092255183453 -0.054984351267180397
391 3 1369.869870 67.500000 0.64631092255183453 -0.054984351267180397
392 0 1373.373373 0.000000 0.64003622181836139 -0.05751735429296502
392 1 1373.373373 22.500000 0.64003622181836139 -0.05751735429296502
392 2 1373.373373 45.000000 0.64003622181836139 -0.05751735429296502
392 3 1373.373373 67.500000 0.64003622181836139 -0.05751735429296502
393 0 1376.876877 0.000000 0.62996604957229041 -0.058747235822748441
393 1 1376.876877 22.500000 0.62996604957229041 -0.058747235822748441
393 2 1376.876877 45.000000 0.62996604957229041 -0.058747235822748441
393 3 1376.876877 67.500000 0.62996604957229041 -0.058747235822748441
394 0 1380.380380 0.000000 0.61767936525273615 -0.058374403211827672
394 1 1380.380380 22.500000 0.61767936525273615 -0.058374403211827672
394 2 1380.380380 45.000000 0.61767936525273615 -0.058374403211827672
394 3 1380.380380 67.500000 0.61767936525273615 -0.058374403211827672
395 0 1383.883884 0.000000 0.60522531806463831 -0.056354096009786532
395 1 1383.883884 22.500000 0.60522531806463831 -0.056354096009786532
395 2 1383.883884 45.000000 0.60522531806463831 -0.056354096009786532
395 3 1383.883884 67.500000 0.60522531806463831 -0.056354096009786532
396 0 1387.387387 0.000000 0.59478164734385452 -0.052920089220667335
396 1 1387.387387 22.500000 0.59478164734385452 -0.052920089220667335
396 2 1387.387387 45.000000 0.59478164734385452 -0.052920089220667335
396 3 1387.387387 67.500000 0.59478164734385452 -0.052920089220667335
397 0 1390.890891 0.000000 0.5882924758192406 -0.048563639387350789
397 1 1390.890891 22.500000 0.5882924758192406 -0.048563639387350789
397 2 1390.890891 45.000000 0.5882924758192406 -0.048563639387350789
397 3 1390.890891 67.500000 0.5882924758192406 -0.048563639387350789
398 0 1394.394394 0.000000 0.58714593606437193 -0.043968606565035699
398 1 1394.394394 22.500000 0.58714593606437193 -0.043968606565035699
398 2 1394.394394 45.000000 0.58714593606437193 -0.043968606565035699
398 3 1394.394394 67.500000 0.58714593606437193 -0.043968606565035699
399 0 1397.897898 0.000000 0.59193318037385234 -0.039910797809976035
399 1 1397.897898 22.500000 0.59193318037385234 -0.039910797809976035
399 2 1397.897898 45.000000 0.59193318037385234 -0.039910797809976035
399 3 1397.897898 67.500000 0.59193318037385234 -0.039910797809976035
400 0 1401.401401 0.000000 0.60231140457665644 -0.037135728741312615
400 1 1401.401401 22.500000 0.60231140457665644 -0.037135728741312615
400 2 1401.401401 45.000000 0.60231140457665644 -0.037135728741312615
400 3 1401.401401 67.500000 0.60231140457665644 -0.037135728741312615
401 0 1404.904905 0.000000 0.61698396185254523 -0.036233176420565921
401 1 1404.904905 22.500000 0.61698396185254523 -0.036233176420565921
401 2 1404.904905 45.000000 0.61698396185254523 -0.036233176420565921
401 3 1404.904905 67.500000 0.61698396185254523 -0.036233176420565921
402 0 1408.408408 0.000000 0.6338102068618533 -0.037528362899352068
402 1 1408.408408 22.500000 0.6338102068618533 -0.037528362899352068
402 2 1408.408408 45.000000 0.6338102068618533 -0.037528362899352068
402 3 1408.408408 67.500000 0.6338102068618533 -0.037528362899352068
403 0 1411.911912 0.000000 0.65005654410843228 -0.041008028418578077
403 1 1411.911912 22.500000 0.65005654410843228 -0.041008028418578077
403 2 1411.911912 45.000000 0.65005654410843228 -0.041008028418578077
403 3 1411.911912 67.500000 0.65005654410843228 -0.041008028418578077
404 0 1415.415415 0.000000 0.66278577905943747 -0.046295155395181947
404 1 1415.415415 22.500000 0.66278577905943747 -0.046295155395181947
404 2 1415.415415 45.000000 0.66278577905943747 -0.046295155395181947
404 3 1415.415415 67.500000 0.66278577905943747 -0.046295155395181947
405 0 1418.918919 0.000000 0.66934908634156254 -0.052679276127381949
405 1 1418.918919 22.500000 0.66934908634156254 -0.052679276127381949
405 2 1418.918919 45.000000 0.66934908634156254 -0.052679276127381949
405 3 1418.918919 67.500000 0.66934908634156254 -0.052679276127381949
406 0 1422.422422 0.000000 0.66790221474681466 -0.059201105385436596
406 1 1422.422422 22.500000 0.66790221474681466 -0.059201105385436596
406 2 1422.422422 45.000000 0.66790221474681466 -0.059201105385436596
406 3 1422.422422 67.500000 0.66790221474681466 -0.059201105385436596
407 0 1425.925926 0.000000 0.65783515717862873 -0.064781890816509841
407 1 1425.925926 22.500000 0.65783515717862873 -0.064781890816509841
407 2 1425.925926 45.000000 0.65783515717862873 -0.064781890816509841
407 3 1425.925926 67.500000 0.65783515717862873 -0.064781890816509841
408 0 1429.429429 0.000000 0.64000393347573803 -0.068380636908319525
408 1 1429.429429 22.500000 0.64000393347573803 -0.068380636908319525
408 2 1429.429429 45.000000 0.64000393347573803 -0.068380636908319525
408 3 1429.429429 67.500000 0.64000393347573803 -0.068380636908319525
409 0 1432.932933 0.000000 0.61669377101090694 -0.069157366971560677
409 1 1432.932933 22.500000 0.61669377101090694 -0.069157366971560677
409 2 1432.932933 45.000000 0.61669377101090694 -0.069157366971560677
409 3 1432.932933 67.500000 0.61669377101090694 -0.069157366971560677
410 0 1436.436436 0.000000 0.59131387801609936 -0.06661866763434493
410 1 1436.436436 22.500000 0.59131387801609936 -0.06661866763434493
410 2 1436.436436 45.000000 0.59131387801609936 -0.06661866763434493
410 3 1436.436436 67.500000 0.59131387801609936 -0.06661866763434493
411 0 1439.939940 0.000000 0.56789676825447577 -0.06072329491611627
411 1 1439.939940 22.500000 0.56789676825447577 -0.06072329491611627
411 2 1439.939940 45.000000 0.56789676825447577 -0.06072329491611627
411 3 1439.939940 67.500000 0.56789676825447577 -0.06072329491611627
412 0 1443.443443 0.000000 0.55051761698627311 -0.051930483460825863
412 1 1443.443443 22.500000 0.55051761698627311 -0.051930483460825863
412 2 1443.443443 45.000000 0.55051761698627311 -0.051930483460825863
412 3 1443.443443 67.500000 0.55051761698627311 -0.051930483460825863
413 0 1446.946947 0.000000 0.54274338216932227 -0.041181163418604713
413 1 1446.946947 22.500000 0.54274338216932227 -0.041181163418604713
413 2 1446.946947 45.000000 0.54274338216932227 -0.041181163418604713
413 3 1446.946947 67.500000 0.54274338216932227 -0.041181163418604713
414 0 1450.450450 0.000000 0.54717490844534367 -0.029811509413437451
414 1 1450.450450 22.500000 0.54717490844534367 -0.029811509413437451
414 2 1450.450450 45.000000 0.54717490844534367 -0.029811509413437451
414 3 1450.450450 67.500000 0.54717490844534367 -0.029811509413437451
415 0 1453.953954 0.000000 0.56508849254776139 -0.019407813177653457
415 1 1453.953954 22.500000 0.56508849254776139 -0.019407813177653457
415 2 1453.953954 45.000000 0.56508849254776139 -0.019407813177653457
415 3 1453.953954 67.500000 0.56508849254776139 -0.019407813177653457
416 0 1457.457457 0.000000 0.59615353806881133 -0.011620200981334643
416 1 1457.457457 22.500000 0.59615353806881133 -0.011620200981334643
416 2 1457.457457 45.000000 0.59615353806881133 -0.011620200981334643
416 3 1457.457457 67.500000 0.59615353806881133 -0.011620200981334643
417 0 1460.960961 0.000000 0.63822143890273275 -0.0079589542711143817
417 1 1460.960961 22.500000 0.63822143890273275 -0.0079589542711143817
417 2 1460.960961 45.000000 0.63822143890273275 -0.0079589542711143817
417 3 1460.960961 67.500000 0.63822143890273275 -0.0079589542711143817
418 0 1464.464464 0.000000 0.68723826299972657 -0.0096002000644800981
418 1 1464.464464 22.500000 0.68723826299972657 -0.0096002000644800981
418 2 1464.464464 45.000000 0.68723826299972657 -0.0096002000644800981
418 3 1464.464464 67.500000 0.68723826299972657 -0.0096002000644800981
419 0 1467.967968 0.000000 0.73739137217452544 -0.017227039209079364
419 1 1467.967968 22.500000 0.73739137217452544 -0.017227039209079364
419 2 1467.967968 45.000000 0.73739137217452544 -0.017227039209079364
419 3 1467.967968 67.500000 0.73739137217452544 -0.017227039209079364
420 0 1471.471471 0.000000 0.78160919074508894 -0.030927831792321489
420 1 1471.471471 22.500000 0.78160919074508894 -0.030927831792321489
420 2 1471.471471 45.000000 0.78160919074508894 -0.030927831792321489
420 3 1471.471471 67.500000 0.78160919074508894 -0.030927831792321489
421 0 1474.974975 0.000000 0.81246371635358861 -0.050165944601373864
421 1 1474.974975 22.500000 0.81246371635358861 -0.050165944601373864
421 2 1474.974975 45.000000 0.81246371635358861 -0.050165944601373864
421 3 1474.974975 67.500000 0.81246371635358861 -0.050165944601373864
422 0 1478.478478 0.000000 0.82338696732866168 -0.073825815555625396
422 1 1478.478478 22.500000 0.82338696732866168 -0.073825815555625396
422 2 1478.478478 45.000000 0.82338696732866168 -0.073825815555625396
422 3 1478.478478 67.500000 0.82338696732866168 -0.073825815555625396
423 0 1481.981982 0.000000 0.80995749161682806 -0.10033002992636411
423 1 1481.981982 22.500000 0.80995749161682806 -0.10033002992636411
423 2 1481.981982 45.000000 0.80995749161682806 -0.10033002992636411
423 3 1481.981982 67.500000 0.80995749161682806 -0.10033002992636411
424 0 1485.485485 0.000000 0.77091459923359196 -0.12781266051765033
424 1 1485.485485 22.500000 0.77091459923359196 -0.12781266051765033
424 2 1485.485485 45.000000 0.77091459923359196 -0.12781266051765033
424 3 1485.485485 67.500000 0.77091459923359196 -0.12781266051765033
425 0 1488.988989 0.000000 0.70857540078795633 -0.154326720456051
425 1 1488.988989 22.500000 0.70857540078795633 -0.154326720456051
425 2 1488.988989 45.000000 0.70857540078795633 -0.154326720456051
425 3 1488.988989 67.500000 0.70857540078795633 -0.154326720456051
426 0 1492.492492 0.000000 0.62847636852230782 -0.17805923686327951
426 1 1492.492492 22.500000 0.62847636852230782 -0.17805923686327951
426 2 1492.492492 45.000000 0.62847636852230782 -0.17805923686327951
426 3 1492.492492 67.500000 0.62847636852230782 -0.17805923686327951
427 0 1495.995996 0.000000 0.53829257835733657 -0.1975267561713972
427 1 1495.995996 22.500000 0.53829257835733657 -0.1975267561713972
427 2 1495.995996 45.000000 0.53829257835733657 -0.1975267561713972
427 3 1495.995996 67.500000 0.53829257835733657 -0.1975267561713972
428 0 1499.499499 0.000000 0.44631774420626419 -0.21172709235574677
428 1 1499.499499 22.500000 0.44631774420626419 -0.21172709235574677
428 2 1499.499499 45.000000 0.44631774420626419 -0.21172709235574677
428 3 1499.499499 67.500000 0.44631774420626419 -0.21172709235574677
429 0 1503.003003 0.000000 0.35992551380281063 -0.22022935625212753
429 1 1503.003003 22.500000 0.35992551380281063 -0.22022935625212753
429 2 1503.003003 45.000000 0.35992551380281063 -0.22022935625212753
429 3 1503.003003 67.500000 0.35992551380281063 -0.22022935625212753
430 0 1506.506507 0.000000 0.28442224553499018 -0.22319283410249183
430 1 1506.506507 22.500000 0.28442224553499018 -0.22319283410249183
430 2 1506.506507 45.000000 0.28442224553499018 -0.22319283410249183
430 3 1506.506507 67.500000 0.28442224553499018 -0.22319283410249183
431 0 1510.010010 0.000000 0.22254964701610749 -0.22131488218244783
431 1 1510.010010 22.500000 0.22254964701610749 -0.22131488218244783
431 2 1510.010010 45.000000 0.22254964701610749 -0.22131488218244783
431 3 1510.010010 67.500000 0.22254964701610749 -0.22131488218244783
432 0 1513.513514 0.000000 0.17466616647366084 -0.2157173105337476
432 1 1513.513514 22.500000 0.17466616647366084 -0.2157173105337476
432 2 1513.513514 45.000000 0.17466616647366084 -0.2157173105337476
432 3 1513.513514 67.500000 0.17466616647366084 -0.2157173105337476
433 0 1517.017017 0.000000 0.13942129848829837 -0.20778845392862705
433 1 1517.017017 22.500000 0.13942129848829837 -0.20778845392862705
433 2 1517.017017 45.000000 0.13942129848829837 -0.20778845392862705
433 3 1517.017017 67.500000 0.13942129848829837 -0.20778845392862705
434 0 1520.520521 0.000000 0.11461662369703324 -0.19900324161437574
434 1 1520.520521 22.500000 0.11461662369703324 -0.19900324161437574
434 2 1520.520521 45.000000 0.11461662369703324 -0.19900324161437574
434 3 1520.520521 67.500000 0.11461662369703324 -0.19900324161437574
435 0 1524.024024 0.000000 0.097955037788883551 -0.19074544976477237
435 1 1524.024024 22.500000 0.097955037788883551 -0.19074544976477237
435 2 1524.024024 45.000000 0.097955037788883551 -0.19074544976477237
435 3 1524.024024 67.500000 0.097955037788883551 -0.19074544976477237
436 0 1527.527528 0.000000 0.087492628298444258 -0.18415480476183066
436 1 1527.527528 22.500000 0.087492628298444258 -0.18415480476183066
436 2 1527.527528 45.000000 0.087492628298444258 -0.18415480476183066
436 3 1527.527528 67.500000 0.087492628298444258 -0.18415480476183066
437 0 1531.031031 0.000000 0.081763257804908104 -0.1800170443700721
437 1 1531.031031 22.500000 0.081763257804908104 -0.1800170443700721
437 2 1531.031031 45.000000 0.081763257804908104 -0.1800170443700721
437 3 1531.031031 67.500000 0.081763257804908104 -0.1800170443700721
438 0 1534.534535 0.000000 0.079673691252737183 -0.17870820574711577
438 1 1534.534535 22.500000 0.079673691252737183 -0.17870820574711577
438 2 1534.534535 45.000000 0.079673691252737183 -0.17870820574711577
438 3 1534.534535 67.500000 0.079673691252737183 -0.17870820574711577
439 0 1538.038038 0.000000 0.080321092029668167 -0.1801963616045506
439 1 1538.038038 22.500000 0.080321092029668167 -0.1801963616045506
439 2 1538.038038 45.000000 0.080321092029668167 -0.1801963616045506
439 3 1538.038038 67.500000 0.080321092029668167 -0.1801963616045506
440 0 1541.541542 0.000000 0.082859934019753181 -0.18409596896920516
440 1 1541.541542 22.500000 0.082859934019753181 -0.18409596896920516
440 2 1541.541542 45.000000 0.082859934019753181 -0.18409596896920516
440 3 1541.541542 67.500000 0.082859934019753181 -0.18409596896920516
441 0 1545.045045 0.000000 0.086472892137140725 -0.18976308075178436
441 1 1545.045045 22.500000 0.086472892137140725 -0.18976308075178436
441 2 1545.045045 45.000000 0.086472892137140725 -0.18976308075178436
441 3 1545.045045 67.500000 0.086472892137140725 -0.18976308075178436
442 0 1548.548549 0.000000 0.090425949984023299 -0.19641483412764799
442 1 1548.548549 22.500000 0.090425949984023299 -0.19641483412764799
442 2 1548.548549 45.000000 0.090425949984023299 -0.19641483412764799
442 3 1548.548549 67.500000 0.090425949984023299 -0.19641483412764799
443 0 1552.052052 0.000000 0.094147705729364747 -0.20325446063803337
443 1 1552.052052 22.500000 0.094147705729364747 -0.20325446063803337
443 2 1552.052052 45.000000 0.094147705729364747 -0.20325446063803337
443 3 1552.052052 67.500000 0.094147705729364747 -0.20325446063803337
444 0 1555.555556 0.000000 0.09727710872643934 -0.20958373025859148
444 1 1555.555556 22.500000 0.09727710872643934 -0.20958373025859148
444 2 1555.555556 45.000000 0.09727710872643934 -0.20958373025859148
444 3 1555.555556 67.500000 0.09727710872643934 -0.20958373025859148
445 0 1559.059059 0.000000 0.099657738952949299 -0.2148879874944192
445 1 1559.059059 22.500000 0.099657738952949299 -0.2148879874944192
445 2 1559.059059 45.000000 0.099657738952949299 -0.2148879874944192
445 3 1559.059059 67.500000 0.099657738952949299 -0.2148879874944192
446 0 1562.562563 0.000000 0.10129322237929977 -0.21888413379541716
446 1 1562.562563 22.500000 0.10129322237929977 -0.21888413379541716
446 2 1562.562563 45.000000 0.10129322237929977 -0.21888413379541716
446 3 1562.562563 67.500000 0.10129322237929977 -0.21888413379541716
447 0 1566.066066 0.000000 0.10229544428551605 -0.22152817008737241
447 1 1566.066066 22.500000 0.10229544428551605 -0.22152817008737241
447 2 1566.066066 45.000000 0.10229544428551605 -0.22152817008737241
447 3 1566.066066 67.500000 0.10229544428551605 -0.22152817008737241
448 0 1569.569570 0.000000 0.10284916563885341 -0.22298523560319106
448 1 1569.569570 22.500000 0.10284916563885341 -0.22298523560319106
448 2 1569.569570 45.000000 0.10284916563885341 -0.22298523560319106
448 3 1569.569570 67.500000 0.10284916563885341 -0.22298523560319106
449 0 1573.073073 0.000000 0.10319422970802647 -0.22357050799265543
449 1 1573.073073 22.500000 0.10319422970802647 -0.22357050799265543
449 2 1573.073073 45.000000 0.10319422970802647 -0.22357050799265543
449 3 1573.073073 67.500000 0.10319422970802647 -0.22357050799265543
450 0 1576.576577 0.000000 0.10360771257517409 -0.22367309606899832
450 1 1576.576577 22.500000 0.10360771257517409 -0.22367309606899832
450 2 1576.576577 45.000000 0.10360771257517409 -0.22367309606899832
450 3 1576.576577 67.500000 0.10360771257517409 -0.22367309606899832
451 0 1580.080080 0.000000 0.1043661730103053 -0.22367668809426394
451 1 1580.080080 22.500000 0.1043661730103053 -0.22367668809426394
451 2 1580.080080 45.000000 0.1043661730103053 -0.22367668809426394
451 3 1580.080080 67.500000 0.1043661730103053 -0.22367668809426394
452 0 1583.583584 0.000000 0.10568326526515236 -0.22389009741561999
452 1 1583.583584 22.500000 0.10568326526515236 -0.22389009741561999
452 2 1583.583584 45.000000 0.10568326526515236 -0.22389009741561999
452 3 1583.583584 67.500000 0.10568326526515236 -0.22389009741561999
453 0 1587.087087 0.000000 0.10763957199506223 -0.22449821104935991
453 1 1587.087087 22.500000 0.10763957199506223 -0.22449821104935991
453 2 1587.087087 45.000000 0.10763957199506223 -0.22449821104935991
453 3 1587.087087 67.500000 0.10763957199506223 -0.22449821104935991
454 0 1590.590591 0.000000 0.11013501776414727 -0.22553973362594798
454 1 1590.590591 22.500000 0.11013501776414727 -0.22553973362594798
454 2 1590.590591 45.000000 0.11013501776414727 -0.22553973362594798
454 3 1590.590591 67.500000 0.11013501776414727 -0.22553973362594798
455 0 1594.094094 0.000000 0.11289055579717766 -0.22691326858567462
455 1 1594.094094 22.500000 0.11289055579717766 -0.22691326858567462
455 2 1594.094094 45.000000 0.11289055579717766 -0.22691326858567462
455 3 1594.094094 67.500000 0.11289055579717766 -0.22691326858567462
456 0 1597.597598 0.000000 0.11550653631082924 -0.22840850545562991
456 1 1597.597598 22.500000 0.11550653631082924 -0.22840850545562991
456 2 1597.597598 45.000000 0.11550653631082924 -0.22840850545562991
456 3 1597.597598 67.500000 0.11550653631082924 -0.22840850545562991
457 0 1601.101101 0.000000 0.11756086492372649 -0.22975534405680659
457 1 1601.101101 22.500000 0.11756086492372649 -0.22975534405680659
457 2 1601.101101 45.000000 0.11756086492372649 -0.22975534405680659
457 3 1601.101101 67.500000 0.11756086492372649 -0.22975534405680659
458 0 1604.604605 0.000000 0.11871366263646456 -0.23068126674746153
458 1 1604.604605 22.500000 0.11871366263646456 -0.23068126674746153
458 2 1604.604605 45.000000 0.11871366263646456 -0.23068126674746153
458 3 1604.604605 67.500000 0.11871366263646456 -0.23068126674746153
459 0 1608.108108 0.000000 0.11878442932979039 -0.23096649285452581
459 1 1608.108108 22.500000 0.11878442932979039 -0.23096649285452581
459 2 1608.108108 45.000000 0.11878442932979039 -0.23096649285452581
459 3 1608.108108 67.500000 0.11878442932979039 -0.23096649285452581
460 0 1611.611612 0.000000 0.11778154197764648 -0.23048744215613215
460 1 1611.611612 22.500000 0.11778154197764648 -0.23048744215613215
460 2 1611.611612 45.000000 0.11778154197764648 -0.23048744215613215
460 3 1611.611612 67.500000 0.11778154197764648 -0.23048744215613215
461 0 1615.115115 0.000000 0.11588384022615963 -0.22924153624412805
461 1 1615.115115 22.500000 0.11588384022615963 -0.22924153624412805
461 2 1615.115115 45.000000 0.11588384022615963 -0.22924153624412805
461 3 1615.115115 67.500000 0.11588384022615963 -0.22924153624412805
462 0 1618.618619 0.000000 0.11338982945394904 -0.22734988618610785
462 1 1618.618619 22.500000 0.11338982945394904 -0.22734988618610785
462 2 1618.618619 45.000000 0.11338982945394904 -0.22734988618610785
462 3 1618.618619 67.500000 0.11338982945394904 -0.22734988618610785
463 0 1622.122122 0.000000 0.11065539875980752 -0.22503832007697577
463 1 1622.122122 22.500000 0.11065539875980752 -0.22503832007697577
463 2 1622.122122 45.000000 0.11065539875980752 -0.22503832007697577
463 3 1622.122122 67.500000 0.11065539875980752 -0.22503832007697577
464 0 1625.625626 0.000000 0.1080362973149275 -0.22260083177229301
464 1 1625.625626 22.500000 0.1080362973149275 -0.22260083177229301
464 2 1625.625626 45.000000 0.1080362973149275 -0.22260083177229301
464 3 1625.625626 67.500000 0.1080362973149275 -0.22260083177229301
465 0 1629.129129 0.000000 0.10584247746936866 -0.22035229779931964
465 1 1629.129129 22.500000 0.10584247746936866 -0.22035229779931964
465 2 1629.129129 45.000000 0.10584247746936866 -0.22035229779931964
465 3 1629.129129 67.500000 0.10584247746936866 -0.22035229779931964
466 0 1632.632633 0.000000 0.10430428529870006 -0.21857879896939231
466 1 1632.632633 22.500000 0.10430428529870006 -0.21857879896939231
466 2 1632.632633 45.000000 0.10430428529870006 -0.21857879896939231
466 3 1632.632633 67.500000 0.10430428529870006 -0.21857879896939231
467 0 1636.136136 0.000000 0.10354877773583407 -0.21749391267170193
467 1 1636.136136 22.500000 0.10354877773583407 -0.21749391267170193
467 2 1636.136136 45.000000 0.10354877773583407 -0.21749391267170193
467 3 1636.136136 67.500000 0.10354877773583407 -0.21749391267170193
468 0 1639.639640 0.000000 0.10358706878606425 -0.21720797716075058
468 1 1639.639640 22.500000 0.10358706878606425 -0.21720797716075058
468 2 1639.639640 45.000000 0.10358706878606425 -0.21720797716075058
468 3 1639.639640 67.500000 0.10358706878606425 -0.21720797716075058
469 0 1643.143143 0.000000 0.10431655131694939 -0.21771486380849495
469 1 1643.143143 22.500000 0.10431655131694939 -0.21771486380849495
469 2 1643.143143 45.000000 0.10431655131694939 -0.21771486380849495
469 3 1643.143143 67.500000 0.10431655131694939 -0.21771486380849495
470 0 1646.646647 0.000000 0.10554142954620303 -0.21889768939221321
470 1 1646.646647 22.500000 0.10554142954620303 -0.21889768939221321
470 2 1646.646647 45.000000 0.10554142954620303 -0.21889768939221321
470 3 1646.646647 67.500000 0.10554142954620303 -0.21889768939221321
471 0 1650.150150 0.000000 0.10701045436421901 -0.22055170465977736
471 1 1650.150150 22.500000 0.10701045436421901 -0.22055170465977736
471 2 1650.150150 45.000000 0.10701045436421901 -0.22055170465977736
471 3 1650.150150 67.500000 0.10701045436421901 -0.22055170465977736
472 0 1653.653654 0.000000 0.10846453428403319 -0.22241984427080697
472 1 1653.653654 22.500000 0.10846453428403319 -0.22241984427080697
472 2 1653.653654 45.000000 0.10846453428403319 -0.22241984427080697
472 3 1653.653654 67.500000 0.10846453428403319 -0.22241984427080697
473 0 1657.157157 0.000000 0.1096828087442326 -0.22423455452396518
473 1 1657.157157 22.500000 0.1096828087442326 -0.22423455452396518
473 2 1657.157157 45.000000 0.1096828087442326 -0.22423455452396518
473 3 1657.157157 67.500000 0.1096828087442326 -0.22423455452396518
474 0 1660.660661 0.000000 0.1105163456158102 -0.22575879934913803
474 1 1660.660661 22.500000 0.1105163456158102 -0.22575879934913803
474 2 1660.660661 45.000000 0.1105163456158102 -0.22575879934913803
474 3 1660.660661 67.500000 0.1105163456158102 -0.22575879934913803
475 0 1664.164164 0.000000 0.1109035107180345 -0.2268196469052165
475 1 1664.164164 22.500000 0.1109035107180345 -0.2268196469052165
475 2 1664.164164 45.000000 0.1109035107180345 -0.2268196469052165
475 3 1664.164164 67.500000 0.1109035107180345 -0.2268196469052165
476 0 1667.667668 0.000000 0.11086742540946662 -0.2273294166546567
476 1 1667.667668 22.500000 0.11086742540946662 -0.2273294166546567
476 2 1667.667668 45.000000 0.11086742540946662 -0.2273294166546567
476 3 1667.667668 67.500000 0.11086742540946662 -0.2273294166546567
477 0 1671.171171 0.000000 0.1105004424915368 -0.22729170359928375
477 1 1671.171171 22.500000 0.1105004424915368 -0.22729170359928375
477 2 1671.171171 45.000000 0.1105004424915368 -0.22729170359928375
477 3 1671.171171 67.500000 0.1105004424915368 -0.22729170359928375
478 0 1674.674675 0.000000 0.10994151153409767 -0.22679226262769592
478 1 1674.674675 22.500000 0.10994151153409767 -0.22679226262769592
478 2 1674.674675 45.000000 0.10994151153409767 -0.22679226262769592
478 3 1674.674675 67.500000 0.10994151153409767 -0.22679226262769592
479 0 1678.178178 0.000000 0.10935044685745893 -0.2259772657900819
479 1 1678.178178 22.500000 0.10935044685745893 -0.2259772657900819
479 2 1678.178178 45.000000 0.10935044685745893 -0.2259772657900819
479 3 1678.178178 67.500000 0.10935044685745893 -0.2259772657900819
480 0 1681.681682 0.000000 0.10888087505032237 -0.22502341724735608
480 1 1681.681682 22.500000 0.10888087505032237 -0.22502341724735608
480 2 1681.681682 45.000000 0.10888087505032237 -0.22502341724735608
480 3 1681.681682 67.500000 0.10888087505032237 -0.22502341724735608
481 0 1685.185185 0.000000 0.10865321325583745 -0.22410551700661269
481 1 1685.185185 22.500000 0.10865321325583745 -0.22410551700661269
481 2 1685.185185 45.000000 0.10865321325583745 -0.22410551700661269
481 3 1685.185185 67.500000 0.10865321325583745 -0.22410551700661269
482 0 1688.688689 0.000000 0.10873079892681324 -0.22336715908032051
482 1 1688.688689 22.500000 0.10873079892681324 -0.22336715908032051
482 2 1688.688689 45.000000 0.10873079892681324 -0.22336715908032051
482 3 1688.688689 67.500000 0.10873079892681324 -0.22336715908032051
483 0 1692.192192 0.000000 0.10910461640150458 -0.22289936558870715
483 1 1692.192192 22.500000 0.10910461640150458 -0.22289936558870715
483 2 1692.192192 45.000000 0.10910461640150458 -0.22289936558870715
483 3 1692.192192 67.500000 0.10910461640150458 -0.22289936558870715
484 0 1695.695696 0.000000 0.10969250818595515 -0.22273029501546213
484 1 1695.695696 22.500000 0.10969250818595515 -0.22273029501546213
484 2 1695.695696 45.000000 0.10969250818595515 -0.22273029501546213
484 3 1695.695696 67.500000 0.10969250818595515 -0.22273029501546213
485 0 1699.199199 0.000000 0.11035587918427427 -0.2228270449080777
485 1 1699.199199 22.500000 0.11035587918427427 -0.2228270449080777
485 2 1699.199199 45.000000 0.11035587918427427 -0.2228270449080777
485 3 1699.199199 67.500000 0.11035587918427427 -0.2228270449080777
486 0 1702.702703 0.000000 0.11093139249957816 -0.22310838551297549
486 1 1702.702703 22.500000 0.11093139249957816 -0.22310838551297549
486 2 1702.702703 45.000000 0.11093139249957816 -0.22310838551297549
486 3 1702.702703 67.500000 0.11093139249957816 -0.22310838551297549
487 0 1706.206206 0.000000 0.11126956045758027 -0.22346539435084095
487 1 1706.206206 22.500000 0.11126956045758027 -0.22346539435084095
487 2 1706.206206 45.000000 0.11126956045758027 -0.22346539435084095
487 3 1706.206206 67.500000 0.11126956045758027 -0.22346539435084095
488 0 1709.709710 0.000000 0.11126934845650678 -0.22378572415619824
488 1 1709.709710 22.500000 0.11126934845650678 -0.22378572415619824
488 2 1709.709710 45.000000 0.11126934845650678 -0.22378572415619824
488 3 1709.709710 67.500000 0.11126934845650678 -0.22378572415619824
489 0 1713.213213 0.000000 0.1108994302416417 -0.22397681666076164
489 1 1713.213213 22.500000 0.1108994302416417 -0.22397681666076164
489 2 1713.213213 45.000000 0.1108994302416417 -0.22397681666076164
489 3 1713.213213 67.500000 0.1108994302416417 -0.22397681666076164
490 0 1716.716717 0.000000 0.11020178188779596 -0.22398381020166577
490 1 1716.716717 22.500000 0.11020178188779596 -0.22398381020166577
490 2 1716.716717 45.000000 0.11020178188779596 -0.22398381020166577
490 3 1716.716717 67.500000 0.11020178188779596 -0.22398381020166577
491 0 1720.220220 0.000000 0.10927932748045248 -0.22379906613079451
491 1 1720.220220 22.500000 0.10927932748045248 -0.22379906613079451
491 2 1720.220220 45.000000 0.10927932748045248 -0.22379906613079451
491 3 1720.220220 67.500000 0.10927932748045248 -0.22379906613079451
492 0 1723.723724 0.000000 0.10827355673756102 -0.2234619173999528
492 1 1723.723724 22.500000 0.10827355673756102 -0.2234619173999528
492 2 1723.723724 45.000000 0.10827355673756102 -0.2234619173999528
492 3 1723.723724 67.500000 0.10827355673756102 -0.2234619173999528
493 0 1727.227227 0.000000 0.10733894794655321 -0.22304910302677219
493 1 1727.227227 22.500000 0.10733894794655321 -0.22304910302677219
493 2 1727.227227 45.000000 0.10733894794655321 -0.22304910302677219
493 3 1727.227227 67.500000 0.10733894794655321 -0.22304910302677219
494 0 1730.730731 0.000000 0.1066191475893894 -0.22265805460999755
494 1 1730.730731 22.500000 0.1066191475893894 -0.22265805460999755
494 2 1730.730731 45.000000 0.1066191475893894 -0.22265805460999755
494 3 1730.730731 67.500000 0.1066191475893894 -0.22265805460999755
495 0 1734.234234 0.000000 0.10622707640872565 -0.22238644618787984
495 1 1734.234234 22.500000 0.10622707640872565 -0.22238644618787984
495 2 1734.234234 45.000000 0.10622707640872565 -0.22238644618787984
495 3 1734.234234 67.500000 0.10622707640872565 -0.22238644618787984
496 0 1737.737738 0.000000 0.10622939381384863 -0.22231199895846207
496 1 1737.737738 22.500000 0.10622939381384863 -0.22231199895846207
496 2 1737.737738 45.000000 0.10622939381384863 -0.22231199895846207
496 3 1737.737738 67.500000 0.10622939381384863 -0.22231199895846207
497 0 1741.241241 0.000000 0.10663583414591919 -0.22247636580473465
497 1 1741.241241 22.500000 0.10663583414591919 -0.22247636580473465
497 2 1741.241241 45.000000 0.10663583414591919 -0.22247636580473465
497 3 1741.241241 67.500000 0.10663583414591919 -0.22247636580473465
498 0 1744.744745 0.000000 0.10739510108634402 -0.22287606146616509
498 1 1744.744745 22.500000 0.10739510108634402 -0.22287606146616509
498 2 1744.744745 45.000000 0.10739510108634402 -0.22287606146616509
498 3 1744.744745 67.500000 0.10739510108634402 -0.22287606146616509
499 0 1748.248248 0.000000 0.10839971201985078 -0.22346202912983559
499 1 1748.248248 22.500000 0.10839971201985078 -0.22346202912983559
499 2 1748.248248 45.000000 0.10839971201985078 -0.22346202912983559
499 3 1748.248248 67.500000 0.10839971201985078 -0.22346202912983559
500 0 1751.751752 0.000000 0.1095011993842237 -0.22414780686668689
500 1 1751.751752 22.500000 0.1095011993842237 -0.22414780686668689
500 2 1751.751752 45.000000 0.1095011993842237 -0.22414780686668689
500 3 1751.751752 67.500000 0.1095011993842237 -0.22414780686668689
501 0 1755.255255 0.000000 0.11053437994158895 -0.2248246789129992
501 1 1755.255255 22.500000 0.11053437994158895 -0.2248246789129992
501 2 1755.255255 45.000000 0.11053437994158895 -0.2248246789129992
501 3 1755.255255 67.500000 0.11053437994158895 -0.2248246789129992
502 0 1758.758759 0.000000 0.11134620641869271 -0.22538095111409426
502 1 1758.758759 22.500000 0.11134620641869271 -0.22538095111409426
502 2 1758.758759 45.000000 0.11134620641869271 -0.22538095111409426
502 3 1758.758759 67.500000 0.11134620641869271 -0.22538095111409426
503 0 1762.262262 0.000000 0.11182269095778047 -0.22572179304248
503 1 1762.262262 22.500000 0.11182269095778047 -0.22572179304248
503 2 1762.262262 45.000000 0.11182269095778047 -0.22572179304248
503 3 1762.262262 67.500000 0.11182269095778047 -0.22572179304248
504 0 1765.765766 0.000000 0.11190763930425346 -0.22578605294192647
504 1 1765.765766 22.500000 0.11190763930425346 -0.22578605294192647
504 2 1765.765766 45.000000 0.11190763930425346 -0.22578605294192647
504 3 1765.765766 67.500000 0.11190763930425346 -0.22578605294192647
505 0 1769.269269 0.000000 0.11160936699143453 -0.22555706548511606
505 1 1769.269269 22.500000 0.11160936699143453 -0.22555706548511606
505 2 1769.269269 45.000000 0.11160936699143453 -0.22555706548511606
505 3 1769.269269 67.500000 0.11160936699143453 -0.22555706548511606
506 0 1772.772773 0.000000 0.11099502899182323 -0.22506560930264835
506 1 1772.772773 22.500000 0.11099502899182323 -0.22506560930264835
506 2 1772.772773 45.000000 0.11099502899182323 -0.22506560930264835
506 3 1772.772773 67.500000 0.11099502899182323 -0.22506560930264835
507 0 1776.276276 0.000000 0.11017519985215871 -0.22438461328100923
507 1 1776.276276 22.500000 0.11017519985215871 -0.22438461328100923
507 2 1776.276276 45.000000 0.11017519985215871 -0.22438461328100923
507 3 1776.276276 67.500000 0.11017519985215871 -0.22438461328100923
508 0 1779.779780 0.000000 0.10928290887648499 -0.22361669020096964
508 1 1779.779780 22.500000 0.10928290887648499 -0.22361669020096964
508 2 1779.779780 45.000000 0.10928290887648499 -0.22361669020096964
508 3 1779.779780 67.500000 0.10928290887648499 -0.22361669020096964
509 0 1783.283283 0.000000 0.10845138648353747 -0.22287682583427382
509 1 1783.283283 22.500000 0.10845138648353747 -0.22287682583427382
509 2 1783.283283 45.000000 0.10845138648353747 -0.22287682583427382
509 3 1783.283283 67.500000 0.10845138648353747 -0.22287682583427382
510 0 1786.786787 0.000000 0.10779394276323513 -0.22227335185427363
510 1 1786.786787 22.500000 0.10779394276323513 -0.22227335185427363
510 2 1786.786787 45.000000 0.10779394276323513 -0.22227335185427363
510 3 1786.786787 67.500000 0.10779394276323513 -0.22227335185427363
511 0 1790.290290 0.000000 0.10738843660590457 -0.22189054934155311
511 1 1790.290290 22.500000 0.10738843660590457 -0.22189054934155311
511 2 1790.290290 45.000000 0.10738843660590457 -0.22189054934155311
511 3 1790.290290 67.500000 0.10738843660590457 -0.22189054934155311
512 0 1793.793794 0.000000 0.10726807363695784 -0.22177584249977125
512 1 1793.793794 22.500000 0.10726807363695784 -0.22177584249977125
512 2 1793.793794 45.000000 0.10726807363695784 -0.22177584249977125
512 3 1793.793794 67.500000 0.10726807363695784 -0.22177584249977125
513 0 1797.297297 0.000000 0.10741965050410425 -0.22193363614898612
513 1 1797.297297 22.500000 0.10741965050410425 -0.22193363614898612
513 2 1797.297297 45.000000 0.10741965050410425 -0.22193363614898612
513 3 1797.297297 67.500000 0.10741965050410425 -0.22193363614898612
514 0 1800.800801 0.000000 0.10778947661892896 -0.2223266044794947
514 1 1800.800801 22.500000 0.10778947661892896 -0.2223266044794947
514 2 1800.800801 45.000000 0.10778947661892896 -0.2223266044794947
514 3 1800.800801 67.500000 0.10778947661892896 -0.2223266044794947
515 0 1804.304304 0.000000 0.10829589753822198 -0.2228838886535279
515 1 1804.304304 22.500000 0.10829589753822198 -0.2228838886535279
515 2 1804.304304 45.000000 0.10829589753822198 -0.2228838886535279
515 3 1804.304304 67.500000 0.10829589753822198 -0.2228838886535279
516 0 1807.807808 0.000000 0.10884590206379088 -0.22351445619487348
516 1 1807.807808 22.500000 0.10884590206379088 -0.22351445619487348
516 2 1807.807808 45.000000 0.10884590206379088 -0.22351445619487348
516 3 1807.807808 67.500000 0.10884590206379088 -0.22351445619487348
517 0 1811.311311 0.000000 0.1093523043420247 -0.22412303157091376
517 1 1811.311311 22.500000 0.1093523043420247 -0.22412303157091376
517 2 1811.311311 45.000000 0.1093523043420247 -0.22412303157091376
517 3 1811.311311 67.500000 0.1093523043420247 -0.22412303157091376
518 0 1814.814815 0.000000 0.10974795156776992 -0.2246256685455395
518 1 1814.814815 22.500000 0.10974795156776992 -0.2246256685455395
518 2 1814.814815 45.000000 0.10974795156776992 -0.2246256685455395
518 3 1814.814815 67.500000 0.10974795156776992 -0.2246256685455395
519 0 1818.318318 0.000000 0.10999438489572916 -0.22496224705940537
519 1 1818.318318 22.500000 0.10999438489572916 -0.22496224705940537
519 2 1818.318318 45.000000 0.10999438489572916 -0.22496224705940537
519 3 1818.318318 67.500000 0.10999438489572916 -0.22496224705940537
520 0 1821.821822 0.000000 0.11008396129542265 -0.22510388297343775
520 1 1821.821822 22.500000 0.11008396129542265 -0.22510388297343775
520 2 1821.821822 45.000000 0.11008396129542265 -0.22510388297343775
520 3 1821.821822 67.500000 0.11008396129542265 -0.22510388297343775
521 0 1825.325325 0.000000 0.11003599564690911 -0.22505428932341923
521 1 1825.325325 22.500000 0.11003599564690911 -0.22505428932341923
521 2 1825.325325 45.000000 0.11003599564690911 -0.22505428932341923
521 3 1825.325325 67.500000 0.11003599564690911 -0.22505428932341923
522 0 1828.828829 0.000000 0.10988853250996239 -0.22484531269275726
522 1 1828.828829 22.500000 0.10988853250996239 -0.22484531269275726
522 2 1828.828829 45.000000 0.10988853250996239 -0.22484531269275726
522 3 1828.828829 67.500000 0.10988853250996239 -0.22484531269275726
523 0 1832.332332 0.000000 0.10968780891842908 -0.22452795719786359
523 1 1832.332332 22.500000 0.10968780891842908 -0.22452795719786359
523 2 1832.332332 45.000000 0.10968780891842908 -0.22452795719786359
523 3 1832.332332 67.500000 0.10968780891842908 -0.22452795719786359
524 0 1835.835836 0.000000 0.10947752750772259 -0.22416099424562558
524 1 1835.835836 22.500000 0.10947752750772259 -0.22416099424562558
524 2 1835.835836 45.000000 0.10947752750772259 -0.22416099424562558
524 3 1835.835836 67.500000 0.10947752750772259 -0.22416099424562558
525 0 1839.339339 0.000000 0.1092899552305156 -0.2237995944014568
525 1 1839.339339 22.500000 0.1092899552305156 -0.2237995944014568
525 2 1839.339339 45.000000 0.1092899552305156 -0.2237995944014568
525 3 1839.339339 67.500000 0.1092899552305156 -0.2237995944014568
526 0 1842.842843 0.000000 0.10914062294044757 -0.22348625408289846
526 1 1842.842843 22.500000 0.10914062294044757 -0.22348625408289846
526 2 1842.842843 45.000000 0.10914062294044757 -0.22348625408289846
526 3 1842.842843 67.500000 0.10914062294044757 -0.22348625408289846
527 0 1846.346346 0.000000 0.10902784434653244 -0.2232456697274908
527 1 1846.346346 22.500000 0.10902784434653244 -0.2232456697274908
527 2 1846.346346 45.000000 0.10902784434653244 -0.2232456697274908
527 3 1846.346346 67.500000 0.10902784434653244 -0.2232456697274908
528 0 1849.849850 0.000000 0.10893723959366235 -0.22308427117109336
528 1 1849.849850 22.500000 0.10893723959366235 -0.22308427117109336
528 2 1849.849850 45.000000 0.10893723959366235 -0.22308427117109336
528 3 1849.849850 67.500000 0.10893723959366235 -0.22308427117109336
529 0 1853.353353 0.000000 0.10885006203955271 -0.22299406318975648
529 1 1853.353353 22.500000 0.10885006203955271 -0.22299406318975648
529 2 1853.353353 45.000000 0.10885006203955271 -0.22299406318975648
529 3 1853.353353 67.500000 0.10885006203955271 -0.22299406318975648
530 0 1856.856857 0.000000 0.10875285292282888 -0.22295946261705649
530 1 1856.856857 22.500000 0.10875285292282888 -0.22295946261705649
530 2 1856.856857 45.000000 0.10875285292282888 -0.22295946261705649
530 3 1856.856857 67.500000 0.10875285292282888 -0.22295946261705649
531 0 1860.360360 0.000000 0.10864537213064437 -0.22296516117182424
531 1 1860.360360 22.500000 0.10864537213064437 -0.22296516117182424
531 2 1860.360360 45.000000 0.10864537213064437 -0.22296516117182424
531 3 1860.360360 67.500000 0.10864537213064437 -0.22296516117182424
532 0 1863.863864 0.000000 0.10854420874217864 -0.22300283325541032
532 1 1863.863864 22.500000 0.10854420874217864 -0.22300283325541032
532 2 1863.863864 45.000000 0.10854420874217864 -0.22300283325541032
532 3 1863.863864 67.500000 0.10854420874217864 -0.22300283325541032
533 0 1867.367367 0.000000 0.10848080483475625 -0.22307479526561425
533 1 1867.367367 22.500000 0.10848080483475625 -0.22307479526561425
533 2 1867.367367 45.000000 0.10848080483475625 -0.22307479526561425
533 3 1867.367367 67.500000 0.10848080483475625 -0.22307479526561425
534 0 1870.870871 0.000000 0.10849425737989778 -0.2231934574915449
534 1 1870.870871 22.500000 0.10849425737989778 -0.2231934574915449
534 2 1870.870871 45.000000 0.10849425737989778 -0.2231934574915449
534 3 1870.870871 67.500000 0.10849425737989778 -0.2231934574915449
535 0 1874.374374 0.000000 0.10862056410583286 -0.22337644533445278
535 1 1874.374374 22.500000 0.10862056410583286 -0.22337644533445278
535 2 1874.374374 45.000000 0.10862056410583286 -0.22337644533445278
535 3 1874.374374 67.500000 0.10862056410583286 -0.22337644533445278
536 0 1877.877878 0.000000 0.10888063840930264 -0.2236383887247258
536 1 1877.877878 22.500000 0.10888063840930264 -0.2236383887247258
536 2 1877.877878 45.000000 0.10888063840930264 -0.2236383887247258
536 3 1877.877878 67.500000 0.10888063840930264 -0.2236383887247258
537 0 1881.381381 0.000000 0.10926956200109322 -0.22398134461857888
537 1 1881.381381 22.500000 0.10926956200109322 -0.22398134461857888
537 2 1881.381381 45.000000 0.10926956200109322 -0.22398134461857888
537 3 1881.381381 67.500000 0.10926956200109322 -0.22398134461857888
538 0 1884.884885 0.000000 0.10974950162647 -0.22438640472738502
538 1 1884.884885 22.500000 0.10974950162647 -0.22438640472738502
538 2 1884.884885 45.000000 0.10974950162647 -0.22438640472738502
538 3 1884.884885 67.500000 0.10974950162647 -0.22438640472738502
539 0 1888.388388 0.000000 0.11024862580386414 -0.22480909223949516
539 1 1888.388388 22.500000 0.11024862580386414 -0.22480909223949516
539 2 1888.388388 45.000000 0.11024862580386414 -0.22480909223949516
539 3 1888.388388 67.500000 0.11024862580386414 -0.22480909223949516
540 0 1891.891892 0.000000 0.11066795051606261 -0.22518061102654757
540 1 1891.891892 22.500000 0.11066795051606261 -0.22518061102654757
540 2 1891.891892 45.000000 0.11066795051606261 -0.22518061102654757
540 3 1891.891892 67.500000 0.11066795051606261 -0.22518061102654757
541 0 1895.395395 0.000000 0.11089683553386646 -0.22541594027437623
541 1 1895.395395 22.500000 0.11089683553386646 -0.22541594027437623
541 2 1895.395395 45.000000 0.11089683553386646 -0.22541594027437623
541 3 1895.395395 67.500000 0.11089683553386646 -0.22541594027437623
542 0 1898.898899 0.000000 0.11083564956340075 -0.22542834122340727
542 1 1898.898899 22.500000 0.11083564956340075 -0.22542834122340727
542 2 1898.898899 45.000000 0.11083564956340075 -0.22542834122340727
542 3 1898.898899 67.500000 0.11083564956340075 -0.22542834122340727
543 0 1902.402402 0.000000 0.11042144165456144 -0.22514832150499364
543 1 1902.402402 22.500000 0.11042144165456144 -0.22514832150499364
543 2 1902.402402 45.000000 0.11042144165456144 -0.22514832150499364
543 3 1902.402402 67.500000 0.11042144165456144 -0.22514832150499364
544 0 1905.905906 0.000000 0.10965047589337006 -0.22454378853539897
544 1 1905.905906 22.500000 0.10965047589337006 -0.22454378853539897
544 2 1905.905906 45.000000 0.10965047589337006 -0.22454378853539897
544 3 1905.905906 67.500000 0.10965047589337006 -0.22454378853539897
545 0 1909.409409 0.000000 0.10859140714916743 -0.22363730469484491
545 1 1909.409409 22.500000 0.10859140714916743 -0.22363730469484491
545 2 1909.409409 45.000000 0.10859140714916743 -0.22363730469484491
545 3 1909.409409 67.500000 0.10859140714916743 -0.22363730469484491
546 0 1912.912913 0.000000 0.10738506780283275 -0.22251625153886498
546 1 1912.912913 22.500000 0.10738506780283275 -0.22251625153886498
546 2 1912.912913 45.000000 0.10738506780283275 -0.22251625153886498
546 3 1912.912913 67.500000 0.10738506780283275 -0.22251625153886498
547 0 1916.416416 0.000000 0.10623039020628368 -0.22133241924760591
547 1 1916.416416 22.500000 0.10623039020628368 -0.22133241924760591
547 2 1916.416416 45.000000 0.10623039020628368 -0.22133241924760591
547 3 1916.416416 67.500000 0.10623039020628368 -0.22133241924760591
548 0 1919.919920 0.000000 0.10535912436526716 -0.22028901729046363
548 1 1919.919920 22.500000 0.10535912436526716 -0.22028901729046363
548 2 1919.919920 45.000000 0.10535912436526716 -0.22028901729046363
548 3 1919.919920 67.500000 0.10535912436526716 -0.22028901729046363
549 0 1923.423423 0.000000 0.10500320852816818 -0.21961516113707641
549 1 1923.423423 22.500000 0.10500320852816818 -0.21961516113707641
549 2 1923.423423 45.000000 0.10500320852816818 -0.21961516113707641
549 3 1923.423423 67.500000 0.10500320852816818 -0.21961516113707641
550 0 1926.926927 0.000000 0.1053578206955276 -0.21953021137199868
550 1 1926.926927 22.500000 0.1053578206955276 -0.21953021137199868
550 2 1926.926927 45.000000 0.1053578206955276 -0.21953021137199868
550 3 1926.926927 67.500000 0.1053578206955276 -0.21953021137199868
551 0 1930.430430 0.000000 0.10654189679513733 -0.22020253215447305
551 1 1930.430430 22.500000 0.10654189679513733 -0.22020253215447305
551 2 1930.430430 45.000000 0.10654189679513733 -0.22020253215447305
551 3 1930.430430 67.500000 0.10654189679513733 -0.22020253215447305
552 0 1933.933934 0.000000 0.10855854193703234 -0.2217088892246307
552 1 1933.933934 22.500000 0.10855854193703234 -0.2217088892246307
552 2 1933.933934 45.000000 0.10855854193703234 -0.2217088892246307
552 3 1933.933934 67.500000 0.10855854193703234 -0.2217088892246307
553 0 1937.437437 0.000000 0.11126139728129597 -0.22400147543498189
553 1 1937.437437 22.500000 0.11126139728129597 -0.22400147543498189
553 2 1937.437437 45.000000 0.11126139728129597 -0.22400147543498189
553 3 1937.437437 67.500000 0.11126139728129597 -0.22400147543498189
554 0 1940.940941 0.000000 0.11433811744308474 -0.2268892096166728
554 1 1940.940941 22.500000 0.11433811744308474 -0.2268892096166728
554 2 1940.940941 45.000000 0.11433811744308474 -0.2268892096166728
554 3 1940.940941 67.500000 0.11433811744308474 -0.2268892096166728
555 0 1944.444444 0.000000 0.11732465773022734 -0.2300384499489149
555 1 1944.444444 22.500000 0.11732465773022734 -0.2300384499489149
555 2 1944.444444 45.000000 0.11732465773022734 -0.2300384499489149
555 3 1944.444444 67.500000 0.11732465773022734 -0.2300384499489149
556 0 1947.947948 0.000000 0.11965980838858986 -0.23299573703044993
556 1 1947.947948 22.500000 0.11965980838858986 -0.23299573703044993
556 2 1947.947948 45.000000 0.11965980838858986 -0.23299573703044993
556 3 1947.947948 67.500000 0.11965980838858986 -0.23299573703044993
557 0 1951.451451 0.000000 0.12077705282427284 -0.23523195938989738
557 1 1951.451451 22.500000 0.12077705282427284 -0.23523195938989738
557 2 1951.451451 45.000000 0.12077705282427284 -0.23523195938989738
557 3 1951.451451 67.500000 0.12077705282427284 -0.23523195938989738
558 0 1954.954955 0.000000 0.1202142499971877 -0.23620388204731113
558 1 1954.954955 22.500000 0.1202142499971877 -0.23620388204731113
558 2 1954.954955 45.000000 0.1202142499971877 -0.23620388204731113
558 3 1954.954955 67.500000 0.1202142499971877 -0.23620388204731113
559 0 1958.458458 0.000000 0.11770921917357836 -0.23542583771450337
559 1 1958.458458 22.500000 0.11770921917357836 -0.23542583771450337
559 2 1958.458458 45.000000 0.11770921917357836 -0.23542583771450337
559 3 1958.458458 67.500000 0.11770921917357836 -0.23542583771450337
560 0 1961.961962 0.000000 0.11324992266602556 -0.23254208061692841
560 1 1961.961962 22.500000 0.11324992266602556 -0.23254208061692841
560 2 1961.961962 45.000000 0.11324992266602556 -0.23254208061692841
560 3 1961.961962 67.500000 0.11324992266602556 -0.23254208061692841
561 0 1965.465465 0.000000 0.10706542179463417 -0.227389277160988
561 1 1965.465465 22.500000 0.10706542179463417 -0.227389277160988
561 2 1965.465465 45.000000 0.10706542179463417 -0.227389277160988
561 3 1965.465465 67.500000 0.10706542179463417 -0.227389277160988
562 0 1968.968969 0.000000 0.099572882830427617 -0.22003911408218946
562 1 1968.968969 22.500000 0.099572882830427617 -0.22003911408218946
562 2 1968.968969 45.000000 0.099572882830427617 -0.22003911408218946
562 3 1968.968969 67.500000 0.099572882830427617 -0.22003911408218946
563 0 1972.472472 0.000000 0.091322850644073278 -0.21081307562220553
563 1 1972.472472 22.500000 0.091322850644073278 -0.21081307562220553
563 2 1972.472472 45.000000 0.091322850644073278 -0.21081307562220553
563 3 1972.472472 67.500000 0.091322850644073278 -0.21081307562220553
564 0 1975.975976 0.000000 0.082993322758787291 -0.20026486505213231
564 1 1975.975976 22.500000 0.082993322758787291 -0.20026486505213231
564 2 1975.975976 45.000000 0.082993322758787291 -0.20026486505213231
564 3 1975.975976 67.500000 0.082993322758787291 -0.20026486505213231
565 0 1979.479479 0.000000 0.075462636135401162 -0.18913028721758327
565 1 1979.479479 22.500000 0.075462636135401162 -0.18913028721758327
565 2 1979.479479 45.000000 0.075462636135401162 -0.18913028721758327
565 3 1979.479479 67.500000 0.075462636135401162 -0.18913028721758327
566 0 1982.982983 0.000000 0.069945315810435699 -0.17824906586114758
566 1 1982.982983 22.500000 0.069945315810435699 -0.17824906586114758
566 2 1982.982983 45.000000 0.069945315810435699 -0.17824906586114758
566 3 1982.982983 67.500000 0.069945315810435699 -0.17824906586114758
567 0 1986.486486 0.000000 0.068122372044529839 -0.1684673598315527
567 1 1986.486486 22.500000 0.068122372044529839 -0.1684673598315527
567 2 1986.486486 45.000000 0.068122372044529839 -0.1684673598315527
567 3 1986.486486 67.500000 0.068122372044529839 -0.1684673598315527
568 0 1989.989990 0.000000 0.072164957128529106 -0.16053300527740624
568 1 1989.989990 22.500000 0.072164957128529106 -0.16053300527740624
568 2 1989.989990 45.000000 0.072164957128529106 -0.16053300527740624
568 3 1989.989990 67.500000 0.072164957128529106 -0.16053300527740624
569 0 1993.493493 0.000000 0.084560494096233771 -0.15499721078729456
569 1 1993.493493 22.500000 0.084560494096233771 -0.15499721078729456
569 2 1993.493493 45.000000 0.084560494096233771 -0.15499721078729456
569 3 1993.493493 67.500000 0.084560494096233771 -0.15499721078729456
570 0 1996.996997 0.000000 0.10770927794113441 -0.15213624575547091
570 1 1996.996997 22.500000 0.10770927794113441 -0.15213624575547091
570 2 1996.996997 45.000000 0.10770927794113441 -0.15213624575547091
570 3 1996.996997 67.500000 0.10770927794113441 -0.15213624575547091
571 0 2000.500501 0.000000 0.14335027171753681 -0.15190453548230892
571 1 2000.500501 22.500000 0.14335027171753681 -0.15190453548230892
571 2 2000.500501 45.000000 0.14335027171753681 -0.15190453548230892
571 3 2000.500501 67.500000 0.14335027171753681 -0.15190453548230892
572 0 2004.004004 0.000000 0.19196236674649134 -0.15392674367180362
572 1 2004.004004 22.500000 0.19196236674649134 -0.15392674367180362
572 2 2004.004004 45.000000 0.19196236674649134 -0.15392674367180362
572 3 2004.004004 67.500000 0.19196236674649134 -0.15392674367180362
573 0 2007.507508 0.000000 0.25233272690971437 -0.15753137951224
573 1 2007.507508 22.500000 0.25233272690971437 -0.15753137951224
573 2 2007.507508 45.000000 0.25233272690971437 -0.15753137951224
573 3 2007.507508 67.500000 0.25233272690971437 -0.15753137951224
574 0 2011.011011 0.000000 0.32146158492124371 -0.16182290230003343
574 1 2011.011011 22.500000 0.32146158492124371 -0.16182290230003343
574 2 2011.011011 45.000000 0.32146158492124371 -0.16182290230003343
574 3 2011.011011 67.500000 0.32146158492124371 -0.16182290230003343
575 0 2014.514515 0.000000 0.39488402034801895 -0.16578399740017868
575 1 2014.514515 22.500000 0.39488402034801895 -0.16578399740017868
575 2 2014.514515 45.000000 0.39488402034801895 -0.16578399740017868
575 3 2014.514515 67.500000 0.39488402034801895 -0.16578399740017868
576 0 2018.018018 0.000000 0.46736278495433242 -0.16839542950726849
576 1 2018.018018 22.500000 0.46736278495433242 -0.16839542950726849
576 2 2018.018018 45.000000 0.46736278495433242 -0.16839542950726849
576 3 2018.018018 67.500000 0.46736278495433242 -0.16839542950726849
577 0 2021.521522 0.000000 0.53378799818538791 -0.16875827447769326
577 1 2021.521522 22.500000 0.53378799818538791 -0.16875827447769326
577 2 2021.521522 45.000000 0.53378799818538791 -0.16875827447769326
577 3 2021.521522 67.500000 0.53378799818538791 -0.16875827447769326
578 0 2025.025025 0.000000 0.59005335169010631 -0.16620279004756947
578 1 2025.025025 22.500000 0.59005335169010631 -0.16620279004756947
578 2 2025.025025 45.000000 0.59005335169010631 -0.16620279004756947
578 3 2025.025025 67.500000 0.59005335169010631 -0.16620279004756947
579 0 2028.528529 0.000000 0.63368797690685319 -0.1603698146060516
579 1 2028.528529 22.500000 0.63368797690685319 -0.1603698146060516
579 2 2028.528529 45.000000 0.63368797690685319 -0.1603698146060516
579 3 2028.528529 67.500000 0.63368797690685319 -0.1603698146060516
580 0 2032.032032 0.000000 0.66410253692314136 -0.15125417366359717
580 1 2032.032032 22.500000 0.66410253692314136 -0.15125417366359717
580 2 2032.032032 45.000000 0.66410253692314136 -0.15125417366359717
580 3 2032.032032 67.500000 0.66410253692314136 -0.15125417366359717
581 0 2035.535536 0.000000 0.6824257586945045 -0.13920463068502817
581 1 2035.535536 22.500000 0.6824257586945045 -0.13920463068502817
581 2 2035.535536 45.000000 0.6824257586945045 -0.13920463068502817
581 3 2035.535536 67.500000 0.6824257586945045 -0.13920463068502817
582 0 2039.039039 0.000000 0.69102034614633612 -0.12488073151070592
582 1 2039.039039 22.500000 0.69102034614633612 -0.12488073151070592
582 2 2039.039039 45.000000 0.69102034614633612 -0.12488073151070592
582 3 2039.039039 67.500000 0.69102034614633612 -0.12488073151070592
583 0 2042.542543 0.000000 0.69283831121426598 -0.1091726365397791
583 1 2042.542543 22.500000 0.69283831121426598 -0.1091726365397791
583 2 2042.542543 45.000000 0.69283831121426598 -0.1091726365397791
583 3 2042.542543 67.500000 0.69283831121426598 -0.1091726365397791
584 0 2046.046046 0.000000 0.69078852321024087 -0.09309489827245937
584 1 2046.046046 22.500000 0.69078852321024087 -0.09309489827245937
584 2 2046.046046 45.000000 0.69078852321024087 -0.09309489827245937
584 3 2046.046046 67.500000 0.69078852321024087 -0.09309489827245937
585 0 2049.549550 0.000000 0.68725055016482484 -0.077668439268718525
585 1 2049.549550 22.500000 0.68725055016482484 -0.077668439268718525
585 2 2049.549550 45.000000 0.68725055016482484 -0.077668439268718525
585 3 2049.549550 67.500000 0.68725055016482484 -0.077668439268718525
586 0 2053.053053 0.000000 0.68380231155444537 -0.063806263100387423
586 1 2053.053053 22.500000 0.68380231155444537 -0.063806263100387423
586 2 2053.053053 45.000000 0.68380231155444537 -0.063806263100387423
586 3 2053.053053 67.500000 0.68380231155444537 -0.063806263100387423
587 0 2056.556557 0.000000 0.68116258900383386 -0.052217531184063852
587 1 2056.556557 22.500000 0.68116258900383386 -0.052217531184063852
587 2 2056.556557 45.000000 0.68116258900383386 -0.052217531184063852
587 3 2056.556557 67.500000 0.68116258900383386 -0.052217531184063852
588 0 2060.060060 0.000000 0.67930332742737165 -0.043341722405320748
588 1 2060.060060 22.500000 0.67930332742737165 -0.043341722405320748
588 2 2060.060060 45.000000 0.67930332742737165 -0.043341722405320748
588 3 2060.060060 67.500000 0.67930332742737165 -0.043341722405320748
589 0 2063.563564 0.000000 0.67766757435166902 -0.0373201128398475
589 1 2063.563564 22.500000 0.67766757435166902 -0.0373201128398475
589 2 2063.563564 45.000000 0.67766757435166902 -0.0373201128398475
589 3 2063.563564 67.500000 0.67766757435166902 -0.0373201128398475
590 0 2067.067067 0.000000 0.67543136354935196 -0.034006443884842689
590 1 2067.067067 22.500000 0.67543136354935196 -0.034006443884842689
590 2 2067.067067 45.000000 0.67543136354935196 -0.034006443884842689
590 3 2067.067067 67.500000 0.67543136354935196 -0.034006443884842689
591 0 2070.570571 0.000000 0.67176073081264187 -0.033013181640993011
591 1 2070.570571 22.500000 0.67176073081264187 -0.033013181640993011
591 2 2070.570571 45.000000 0.67176073081264187 -0.033013181640993011
591 3 2070.570571 67.500000 0.67176073081264187 -0.033013181640993011
592 0 2074.074074 0.000000 0.66602880290303301 -0.033785000269876048
592 1 2074.074074 22.500000 0.66602880290303301 -0.033785000269876048
592 2 2074.074074 45.000000 0.66602880290303301 -0.033785000269876048
592 3 2074.074074 67.500000 0.66602880290303301 -0.033785000269876048
593 0 2077.577578 0.000000 0.65796860226612808 -0.035687719937408144
593 1 2077.577578 22.500000 0.65796860226612808 -0.035687719937408144
593 2 2077.577578 45.000000 0.65796860226612808 -0.035687719937408144
593 3 2077.577578 67.500000 0.65796860226612808 -0.035687719937408144
594 0 2081.081081 0.000000 0.64774615568847671 -0.038099350811245658
594 1 2081.081081 22.500000 0.64774615568847671 -0.038099350811245658
594 2 2081.081081 45.000000 0.64774615568847671 -0.038099350811245658
594 3 2081.081081 67.500000 0.64774615568847671 -0.038099350811245658
595 0 2084.584585 0.000000 0.63594873912889727 -0.040490311712265553
595 1 2084.584585 22.500000 0.63594873912889727 -0.040490311712265553
595 2 2084.584585 45.000000 0.63594873912889727 -0.040490311712265553
595 3 2084.584585 67.500000 0.63594873912889727 -0.040490311712265553
596 0 2088.088088 0.000000 0.62349580103593638 -0.042482176911619984
596 1 2088.088088 22.500000 0.62349580103593638 -0.042482176911619984
596 2 2088.088088 45.000000 0.62349580103593638 -0.042482176911619984
596 3 2088.088088 67.500000 0.62349580103593638 -0.042482176911619984
597 0 2091.591592 0.000000 0.61149312511365528 -0.043878053030209835
597 1 2091.591592 22.500000 0.61149312511365528 -0.043878053030209835
597 2 2091.591592 45.000000 0.61149312511365528 -0.043878053030209835
597 3 2091.591592 67.500000 0.61149312511365528 -0.043878053030209835
598 0 2095.095095 0.000000 0.60105998427389795 -0.044662287889074739
598 1 2095.095095 22.500000 0.60105998427389795 -0.044662287889074739
598 2 2095.095095 45.000000 0.60105998427389795 -0.044662287889074739
598 3 2095.095095 67.500000 0.60105998427389795 -0.044662287889074739
599 0 2098.598599 0.000000 0.59316111033298213 -0.044971942501759912
599 1 2098.598599 22.500000 0.59316111033298213 -0.044971942501759912
599 2 2098.598599 45.000000 0.59316111033298213 -0.044971942501759912
599 3 2098.598599 67.500000 0.59316111033298213 -0.044971942501759912
600 0 2102.102102 0.000000 0.58847001952866862 -0.045046597259203791
600 1 2102.102102 22.500000 0.58847001952866862 -0.045046597259203791
600 2 2102.102102 45.000000 0.58847001952866862 -0.045046597259203791
600 3 2102.102102 67.500000 0.58847001952866862 -0.045046597259203791
601 0 2105.605606 0.000000 0.58728052947119658 -0.045166007705512934
601 1 2105.605606 22.500000 0.58728052947119658 -0.045166007705512934
601 2 2105.605606 45.000000 0.58728052947119658 -0.045166007705512934
601 3 2105.605606 67.500000 0.58728052947119658 -0.045166007705512934
602 0 2109.109109 0.000000 0.58947339403908794 -0.045586470900232066
602 1 2109.109109 22.500000 0.58947339403908794 -0.045586470900232066
602 2 2109.109109 45.000000 0.58947339403908794 -0.045586470900232066
602 3 2109.109109 67.500000 0.58947339403908794 -0.045586470900232066
603 0 2112.612613 0.000000 0.59453782473618466 -0.046486366109720428
603 1 2112.612613 22.500000 0.59453782473618466 -0.046486366109720428
603 2 2112.612613 45.000000 0.59453782473618466 -0.046486366109720428
603 3 2112.612613 67.500000 0.59453782473618466 -0.046486366109720428
604 0 2116.116116 0.000000 0.60164348441246474 -0.047929323263753695
604 1 2116.116116 22.500000 0.60164348441246474 -0.047929323263753695
604 2 2116.116116 45.000000 0.60164348441246474 -0.047929323263753695
604 3 2116.116116 67.500000 0.60164348441246474 -0.047929323263753695
605 0 2119.619620 0.000000 0.60975530920172916 -0.049850224729218073
605 1 2119.619620 22.500000 0.60975530920172916 -0.049850224729218073
605 2 2119.619620 45.000000 0.60975530920172916 -0.049850224729218073
605 3 2119.619620 67.500000 0.60975530920172916 -0.049850224729218073
606 0 2123.123123 0.000000 0.61777895827058471 -0.052065315849599399
606 1 2123.123123 22.500000 0.61777895827058471 -0.052065315849599399
606 2 2123.123123 45.000000 0.61777895827058471 -0.052065315849599399
606 3 2123.123123 67.500000 0.61777895827058471 -0.052065315849599399
607 0 2126.626627 0.000000 0.62471835228320161 -0.054303730444406374
607 1 2126.626627 22.500000 0.62471835228320161 -0.054303730444406374
607 2 2126.626627 45.000000 0.62471835228320161 -0.054303730444406374
607 3 2126.626627 67.500000 0.62471835228320161 -0.054303730444406374
608 0 2130.130130 0.000000 0.62982075363208945 -0.05625435640301573
608 1 2130.130130 22.500000 0.62982075363208945 -0.05625435640301573
608 2 2130.130130 45.000000 0.62982075363208945 -0.05625435640301573
608 3 2130.130130 67.500000 0.62982075363208945 -0.05625435640301573
609 0 2133.633634 0.000000 0.63268276004729462 -0.057619687155627056
609 1 2133.633634 22.500000 0.63268276004729462 -0.057619687155627056
609 2 2133.633634 45.000000 0.63268276004729462 -0.057619687155627056
609 3 2133.633634 67.500000 0.63268276004729462 -0.057619687155627056
610 0 2137.137137 0.000000 0.63329528313227779 -0.058167449407864294
610 1 2137.137137 22.500000 0.63329528313227779 -0.058167449407864294
610 2 2137.137137 45.000000 0.63329528313227779 -0.058167449407864294
610 3 2137.137137 67.500000 0.63329528313227779 -0.058167449407864294
611 0 2140.640641 0.000000 0.63201722931044801 -0.057771452048543108
611 1 2140.640641 22.500000 0.63201722931044801 -0.057771452048543108
611 2 2140.640641 45.000000 0.63201722931044801 -0.057771452048543108
611 3 2140.640641 67.500000 0.63201722931044801 -0.057771452048543108
612 0 2144.144144 0.000000 0.62948319795571017 -0.056435108962720762
612 1 2144.144144 22.500000 0.62948319795571017 -0.056435108962720762
612 2 2144.144144 45.000000 0.62948319795571017 -0.056435108962720762
612 3 2144.144144 67.500000 0.62948319795571017 -0.056435108962720762
613 0 2147.647648 0.000000 0.62646518635637038 -0.054294082814636907
613 1 2147.647648 22.500000 0.62646518635637038 -0.054294082814636907
613 2 2147.647648 45.000000 0.62646518635637038 -0.054294082814636907
613 3 2147.647648 67.500000 0.62646518635637038 -0.054294082814636907
614 0 2151.151151 0.000000 0.62371753561254417 -0.051597965684842109
614 1 2151.151151 22.500000 0.62371753561254417 -0.051597965684842109
614 2 2151.151151 45.000000 0.62371753561254417 -0.051597965684842109
614 3 2151.151151 67.500000 0.62371753561254417 -0.051597965684842109
615 0 2154.654655 0.000000 0.62183593719792363 -0.048674284720469335
615 1 2154.654655 22.500000 0.62183593719792363 -0.048674284720469335
615 2 2154.654655 45.000000 0.62183593719792363 -0.048674284720469335
615 3 2154.654655 67.500000 0.62183593719792363 -0.048674284720469335
616 0 2158.158158 0.000000 0.62115588866894611 -0.045880859783524512
616 1 2158.158158 22.500000 0.62115588866894611 -0.045880859783524512
616 2 2158.158158 45.000000 0.62115588866894611 -0.045880859783524512
616 3 2158.158158 67.500000 0.62115588866894611 -0.045880859783524512
617 0 2161.661662 0.000000 0.62170619266372595 -0.043554227613342336
617 1 2161.661662 22.500000 0.62170619266372595 -0.043554227613342336
617 2 2161.661662 45.000000 0.62170619266372595 -0.043554227613342336
617 3 2161.661662 67.500000 0.62170619266372595 -0.043554227613342336
618 0 2165.165165 0.000000 0.62322201384882769 -0.041962247767578217
618 1 2165.165165 22.500000 0.62322201384882769 -0.041962247767578217
618 2 2165.165165 45.000000 0.62322201384882769 -0.041962247767578217
618 3 2165.165165 67.500000 0.62322201384882769 -0.041962247767578217
619 0 2168.668669 0.000000 0.62521185460368178 -0.041268098517888693
619 1 2168.668669 22.500000 0.62521185460368178 -0.041268098517888693
619 2 2168.668669 45.000000 0.62521185460368178 -0.041268098517888693
619 3 2168.668669 67.500000 0.62521185460368178 -0.041268098517888693
620 0 2172.172172 0.000000 0.62706458749158966 -0.041510845885287972
620 1 2172.172172 22.500000 0.62706458749158966 -0.041510845885287972
620 2 2172.172172 45.000000 0.62706458749158966 -0.041510845885287972
620 3 2172.172172 67.500000 0.62706458749158966 -0.041510845885287972
621 0 2175.675676 0.000000 0.6281767300210277 -0.042604989609103659
621 1 2175.675676 22.500000 0.6281767300210277 -0.042604989609103659
621 2 2175.675676 45.000000 0.6281767300210277 -0.042604989609103659
621 3 2175.675676 67.500000 0.6281767300210277 -0.042604989609103659
622 0 2179.179179 0.000000 0.62807689673235212 -0.044358328761204359
622 1 2179.179179 22.500000 0.62807689673235212 -0.044358328761204359
622 2 2179.179179 45.000000 0.62807689673235212 -0.044358328761204359
622 3 2179.179179 67.500000 0.62807689673235212 -0.044358328761204359
623 0 2182.682683 0.000000 0.62652460991541392 -0.046504648762328044
623 1 2182.682683 22.500000 0.62652460991541392 -0.046504648762328044
623 2 2182.682683 45.000000 0.62652460991541392 -0.046504648762328044
623 3 2182.682683 67.500000 0.62652460991541392 -0.046504648762328044
624 0 2186.186186 0.000000 0.62356508601484062 -0.048745559308008987
624 1 2186.186186 22.500000 0.62356508601484062 -0.048745559308008987
624 2 2186.186186 45.000000 0.62356508601484062 -0.048745559308008987
624 3 2186.186186 67.500000 0.62356508601484062 -0.048745559308008987
625 0 2189.689690 0.000000 0.61953000598881169 -0.050794633385799301
625 1 2189.689690 22.500000 0.61953000598881169 -0.050794633385799301
625 2 2189.689690 45.000000 0.61953000598881169 -0.050794633385799301
625 3 2189.689690 67.500000 0.61953000598881169 -0.050794633385799301
626 0 2193.193193 0.000000 0.61498497685174192 -0.052416962420610766
626 1 2193.193193 22.500000 0.61498497685174192 -0.052416962420610766
626 2 2193.193193 45.000000 0.61498497685174192 -0.052416962420610766
626 3 2193.193193 67.500000 0.61498497685174192 -0.052416962420610766
627 0 2196.696697 0.000000 0.61063468410841726 -0.053458311133213934
627 1 2196.696697 22.500000 0.61063468410841726 -0.053458311133213934
627 2 2196.696697 45.000000 0.61063468410841726 -0.053458311133213934
627 3 2196.696697 67.500000 0.61063468410841726 -0.053458311133213934
628 0 2200.200200 0.000000 0.60720393485810364 -0.053860008943967697
628 1 2200.200200 22.500000 0.60720393485810364 -0.053860008943967697
628 2 2200.200200 45.000000 0.60720393485810364 -0.053860008943967697
628 3 2200.200200 67.500000 0.60720393485810364 -0.053860008943967697
629 0 2203.703704 0.000000 0.60531544704064078 -0.05365819734336652
629 1 2203.703704 22.500000 0.60531544704064078 -0.05365819734336652
629 2 2203.703704 45.000000 0.60531544704064078 -0.05365819734336652
629 3 2203.703704 67.500000 0.60531544704064078 -0.05365819734336652
630 0 2207.207207 0.000000 0.60538368672953757 -0.052968636118340767
630 1 2207.207207 22.500000 0.60538368672953757 -0.052968636118340767
630 2 2207.207207 45.000000 0.60538368672953757 -0.052968636118340767
630 3 2207.207207 67.500000 0.60538368672953757 -0.052968636118340767
631 0 2210.710711 0.000000 0.60753995222542911 -0.051960527388018998
631 1 2210.710711 22.500000 0.60753995222542911 -0.051960527388018998
631 2 2210.710711 45.000000 0.60753995222542911 -0.051960527388018998
631 3 2210.710711 67.500000 0.60753995222542911 -0.051960527388018998
632 0 2214.214214 0.000000 0.61159905935392267 -0.050824387868240603
632 1 2214.214214 22.500000 0.61159905935392267 -0.050824387868240603
632 2 2214.214214 45.000000 0.61159905935392267 -0.050824387868240603
632 3 2214.214214 67.500000 0.61159905935392267 -0.050824387868240603
633 0 2217.717718 0.000000 0.61707324865983382 -0.049739657345254054
633 1 2217.717718 22.500000 0.61707324865983382 -0.049739657345254054
633 2 2217.717718 45.000000 0.61707324865983382 -0.049739657345254054
633 3 2217.717718 67.500000 0.61707324865983382 -0.049739657345254054
634 0 2221.221221 0.000000 0.62323391922251326 -0.048847407256684627
634 1 2221.221221 22.500000 0.62323391922251326 -0.048847407256684627
634 2 2221.221221 45.000000 0.62323391922251326 -0.048847407256684627
634 3 2221.221221 67.500000 0.62323391922251326 -0.048847407256684627
635 0 2224.724725 0.000000 0.62921558585142801 -0.04823230697669971
635 1 2224.724725 22.500000 0.62921558585142801 -0.04823230697669971
635 2 2224.724725 45.000000 0.62921558585142801 -0.04823230697669971
635 3 2224.724725 67.500000 0.62921558585142801 -0.04823230697669971
636 0 2228.228228 0.000000 0.63414886915584634 -0.047916160867872537
636 1 2228.228228 22.500000 0.63414886915584634 -0.047916160867872537
636 2 2228.228228 45.000000 0.63414886915584634 -0.047916160867872537
636 3 2228.228228 67.500000 0.63414886915584634 -0.047916160867872537
637 0 2231.731732 0.000000 0.6373017529638827 -0.047863188737994236
637 1 2231.731732 22.500000 0.6373017529638827 -0.047863188737994236
637 2 2231.731732 45.000000 0.6373017529638827 -0.047863188737994236
637 3 2231.731732 67.500000 0.6373017529638827 -0.047863188737994236
638 0 2235.235235 0.000000 0.63820353001695207 -0.047995165365497514
638 1 2235.235235 22.500000 0.63820353001695207 -0.047995165365497514
638 2 2235.235235 45.000000 0.63820353001695207 -0.047995165365497514
638 3 2235.235235 67.500000 0.63820353001695207 -0.047995165365497514
639 0 2238.738739 0.000000 0.63672660014110494 -0.048212911820240123
639 1 2238.738739 22.500000 0.63672660014110494 -0.048212911820240123
639 2 2238.738739 45.000000 0.63672660014110494 -0.048212911820240123
639 3 2238.738739 67.500000 0.63672660014110494 -0.048212911820240123
640 0 2242.242242 0.000000 0.63310874717184451 -0.048419705350946279
640 1 2242.242242 22.500000 0.63310874717184451 -0.048419705350946279
640 2 2242.242242 45.000000 0.63310874717184451 -0.048419705350946279
640 3 2242.242242 67.500000 0.63310874717184451 -0.048419705350946279
641 0 2245.745746 0.000000 0.62791121500856684 -0.04854207870121871
641 1 2245.745746 22.500000 0.62791121500856684 -0.04854207870121871
641 2 2245.745746 45.000000 0.62791121500856684 -0.04854207870121871
641 3 2245.745746 67.500000 0.62791121500856684 -0.04854207870121871
642 0 2249.249249 0.000000 0.62192203999677365 -0.048544198204788599
642 1 2249.249249 22.500000 0.62192203999677365 -0.048544198204788599
642 2 2249.249249 45.000000 0.62192203999677365 -0.048544198204788599
642 3 2249.249249 67.500000 0.62192203999677365 -0.048544198204788599
643 0 2252.752753 0.000000 0.61602519892063856 -0.048433385717894295
643 1 2252.752753 22.500000 0.61602519892063856 -0.048433385717894295
643 2 2252.752753 45.000000 0.61602519892063856 -0.048433385717894295
643 3 2252.752753 67.500000 0.61602519892063856 -0.048433385717894295
644 0 2256.256256 0.000000 0.61106105853737802 -0.048256114984134374
644 1 2256.256256 22.500000 0.61106105853737802 -0.048256114984134374
644 2 2256.256256 45.000000 0.61106105853737802 -0.048256114984134374
644 3 2256.256256 67.500000 0.61106105853737802 -0.048256114984134374
645 0 2259.759760 0.000000 0.60770187627339223 -0.04808564032042642
645 1 2259.759760 22.500000 0.60770187627339223 -0.04808564032042642
645 2 2259.759760 45.000000 0.60770187627339223 -0.04808564032042642
645 3 2259.759760 67.500000 0.60770187627339223 -0.04808564032042642
646 0 2263.263263 0.000000 0.60635976652581591 -0.048003974602461863
646 1 2263.263263 22.500000 0.60635976652581591 -0.048003974602461863
646 2 2263.263263 45.000000 0.60635976652581591 -0.048003974602461863
646 3 2263.263263 67.500000 0.60635976652581591 -0.048003974602461863
647 0 2266.766767 0.000000 0.60713683319455281 -0.048081950330851345
647 1 2266.766767 22.500000 0.60713683319455281 -0.048081950330851345
647 2 2266.766767 45.000000 0.60713683319455281 -0.048081950330851345
647 3 2266.766767 67.500000 0.60713683319455281 -0.048081950330851345
648 0 2270.270270 0.000000 0.6098206352507034 -0.048361400656599107
648 1 2270.270270 22.500000 0.6098206352507034 -0.048361400656599107
648 2 2270.270270 45.000000 0.6098206352507034 -0.048361400656599107
648 3 2270.270270 67.500000 0.6098206352507034 -0.048361400656599107
649 0 2273.773774 0.000000 0.61392353469416294 -0.04884304584542698
649 1 2273.773774 22.500000 0.61392353469416294 -0.04884304584542698
649 2 2273.773774 45.000000 0.61392353469416294 -0.04884304584542698
649 3 2273.773774 67.500000 0.61392353469416294 -0.04884304584542698
650 0 2277.277277 0.000000 0.61876081480220235 -0.049482559262360018
650 1 2277.277277 22.500000 0.61876081480220235 -0.049482559262360018
650 2 2277.277277 45.000000 0.61876081480220235 -0.049482559262360018
650 3 2277.277277 67.500000 0.61876081480220235 -0.049482559262360018
651 0 2280.780781 0.000000 0.62355831690412877 -0.05019572632252034
651 1 2280.780781 22.500000 0.62355831690412877 -0.05019572632252034
651 2 2280.780781 45.000000 0.62355831690412877 -0.05019572632252034
651 3 2280.780781 67.500000 0.62355831690412877 -0.05019572632252034
652 0 2284.284284 0.000000 0.62757527453396222 -0.050871887996114126
652 1 2284.284284 22.500000 0.62757527453396222 -0.050871887996114126
652 2 2284.284284 45.000000 0.62757527453396222 -0.050871887996114126
652 3 2284.284284 67.500000 0.62757527453396222 -0.050871887996114126
653 0 2287.787788 0.000000 0.63022326449157862 -0.05139329073129334
653 1 2287.787788 22.500000 0.63022326449157862 -0.05139329073129334
653 2 2287.787788 45.000000 0.63022326449157862 -0.05139329073129334
653 3 2287.787788 67.500000 0.63022326449157862 -0.05139329073129334
654 0 2291.291291 0.000000 0.63116015406040982 -0.051656830154775582
654 1 2291.291291 22.500000 0.63116015406040982 -0.051656830154775582
654 2 2291.291291 45.000000 0.63116015406040982 -0.051656830154775582
654 3 2291.291291 67.500000 0.63116015406040982 -0.051656830154775582
655 0 2294.794795 0.000000 0.63034073826190562 -0.051594179842235896
655 1 2294.794795 22.500000 0.63034073826190562 -0.051594179842235896
655 2 2294.794795 45.000000 0.63034073826190562 -0.051594179842235896
655 3 2294.794795 67.500000 0.63034073826190562 -0.051594179842235896
656 0 2298.298298 0.000000 0.62801382960969576 -0.051186527106175772
656 1 2298.298298 22.500000 0.62801382960969576 -0.051186527106175772
656 2 2298.298298 45.000000 0.62801382960969576 -0.051186527106175772
656 3 2298.298298 67.500000 0.62801382960969576 -0.051186527106175772
657 0 2301.801802 0.000000 0.62466698359465378 -0.05047105389186414
657 1 2301.801802 22.500000 0.62466698359465378 -0.05047105389186414
657 2 2301.801802 45.000000 0.62466698359465378 -0.05047105389186414
657 3 2301.801802 67.500000 0.62466698359465378 -0.05047105389186414
658 0 2305.305305 0.000000 0.62093132386263816 -0.049537739913819434
658 1 2305.305305 22.500000 0.62093132386263816 -0.049537739913819434
658 2 2305.305305 45.000000 0.62093132386263816 -0.049537739913819434
658 3 2305.305305 67.500000 0.62093132386263816 -0.049537739913819434
659 0 2308.808809 0.000000 0.61746658061459381 -0.048516772454514079
659 1 2308.808809 22.500000 0.61746658061459381 -0.048516772454514079
659 2 2308.808809 45.000000 0.61746658061459381 -0.048516772454514079
659 3 2308.808809 67.500000 0.61746658061459381 -0.048516772454514079
660 0 2312.312312 0.000000 0.6148485502503076 -0.047558521191053346
660 1 2312.312312 22.500000 0.6148485502503076 -0.047558521191053346
660 2 2312.312312 45.000000 0.6148485502503076 -0.047558521191053346
660 3 2312.312312 67.500000 0.6148485502503076 -0.047558521191053346
661 0 2315.815816 0.000000 0.61347804640431969 -0.04680938147377664
661 1 2315.815816 22.500000 0.61347804640431969 -0.04680938147377664
661 2 2315.815816 45.000000 0.61347804640431969 -0.04680938147377664
661 3 2315.815816 67.500000 0.61347804640431969 -0.04680938147377664
662 0 2319.319319 0.000000 0.61352409949343623 -0.04638756777874968
662 1 2319.319319 22.500000 0.61352409949343623 -0.04638756777874968
662 2 2319.319319 45.000000 0.61352409949343623 -0.04638756777874968
662 3 2319.319319 67.500000 0.61352409949343623 -0.04638756777874968
663 0 2322.822823 0.000000 0.6149071651931487 -0.046363011694546319
663 1 2322.822823 22.500000 0.6149071651931487 -0.046363011694546319
663 2 2322.822823 45.000000 0.6149071651931487 -0.046363011694546319
663 3 2322.822823 67.500000 0.6149071651931487 -0.046363011694546319
664 0 2326.326326 0.000000 0.61732208579201997 -0.046744869783957921
664 1 2326.326326 22.500000 0.61732208579201997 -0.046744869783957921
664 2 2326.326326 45.000000 0.61732208579201997 -0.046744869783957921
664 3 2326.326326 67.500000 0.61732208579201997 -0.046744869783957921
665 0 2329.829830 0.000000 0.62029584716767949 -0.047478885404894075
665 1 2329.829830 22.500000 0.62029584716767949 -0.047478885404894075
665 2 2329.829830 45.000000 0.62029584716767949 -0.047478885404894075
665 3 2329.829830 67.500000 0.62029584716767949 -0.047478885404894075
666 0 2333.333333 0.000000 0.62327123897059389 -0.04845519073001564
666 1 2333.333333 22.500000 0.62327123897059389 -0.04845519073001564
666 2 2333.333333 45.000000 0.62327123897059389 -0.04845519073001564
666 3 2333.333333 67.500000 0.62327123897059389 -0.04845519073001564
667 0 2336.836837 0.000000 0.62570388772160135 -0.049525365174059435
667 1 2336.836837 22.500000 0.62570388772160135 -0.049525365174059435
667 2 2336.836837 45.000000 0.62570388772160135 -0.049525365174059435
667 3 2336.836837 67.500000 0.62570388772160135 -0.049525365174059435
668 0 2340.340340 0.000000 0.62715716313095404 -0.050525988182034173
668 1 2340.340340 22.500000 0.62715716313095404 -0.050525988182034173
668 2 2340.340340 45.000000 0.62715716313095404 -0.050525988182034173
668 3 2340.340340 67.500000 0.62715716313095404 -0.050525988182034173
669 0 2343.843844 0.000000 0.62737838173415661 -0.051304808977985422
669 1 2343.843844 22.500000 0.62737838173415661 -0.051304808977985422
669 2 2343.843844 45.000000 0.62737838173415661 -0.051304808977985422
669 3 2343.843844 67.500000 0.62737838173415661 -0.051304808977985422
670 0 2347.347347 0.000000 0.62634188043275452 -0.051745195154870471
670 1 2347.347347 22.500000 0.62634188043275452 -0.051745195154870471
670 2 2347.347347 45.000000 0.62634188043275452 -0.051745195154870471
670 3 2347.347347 67.500000 0.62634188043275452 -0.051745195154870471
671 0 2350.850851 0.000000 0.62425033987315282 -0.051784795474045908
671 1 2350.850851 22.500000 0.62425033987315282 -0.051784795474045908
671 2 2350.850851 45.000000 0.62425033987315282 -0.051784795474045908
671 3 2350.850851 67.500000 0.62425033987315282 -0.051784795474045908
672 0 2354.354354 0.000000 0.62149415729289148 -0.051425313942880843
672 1 2354.354354 22.500000 0.62149415729289148 -0.051425313942880843
672 2 2354.354354 45.000000 0.62149415729289148 -0.051425313942880843
672 3 2354.354354 67.500000 0.62149415729289148 -0.051425313942880843
673 0 2357.857858 0.000000 0.61857742228741364 -0.050731778742377776
673 1 2357.857858 22.500000 0.61857742228741364 -0.050731778742377776
673 2 2357.857858 45.000000 0.61857742228741364 -0.050731778742377776
673 3 2357.857858 67.500000 0.61857742228741364 -0.050731778742377776
674 0 2361.361361 0.000000 0.61602559317798877 -0.049821448281249653
674 1 2361.361361 22.500000 0.61602559317798877 -0.049821448281249653
674 2 2361.361361 45.000000 0.61602559317798877 -0.049821448281249653
674 3 2361.361361 67.500000 0.61602559317798877 -0.049821448281249653
675 0 2364.864865 0.000000 0.61429262241019456 -0.048844229126466687
675 1 2364.864865 22.500000 0.61429262241019456 -0.048844229126466687
675 2 2364.864865 45.000000 0.61429262241019456 -0.048844229126466687
675 3 2364.864865 67.500000 0.61429262241019456 -0.048844229126466687
676 0 2368.368368 0.000000 0.61368385571985984 -0.047957893562678072
676 1 2368.368368 22.500000 0.61368385571985984 -0.047957893562678072
676 2 2368.368368 45.000000 0.61368385571985984 -0.047957893562678072
676 3 2368.368368 67.500000 0.61368385571985984 -0.047957893562678072
677 0 2371.871872 0.000000 0.61430668898853646 -0.047302239944041244
677 1 2371.871872 22.500000 0.61430668898853646 -0.047302239944041244
677 2 2371.871872 45.000000 0.61430668898853646 -0.047302239944041244
677 3 2371.871872 67.500000 0.61430668898853646 -0.047302239944041244
678 0 2375.375375 0.000000 0.61605540672205472 -0.046976494138767089
678 1 2375.375375 22.500000 0.61605540672205472 -0.046976494138767089
678 2 2375.375375 45.000000 0.61605540672205472 -0.046976494138767089
678 3 2375.375375 67.500000 0.61605540672205472 -0.046976494138767089
679 0 2378.878879 0.000000 0.61863119164227331 -0.047023681858886196
679 1 2378.878879 22.500000 0.61863119164227331 -0.047023681858886196
679 2 2378.878879 45.000000 0.61863119164227331 -0.047023681858886196
679 3 2378.878879 67.500000 0.61863119164227331 -0.047023681858886196
680 0 2382.382382 0.000000 0.62159352769431364 -0.047424508906281859
680 1 2382.382382 22.500000 0.62159352769431364 -0.047424508906281859
680 2 2382.382382 45.000000 0.62159352769431364 -0.047424508906281859
680 3 2382.382382 67.500000 0.62159352769431364 -0.047424508906281859
681 0 2385.885886 0.000000 0.62443505465643723 -0.048101674042372131
681 1 2385.885886 22.500000 0.62443505465643723 -0.048101674042372131
681 2 2385.885886 45.000000 0.62443505465643723 -0.048101674042372131
681 3 2385.885886 67.500000 0.62443505465643723 -0.048101674042372131
682 0 2389.389389 0.000000 0.62666830465680323 -0.048933782011136906
682 1 2389.389389 22.500000 0.62666830465680323 -0.048933782011136906
682 2 2389.389389 45.000000 0.62666830465680323 -0.048933782011136906
682 3 2389.389389 67.500000 0.62666830465680323 -0.048933782011136906
683 0 2392.892893 0.000000 0.62791010136377645 -0.049776419935653737
683 1 2392.892893 22.500000 0.62791010136377645 -0.049776419935653737
683 2 2392.892893 45.000000 0.62791010136377645 -0.049776419935653737
683 3 2392.892893 67.500000 0.62791010136377645 -0.049776419935653737
684 0 2396.396396 0.000000 0.6279486941910124 -0.050486778946507743
684 1 2396.396396 22.500000 0.6279486941910124 -0.050486778946507743
684 2 2396.396396 45.000000 0.6279486941910124 -0.050486778946507743
684 3 2396.396396 67.500000 0.6279486941910124 -0.050486778946507743
685 0 2399.899900 0.000000 0.62678088373735286 -0.050947641252349296
685 1 2399.899900 22.500000 0.62678088373735286 -0.050947641252349296
685 2 2399.899900 45.000000 0.62678088373735286 -0.050947641252349296
685 3 2399.899900 67.500000 0.62678088373735286 -0.050947641252349296
686 0 2403.403403 0.000000 0.62461168034837067 -0.051086701435016174
686 1 2403.403403 22.500000 0.62461168034837067 -0.051086701435016174
686 2 2403.403403 45.000000 0.62461168034837067 -0.051086701435016174
686 3 2403.403403 67.500000 0.62461168034837067 -0.051086701435016174
687 0 2406.906907 0.000000 0.62181646727299711 -0.050888019097222528
687 1 2406.906907 22.500000 0.62181646727299711 -0.050888019097222528
687 2 2406.906907 45.000000 0.62181646727299711 -0.050888019097222528
687 3 2406.906907 67.500000 0.62181646727299711 -0.050888019097222528
688 0 2410.410410 0.000000 0.61887329118942691 -0.05039376265571649
688 1 2410.410410 22.500000 0.61887329118942691 -0.05039376265571649
688 2 2410.410410 45.000000 0.61887329118942691 -0.05039376265571649
688 3 2410.410410 67.500000 0.61887329118942691 -0.05039376265571649
689 0 2413.913914 0.000000 0.61627865160516848 -0.049696066042493478
689 1 2413.913914 22.500000 0.61627865160516848 -0.049696066042493478
689 2 2413.913914 45.000000 0.61627865160516848 -0.049696066042493478
689 3 2413.913914 67.500000 0.61627865160516848 -0.049696066042493478
690 0 2417.417417 0.000000 0.61446258066213755 -0.04892049727539946
690 1 2417.417417 22.500000 0.61446258066213755 -0.04892049727539946
690 2 2417.417417 45.000000 0.61446258066213755 -0.04892049727539946
690 3 2417.417417 67.500000 0.61446258066213755 -0.04892049727539946
691 0 2420.920921 0.000000 0.61371770049564833 -0.048204045720526084
691 1 2420.920921 22.500000 0.61371770049564833 -0.048204045720526084
691 2 2420.920921 45.000000 0.61371770049564833 -0.048204045720526084
691 3 2420.920921 67.500000 0.61371770049564833 -0.048204045720526084
692 0 2424.424424 0.000000 0.61415324138402816 -0.047671436665958522
692 1 2424.424424 22.500000 0.61415324138402816 -0.047671436665958522
692 2 2424.424424 45.000000 0.61415324138402816 -0.047671436665958522
692 3 2424.424424 67.500000 0.61415324138402816 -0.047671436665958522
693 0 2427.927928 0.000000 0.61568011328377681 -0.047413828551080645
693 1 2427.927928 22.500000 0.61568011328377681 -0.047413828551080645
693 2 2427.927928 45.000000 0.61568011328377681 -0.047413828551080645
693 3 2427.927928 67.500000 0.61568011328377681 -0.047413828551080645
694 0 2431.431431 0.000000 0.61802821208470482 -0.047473503254599314
694 1 2431.431431 22.500000 0.61802821208470482 -0.047473503254599314
694 2 2431.431431 45.000000 0.61802821208470482 -0.047473503254599314
694 3 2431.431431 67.500000 0.61802821208470482 -0.047473503254599314
695 0 2434.934935 0.000000 0.62079273619214703 -0.04783710447897549
695 1 2434.934935 22.500000 0.62079273619214703 -0.04783710447897549
695 2 2434.934935 45.000000 0.62079273619214703 -0.04783710447897549
695 3 2434.934935 67.500000 0.62079273619214703 -0.04783710447897549
696 0 2438.438438 0.000000 0.62350240759155395 -0.048438497901328675
696 1 2438.438438 22.500000 0.62350240759155395 -0.048438497901328675
696 2 2438.438438 45.000000 0.62350240759155395 -0.048438497901328675
696 3 2438.438438 67.500000 0.62350240759155395 -0.048438497901328675
697 0 2441.941942 0.000000 0.62569912723970922 -0.049170674894501137
697 1 2441.941942 22.500000 0.62569912723970922 -0.049170674894501137
697 2 2441.941942 45.000000 0.62569912723970922 -0.049170674894501137
697 3 2441.941942 67.500000 0.62569912723970922 -0.049170674894501137
698 0 2445.445445 0.000000 0.62701614320643051 -0.049904581871335313
698 1 2445.445445 22.500000 0.62701614320643051 -0.049904581871335313
698 2 2445.445445 45.000000 0.62701614320643051 -0.049904581871335313
698 3 2445.445445 67.500000 0.62701614320643051 -0.049904581871335313
699 0 2448.948949 0.000000 0.62724109851868581 -0.05051159111529846
699 1 2448.948949 22.500000 0.62724109851868581 -0.05051159111529846
699 2 2448.948949 45.000000 0.62724109851868581 -0.05051159111529846
699 3 2448.948949 67.500000 0.62724109851868581 -0.05051159111529846
700 0 2452.452452 0.000000 0.62635218276204219 -0.050885732258530984
700 1 2452.452452 22.500000 0.62635218276204219 -0.050885732258530984
700 2 2452.452452 45.000000 0.62635218276204219 -0.050885732258530984
700 3 2452.452452 67.500000 0.62635218276204219 -0.050885732258530984
701 0 2455.955956 0.000000 0.62452025010008316 -0.050961873867750807
701 1 2455.955956 22.500000 0.62452025010008316 -0.050961873867750807
701 2 2455.955956 45.000000 0.62452025010008316 -0.050961873867750807
701 3 2455.955956 67.500000 0.62452025010008316 -0.050961873867750807
702 0 2459.459459 0.000000 0.62207639812082749 -0.050726765077908638
702 1 2459.459459 22.500000 0.62207639812082749 -0.050726765077908638
702 2 2459.459459 45.000000 0.62207639812082749 -0.050726765077908638
702 3 2459.459459 67.500000 0.62207639812082749 -0.050726765077908638
703 0 2462.962963 0.000000 0.61945147355704322 -0.050221090367579012
703 1 2462.962963 22.500000 0.61945147355704322 -0.050221090367579012
703 2 2462.962963 45.000000 0.61945147355704322 -0.050221090367579012
703 3 2462.962963 67.500000 0.61945147355704322 -0.050221090367579012
704 0 2466.466466 0.000000 0.61709939124954594 -0.04953224068123567
704 1 2466.466466 22.500000 0.61709939124954594 -0.04953224068123567
704 2 2466.466466 45.000000 0.61709939124954594 -0.04953224068123567
704 3 2466.466466 67.500000 0.61709939124954594 -0.04953224068123567
705 0 2469.969970 0.000000 0.61541867279939833 -0.048779094586683863
705 1 2469.969970 22.500000 0.61541867279939833 -0.048779094586683863
705 2 2469.969970 45.000000 0.61541867279939833 -0.048779094586683863
705 3 2469.969970 67.500000 0.61541867279939833 -0.048779094586683863
706 0 2473.473473 0.000000 0.61468592651561638 -0.048091462320024737
706 1 2473.473473 22.500000 0.61468592651561638 -0.048091462320024737
706 2 2473.473473 45.000000 0.61468592651561638 -0.048091462320024737
706 3 2473.473473 67.500000 0.61468592651561638 -0.048091462320024737
707 0 2476.976977 0.000000 0.61501180620390017 -0.047587742951271911
707 1 2476.976977 22.500000 0.61501180620390017 -0.047587742951271911
707 2 2476.976977 45.000000 0.61501180620390017 -0.047587742951271911
707 3 2476.976977 67.500000 0.61501180620390017 -0.047587742951271911
708 0 2480.480480 0.000000 0.61632551788716172 -0.047354630273141685
708 1 2480.480480 22.500000 0.61632551788716172 -0.047354630273141685
708 2 2480.480480 45.000000 0.61632551788716172 -0.047354630273141685
708 3 2480.480480 67.500000 0.61632551788716172 -0.047354630273141685
709 0 2483.983984 0.000000 0.61838928316135811 -0.047432331472530682
709 1 2483.983984 22.500000 0.61838928316135811 -0.047432331472530682
709 2 2483.983984 45.000000 0.61838928316135811 -0.047432331472530682
709 3 2483.983984 67.500000 0.61838928316135811 -0.047432331472530682
710 0 2487.487487 0.000000 0.62083990507206754 -0.047807801601038445
710 1 2487.487487 22.500000 0.62083990507206754 -0.047807801601038445
710 2 2487.487487 45.000000 0.62083990507206754 -0.047807801601038445
710 3 2487.487487 67.500000 0.62083990507206754 -0.047807801601038445
711 0 2490.990991 0.000000 0.62325085716603956 -0.048417113849746965
711 1 2490.990991 22.500000 0.62325085716603956 -0.048417113849746965
711 2 2490.990991 45.000000 0.62325085716603956 -0.048417113849746965
711 3 2490.990991 67.500000 0.62325085716603956 -0.048417113849746965
712 0 2494.494494 0.000000 0.62520518819977311 -0.049156519130009263
712 1 2494.494494 22.500000 0.62520518819977311 -0.049156519130009263
712 2 2494.494494 45.000000 0.62520518819977311 -0.049156519130009263
712 3 2494.494494 67.500000 0.62520518819977311 -0.049156519130009263
713 0 2497.997998 0.000000 0.62636734360327595 -0.049900266801295161
713 1 2497.997998 22.500000 0.62636734360327595 -0.049900266801295161
713 2 2497.997998 45.000000 0.62636734360327595 -0.049900266801295161
713 3 2497.997998 67.500000 0.62636734360327595 -0.049900266801295161
714 0 2501.501502 0.000000 0.62654142195235973 -0.050522113843821582
714 1 2501.501502 22.500000 0.62654142195235973 -0.050522113843821582
714 2 2501.501502 45.000000 0.62654142195235973 -0.050522113843821582
714 3 2501.501502 67.500000 0.62654142195235973 -0.050522113843821582
715 0 2505.005005 0.000000 0.62570508450540352 -0.050916835658089424
715 1 2505.005005 22.500000 0.62570508450540352 -0.050916835658089424
715 2 2505.005005 45.000000 0.62570508450540352 -0.050916835658089424
715 3 2505.005005 67.500000 0.62570508450540352 -0.050916835658089424
716 0 2508.508509 0.000000 0.6240124889624834 -0.051018069734223279
716 1 2508.508509 22.500000 0.6240124889624834 -0.051018069734223279
716 2 2508.508509 45.000000 0.6240124889624834 -0.051018069734223279
716 3 2508.508509 67.500000 0.6240124889624834 -0.051018069734223279
717 0 2512.012012 0.000000 0.62176555621164553 -0.050809467057849146
717 1 2512.012012 22.500000 0.62176555621164553 -0.050809467057849146
717 2 2512.012012 45.000000 0.62176555621164553 -0.050809467057849146
717 3 2512.012012 67.500000 0.62176555621164553 -0.050809467057849146
718 0 2515.515516 0.000000 0.61935918279321434 -0.050327282094693754
718 1 2515.515516 22.500000 0.61935918279321434 -0.050327282094693754
718 2 2515.515516 45.000000 0.61935918279321434 -0.050327282094693754
718 3 2515.515516 67.500000 0.61935918279321434 -0.050327282094693754
719 0 2519.019019 0.000000 0.61721102566120256 -0.049654000629961864
719 1 2519.019019 22.500000 0.61721102566120256 -0.049654000629961864
719 2 2519.019019 45.000000 0.61721102566120256 -0.049654000629961864
719 3 2519.019019 67.500000 0.61721102566120256 -0.049654000629961864
720 0 2522.522523 0.000000 0.61568897848785609 -0.048904133624201464
720 1 2522.522523 22.500000 0.61568897848785609 -0.048904133624201464
720 2 2522.522523 45.000000 0.61568897848785609 -0.048904133624201464
720 3 2522.522523 67.500000 0.61568897848785609 -0.048904133624201464
721 0 2526.026026 0.000000 0.6150490774358125 -0.048204633709059704
721 1 2526.026026 22.500000 0.6150490774358125 -0.048204633709059704
721 2 2526.026026 45.000000 0.6150490774358125 -0.048204633709059704
721 3 2526.026026 67.500000 0.6150490774358125 -0.048204633709059704
722 0 2529.529530 0.000000 0.61539385368904964 -0.047673293741852599
722 1 2529.529530 22.500000 0.61539385368904964 -0.047673293741852599
722 2 2529.529530 45.000000 0.61539385368904964 -0.047673293741852599
722 3 2529.529530 67.500000 0.61539385368904964 -0.047673293741852599
723 0 2533.033033 0.000000 0.61665711486668173 -0.047398812530784325
723 1 2533.033033 22.500000 0.61665711486668173 -0.047398812530784325
723 2 2533.033033 45.000000 0.61665711486668173 -0.047398812530784325
723 3 2533.033033 67.500000 0.61665711486668173 -0.047398812530784325
724 0 2536.536537 0.000000 0.61861676989661041 -0.047425909178550475
724 1 2536.536537 22.500000 0.61861676989661041 -0.047425909178550475
724 2 2536.536537 45.000000 0.61861676989661041 -0.047425909178550475
724 3 2536.536537 67.500000 0.61861676989661041 -0.047425909178550475
725 0 2540.040040 0.000000 0.62093320700964205 -0.047747989730596886
725 1 2540.040040 22.500000 0.62093320700964205 -0.047747989730596886
725 2 2540.040040 45.000000 0.62093320700964205 -0.047747989730596886
725 3 2540.040040 67.500000 0.62093320700964205 -0.047747989730596886
726 0 2543.543544 0.000000 0.62320711260273842 -0.048308570696811916
726 1 2543.543544 22.500000 0.62320711260273842 -0.048308570696811916
726 2 2543.543544 45.000000 0.62320711260273842 -0.048308570696811916
726 3 2543.543544 67.500000 0.62320711260273842 -0.048308570696811916
727 0 2547.047047 0.000000 0.62504761151201127 -0.049011167183750759
727 1 2547.047047 22.500000 0.62504761151201127 -0.049011167183750759
727 2 2547.047047 45.000000 0.62504761151201127 -0.049011167183750759
727 3 2547.047047 67.500000 0.62504761151201127 -0.049011167183750759
728 0 2550.550551 0.000000 0.62613955462671134 -0.049735914865056671
728 1 2550.550551 22.500000 0.62613955462671134 -0.049735914865056671
728 2 2550.550551 45.000000 0.62613955462671134 -0.049735914865056671
728 3 2550.550551 67.500000 0.62613955462671134 -0.049735914865056671
729 0 2554.054054 0.000000 0.6262982686072559 -0.050360059459381011
729 1 2554.054054 22.500000 0.6262982686072559 -0.050360059459381011
729 2 2554.054054 45.000000 0.6262982686072559 -0.050360059459381011
729 3 2554.054054 67.500000 0.6262982686072559 -0.050360059459381011
730 0 2557.557558 0.000000 0.62550168602162504 -0.050778806393031825
730 1 2557.557558 22.500000 0.62550168602162504 -0.050778806393031825
730 2 2557.557558 45.000000 0.62550168602162504 -0.050778806393031825
730 3 2557.557558 67.500000 0.62550168602162504 -0.050778806393031825
731 0 2561.061061 0.000000 0.62389361751159678 -0.050922983165721872
731 1 2561.061061 22.500000 0.62389361751159678 -0.050922983165721872
731 2 2561.061061 45.000000 0.62389361751159678 -0.050922983165721872
731 3 2561.061061 67.500000 0.62389361751159678 -0.050922983165721872
732 0 2564.564565 0.000000 0.62175740065953067 -0.050770530922527271
732 1 2564.564565 22.500000 0.62175740065953067 -0.050770530922527271
732 2 2564.564565 45.000000 0.62175740065953067 -0.050770530922527271
732 3 2564.564565 67.500000 0.62175740065953067 -0.050770530922527271
733 0 2568.068068 0.000000 0.61946499133205091 -0.05034991025051011
733 1 2568.068068 22.500000 0.61946499133205091 -0.05034991025051011
733 2 2568.068068 45.000000 0.61946499133205091 -0.05034991025051011
733 3 2568.068068 67.500000 0.61946499133205091 -0.05034991025051011
734 0 2571.571572 0.000000 0.61741125872600333 -0.04973489429565215
734 1 2571.571572 22.500000 0.61741125872600333 -0.04973489429565215
734 2 2571.571572 45.000000 0.61741125872600333 -0.04973489429565215
734 3 2571.571572 67.500000 0.61741125872600333 -0.04973489429565215
735 0 2575.075075 0.000000 0.61594567134125655 -0.04903169161851989
735 1 2575.075075 22.500000 0.61594567134125655 -0.04903169161851989
735 2 2575.075075 45.000000 0.61594567134125655 -0.04903169161851989
735 3 2575.075075 67.500000 0.61594567134125655 -0.04903169161851989
736 0 2578.578579 0.000000 0.61531335334520854 -0.048360641024261006
736 1 2578.578579 22.500000 0.61531335334520854 -0.048360641024261006
736 2 2578.578579 45.000000 0.61531335334520854 -0.048360641024261006
736 3 2578.578579 67.500000 0.61531335334520854 -0.048360641024261006
737 0 2582.082082 0.000000 0.61561508229585538 -0.047835630523067697
737 1 2582.082082 22.500000 0.61561508229585538 -0.047835630523067697
737 2 2582.082082 45.000000 0.61561508229585538 -0.047835630523067697
737 3 2582.082082 67.500000 0.61561508229585538 -0.047835630523067697
738 0 2585.585586 0.000000 0.6167920875847358 -0.047544759944927212
738 1 2585.585586 22.500000 0.6167920875847358 -0.047544759944927212
738 2 2585.585586 45.000000 0.6167920875847358 -0.047544759944927212
738 3 2585.585586 67.500000 0.6167920875847358 -0.047544759944927212
739 0 2589.089089 0.000000 0.61863739166372611 -0.047535532242738952
739 1 2589.089089 22.500000 0.61863739166372611 -0.047535532242738952
739 2 2589.089089 45.000000 0.61863739166372611 -0.047535532242738952
739 3 2589.089089 67.500000 0.61863739166372611 -0.047535532242738952
740 0 2592.592593 0.000000 0.62083149580112629 -0.047807065778420095
740 1 2592.592593 22.500000 0.62083149580112629 -0.047807065778420095
740 2 2592.592593 45.000000 0.62083149580112629 -0.047807065778420095
740 3 2592.592593 67.500000 0.62083149580112629 -0.047807065778420095
741 0 2596.096096 0.000000 0.62299670775526106 -0.048310607384206415
741 1 2596.096096 22.500000 0.62299670775526106 -0.048310607384206415
741 2 2596.096096 45.000000 0.62299670775526106 -0.048310607384206415
741 3 2596.096096 67.500000 0.62299670775526106 -0.048310607384206415
742 0 2599.599600 0.000000 0.62476150958180532 -0.048958202934060301
742 1 2599.599600 22.500000 0.62476150958180532 -0.048958202934060301
742 2 2599.599600 45.000000 0.62476150958180532 -0.048958202934060301
742 3 2599.599600 67.500000 0.62476150958180532 -0.048958202934060301
743 0 2603.103103 0.000000 0.62582440092563874 -0.049637992404114498
743 1 2603.103103 22.500000 0.62582440092563874 -0.049637992404114498
743 2 2603.103103 45.000000 0.62582440092563874 -0.049637992404114498
743 3 2603.103103 67.500000 0.62582440092563874 -0.049637992404114498
744 0 2606.606607 0.000000 0.6260061628384771 -0.050233476678539092
744 1 2606.606607 22.500000 0.6260061628384771 -0.050233476678539092
744 2 2606.606607 45.000000 0.6260061628384771 -0.050233476678539092
744 3 2606.606607 67.500000 0.6260061628384771 -0.050233476678539092
745 0 2610.110110 0.000000 0.62528097657359349 -0.050643442957867268
745 1 2610.110110 22.500000 0.62528097657359349 -0.050643442957867268
745 2 2610.110110 45.000000 0.62528097657359349 -0.050643442957867268
745 3 2610.110110 67.500000 0.62528097657359349 -0.050643442957867268
746 0 2613.613614 0.000000 0.62378040540475588 -0.05079914439879437
746 1 2613.613614 22.500000 0.62378040540475588 -0.05079914439879437
746 2 2613.613614 45.000000 0.62378040540475588 -0.05079914439879437
746 3 2613.613614 67.500000 0.62378040540475588 -0.05079914439879437
747 0 2617.117117 0.000000 0.62176934881007584 -0.050675819692809161
747 1 2617.117117 22.500000 0.62176934881007584 -0.050675819692809161
747 2 2617.117117 45.000000 0.62176934881007584 -0.050675819692809161
747 3 2617.117117 67.500000 0.62176934881007584 -0.050675819692809161
748 0 2620.620621 0.000000 0.61959854858829122 -0.050296622592186306
748 1 2620.620621 22.500000 0.61959854858829122 -0.050296622592186306
748 2 2620.620621 45.000000 0.61959854858829122 -0.050296622592186306
748 3 2620.620621 67.500000 0.61959854858829122 -0.050296622592186306
749 0 2624.124124 0.000000 0.61764269169400465 -0.049728339037129109
749 1 2624.124124 22.500000 0.61764269169400465 -0.049728339037129109
749 2 2624.124124 45.000000 0.61764269169400465 -0.049728339037129109
749 3 2624.124124 67.500000 0.61764269169400465 -0.049728339037129109
750 0 2627.627628 0.000000 0.61623554857503859 -0.049069675480992753
750 1 2627.627628 22.500000 0.61623554857503859 -0.049069675480992753
750 2 2627.627628 45.000000 0.61623554857503859 -0.049069675480992753
750 3 2627.627628 67.500000 0.61623554857503859 -0.049069675480992753
751 0 2631.131131 0.000000 0.61561352980662798 -0.04843416573798176
751 1 2631.131131 22.500000 0.61561352980662798 -0.04843416573798176
751 2 2631.131131 45.000000 0.61561352980662798 -0.04843416573798176
751 3 2631.131131 67.500000 0.61561352980662798 -0.04843416573798176
752 0 2634.634635 0.000000 0.61587689023022374 -0.047930650330494415
752 1 2634.634635 22.500000 0.61587689023022374 -0.047930650330494415
752 2 2634.634635 45.000000 0.61587689023022374 -0.047930650330494415
752 3 2634.634635 67.500000 0.61587689023022374 -0.047930650330494415
753 0 2638.138138 0.000000 0.61697435874764073 -0.047644679202725776
753 1 2638.138138 22.500000 0.61697435874764073 -0.047644679202725776
753 2 2638.138138 45.000000 0.61697435874764073 -0.047644679202725776
753 3 2638.138138 67.500000 0.61697435874764073 -0.047644679202725776
754 0 2641.641642 0.000000 0.61871305713093971 -0.047624010981063093
754 1 2641.641642 22.500000 0.61871305713093971 -0.047624010981063093
754 2 2641.641642 45.000000 0.61871305713093971 -0.047624010981063093
754 3 2641.641642 67.500000 0.61871305713093971 -0.047624010981063093
755 0 2645.145145 0.000000 0.62079176695833771 -0.047870663334313647
755 1 2645.145145 22.500000 0.62079176695833771 -0.047870663334313647
755 2 2645.145145 45.000000 0.62079176695833771 -0.047870663334313647
755 3 2645.145145 67.500000 0.62079176695833771 -0.047870663334313647
756 0 2648.648649 0.000000 0.62285219846938822 -0.048340835210806114
756 1 2648.648649 22.500000 0.62285219846938822 -0.048340835210806114
756 2 2648.648649 45.000000 0.62285219846938822 -0.048340835210806114
756 3 2648.648649 67.500000 0.62285219846938822 -0.048340835210806114
757 0 2652.152152 0.000000 0.6245401050540218 -0.048952668775724878
757 1 2652.152152 22.500000 0.6245401050540218 -0.048952668775724878
757 2 2652.152152 45.000000 0.6245401050540218 -0.048952668775724878
757 3 2652.152152 67.500000 0.6245401050540218 -0.048952668775724878
758 0 2655.655656 0.000000 0.62556619552970316 -0.049600479050421961
758 1 2655.655656 22.500000 0.62556619552970316 -0.049600479050421961
758 2 2655.655656 45.000000 0.62556619552970316 -0.049600479050421961
758 3 2655.655656 67.500000 0.62556619552970316 -0.049600479050421961
759 0 2659.159159 0.000000 0.62575631522035768 -0.05017298135559764
759 1 2659.159159 22.500000 0.62575631522035768 -0.05017298135559764
759 2 2659.159159 45.000000 0.62575631522035768 -0.05017298135559764
759 3 2659.159159 67.500000 0.62575631522035768 -0.05017298135559764
760 0 2662.662663 0.000000 0.62508175313319758 -0.050572376907585766
760 1 2662.662663 22.500000 0.62508175313319758 -0.050572376907585766
760 2 2662.662663 45.000000 0.62508175313319758 -0.050572376907585766
760 3 2662.662663 67.500000 0.62508175313319758 -0.050572376907585766
761 0 2666.166166 0.000000 0.62366387644538146 -0.05073102740288183
761 1 2666.166166 22.500000 0.62366387644538146 -0.05073102740288183
761 2 2666.166166 45.000000 0.62366387644538146 -0.05073102740288183
761 3 2666.166166 67.500000 0.62366387644538146 -0.05073102740288183
762 0 2669.669670 0.000000 0.62175208378963753 -0.050622879361983106
762 1 2669.669670 22.500000 0.62175208378963753 -0.050622879361983106
762 2 2669.669670 45.000000 0.62175208378963753 -0.050622879361983106
762 3 2669.669670 67.500000 0.62175208378963753 -0.050622879361983106
763 0 2673.173173 0.000000 0.61967923925489343 -0.050267711932213834
763 1 2673.173173 22.500000 0.61967923925489343 -0.050267711932213834
763 2 2673.173173 45.000000 0.61967923925489343 -0.050267711932213834
763 3 2673.173173 67.500000 0.61967923925489343 -0.050267711932213834
764 0 2676.676677 0.000000 0.6178030233299896 -0.049727519205627194
764 1 2676.676677 22.500000 0.6178030233299896 -0.049727519205627194
764 2 2676.676677 45.000000 0.6178030233299896 -0.049727519205627194
764 3 2676.676677 67.500000 0.6178030233299896 -0.049727519205627194
765 0 2680.180180 0.000000 0.61644400453188586 -0.049095686731816204
765 1 2680.180180 22.500000 0.61644400453188586 -0.049095686731816204
765 2 2680.180180 45.000000 0.61644400453188586 -0.049095686731816204
765 3 2680.180180 67.500000 0.61644400453188586 -0.049095686731816204
766 0 2683.683684 0.000000 0.61583130659909358 -0.048480850734017908
766 1 2683.683684 22.500000 0.61583130659909358 -0.048480850734017908
766 2 2683.683684 45.000000 0.61583130659909358 -0.048480850734017908
766 3 2683.683684 67.500000 0.61583130659909358 -0.048480850734017908
767 0 2687.187187 0.000000 0.61606480830914312 -0.047988228168839756
767 1 2687.187187 22.500000 0.61606480830914312 -0.047988228168839756
767 2 2687.187187 45.000000 0.61606480830914312 -0.047988228168839756
767 3 2687.187187 67.500000 0.61606480830914312 -0.047988228168839756
768 0 2690.690691 0.000000 0.617099586317296 -0.047701624127241986
768 1 2690.690691 22.500000 0.617099586317296 -0.047701624127241986
768 2 2690.690691 45.000000 0.617099586317296 -0.047701624127241986
768 3 2690.690691 67.500000 0.617099586317296 -0.047701624127241986
769 0 2694.194194 0.000000 0.61875457538187795 -0.047669191093464153
769 1 2694.194194 22.500000 0.61875457538187795 -0.047669191093464153
769 2 2694.194194 45.000000 0.61875457538187795 -0.047669191093464153
769 3 2694.194194 67.500000 0.61875457538187795 -0.047669191093464153
770 0 2697.697698 0.000000 0.62074373868929567 -0.047895357592190484
770 1 2697.697698 22.500000 0.62074373868929567 -0.047895357592190484
770 2 2697.697698 45.000000 0.62074373868929567 -0.047895357592190484
770 3 2697.697698 67.500000 0.62074373868929567 -0.047895357592190484
771 0 2701.201201 0.000000 0.62272472250224931 -0.048340276691687535
771 1 2701.201201 22.500000 0.62272472250224931 -0.048340276691687535
771 2 2701.201201 45.000000 0.62272472250224931 -0.048340276691687535
771 3 2701.201201 67.500000 0.62272472250224931 -0.048340276691687535
772 0 2704.704705 0.000000 0.62435723048756875 -0.048926852135408157
772 1 2704.704705 22.500000 0.62435723048756875 -0.048926852135408157
772 2 2704.704705 45.000000 0.62435723048756875 -0.048926852135408157
772 3 2704.704705 67.500000 0.62435723048756875 -0.048926852135408157
773 0 2708.208208 0.000000 0.62536151131263207 -0.049554103644709288
773 1 2708.208208 22.500000 0.62536151131263207 -0.049554103644709288
773 2 2708.208208 45.000000 0.62536151131263207 -0.049554103644709288
773 3 2708.208208 67.500000 0.62536151131263207 -0.049554103644709288
774 0 2711.711712 0.000000 0.62556686696611785 -0.050114554786186406
774 1 2711.711712 22.500000 0.62556686696611785 -0.050114554786186406
774 2 2711.711712 45.000000 0.62556686696611785 -0.050114554786186406
774 3 2711.711712 67.500000 0.62556686696611785 -0.050114554786186406
775 0 2715.215215 0.000000 0.62494137858951504 -0.050512649991148732
775 1 2715.215215 22.500000 0.62494137858951504 -0.050512649991148732
775 2 2715.215215 45.000000 0.62494137858951504 -0.050512649991148732
775 3 2715.215215 67.500000 0.62494137858951504 -0.050512649991148732
776 0 2718.718719 0.000000 0.6235971931354547 -0.050681045627159312
776 1 2718.718719 22.500000 0.6235971931354547 -0.050681045627159312
776 2 2718.718719 45.000000 0.6235971931354547 -0.050681045627159312
776 3 2718.718719 67.500000 0.6235971931354547 -0.050681045627159312
777 0 2722.222222 0.000000 0.62177024507970113 -0.050591998628377238
777 1 2722.222222 22.500000 0.62177024507970113 -0.050591998628377238
777 2 2722.222222 45.000000 0.62177024507970113 -0.050591998628377238
777 3 2722.222222 67.500000 0.62177024507970113 -0.050591998628377238
778 0 2725.725726 0.000000 0.61977821190050697 -0.050261927788420653
778 1 2725.725726 22.500000 0.61977821190050697 -0.050261927788420653
778 2 2725.725726 45.000000 0.61977821190050697 -0.050261927788420653
778 3 2725.725726 67.500000 0.61977821190050697 -0.050261927788420653
779 0 2729.229229 0.000000 0.61796462244282158 -0.049748399563186149
779 1 2729.229229 22.500000 0.61796462244282158 -0.049748399563186149
779 2 2729.229229 45.000000 0.61796462244282158 -0.049748399563186149
779 3 2729.229229 67.500000 0.61796462244282158 -0.049748399563186149
780 0 2732.732733 0.000000 0.61663938707432653 -0.049140089387789944
780 1 2732.732733 22.500000 0.61663938707432653 -0.049140089387789944
780 2 2732.732733 45.000000 0.61663938707432653 -0.049140089387789944
780 3 2732.732733 67.500000 0.61663938707432653 -0.049140089387789944
781 0 2736.236236 0.000000 0.61602619868664921 -0.048541468367743805
781 1 2736.236236 22.500000 0.61602619868664921 -0.048541468367743805
781 2 2736.236236 45.000000 0.61602619868664921 -0.048541468367743805
781 3 2736.236236 67.500000 0.61602619868664921 -0.048541468367743805
782 0 2739.739740 0.000000 0.61622549839594309 -0.048054859229083084
782 1 2739.739740 22.500000 0.61622549839594309 -0.048054859229083084
782 2 2739.739740 45.000000 0.61622549839594309 -0.048054859229083084
782 3 2739.739740 67.500000 0.61622549839594309 -0.048054859229083084
783 0 2743.243243 0.000000 0.61719866406719637 -0.047762943137802605
783 1 2743.243243 22.500000 0.61719866406719637 -0.047762943137802605
783 2 2743.243243 45.000000 0.61719866406719637 -0.047762943137802605
783 3 2743.243243 67.500000 0.61719866406719637 -0.047762943137802605
784 0 2746.746747 0.000000 0.61877549822094302 -0.047714707671342761
784 1 2746.746747 22.500000 0.61877549822094302 -0.047714707671342761
784 2 2746.746747 45.000000 0.61877549822094302 -0.047714707671342761
784 3 2746.746747 67.500000 0.61877549822094302 -0.047714707671342761
785 0 2750.250250 0.000000 0.62068351841213387 -0.047917223882194146
785 1 2750.250250 22.500000 0.62068351841213387 -0.047917223882194146
785 2 2750.250250 45.000000 0.62068351841213387 -0.047917223882194146
785 3 2750.250250 67.500000 0.62068351841213387 -0.047917223882194146
786 0 2753.753754 0.000000 0.62259431143937716 -0.048334632371334472
786 1 2753.753754 22.500000 0.62259431143937716 -0.048334632371334472
786 2 2753.753754 45.000000 0.62259431143937716 -0.048334632371334472
786 3 2753.753754 67.500000 0.62259431143937716 -0.048334632371334472
787 0 2757.257257 0.000000 0.62417953387286873 -0.048894478817103015
787 1 2757.257257 22.500000 0.62417953387286873 -0.048894478817103015
787 2 2757.257257 45.000000 0.62417953387286873 -0.048894478817103015
787 3 2757.257257 67.500000 0.62417953387286873 -0.048894478817103015
788 0 2760.760761 0.000000 0.62516733700725491 -0.049500281509674948
788 1 2760.760761 22.500000 0.62516733700725491 -0.049500281509674948
788 2 2760.760761 45.000000 0.62516733700725491 -0.049500281509674948
788 3 2760.760761 67.500000 0.62516733700725491 -0.049500281509674948
789 0 2764.264264 0.000000 0.62538949580920367 -0.050048152348363836
789 1 2764.264264 22.500000 0.62538949580920367 -0.050048152348363836
789 2 2764.264264 45.000000 0.62538949580920367 -0.050048152348363836
789 3 2764.264264 67.500000 0.62538949580920367 -0.050048152348363836
790 0 2767.767768 0.000000 0.62481071959627077 -0.050444609082189798
790 1 2767.767768 22.500000 0.62481071959627077 -0.050444609082189798
790 2 2767.767768 45.000000 0.62481071959627077 -0.050444609082189798
790 3 2767.767768 67.500000 0.62481071959627077 -0.050444609082189798
791 0 2771.271271 0.000000 0.62353459428389413 -0.050622525582494728
791 1 2771.271271 22.500000 0.62353459428389413 -0.050622525582494728
791 2 2771.271271 45.000000 0.62353459428389413 -0.050622525582494728
791 3 2771.271271 67.500000 0.62353459428389413 -0.050622525582494728
792 0 2774.774775 0.000000 0.62178491349778053 -0.050552499128345599
792 1 2774.774775 22.500000 0.62178491349778053 -0.050552499128345599
792 2 2774.774775 45.000000 0.62178491349778053 -0.050552499128345599
792 3 2774.774775 67.500000 0.62178491349778053 -0.050552499128345599
793 0 2778.278278 0.000000 0.61986587196796239 -0.05024770994191944
793 1 2778.278278 22.500000 0.61986587196796239 -0.05024770994191944
793 2 2778.278278 45.000000 0.61986587196796239 -0.05024770994191944
793 3 2778.278278 67.500000 0.61986587196796239 -0.05024770994191944
794 0 2781.781782 0.000000 0.6181085874766965 -0.049761470293195428
794 1 2781.781782 22.500000 0.6181085874766965 -0.049761470293195428
794 2 2781.781782 45.000000 0.6181085874766965 -0.049761470293195428
794 3 2781.781782 67.500000 0.6181085874766965 -0.049761470293195428
795 0 2785.285285 0.000000 0.61681375694153973 -0.049177915025065584
795 1 2785.285285 22.500000 0.61681375694153973 -0.049177915025065584
795 2 2785.285285 45.000000 0.61681375694153973 -0.049177915025065584
795 3 2785.285285 67.500000 0.61681375694153973 -0.049177915025065584
796 0 2788.788789 0.000000 0.61620053009067932 -0.048597457127643032
796 1 2788.788789 22.500000 0.61620053009067932 -0.048597457127643032
796 2 2788.788789 45.000000 0.61620053009067932 -0.048597457127643032
796 3 2788.788789 67.500000 0.61620053009067932 -0.048597457127643032
797 0 2792.292292 0.000000 0.6163700894929538 -0.048119520884103074
797 1 2792.292292 22.500000 0.6163700894929538 -0.048119520884103074
797 2 2792.292292 45.000000 0.6163700894929538 -0.048119520884103074
797 3 2792.292292 67.500000 0.6163700894929538 -0.048119520884103074
798 0 2795.795796 0.000000 0.61728955757122761 -0.047825520232245212
798 1 2795.795796 22.500000 0.61728955757122761 -0.047825520232245212
798 2 2795.795796 45.000000 0.61728955757122761 -0.047825520232245212
798 3 2795.795796 67.500000 0.61728955757122761 -0.047825520232245212
799 0 2799.299299 0.000000 0.61879840574384715 -0.047764995294943026
799 1 2799.299299 22.500000 0.61879840574384715 -0.047764995294943026
799 2 2799.299299 45.000000 0.61879840574384715 -0.047764995294943026
799 3 2799.299299 67.500000 0.61879840574384715 -0.047764995294943026
800 0 2802.802803 0.000000 0.62063606255510562 -0.047947267030386716
800 1 2802.802803 22.500000 0.62063606255510562 -0.047947267030386716
800 2 2802.802803 45.000000 0.62063606255510562 -0.047947267030386716
800 3 2802.802803 67.500000 0.62063606255510562 -0.047947267030386716
801 0 2806.306306 0.000000 0.62248624170553191 -0.048340015354173371
801 1 2806.306306 22.500000 0.62248624170553191 -0.048340015354173371
801 2 2806.306306 45.000000 0.62248624170553191 -0.048340015354173371
801 3 2806.306306 67.500000 0.62248624170553191 -0.048340015354173371
802 0 2809.809810 0.000000 0.62403088028649611 -0.048874994921512066
802 1 2809.809810 22.500000 0.62403088028649611 -0.048874994921512066
802 2 2809.809810 45.000000 0.62403088028649611 -0.048874994921512066
802 3 2809.809810 67.500000 0.62403088028649611 -0.048874994921512066
803 0 2813.313313 0.000000 0.62500479936425224 -0.049459879864006483
803 1 2813.313313 22.500000 0.62500479936425224 -0.049459879864006483
803 2 2813.313313 45.000000 0.62500479936425224 -0.049459879864006483
803 3 2813.313313 67.500000 0.62500479936425224 -0.049459879864006483
804 0 2816.816817 0.000000 0.62524168303754202 -0.049994183582337731
804 1 2816.816817 22.500000 0.62524168303754202 -0.049994183582337731
804 2 2816.816817 45.000000 0.62524168303754202 -0.049994183582337731
804 3 2816.816817 67.500000 0.62524168303754202 -0.049994183582337731
805 0 2820.320320 0.000000 0.62470308629182425 -0.050386510377537046
805 1 2820.320320 22.500000 0.62470308629182425 -0.050386510377537046
805 2 2820.320320 45.000000 0.62470308629182425 -0.050386510377537046
805 3 2820.320320 67.500000 0.62470308629182425 -0.050386510377537046
806 0 2823.823824 0.000000 0.6234850012924783 -0.050570178814145939
806 1 2823.823824 22.500000 0.6234850012924783 -0.050570178814145939
806 2 2823.823824 45.000000 0.6234850012924783 -0.050570178814145939
806 3 2823.823824 67.500000 0.6234850012924783 -0.050570178814145939
807 0 2827.327327 0.000000 0.62180062735283392 -0.050514547484164382
807 1 2827.327327 22.500000 0.62180062735283392 -0.050514547484164382
807 2 2827.327327 45.000000 0.62180062735283392 -0.050514547484164382
807 3 2827.327327 67.500000 0.62180062735283392 -0.050514547484164382
808 0 2830.830831 0.000000 0.61994252918526649 -0.050230120488900208
808 1 2830.830831 22.500000 0.61994252918526649 -0.050230120488900208
808 2 2830.830831 45.000000 0.61994252918526649 -0.050230120488900208
808 3 2830.830831 67.500000 0.61994252918526649 -0.050230120488900208
809 0 2834.334334 0.000000 0.6182312544017502 -0.049766582860031071
809 1 2834.334334 22.500000 0.6182312544017502 -0.049766582860031071
809 2 2834.334334 45.000000 0.6182312544017502 -0.049766582860031071
809 3 2834.334334 67.500000 0.6182312544017502 -0.049766582860031071
810 0 2837.837838 0.000000 0.61695981445286852 -0.049204130345226117
810 1 2837.837838 22.500000 0.61695981445286852 -0.049204130345226117
810 2 2837.837838 45.000000 0.61695981445286852 -0.049204130345226117
810 3 2837.837838 67.500000 0.61695981445286852 -0.049204130345226117
811 0 2841.341341 0.000000 0.61634379763901814 -0.048639605059725914
811 1 2841.341341 22.500000 0.61634379763901814 -0.048639605059725914
811 2 2841.341341 45.000000 0.61634379763901814 -0.048639605059725914
811 3 2841.341341 67.500000 0.61634379763901814 -0.048639605059725914
812 0 2844.844845 0.000000 0.61648542882421276 -0.048169832316664427
812 1 2844.844845 22.500000 0.61648542882421276 -0.048169832316664427
812 2 2844.844845 45.000000 0.61648542882421276 -0.048169832316664427
812 3 2844.844845 67.500000 0.61648542882421276 -0.048169832316664427
813 0 2848.348348 0.000000 0.61735716980070521 -0.047875024174036558
813 1 2848.348348 22.500000 0.61735716980070521 -0.047875024174036558
813 2 2848.348348 45.000000 0.61735716980070521 -0.047875024174036558
813 3 2848.348348 67.500000 0.61735716980070521 -0.047875024174036558
814 0 2851.851852 0.000000 0.61880712959542361 -0.047805092925861256
814 1 2851.851852 22.500000 0.61880712959542361 -0.047805092925861256
814 2 2851.851852 45.000000 0.61880712959542361 -0.047805092925861256
814 3 2851.851852 67.500000 0.61880712959542361 -0.047805092925861256
815 0 2855.355355 0.000000 0.62058516075695858 -0.047971208589462348
815 1 2855.355355 22.500000 0.62058516075695858 -0.047971208589462348
815 2 2855.355355 45.000000 0.62058516075695858 -0.047971208589462348
815 3 2855.355355 67.500000 0.62058516075695858 -0.047971208589462348
816 0 2858.858859 0.000000 0.62238539926674474 -0.048344027404796167
816 1 2858.858859 22.500000 0.62238539926674474 -0.048344027404796167
816 2 2858.858859 45.000000 0.62238539926674474 -0.048344027404796167
816 3 2858.858859 67.500000 0.62238539926674474 -0.048344027404796167
817 0 2862.362362 0.000000 0.62389841424959158 -0.048858870261849589
817 1 2862.362362 22.500000 0.62389841424959158 -0.048858870261849589
817 2 2862.362362 45.000000 0.62389841424959158 -0.048858870261849589
817 3 2862.362362 67.500000 0.62389841424959158 -0.048858870261849589
818 0 2865.865866 0.000000 0.62486437233493231 -0.049426938306340949
818 1 2865.865866 22.500000 0.62486437233493231 -0.049426938306340949
818 2 2865.865866 45.000000 0.62486437233493231 -0.049426938306340949
818 3 2865.865866 67.500000 0.62486437233493231 -0.049426938306340949
819 0 2869.369369 0.000000 0.62511808277224856 -0.0499506219831393
819 1 2869.369369 22.500000 0.62511808277224856 -0.0499506219831393
819 2 2869.369369 45.000000 0.62511808277224856 -0.0499506219831393
819 3 2869.369369 67.500000 0.62511808277224856 -0.0499506219831393
820 0 2872.872873 0.000000 0.62461782396627841 -0.050340265453588558
820 1 2872.872873 22.500000 0.62461782396627841 -0.050340265453588558
820 2 2872.872873 45.000000 0.62461782396627841 -0.050340265453588558
820 3 2872.872873 67.500000 0.62461782396627841 -0.050340265453588558
821 0 2876.376376 0.000000 0.62345253503556219 -0.050529508380784807
821 1 2876.376376 22.500000 0.62345253503556219 -0.050529508380784807
821 2 2876.376376 45.000000 0.62345253503556219 -0.050529508380784807
821 3 2876.376376 67.500000 0.62345253503556219 -0.050529508380784807
822 0 2879.879880 0.000000 0.62182590524929171 -0.050486581002035118
822 1 2879.879880 22.500000 0.62182590524929171 -0.050486581002035118
822 2 2879.879880 45.000000 0.62182590524929171 -0.050486581002035118
822 3 2879.879880 67.500000 0.62182590524929171 -0.050486581002035118
823 0 2883.383383 0.000000 0.62002028377435991 -0.050219630972902662
823 1 2883.383383 22.500000 0.62002028377435991 -0.050219630972902662
823 2 2883.383383 45.000000 0.62002028377435991 -0.050219630972902662
823 3 2883.383383 67.500000 0.62002028377435991 -0.050219630972902662
824 0 2886.886887 0.000000 0.61834713151089415 -0.049775189770613106
824 1 2886.886887 22.500000 0.61834713151089415 -0.049775189770613106
824 2 2886.886887 45.000000 0.61834713151089415 -0.049775189770613106
824 3 2886.886887 67.500000 0.61834713151089415 -0.049775189770613106
825 0 2890.390390 0.000000 0.61709307018684079 -0.049230065048172428
825 1 2890.390390 22.500000 0.61709307018684079 -0.049230065048172428
825 2 2890.390390 45.000000 0.61709307018684079 -0.049230065048172428
825 3 2890.390390 67.500000 0.61709307018684079 -0.049230065048172428
826 0 2893.893894 0.000000 0.61647102780326091 -0.04867807083440516
826 1 2893.893894 22.500000 0.61647102780326091 -0.04867807083440516
826 2 2893.893894 45.000000 0.61647102780326091 -0.04867807083440516
826 3 2893.893894 67.500000 0.61647102780326091 -0.04867807083440516
827 0 2897.397397 0.000000 0.6165846506400332 -0.048213887261702074
827 1 2897.397397 22.500000 0.6165846506400332 -0.048213887261702074
827 2 2897.397397 45.000000 0.6165846506400332 -0.048213887261702074
827 3 2897.397397 67.500000 0.6165846506400332 -0.048213887261702074
828 0 2900.900901 0.000000 0.61741156140815701 -0.047916825689685978
828 1 2900.900901 22.500000 0.61741156140815701 -0.047916825689685978
828 2 2900.900901 45.000000 0.61741156140815701 -0.047916825689685978
828 3 2900.900901 67.500000 0.61741156140815701 -0.047916825689685978
829 0 2904.404404 0.000000 0.61880782489411656 -0.047837282056065598
829 1 2904.404404 22.500000 0.61880782489411656 -0.047837282056065598
829 2 2904.404404 45.000000 0.61880782489411656 -0.047837282056065598
829 3 2904.404404 67.500000 0.61880782489411656 -0.047837282056065598
830 0 2907.907908 0.000000 0.62053266391078232 -0.047988191414400777
830 1 2907.907908 22.500000 0.62053266391078232 -0.047988191414400777
830 2 2907.907908 45.000000 0.62053266391078232 -0.047988191414400777
830 3 2907.907908 67.500000 0.62053266391078232 -0.047988191414400777
831 0 2911.411411 0.000000 0.62228939960136975 -0.048342931976760033
831 1 2911.411411 22.500000 0.62228939960136975 -0.048342931976760033
831 2 2911.411411 45.000000 0.62228939960136975 -0.048342931976760033
831 3 2911.411411 67.500000 0.62228939960136975 -0.048342931976760033
832 0 2914.914915 0.000000 0.62377603034896745 -0.048840016986054439
832 1 2914.914915 22.500000 0.62377603034896745 -0.048840016986054439
832 2 2914.914915 45.000000 0.62377603034896745 -0.048840016986054439
832 3 2914.914915 67.500000 0.62377603034896745 -0.048840016986054439
833 0 2918.418418 0.000000 0.62473711234198792 -0.049393748362043237
833 1 2918.418418 22.500000 0.62473711234198792 -0.049393748362043237
833 2 2918.418418 45.000000 0.62473711234198792 -0.049393748362043237
833 3 2918.418418 67.500000 0.62473711234198792 -0.049393748362043237
834 0 2921.921922 0.000000 0.62500804032633317 -0.049908986964651222
834 1 2921.921922 22.500000 0.62500804032633317 -0.049908986964651222
834 2 2921.921922 45.000000 0.62500804032633317 -0.049908986964651222
834 3 2921.921922 67.500000 0.62500804032633317 -0.049908986964651222
835 0 2925.425425 0.000000 0.62454378633357888 -0.050297494643311416
835 1 2925.425425 22.500000 0.62454378633357888 -0.050297494643311416
835 2 2925.425425 45.000000 0.62454378633357888 -0.050297494643311416
835 3 2925.425425 67.500000 0.62454378633357888 -0.050297494643311416
836 0 2928.928929 0.000000 0.62342671408917094 -0.050493041865416879
836 1 2928.928929 22.500000 0.62342671408917094 -0.050493041865416879
836 2 2928.928929 45.000000 0.62342671408917094 -0.050493041865416879
836 3 2928.928929 67.500000 0.62342671408917094 -0.050493041865416879
837 0 2932.432432 0.000000 0.62185188980622919 -0.050462695054356535
837 1 2932.432432 22.500000 0.62185188980622919 -0.050462695054356535
837 2 2932.432432 45.000000 0.62185188980622919 -0.050462695054356535
837 3 2932.432432 67.500000 0.62185188980622919 -0.050462695054356535
838 0 2935.935936 0.000000 0.62009257089306391 -0.050212360569223138
838 1 2935.935936 22.500000 0.62009257089306391 -0.050212360569223138
838 2 2935.935936 45.000000 0.62009257089306391 -0.050212360569223138
838 3 2935.935936 67.500000 0.62009257089306391 -0.050212360569223138
839 0 2939.439439 0.000000 0.61845228174711697 -0.049785652590570745
839 1 2939.439439 22.500000 0.61845228174711697 -0.049785652590570745
839 2 2939.439439 45.000000 0.61845228174711697 -0.049785652590570745
839 3 2939.439439 67.500000 0.61845228174711697 -0.049785652590570745
840 0 2942.942943 0.000000 0.61721222457716096 -0.049256299340925895
840 1 2942.942943 22.500000 0.61721222457716096 -0.049256299340925895
840 2 2942.942943 45.000000 0.61721222457716096 -0.049256299340925895
840 3 2942.942943 67.500000 0.61721222457716096 -0.049256299340925895
841 0 2946.446446 0.000000 0.61658329152506042 -0.048715409012411011
841 1 2946.446446 22.500000 0.61658329152506042 -0.048715409012411011
841 2 2946.446446 45.000000 0.61658329152506042 -0.048715409012411011
841 3 2946.446446 67.500000 0.61658329152506042 -0.048715409012411011
842 0 2949.949950 0.000000 0.61667072880917517 -0.048255793926947982
842 1 2949.949950 22.500000 0.61667072880917517 -0.048255793926947982
842 2 2949.949950 45.000000 0.61667072880917517 -0.048255793926947982
842 3 2949.949950 67.500000 0.61667072880917517 -0.048255793926947982
843 0 2953.453453 0.000000 0.61745702943704295 -0.047956049184501262
843 1 2953.453453 22.500000 0.61745702943704295 -0.047956049184501262
843 2 2953.453453 45.000000 0.61745702943704295 -0.047956049184501262
843 3 2953.453453 67.500000 0.61745702943704295 -0.047956049184501262
844 0 2956.956957 0.000000 0.61880550733359863 -0.047867116184001829
844 1 2956.956957 22.500000 0.61880550733359863 -0.047867116184001829
844 2 2956.956957 45.000000 0.61880550733359863 -0.047867116184001829
844 3 2956.956957 67.500000 0.61880550733359863 -0.047867116184001829
845 0 2960.460460 0.000000 0.62048375265630995 -0.04800362743755484
845 1 2960.460460 22.500000 0.62048375265630995 -0.04800362743755484
845 2 2960.460460 45.000000 0.62048375265630995 -0.04800362743755484
845 3 2960.460460 67.500000 0.62048375265630995 -0.04800362743755484
846 0 2963.963964 0.000000 0.6222031411771981 -0.048341502772687173
846 1 2963.963964 22.500000 0.6222031411771981 -0.048341502772687173
846 2 2963.963964 45.000000 0.6222031411771981 -0.048341502772687173
846 3 2963.963964 67.500000 0.6222031411771981 -0.048341502772687173
847 0 2967.467467 0.000000 0.6236680351847087 -0.048822191078781364
847 1 2967.467467 22.500000 0.6236680351847087 -0.048822191078781364
847 2 2967.467467 45.000000 0.6236680351847087 -0.048822191078781364
847 3 2967.467467 67.500000 0.6236680351847087 -0.048822191078781364
848 0 2970.970971 0.000000 0.6246265661142868 -0.049362811319440723
848 1 2970.970971 22.500000 0.6246265661142868 -0.049362811319440723
848 2 2970.970971 45.000000 0.6246265661142868 -0.049362811319440723
848 3 2970.970971 67.500000 0.6246265661142868 -0.049362811319440723
849 0 2974.474474 0.000000 0.62491429645308627 -0.049870437248715954
849 1 2974.474474 22.500000 0.62491429645308627 -0.049870437248715954
849 2 2974.474474 45.000000 0.62491429645308627 -0.049870437248715954
849 3 2974.474474 67.500000 0.62491429645308627 -0.049870437248715954
850 0 2977.977978 0.000000 0.62448294684511629 -0.0502580647584202
850 1 2977.977978 22.500000 0.62448294684511629 -0.0502580647584202
850 2 2977.977978 45.000000 0.62448294684511629 -0.0502580647584202
850 3 2977.977978 67.500000 0.62448294684511629 -0.0502580647584202
851 0 2981.481481 0.000000 0.62340882351318216 -0.050459519129277458
851 1 2981.481481 22.500000 0.62340882351318216 -0.050459519129277458
851 2 2981.481481 45.000000 0.62340882351318216 -0.050459519129277458
851 3 2981.481481 67.500000 0.62340882351318216 -0.050459519129277458
852 0 2984.984985 0.000000 0.62187925576222847 -0.050440748771534795
852 1 2984.984985 22.500000 0.62187925576222847 -0.050440748771534795
852 2 2984.984985 45.000000 0.62187925576222847 -0.050440748771534795
852 3 2984.984985 67.500000 0.62187925576222847 -0.050440748771534795
853 0 2988.488488 0.000000 0.62015950377369344 -0.05020557858602049
853 1 2988.488488 22.500000 0.62015950377369344 -0.05020557858602049
853 2 2988.488488 45.000000 0.62015950377369344 -0.05020557858602049
853 3 2988.488488 67.500000 0.62015950377369344 -0.05020557858602049
854 0 2991.991992 0.000000 0.61854626598410889 -0.049794951272958528
854 1 2991.991992 22.500000 0.61854626598410889 -0.049794951272958528
854 2 2991.991992 45.000000 0.61854626598410889 -0.049794951272958528
854 3 2991.991992 67.500000 0.61854626598410889 -0.049794951272958528
855 0 2995.495495 0.000000 0.61731626375553739 -0.04927980414319455
855 1 2995.495495 22.500000 0.61731626375553739 -0.04927980414319455
855 2 2995.495495 45.000000 0.61731626375553739 -0.04927980414319455
855 3 2995.495495 67.500000 0.61731626375553739 -0.04927980414319455
856 0 2998.998999 0.000000 0.61667896915779596 -0.048748819946744959
856 1 2998.998999 22.500000 0.61667896915779596 -0.048748819946744959
856 2 2998.998999 45.000000 0.61667896915779596 -0.048748819946744959
856 3 2998.998999 67.500000 0.61667896915779596 -0.048748819946744959
857 0 3002.502503 0.000000 0.61674142908286644 -0.048293165979143293
857 1 3002.502503 22.500000 0.61674142908286644 -0.048293165979143293
857 2 3002.502503 45.000000 0.61674142908286644 -0.048293165979143293
857 3 3002.502503 67.500000 0.61674142908286644 -0.048293165979143293
858 0 3006.006006 0.000000 0.61749076928807689 -0.047990846685543986
858 1 3006.006006 22.500000 0.61749076928807689 -0.047990846685543986
858 2 3006.006006 45.000000 0.61749076928807689 -0.047990846685543986
858 3 3006.006006 67.500000 0.61749076928807689 -0.047990846685543986
859 0 3009.509510 0.000000 0.61879692244217077 -0.047893354499048739
859 1 3009.509510 22.500000 0.61879692244217077 -0.047893354499048739
859 2 3009.509510 45.000000 0.61879692244217077 -0.047893354499048739
859 3 3009.509510 67.500000 0.61879692244217077 -0.047893354499048739
860 0 3013.013013 0.000000 0.62043492854152682 -0.048016902672358329
860 1 3013.013013 22.500000 0.62043492854152682 -0.048016902672358329
860 2 3013.013013 45.000000 0.62043492854152682 -0.048016902672358329
860 3 3013.013013 67.500000 0.62043492854152682 -0.048016902672358329
861 0 3016.516517 0.000000 0.62212316424759517 -0.048339732300646504
861 1 3016.516517 22.500000 0.62212316424759517 -0.048339732300646504
861 2 3016.516517 45.000000 0.62212316424759517 -0.048339732300646504
861 3 3016.516517 67.500000 0.62212316424759517 -0.048339732300646504
862 0 3020.020020 0.000000 0.62357134014194504 -0.048805940279039152
862 1 3020.020020 22.500000 0.62357134014194504 -0.048805940279039152
862 2 3020.020020 45.000000 0.62357134014194504 -0.048805940279039152
862 3 3020.020020 67.500000 0.62357134014194504 -0.048805940279039152
863 0 3023.523524 0.000000 0.6245303559768729 -0.04933515546630151
863 1 3023.523524 22.500000 0.6245303559768729 -0.04933515546630151
863 2 3023.523524 45.000000 0.6245303559768729 -0.04933515546630151
863 3 3023.523524 67.500000 0.6245303559768729 -0.04933515546630151
864 0 3027.027027 0.000000 0.62483548071135853 -0.049836388960571645
864 1 3027.027027 22.500000 0.62483548071135853 -0.049836388960571645
864 2 3027.027027 45.000000 0.62483548071135853 -0.049836388960571645
864 3 3027.027027 67.500000 0.62483548071135853 -0.049836388960571645
865 0 3030.530531 0.000000 0.62443514499034669 -0.050223672541737041
865 1 3030.530531 22.500000 0.62443514499034669 -0.050223672541737041
865 2 3030.530531 45.000000 0.62443514499034669 -0.050223672541737041
865 3 3030.530531 67.500000 0.62443514499034669 -0.050223672541737041
866 0 3034.034034 0.000000 0.623399982514525 -0.050430798359855915
866 1 3034.034034 22.500000 0.623399982514525 -0.050430798359855915
866 2 3034.034034 45.000000 0.623399982514525 -0.050430798359855915
866 3 3034.034034 67.500000 0.623399982514525 -0.050430798359855915
867 0 3037.537538 0.000000 0.62191031856004164 -0.050422633479936002
867 1 3037.537538 22.500000 0.62191031856004164 -0.050422633479936002
867 2 3037.537538 45.000000 0.62191031856004164 -0.050422633479936002
867 3 3037.537538 67.500000 0.62191031856004164 -0.050422633479936002
868 0 3041.041041 0.000000 0.62022436036784689 -0.050201076316761482
868 1 3041.041041 22.500000 0.62022436036784689 -0.050201076316761482
868 2 3041.041041 45.000000 0.62022436036784689 -0.050201076316761482
868 3 3041.041041 67.500000 0.62022436036784689 -0.050201076316761482
869 0 3044.544545 0.000000 0.61863296689358582 -0.049804645542178311
869 1 3044.544545 22.500000 0.61863296689358582 -0.049804645542178311
869 2 3044.544545 45.000000 0.61863296689358582 -0.049804645542178311
869 3 3044.544545 67.500000 0.61863296689358582 -0.049804645542178311
870 0 3048.048048 0.000000 0.61740923816736559 -0.049301786589657642
870 1 3048.048048 22.500000 0.61740923816736559 -0.049301786589657642
870 2 3048.048048 45.000000 0.61740923816736559 -0.049301786589657642
870 3 3048.048048 67.500000 0.61740923816736559 -0.049301786589657642
871 0 3051.551552 0.000000 0.61676181919514383 -0.048779058330478339
871 1 3051.551552 22.500000 0.61676181919514383 -0.048779058330478339
871 2 3051.551552 45.000000 0.61676181919514383 -0.048779058330478339
871 3 3051.551552 67.500000 0.61676181919514383 -0.048779058330478339
872 0 3055.055055 0.000000 0.61679979500445536 -0.048326238121973265
872 1 3055.055055 22.500000 0.61679979500445536 -0.048326238121973265
872 2 3055.055055 45.000000 0.61679979500445536 -0.048326238121973265
872 3 3055.055055 67.500000 0.61679979500445536 -0.048326238121973265
873 0 3058.558559 0.000000 0.61751477782632269 -0.048020907519530198
873 1 3058.558559 22.500000 0.61751477782632269 -0.048020907519530198
873 2 3058.558559 45.000000 0.61751477782632269 -0.048020907519530198
873 3 3058.558559 67.500000 0.61751477782632269 -0.048020907519530198
874 0 3062.062062 0.000000 0.61878282247526972 -0.04791516439805469
874 1 3062.062062 22.500000 0.61878282247526972 -0.04791516439805469
874 2 3062.062062 45.000000 0.61878282247526972 -0.04791516439805469
874 3 3062.062062 67.500000 0.61878282247526972 -0.04791516439805469
875 0 3065.565566 0.000000 0.62038565995337192 -0.048026736695755308
875 1 3065.565566 22.500000 0.62038565995337192 -0.048026736695755308
875 2 3065.565566 45.000000 0.62038565995337192 -0.048026736695755308
875 3 3065.565566 67.500000 0.62038565995337192 -0.048026736695755308
876 0 3069.069069 0.000000 0.62204777617635321 -0.048336013001190399
876 1 3069.069069 22.500000 0.62204777617635321 -0.048336013001190399
876 2 3069.069069 45.000000 0.62204777617635321 -0.048336013001190399
876 3 3069.069069 67.500000 0.62204777617635321 -0.048336013001190399
877 0 3072.572573 0.000000 0.62348335722251791 -0.048789486927980623
877 1 3072.572573 22.500000 0.62348335722251791 -0.048789486927980623
877 2 3072.572573 45.000000 0.62348335722251791 -0.048789486927980623
877 3 3072.572573 67.500000 0.62348335722251791 -0.048789486927980623
878 0 3076.076076 0.000000 0.62444536706503795 -0.049309010849045883
878 1 3076.076076 22.500000 0.62444536706503795 -0.049309010849045883
878 2 3076.076076 45.000000 0.62444536706503795 -0.049309010849045883
878 3 3076.076076 67.500000 0.62444536706503795 -0.049309010849045883
879 0 3079.579580 0.000000 0.62476836774115407 -0.04980525916554835
879 1 3079.579580 22.500000 0.62476836774115407 -0.04980525916554835
879 2 3079.579580 45.000000 0.62476836774115407 -0.04980525916554835
879 3 3079.579580 67.500000 0.62476836774115407 -0.04980525916554835
880 0 3083.083083 0.000000 0.62439744809782749 -0.050193082371640711
880 1 3083.083083 22.500000 0.62439744809782749 -0.050193082371640711
880 2 3083.083083 45.000000 0.62439744809782749 -0.050193082371640711
880 3 3083.083083 67.500000 0.62439744809782749 -0.050193082371640711
881 0 3086.586587 0.000000 0.62339788434589505 -0.050406113487248001
881 1 3086.586587 22.500000 0.62339788434589505 -0.050406113487248001
881 2 3086.586587 45.000000 0.62339788434589505 -0.050406113487248001
881 3 3086.586587 67.500000 0.62339788434589505 -0.050406113487248001
882 0 3090.090090 0.000000 0.62194361782421925 -0.050408121995574505
882 1 3090.090090 22.500000 0.62194361782421925 -0.050408121995574505
882 2 3090.090090 45.000000 0.62194361782421925 -0.050408121995574505
882 3 3090.090090 67.500000 0.62194361782421925 -0.050408121995574505
883 0 3093.593594 0.000000 0.62028661200146362 -0.050199173426409116
883 1 3093.593594 22.500000 0.62028661200146362 -0.050199173426409116
883 2 3093.593594 45.000000 0.62028661200146362 -0.050199173426409116
883 3 3093.593594 67.500000 0.62028661200146362 -0.050199173426409116
884 0 3097.097097 0.000000 0.6187127380976335 -0.049815547753301187
884 1 3097.097097 22.500000 0.6187127380976335 -0.049815547753301187
884 2 3097.097097 45.000000 0.6187127380976335 -0.049815547753301187
884 3 3097.097097 67.500000 0.6187127380976335 -0.049815547753301187
885 0 3100.600601 0.000000 0.61749222046539343 -0.049323442650674933
885 1 3100.600601 22.500000 0.61749222046539343 -0.049323442650674933
885 2 3100.600601 45.000000 0.61749222046539343 -0.049323442650674933
885 3 3100.600601 67.500000 0.61749222046539343 -0.049323442650674933
886 0 3104.104104 0.000000 0.61683339202366427 -0.048807554008215577
886 1 3104.104104 22.500000 0.61683339202366427 -0.048807554008215577
886 2 3104.104104 45.000000 0.61683339202366427 -0.048807554008215577
886 3 3104.104104 67.500000 0.61683339202366427 -0.048807554008215577
887 0 3107.607608 0.000000 0.61684757897217368 -0.048356503017450099
887 1 3107.607608 22.500000 0.61684757897217368 -0.048356503017450099
887 2 3107.607608 45.000000 0.61684757897217368 -0.048356503017450099
887 3 3107.607608 67.500000 0.61684757897217368 -0.048356503017450099
888 0 3111.111111 0.000000 0.61753074343255976 -0.048047616557896911
888 1 3111.111111 22.500000 0.61753074343255976 -0.048047616557896911
888 2 3111.111111 45.000000 0.61753074343255976 -0.048047616557896911
888 3 3111.111111 67.500000 0.61753074343255976 -0.048047616557896911
889 0 3114.614615 0.000000 0.61876461375456737 -0.047933673957207323
889 1 3114.614615 22.500000 0.61876461375456737 -0.047933673957207323
889 2 3114.614615 45.000000 0.61876461375456737 -0.047933673957207323
889 3 3114.614615 67.500000 0.61876461375456737 -0.047933673957207323
890 0 3118.118118 0.000000 0.62033692864363565 -0.048033891027256553
890 1 3118.118118 22.500000 0.62033692864363565 -0.048033891027256553
890 2 3118.118118 45.000000 0.62033692864363565 -0.048033891027256553
890 3 3118.118118 67.500000 0.62033692864363565 -0.048033891027256553
891 0 3121.621622 0.000000 0.62197748067011227 -0.048330681096930679
891 1 3121.621622 22.500000 0.62197748067011227 -0.048330681096930679
891 2 3121.621622 45.000000 0.62197748067011227 -0.048330681096930679
891 3 3121.621622 67.500000 0.62197748067011227 -0.048330681096930679
892 0 3125.125125 0.000000 0.62340414573416059 -0.048772738703364148
892 1 3125.125125 22.500000 0.62340414573416059 -0.048772738703364148
892 2 3125.125125 45.000000 0.62340414573416059 -0.048772738703364148
892 3 3125.125125 67.500000 0.62340414573416059 -0.048772738703364148
893 0 3128.628629 0.000000 0.62437131860196549 -0.049283905666919446
893 1 3128.628629 22.500000 0.62437131860196549 -0.049283905666919446
893 2 3128.628629 45.000000 0.62437131860196549 -0.049283905666919446
893 3 3128.628629 67.500000 0.62437131860196549 -0.049283905666919446
894 0 3132.132132 0.000000 0.62471248400359347 -0.049776287923551196
894 1 3132.132132 22.500000 0.62471248400359347 -0.049776287923551196
894 2 3132.132132 45.000000 0.62471248400359347 -0.049776287923551196
894 3 3132.132132 67.500000 0.62471248400359347 -0.049776287923551196
895 0 3135.635636 0.000000 0.62436934681469503 -0.050165364637529693
895 1 3135.635636 22.500000 0.62436934681469503 -0.050165364637529693
895 2 3135.635636 45.000000 0.62436934681469503 -0.050165364637529693
895 3 3135.635636 67.500000 0.62436934681469503 -0.050165364637529693
896 0 3139.139139 0.000000 0.62340211797249978 -0.050384493022045118
896 1 3139.139139 22.500000 0.62340211797249978 -0.050384493022045118
896 2 3139.139139 45.000000 0.62340211797249978 -0.050384493022045118
896 3 3139.139139 67.500000 0.62340211797249978 -0.050384493022045118
897 0 3142.642643 0.000000 0.62197892702467217 -0.050396320311640083
897 1 3142.642643 22.500000 0.62197892702467217 -0.050396320311640083
897 2 3142.642643 45.000000 0.62197892702467217 -0.050396320311640083
897 3 3142.642643 67.500000 0.62197892702467217 -0.050396320311640083
898 0 3146.146146 0.000000 0.62034624164934105 -0.050199149190619664
898 1 3146.146146 22.500000 0.62034624164934105 -0.050199149190619664
898 2 3146.146146 45.000000 0.62034624164934105 -0.050199149190619664
898 3 3146.146146 67.500000 0.62034624164934105 -0.050199149190619664
899 0 3149.649650 0.000000 0.61878573631777878 -0.049827172223121337
899 1 3149.649650 22.500000 0.61878573631777878 -0.049827172223121337
899 2 3149.649650 45.000000 0.61878573631777878 -0.049827172223121337
899 3 3149.649650 67.500000 0.61878573631777878 -0.049827172223121337
900 0 3153.153153 0.000000 0.61756545750961156 -0.049344544775055489
900 1 3153.153153 22.500000 0.61756545750961156 -0.049344544775055489
900 2 3153.153153 45.000000 0.61756545750961156 -0.049344544775055489
900 3 3153.153153 67.500000 0.61756545750961156 -0.049344544775055489
901 0 3156.656657 0.000000 0.61689391502615021 -0.048834323437532016
901 1 3156.656657 22.500000 0.61689391502615021 -0.048834323437532016
901 2 3156.656657 45.000000 0.61689391502615021 -0.048834323437532016
901 3 3156.656657 67.500000 0.61689391502615021 -0.048834323437532016
902 0 3160.160160 0.000000 0.61688487920312307 -0.048384176597548366
902 1 3160.160160 22.500000 0.61688487920312307 -0.048384176597548366
902 2 3160.160160 45.000000 0.61688487920312307 -0.048384176597548366
902 3 3160.160160 67.500000 0.61688487920312307 -0.048384176597548366
903 0 3163.663664 0.000000 0.61753855036317695 -0.048071324894526903
903 1 3163.663664 22.500000 0.61753855036317695 -0.048071324894526903
903 2 3163.663664 45.000000 0.61753855036317695 -0.048071324894526903
903 3 3163.663664 67.500000 0.61753855036317695 -0.048071324894526903
904 0 3167.167167 0.000000 0.61874192621018231 -0.047949297786609398
904 1 3167.167167 22.500000 0.61874192621018231 -0.047949297786609398
904 2 3167.167167 45.000000 0.61874192621018231 -0.047949297786609398
904 3 3167.167167 67.500000 0.61874192621018231 -0.047949297786609398
905 0 3170.670671 0.000000 0.62028812503164976 -0.048038776911657075
905 1 3170.670671 22.500000 0.62028812503164976 -0.048038776911657075
905 2 3170.670671 45.000000 0.62028812503164976 -0.048038776911657075
905 3 3170.670671 67.500000 0.62028812503164976 -0.048038776911657075
906 0 3174.174174 0.000000 0.62191149868605067 -0.048324092161810148
906 1 3174.174174 22.500000 0.62191149868605067 -0.048324092161810148
906 2 3174.174174 45.000000 0.62191149868605067 -0.048324092161810148
906 3 3174.174174 67.500000 0.62191149868605067 -0.048324092161810148
907 0 3177.677678 0.000000 0.62333287160398931 -0.048755963896576562
907 1 3177.677678 22.500000 0.62333287160398931 -0.048755963896576562
907 2 3177.677678 45.000000 0.62333287160398931 -0.048755963896576562
907 3 3177.677678 67.500000 0.62333287160398931 -0.048755963896576562
908 0 3181.181181 0.000000 0.62430746025084127 -0.049260011759643028
908 1 3181.181181 22.500000 0.62430746025084127 -0.049260011759643028
908 2 3181.181181 45.000000 0.62430746025084127 -0.049260011759643028
908 3 3181.181181 67.500000 0.62430746025084127 -0.049260011759643028
909 0 3184.684685 0.000000 0.62466730029405171 -0.04974956140340818
909 1 3184.684685 22.500000 0.62466730029405171 -0.04974956140340818
909 2 3184.684685 45.000000 0.62466730029405171 -0.04974956140340818
909 3 3184.684685 67.500000 0.62466730029405171 -0.04974956140340818
910 0 3188.188188 0.000000 0.62435064262404172 -0.05014054469333417
910 1 3188.188188 22.500000 0.62435064262404172 -0.05014054469333417
910 2 3188.188188 45.000000 0.62435064262404172 -0.05014054469333417
910 3 3188.188188 67.500000 0.62435064262404172 -0.05014054469333417
911 0 3191.691692 0.000000 0.62341287531089895 -0.050365932575880464
911 1 3191.691692 22.500000 0.62341287531089895 -0.050365932575880464
911 2 3191.691692 45.000000 0.62341287531089895 -0.050365932575880464
911 3 3191.691692 67.500000 0.62341287531089895 -0.050365932575880464
912 0 3195.195195 0.000000 0.62201682542013126 -0.050387223403012264
912 1 3195.195195 22.500000 0.62201682542013126 -0.050387223403012264
912 2 3195.195195 45.000000 0.62201682542013126 -0.050387223403012264
912 3 3195.195195 67.500000 0.62201682542013126 -0.050387223403012264
913 0 3198.698699 0.000000 0.62040414845243885 -0.050201018186720667
913 1 3198.698699 22.500000 0.62040414845243885 -0.050201018186720667
913 2 3198.698699 45.000000 0.62040414845243885 -0.050201018186720667
913 3 3198.698699 67.500000 0.62040414845243885 -0.050201018186720667
914 0 3202.202202 0.000000 0.61885305884021979 -0.049839560161454161
914 1 3202.202202 22.500000 0.61885305884021979 -0.049839560161454161
914 2 3202.202202 45.000000 0.61885305884021979 -0.049839560161454161
914 3 3202.202202 67.500000 0.61885305884021979 -0.049839560161454161
915 0 3205.705706 0.000000 0.61763008827392751 -0.049365153558600619
915 1 3205.705706 22.500000 0.61763008827392751 -0.049365153558600619
915 2 3205.705706 45.000000 0.61763008827392751 -0.049365153558600619
915 3 3205.705706 67.500000 0.61763008827392751 -0.049365153558600619
916 0 3209.209209 0.000000 0.61694440295725206 -0.048859427342871062
916 1 3209.209209 22.500000 0.61694440295725206 -0.048859427342871062
916 2 3209.209209 45.000000 0.61694440295725206 -0.048859427342871062
916 3 3209.209209 67.500000 0.61694440295725206 -0.048859427342871062
917 0 3212.712713 0.000000 0.61691243744282354 -0.048409293457094348
917 1 3212.712713 22.500000 0.61691243744282354 -0.048409293457094348
917 2 3212.712713 45.000000 0.61691243744282354 -0.048409293457094348
917 3 3212.712713 67.500000 0.61691243744282354 -0.048409293457094348
918 0 3216.216216 0.000000 0.61753855927669421 -0.048092014385697844
918 1 3216.216216 22.500000 0.61753855927669421 -0.048092014385697844
918 2 3216.216216 45.000000 0.61753855927669421 -0.048092014385697844
918 3 3216.216216 67.500000 0.61753855927669421 -0.048092014385697844
919 0 3219.719720 0.000000 0.61871468910440042 -0.047961944937129374
919 1 3219.719720 22.500000 0.61871468910440042 -0.047961944937129374
919 2 3219.719720 45.000000 0.61871468910440042 -0.047961944937129374
919 3 3219.719720 67.500000 0.61871468910440042 -0.047961944937129374
920 0 3223.223223 0.000000 0.62023876240744491 -0.048041222782069876
920 1 3223.223223 22.500000 0.62023876240744491 -0.048041222782069876
920 2 3223.223223 45.000000 0.62023876240744491 -0.048041222782069876
920 3 3223.223223 67.500000 0.62023876240744491 -0.048041222782069876
921 0 3226.726727 0.000000 0.62184900625461648 -0.048316001805003207
921 1 3226.726727 22.500000 0.62184900625461648 -0.048316001805003207
921 2 3226.726727 45.000000 0.62184900625461648 -0.048316001805003207
921 3 3226.726727 67.500000 0.62184900625461648 -0.048316001805003207
922 0 3230.230230 0.000000 0.62326850290458446 -0.048738868963234677
922 1 3230.230230 22.500000 0.62326850290458446 -0.048738868963234677
922 2 3230.230230 45.000000 0.62326850290458446 -0.048738868963234677
922 3 3230.230230 67.500000 0.62326850290458446 -0.048738868963234677
923 0 3233.733734 0.000000 0.62425271087659129 -0.049237023034974618
923 1 3233.733734 22.500000 0.62425271087659129 -0.049237023034974618
923 2 3233.733734 45.000000 0.62425271087659129 -0.049237023034974618
923 3 3233.733734 67.500000 0.62425271087659129 -0.049237023034974618
924 0 3237.237237 0.000000 0.62463184831803309 -0.049724804833338125
924 1 3237.237237 22.500000 0.62463184831803309 -0.049724804833338125
924 2 3237.237237 45.000000 0.62463184831803309 -0.049724804833338125
924 3 3237.237237 67.500000 0.62463184831803309 -0.049724804833338125
925 0 3240.740741 0.000000 0.62434061884866898 -0.050118422814411395
925 1 3240.740741 22.500000 0.62434061884866898 -0.050118422814411395
925 2 3240.740741 45.000000 0.62434061884866898 -0.050118422814411395
925 3 3240.740741 67.500000 0.62434061884866898 -0.050118422814411395
926 0 3244.244244 0.000000 0.623429784681508 -0.050350343255586502
926 1 3244.244244 22.500000 0.623429784681508 -0.050350343255586502
926 2 3244.244244 45.000000 0.623429784681508 -0.050350343255586502
926 3 3244.244244 67.500000 0.623429784681508 -0.050350343255586502
927 0 3247.747748 0.000000 0.62205732066583208 -0.050380874279421672
927 1 3247.747748 22.500000 0.62205732066583208 -0.050380874279421672
927 2 3247.747748 45.000000 0.62205732066583208 -0.050380874279421672
927 3 3247.747748 67.500000 0.62205732066583208 -0.050380874279421672
928 0 3251.251251 0.000000 0.62046069177782659 -0.050204957204530873
928 1 3251.251251 22.500000 0.62046069177782659 -0.050204957204530873
928 2 3251.251251 45.000000 0.62046069177782659 -0.050204957204530873
928 3 3251.251251 67.500000 0.62046069177782659 -0.050204957204530873
929 0 3254.754755 0.000000 0.61891533498208962 -0.049853003493117228
929 1 3254.754755 22.500000 0.61891533498208962 -0.049853003493117228
929 2 3254.754755 45.000000 0.61891533498208962 -0.049853003493117228
929 3 3254.754755 67.500000 0.61891533498208962 -0.049853003493117228
930 0 3258.258258 0.000000 0.61768689262107812 -0.049385639031696141
930 1 3258.258258 22.500000 0.61768689262107812 -0.049385639031696141
930 2 3258.258258 45.000000 0.61768689262107812 -0.049385639031696141
930 3 3258.258258 67.500000 0.61768689262107812 -0.049385639031696141
931 0 3261.761762 0.000000 0.61698565088817547 -0.048883263754110992
931 1 3261.761762 22.500000 0.61698565088817547 -0.048883263754110992
931 2 3261.761762 45.000000 0.61698565088817547 -0.048883263754110992
931 3 3261.761762 67.500000 0.61698565088817547 -0.048883263754110992
932 0 3265.265265 0.000000 0.61693093564383827 -0.048432224065412026
932 1 3265.265265 22.500000 0.61693093564383827 -0.048432224065412026
932 2 3265.265265 45.000000 0.61693093564383827 -0.048432224065412026
932 3 3265.265265 67.500000 0.61693093564383827 -0.048432224065412026
933 0 3268.768769 0.000000 0.61753123812894917 -0.048109975599192181
933 1 3268.768769 22.500000 0.61753123812894917 -0.048109975599192181
933 2 3268.768769 45.000000 0.61753123812894917 -0.048109975599192181
933 3 3268.768769 67.500000 0.61753123812894917 -0.048109975599192181
934 0 3272.272272 0.000000 0.61868309790041853 -0.047971785222180666
934 1 3272.272272 22.500000 0.61868309790041853 -0.047971785222180666
934 2 3272.272272 45.000000 0.61868309790041853 -0.047971785222180666
934 3 3272.272272 67.500000 0.61868309790041853 -0.047971785222180666
935 0 3275.775776 0.000000 0.62018875502591742 -0.048041254806599668
935 1 3275.775776 22.500000 0.62018875502591742 -0.048041254806599668
935 2 3275.775776 45.000000 0.62018875502591742 -0.048041254806599668
935 3 3275.775776 67.500000 0.62018875502591742 -0.048041254806599668
936 0 3279.279279 0.000000 0.62178967641811478 -0.048306291210451525
936 1 3279.279279 22.500000 0.62178967641811478 -0.048306291210451525
936 2 3279.279279 45.000000 0.62178967641811478 -0.048306291210451525
936 3 3279.279279 67.500000 0.62178967641811478 -0.048306291210451525
937 0 3282.782783 0.000000 0.6232105509181759 -0.048721210424644584
937 1 3282.782783 22.500000 0.6232105509181759 -0.048721210424644584
937 2 3282.782783 45.000000 0.6232105509181759 -0.048721210424644584
937 3 3282.782783 67.500000 0.6232105509181759 -0.048721210424644584
938 0 3286.286286 0.000000 0.62420652305235591 -0.04921460995189042
938 1 3286.286286 22.500000 0.62420652305235591 -0.04921460995189042
938 2 3286.286286 45.000000 0.62420652305235591 -0.04921460995189042
938 3 3286.286286 67.500000 0.62420652305235591 -0.04921460995189042
939 0 3289.789790 0.000000 0.62460562893282201 -0.049701653197835087
939 1 3289.789790 22.500000 0.62460562893282201 -0.049701653197835087
939 2 3289.789790 45.000000 0.62460562893282201 -0.049701653197835087
939 3 3289.789790 67.500000 0.62460562893282201 -0.049701653197835087
940 0 3293.293293 0.000000 0.62433891575938616 -0.050098652950420944
940 1 3293.293293 22.500000 0.62433891575938616 -0.050098652950420944
940 2 3293.293293 45.000000 0.62433891575938616 -0.050098652950420944
940 3 3293.293293 67.500000 0.62433891575938616 -0.050098652950420944
941 0 3296.796797 0.000000 0.62345268486437866 -0.050337447651306544
941 1 3296.796797 22.500000 0.62345268486437866 -0.050337447651306544
941 2 3296.796797 45.000000 0.62345268486437866 -0.050337447651306544
941 3 3296.796797 67.500000 0.62345268486437866 -0.050337447651306544
942 0 3300.300300 0.000000 0.62210046764225146 -0.050377101413860197
942 1 3300.300300 22.500000 0.62210046764225146 -0.050377101413860197
942 2 3300.300300 45.000000 0.62210046764225146 -0.050377101413860197
942 3 3300.300300 67.500000 0.62210046764225146 -0.050377101413860197
943 0 3303.803804 0.000000 0.62051611752761149 -0.050210919936354605
943 1 3303.803804 22.500000 0.62051611752761149 -0.050210919936354605
943 2 3303.803804 45.000000 0.62051611752761149 -0.050210919936354605
943 3 3303.803804 67.500000 0.62051611752761149 -0.050210919936354605
944 0 3307.307307 0.000000 0.61897294087122734 -0.049867580141938407
944 1 3307.307307 22.500000 0.61897294087122734 -0.049867580141938407
944 2 3307.307307 45.000000 0.61897294087122734 -0.049867580141938407
944 3 3307.307307 67.500000 0.61897294087122734 -0.049867580141938407
945 0 3310.810811 0.000000 0.61773629364651395 -0.049406183003610007
945 1 3310.810811 22.500000 0.61773629364651395 -0.049406183003610007
945 2 3310.810811 45.000000 0.61773629364651395 -0.049406183003610007
945 3 3310.810811 67.500000 0.61773629364651395 -0.049406183003610007
946 0 3314.314314 0.000000 0.61701803983763415 -0.048906082765232083
946 1 3314.314314 22.500000 0.61701803983763415 -0.048906082765232083
946 2 3314.314314 45.000000 0.61701803983763415 -0.048906082765232083
946 3 3314.314314 67.500000 0.61701803983763415 -0.048906082765232083
947 0 3317.817818 0.000000 0.61694063479044836 -0.04845324241668212
947 1 3317.817818 22.500000 0.61694063479044836 -0.04845324241668212
947 2 3317.817818 45.000000 0.61694063479044836 -0.04845324241668212
947 3 3317.817818 67.500000 0.61694063479044836 -0.04845324241668212
948 0 3321.321321 0.000000 0.61751667513105535 -0.048125460946350028
948 1 3321.321321 22.500000 0.61751667513105535 -0.048125460946350028
948 2 3321.321321 45.000000 0.61751667513105535 -0.048125460946350028
948 3 3321.321321 67.500000 0.61751667513105535 -0.048125460946350028
949 0 3324.824825 0.000000 0.61864704966393946 -0.047979010457960485
949 1 3324.824825 22.500000 0.61864704966393946 -0.047979010457960485
949 2 3324.824825 45.000000 0.61864704966393946 -0.047979010457960485
949 3 3324.824825 67.500000 0.61864704966393946 -0.047979010457960485
950 0 3328.328328 0.000000 0.620137827611972 -0.048038977841652085
950 1 3328.328328 22.500000 0.620137827611972 -0.048038977841652085
950 2 3328.328328 45.000000 0.620137827611972 -0.048038977841652085
950 3 3328.328328 67.500000 0.620137827611972 -0.048038977841652085
951 0 3331.831832 0.000000 0.62173311364369421 -0.048294968337899473
951 1 3331.831832 22.500000 0.62173311364369421 -0.048294968337899473
951 2 3331.831832 45.000000 0.62173311364369421 -0.048294968337899473
951 3 3331.831832 67.500000 0.62173311364369421 -0.048294968337899473
952 0 3335.335335 0.000000 0.62315857527158713 -0.04870290665234437
952 1 3335.335335 22.500000 0.62315857527158713 -0.04870290665234437
952 2 3335.335335 45.000000 0.62315857527158713 -0.04870290665234437
952 3 3335.335335 67.500000 0.62315857527158713 -0.04870290665234437
953 0 3338.838839 0.000000 0.62416849602389735 -0.049192623662817674
953 1 3338.838839 22.500000 0.62416849602389735 -0.049192623662817674
953 2 3338.838839 45.000000 0.62416849602389735 -0.049192623662817674
953 3 3338.838839 67.500000 0.62416849602389735 -0.049192623662817674
954 0 3342.342342 0.000000 0.62458835844011951 -0.049679923154021893
954 1 3342.342342 22.500000 0.62458835844011951 -0.049679923154021893
954 2 3342.342342 45.000000 0.62458835844011951 -0.049679923154021893
954 3 3342.342342 67.500000 0.62458835844011951 -0.049679923154021893
955 0 3345.845846 0.000000 0.62434542235399937 -0.050081054020211499
955 1 3345.845846 22.500000 0.62434542235399937 -0.050081054020211499
955 2 3345.845846 45.000000 0.62434542235399937 -0.050081054020211499
955 3 3345.845846 67.500000 0.62434542235399937 -0.050081054020211499
956 0 3349.349349 0.000000 0.6234816608369268 -0.050327100959264889
956 1 3349.349349 22.500000 0.6234816608369268 -0.050327100959264889
956 2 3349.349349 45.000000 0.6234816608369268 -0.050327100959264889
956 3 3349.349349 67.500000 0.6234816608369268 -0.050327100959264889
957 0 3352.852853 0.000000 0.62214653398962405 -0.050375821536240491
957 1 3352.852853 22.500000 0.62214653398962405 -0.050375821536240491
957 2 3352.852853 45.000000 0.62214653398962405 -0.050375821536240491
957 3 3352.852853 67.500000 0.62214653398962405 -0.050375821536240491
958 0 3356.356356 0.000000 0.6205708289170847 -0.050218896925119286
958 1 3356.356356 22.500000 0.6205708289170847 -0.050218896925119286
958 2 3356.356356 45.000000 0.6205708289170847 -0.050218896925119286
958 3 3356.356356 67.500000 0.6205708289170847 -0.050218896925119286
959 0 3359.859860 0.000000 0.61902634359438991 -0.049883352046372627
959 1 3359.859860 22.500000 0.61902634359438991 -0.049883352046372627
959 2 3359.859860 45.000000 0.61902634359438991 -0.049883352046372627
959 3 3359.859860 67.500000 0.61902634359438991 -0.049883352046372627
960 0 3363.363363 0.000000 0.61777873947238915 -0.049426902707842425
960 1 3363.363363 22.500000 0.61777873947238915 -0.049426902707842425
960 2 3363.363363 45.000000 0.61777873947238915 -0.049426902707842425
960 3 3363.363363 67.500000 0.61777873947238915 -0.049426902707842425
961 0 3366.866867 0.000000 0.61704192010650238 -0.048928030611029433
961 1 3366.866867 22.500000 0.61704192010650238 -0.048928030611029433
961 2 3366.866867 45.000000 0.61704192010650238 -0.048928030611029433
961 3 3366.866867 67.500000 0.61704192010650238 -0.048928030611029433
962 0 3370.370370 0.000000 0.61694172645018608 -0.048472492530337079
962 1 3370.370370 22.500000 0.61694172645018608 -0.048472492530337079
962 2 3370.370370 45.000000 0.61694172645018608 -0.048472492530337079
962 3 3370.370370 67.500000 0.61694172645018608 -0.048472492530337079
963 0 3373.873874 0.000000 0.61749487062390607 -0.048138582142443841
963 1 3373.873874 22.500000 0.61749487062390607 -0.048138582142443841
963 2 3373.873874 45.000000 0.61749487062390607 -0.048138582142443841
963 3 3373.873874 67.500000 0.61749487062390607 -0.048138582142443841
964 0 3377.377377 0.000000 0.61860635480084514 -0.047983676805099254
964 1 3377.377377 22.500000 0.61860635480084514 -0.047983676805099254
964 2 3377.377377 45.000000 0.61860635480084514 -0.047983676805099254
964 3 3377.377377 67.500000 0.61860635480084514 -0.047983676805099254
965 0 3380.880881 0.000000 0.62008563520233972 -0.04803438041284544
965 1 3380.880881 22.500000 0.62008563520233972 -0.04803438041284544
965 2 3380.880881 45.000000 0.62008563520233972 -0.04803438041284544
965 3 3380.880881 67.500000 0.62008563520233972 -0.04803438041284544
966 0 3384.384384 0.000000 0.62167887916539222 -0.04828195534984938
966 1 3384.384384 22.500000 0.62167887916539222 -0.04828195534984938
966 2 3384.384384 45.000000 0.62167887916539222 -0.04828195534984938
966 3 3384.384384 67.500000 0.62167887916539222 -0.04828195534984938
967 0 3387.887888 0.000000 0.62311212092829116 -0.048683827733258869
967 1 3387.887888 22.500000 0.62311212092829116 -0.048683827733258869
967 2 3387.887888 45.000000 0.62311212092829116 -0.048683827733258869
967 3 3387.887888 67.500000 0.62311212092829116 -0.048683827733258869
968 0 3391.391391 0.000000 0.62413823802304313 -0.049170906720346713
968 1 3391.391391 22.500000 0.62413823802304313 -0.049170906720346713
968 2 3391.391391 45.000000 0.62413823802304313 -0.049170906720346713
968 3 3391.391391 67.500000 0.62413823802304313 -0.049170906720346713
969 0 3394.894895 0.000000 0.62457977548060495 -0.049659459861027468
969 1 3394.894895 22.500000 0.62457977548060495 -0.049659459861027468
969 2 3394.894895 45.000000 0.62457977548060495 -0.049659459861027468
969 3 3394.894895 67.500000 0.62457977548060495 -0.049659459861027468
970 0 3398.398398 0.000000 0.62436005028921227 -0.050065503855242346
970 1 3398.398398 22.500000 0.62436005028921227 -0.050065503855242346
970 2 3398.398398 45.000000 0.62436005028921227 -0.050065503855242346
970 3 3398.398398 67.500000 0.62436005028921227 -0.050065503855242346
971 0 3401.901902 0.000000 0.62351680786841635 -0.050319238027478813
971 1 3401.901902 22.500000 0.62351680786841635 -0.050319238027478813
971 2 3401.901902 45.000000 0.62351680786841635 -0.050319238027478813
971 3 3401.901902 67.500000 0.62351680786841635 -0.050319238027478813
972 0 3405.405405 0.000000 0.62219577583354557 -0.050377040550713778
972 1 3405.405405 22.500000 0.62219577583354557 -0.050377040550713778
972 2 3405.405405 45.000000 0.62219577583354557 -0.050377040550713778
972 3 3405.405405 67.500000 0.62219577583354557 -0.050377040550713778
973 0 3408.908909 0.000000 0.62062519179576581 -0.050228966181018256
973 1 3408.908909 22.500000 0.62062519179576581 -0.050228966181018256
973 2 3408.908909 45.000000 0.62062519179576581 -0.050228966181018256
973 3 3408.908909 67.500000 0.62062519179576581 -0.050228966181018256
974 0 3412.412412 0.000000 0.61907594936517685 -0.049900457081027083
974 1 3412.412412 22.500000 0.61907594936517685 -0.049900457081027083
974 2 3412.412412 45.000000 0.61907594936517685 -0.049900457081027083
974 3 3412.412412 67.500000 0.61907594936517685 -0.049900457081027083
975 0 3415.915916 0.000000 0.61781460225972185 -0.049447972481891825
975 1 3415.915916 22.500000 0.61781460225972185 -0.049447972481891825
975 2 3415.915916 45.000000 0.61781460225972185 -0.049447972481891825
975 3 3415.915916 67.500000 0.61781460225972185 -0.049447972481891825
976 0 3419.419419 0.000000 0.61705756392425615 -0.048949287704869386
976 1 3419.419419 22.500000 0.61705756392425615 -0.048949287704869386
976 2 3419.419419 45.000000 0.61705756392425615 -0.048949287704869386
976 3 3419.419419 67.500000 0.61705756392425615 -0.048949287704869386
977 0 3422.922923 0.000000 0.61693433713268819 -0.048490128981211134
977 1 3422.922923 22.500000 0.61693433713268819 -0.048490128981211134
977 2 3422.922923 45.000000 0.61693433713268819 -0.048490128981211134
977 3 3422.922923 67.500000 0.61693433713268819 -0.048490128981211134
978 0 3426.426426 0.000000 0.61746578730985191 -0.048149440235093731
978 1 3426.426426 22.500000 0.61746578730985191 -0.048149440235093731
978 2 3426.426426 45.000000 0.61746578730985191 -0.048149440235093731
978 3 3426.426426 67.500000 0.61746578730985191 -0.048149440235093731
979 0 3429.929930 0.000000 0.61856082436940407 -0.047985813329573461
979 1 3429.929930 22.500000 0.61856082436940407 -0.047985813329573461
979 2 3429.929930 45.000000 0.61856082436940407 -0.047985813329573461
979 3 3429.929930 67.500000 0.61856082436940407 -0.047985813329573461
980 0 3433.433433 0.000000 0.62003187683220995 -0.048027413745184815
980 1 3433.433433 22.500000 0.62003187683220995 -0.048027413745184815
980 2 3433.433433 45.000000 0.62003187683220995 -0.048027413745184815
980 3 3433.433433 67.500000 0.62003187683220995 -0.048027413745184815
981 0 3436.936937 0.000000 0.62162661946388353 -0.04826713347435433
981 1 3436.936937 22.500000 0.62162661946388353 -0.04826713347435433
981 2 3436.936937 45.000000 0.62162661946388353 -0.04826713347435433
981 3 3436.936937 67.500000 0.62162661946388353 -0.04826713347435433
982 0 3440.440440 0.000000 0.62307084997948137 -0.048663805102460926
982 1 3440.440440 22.500000 0.62307084997948137 -0.048663805102460926
982 2 3440.440440 45.000000 0.62307084997948137 -0.048663805102460926
982 3 3440.440440 67.500000 0.62307084997948137 -0.048663805102460926
983 0 3443.943944 0.000000 0.62411549083909101 -0.049149269776795318
983 1 3443.943944 22.500000 0.62411549083909101 -0.049149269776795318
983 2 3443.943944 45.000000 0.62411549083909101 -0.049149269776795318
983 3 3443.943944 67.500000 0.62411549083909101 -0.049149269776795318
984 0 3447.447447 0.000000 0.62457974948158279 -0.04964008587811846
984 1 3447.447447 22.500000 0.62457974948158279 -0.04964008587811846
984 2 3447.447447 45.000000 0.62457974948158279 -0.04964008587811846
984 3 3447.447447 67.500000 0.62457974948158279 -0.04964008587811846
985 0 3450.950951 0.000000 0.62438281939406759 -0.050051867508947169
985 1 3450.950951 22.500000 0.62438281939406759 -0.050051867508947169
985 2 3450.950951 45.000000 0.62438281939406759 -0.050051867508947169
985 3 3450.950951 67.500000 0.62438281939406759 -0.050051867508947169
986 0 3454.454454 0.000000 0.62355828963131088 -0.050313789484631277
986 1 3454.454454 22.500000 0.62355828963131088 -0.050313789484631277
986 2 3454.454454 45.000000 0.62355828963131088 -0.050313789484631277
986 3 3454.454454 67.500000 0.62355828963131088 -0.050313789484631277
987 0 3457.957958 0.000000 0.62224846641851095 -0.050380766174676087
987 1 3457.957958 22.500000 0.62224846641851095 -0.050380766174676087
987 2 3457.957958 45.000000 0.62224846641851095 -0.050380766174676087
987 3 3457.957958 67.500000 0.62224846641851095 -0.050380766174676087
988 0 3461.461461 0.000000 0.62067953400776221 -0.050241210458664545
988 1 3461.461461 22.500000 0.62067953400776221 -0.050241210458664545
988 2 3461.461461 45.000000 0.62067953400776221 -0.050241210458664545
988 3 3461.461461 67.500000 0.62067953400776221 -0.050241210458664545
989 0 3464.964965 0.000000 0.61912207586780943 -0.049919037839636499
989 1 3464.964965 22.500000 0.61912207586780943 -0.049919037839636499
989 2 3464.964965 45.000000 0.61912207586780943 -0.049919037839636499
989 3 3464.964965 67.500000 0.61912207586780943 -0.049919037839636499
990 0 3468.468468 0.000000 0.61784412753830431 -0.049469569167170033
990 1 3468.468468 22.500000 0.61784412753830431 -0.049469569167170033
990 2 3468.468468 45.000000 0.61784412753830431 -0.049469569167170033
990 3 3468.468468 67.500000 0.61784412753830431 -0.049469569167170033
991 0 3471.971972 0.000000 0.617065097156414 -0.048970033741481254
991 1 3471.971972 22.500000 0.617065097156414 -0.048970033741481254
991 2 3471.971972 45.000000 0.617065097156414 -0.048970033741481254
991 3 3471.971972 67.500000 0.617065097156414 -0.048970033741481254
992 0 3475.475475 0.000000 0.61691844875682911 -0.048506302723066629
992 1 3475.475475 22.500000 0.61691844875682911 -0.048506302723066629
992 2 3475.475475 45.000000 0.61691844875682911 -0.048506302723066629
992 3 3475.475475 67.500000 0.61691844875682911 -0.048506302723066629
993 0 3478.978979 0.000000 0.61742926641511731 -0.048158131255067946
993 1 3478.978979 22.500000 0.61742926641511731 -0.048158131255067946
993 2 3478.978979 45.000000 0.61742926641511731 -0.048158131255067946
993 3 3478.978979 67.500000 0.61742926641511731 -0.048158131255067946
994 0 3482.482482 0.000000 0.61851018894974341 -0.047985444988506369
994 1 3482.482482 22.500000 0.61851018894974341 -0.047985444988506369
994 2 3482.482482 45.000000 0.61851018894974341 -0.047985444988506369
994 3 3482.482482 67.500000 0.61851018894974341 -0.047985444988506369
995 0 3485.985986 0.000000 0.61997622369003336 -0.048018028407028596
995 1 3485.985986 22.500000 0.61997622369003336 -0.048018028407028596
995 2 3485.985986 45.000000 0.61997622369003336 -0.048018028407028596
995 3 3485.985986 67.500000 0.61997622369003336 -0.048018028407028596
996 0 3489.489489 0.000000 0.62157600933310198 -0.04825038890573944
996 1 3489.489489 22.500000 0.62157600933310198 -0.04825038890573944
996 2 3489.489489 45.000000 0.62157600933310198 -0.04825038890573944
996 3 3489.489489 67.500000 0.62157600933310198 -0.04825038890573944
997 0 3492.992993 0.000000 0.6230345038136168 -0.048642682029359126
997 1 3492.992993 22.500000 0.6230345038136168 -0.048642682029359126
997 2 3492.992993 45.000000 0.6230345038136168 -0.048642682029359126
997 3 3492.992993 67.500000 0.6230345038136168 -0.048642682029359126
998 0 3496.496496 0.000000 0.62410011345763583 -0.049127542123386797
998 1 3496.496496 22.500000 0.62410011345763583 -0.049127542123386797
998 2 3496.496496 45.000000 0.62410011345763583 -0.049127542123386797
998 3 3496.496496 67.500000 0.62410011345763583 -0.049127542123386797
999 0 3500.000000 0.000000 0.62458828607603101 -0.049621647698295433
999 1 3500.000000 22.500000 0.62458828607603101 -0.049621647698295433
999 2 3500.000000 45.000000 0.62458828607603101 -0.049621647698295433
999 3 3500.000000 67.500000 0.62458828607603101 -0.049621647698295433
