# Nx=1000 Ny=4 Lx=3500.0 Ly=67.5 lambda=13.50
# i j x_nm y_nm |E|^2 Re(Ey)
0 0 0.000000 0.000000 0.6295320337624879 0.069939604203308095
0 1 0.000000 22.500000 0.6295320337624879 0.069939604203308095
0 2 0.000000 45.000000 0.6295320337624879 0.069939604203308095
0 3 0.000000 67.500000 0.6295320337624879 0.069939604203308095
1 0 3.503504 0.000000 0.62914140978604605 0.07066163765845454
1 1 3.503504 22.500000 0.62914140978604605 0.07066163765845454
1 2 3.503504 45.000000 0.62914140978604605 0.07066163765845454
1 3 3.503504 67.500000 0.62914140978604605 0.07066163765845454
2 0 7.007007 0.000000 0.6280924453152763 0.071205745716067234
2 1 7.007007 22.500000 0.6280924453152763 0.071205745716067234
2 2 7.007007 45.000000 0.6280924453152763 0.071205745716067234
2 3 7.007007 67.500000 0.6280924453152763 0.071205745716067234
3 0 10.510511 0.000000 0.62656578255133866 0.071478244716771056
3 1 10.510511 22.500000 0.62656578255133866 0.071478244716771056
3 2 10.510511 45.000000 0.62656578255133866 0.071478244716771056
3 3 10.510511 67.500000 0.62656578255133866 0.071478244716771056
4 0 14.014014 0.000000 0.62482438364833248 0.071432115646701377
4 1 14.014014 22.500000 0.62482438364833248 0.071432115646701377
4 2 14.014014 45.000000 0.62482438364833248 0.071432115646701377
4 3 14.014014 67.500000 0.62482438364833248 0.071432115646701377
5 0 17.517518 0.000000 0.62316795025904004 0.071075115067184613
5 1 17.517518 22.500000 0.62316795025904004 0.071075115067184613
5 2 17.517518 45.000000 0.62316795025904004 0.071075115067184613
5 3 17.517518 67.500000 0.62316795025904004 0.071075115067184613
6 0 21.021021 0.000000 0.62188127490259504 0.070468471856066167
6 1 21.021021 22.500000 0.62188127490259504 0.070468471856066167
6 2 21.021021 45.000000 0.62188127490259504 0.070468471856066167
6 3 21.021021 67.500000 0.62188127490259504 0.070468471856066167
7 0 24.524525 0.000000 0.62118547695767334 0.0697163885641639
7 1 24.524525 22.500000 0.62118547695767334 0.0697163885641639
7 2 24.524525 45.000000 0.62118547695767334 0.0697163885641639
7 3 24.524525 67.500000 0.62118547695767334 0.0697163885641639
8 0 28.028028 0.000000 0.62120034694389403 0.068948147087729519
8 1 28.028028 22.500000 0.62120034694389403 0.068948147087729519
8 2 28.028028 45.000000 0.62120034694389403 0.068948147087729519
8 3 28.028028 67.500000 0.62120034694389403 0.068948147087729519
9 0 31.531532 0.000000 0.62192398889266765 0.06829589082392501
9 1 31.531532 22.500000 0.62192398889266765 0.06829589082392501
9 2 31.531532 45.000000 0.62192398889266765 0.06829589082392501
9 3 31.531532 67.500000 0.62192398889266765 0.06829589082392501
10 0 35.035035 0.000000 0.62323304697718696 0.067871900631164689
10 1 35.035035 22.500000 0.62323304697718696 0.067871900631164689
10 2 35.035035 45.000000 0.62323304697718696 0.067871900631164689
10 3 35.035035 67.500000 0.62323304697718696 0.067871900631164689
11 0 38.538539 0.000000 0.6249034845270699 0.06774927136597246
11 1 38.538539 22.500000 0.6249034845270699 0.06774927136597246
11 2 38.538539 45.000000 0.6249034845270699 0.06774927136597246
11 3 38.538539 67.500000 0.6249034845270699 0.06774927136597246
12 0 42.042042 0.000000 0.62664857676300467 0.067949313722398708
12 1 42.042042 22.500000 0.62664857676300467 0.067949313722398708
12 2 42.042042 45.000000 0.62664857676300467 0.067949313722398708
12 3 42.042042 67.500000 0.62664857676300467 0.067949313722398708
13 0 45.545546 0.000000 0.62816790091596453 0.068437852156686865
13 1 45.545546 22.500000 0.62816790091596453 0.068437852156686865
13 2 45.545546 45.000000 0.62816790091596453 0.068437852156686865
13 3 45.545546 67.500000 0.62816790091596453 0.068437852156686865
14 0 49.049049 0.000000 0.62919909653353145 0.069131061786037132
14 1 49.049049 22.500000 0.62919909653353145 0.069131061786037132
14 2 49.049049 45.000000 0.62919909653353145 0.069131061786037132
14 3 49.049049 67.500000 0.62919909653353145 0.069131061786037132
15 0 52.552553 0.000000 0.62956344525959695 0.069909847655351895
15 1 52.552553 22.500000 0.62956344525959695 0.069909847655351895
15 2 52.552553 45.000000 0.62956344525959695 0.069909847655351895
15 3 52.552553 67.500000 0.62956344525959695 0.069909847655351895
16 0 56.056056 0.000000 0.62919716591238373 0.070640300385248933
16 1 56.056056 22.500000 0.62919716591238373 0.070640300385248933
16 2 56.056056 45.000000 0.62919716591238373 0.070640300385248933
16 3 56.056056 67.500000 0.62919716591238373 0.070640300385248933
17 0 59.559560 0.000000 0.62816273011096557 0.07119671563462876
17 1 59.559560 22.500000 0.62816273011096557 0.07119671563462876
17 2 59.559560 45.000000 0.62816273011096557 0.07119671563462876
17 3 59.559560 67.500000 0.62816273011096557 0.07119671563462876
18 0 63.063063 0.000000 0.62663808962906153 0.07148322124560634
18 1 63.063063 22.500000 0.62663808962906153 0.07148322124560634
18 2 63.063063 45.000000 0.62663808962906153 0.07148322124560634
18 3 63.063063 67.500000 0.62663808962906153 0.07148322124560634
19 0 66.566567 0.000000 0.624885751855215 0.07145029210567691
19 1 66.566567 22.500000 0.624885751855215 0.07145029210567691
19 2 66.566567 45.000000 0.624885751855215 0.07145029210567691
19 3 66.566567 67.500000 0.624885751855215 0.07145029210567691
20 0 70.070070 0.000000 0.62320728587888419 0.071103308618735983
20 1 70.070070 22.500000 0.62320728587888419 0.071103308618735983
20 2 70.070070 45.000000 0.62320728587888419 0.071103308618735983
20 3 70.070070 67.500000 0.62320728587888419 0.071103308618735983
21 0 73.573574 0.000000 0.62189134422112646 0.070501680205993955
21 1 73.573574 22.500000 0.62189134422112646 0.070501680205993955
21 2 73.573574 45.000000 0.62189134422112646 0.070501680205993955
21 3 73.573574 67.500000 0.62189134422112646 0.070501680205993955
22 0 77.077077 0.000000 0.6211642187328148 0.069748676157178863
22 1 77.077077 22.500000 0.6211642187328148 0.069748676157178863
22 2 77.077077 45.000000 0.6211642187328148 0.069748676157178863
22 3 77.077077 67.500000 0.6211642187328148 0.069748676157178863
23 0 80.580581 0.000000 0.62115127721097874 0.068973704025803884
23 1 80.580581 22.500000 0.62115127721097874 0.068973704025803884
23 2 80.580581 45.000000 0.62115127721097874 0.068973704025803884
23 3 80.580581 67.500000 0.62115127721097874 0.068973704025803884
24 0 84.084084 0.000000 0.62185562622454371 0.068310075924298039
24 1 84.084084 22.500000 0.62185562622454371 0.068310075924298039
24 2 84.084084 45.000000 0.62185562622454371 0.068310075924298039
24 3 84.084084 67.500000 0.62185562622454371 0.068310075924298039
25 0 87.587588 0.000000 0.62315745034642467 0.067872081758981739
25 1 87.587588 22.500000 0.62315745034642467 0.067872081758981739
25 2 87.587588 45.000000 0.62315745034642467 0.067872081758981739
25 3 87.587588 67.500000 0.62315745034642467 0.067872081758981739
26 0 91.091091 0.000000 0.62483414608605881 0.067735311305419765
26 1 91.091091 22.500000 0.62483414608605881 0.067735311305419765
26 2 91.091091 45.000000 0.62483414608605881 0.067735311305419765
26 3 91.091091 67.500000 0.62483414608605881 0.067735311305419765
27 0 94.594595 0.000000 0.62659802753459226 0.067923612308676065
27 1 94.594595 22.500000 0.62659802753459226 0.067923612308676065
27 2 94.594595 45.000000 0.62659802753459226 0.067923612308676065
27 3 94.594595 67.500000 0.62659802753459226 0.067923612308676065
28 0 98.098098 0.000000 0.62814544894313606 0.068404934187179439
28 1 98.098098 22.500000 0.62814544894313606 0.068404934187179439
28 2 98.098098 45.000000 0.62814544894313606 0.068404934187179439
28 3 98.098098 67.500000 0.62814544894313606 0.068404934187179439
29 0 101.601602 0.000000 0.62920910840211752 0.069096781391844775
29 1 101.601602 22.500000 0.62920910840211752 0.069096781391844775
29 2 101.601602 45.000000 0.62920910840211752 0.069096781391844775
29 3 101.601602 67.500000 0.62920910840211752 0.069096781391844775
30 0 105.105105 0.000000 0.62960449649845751 0.069880348867916275
30 1 105.105105 22.500000 0.62960449649845751 0.069880348867916275
30 2 105.105105 45.000000 0.62960449649845751 0.069880348867916275
30 3 105.105105 67.500000 0.62960449649845751 0.069880348867916275
31 0 108.608609 0.000000 0.6292622327685129 0.070620918173356917
31 1 108.608609 22.500000 0.6292622327685129 0.070620918173356917
31 2 108.608609 45.000000 0.6292622327685129 0.070620918173356917
31 3 108.608609 67.500000 0.6292622327685129 0.070620918173356917
32 0 112.112112 0.000000 0.62824040169134465 0.071191013606148768
32 1 112.112112 22.500000 0.62824040169134465 0.071191013606148768
32 2 112.112112 45.000000 0.62824040169134465 0.071191013606148768
32 3 112.112112 67.500000 0.62824040169134465 0.071191013606148768
33 0 115.615616 0.000000 0.62671458555573534 0.071492339164288973
33 1 115.615616 22.500000 0.62671458555573534 0.071492339164288973
33 2 115.615616 45.000000 0.62671458555573534 0.071492339164288973
33 3 115.615616 67.500000 0.62671458555573534 0.071492339164288973
34 0 119.119119 0.000000 0.62494737861092509 0.071472722244634829
34 1 119.119119 22.500000 0.62494737861092509 0.071472722244634829
34 2 119.119119 45.000000 0.62494737861092509 0.071472722244634829
34 3 119.119119 67.500000 0.62494737861092509 0.071472722244634829
35 0 122.622623 0.000000 0.62324288657650118 0.071135144205794296
35 1 122.622623 22.500000 0.62324288657650118 0.071135144205794296
35 2 122.622623 45.000000 0.62324288657650118 0.071135144205794296
35 3 122.622623 67.500000 0.62324288657650118 0.071135144205794296
36 0 126.126126 0.000000 0.62189430410997271 0.070537295180456885
36 1 126.126126 22.500000 0.62189430410997271 0.070537295180456885
36 2 126.126126 45.000000 0.62189430410997271 0.070537295180456885
36 3 126.126126 67.500000 0.62189430410997271 0.070537295180456885
37 0 129.629630 0.000000 0.62113367467951675 0.069781718086930469
37 1 129.629630 22.500000 0.62113367467951675 0.069781718086930469
37 2 129.629630 45.000000 0.62113367467951675 0.069781718086930469
37 3 129.629630 67.500000 0.62113367467951675 0.069781718086930469
38 0 133.133133 0.000000 0.62109232171768958 0.068998225178204739
38 1 133.133133 22.500000 0.62109232171768958 0.068998225178204739
38 2 133.133133 45.000000 0.62109232171768958 0.068998225178204739
38 3 133.133133 67.500000 0.62109232171768958 0.068998225178204739
39 0 136.636637 0.000000 0.62177846779540713 0.068321601435654425
39 1 136.636637 22.500000 0.62177846779540713 0.068321601435654425
39 2 136.636637 45.000000 0.62177846779540713 0.068321601435654425
39 3 136.636637 67.500000 0.62177846779540713 0.068321601435654425
40 0 140.140140 0.000000 0.62307566586451246 0.067868423480712606
40 1 140.140140 22.500000 0.62307566586451246 0.067868423480712606
40 2 140.140140 45.000000 0.62307566586451246 0.067868423480712606
40 3 140.140140 67.500000 0.62307566586451246 0.067868423480712606
41 0 143.643644 0.000000 0.6247623143119021 0.067716979772672187
41 1 143.643644 22.500000 0.6247623143119021 0.067716979772672187
41 2 143.643644 45.000000 0.6247623143119021 0.067716979772672187
41 3 143.643644 67.500000 0.6247623143119021 0.067716979772672187
42 0 147.147147 0.000000 0.62654914503199666 0.06789374982048034
42 1 147.147147 22.500000 0.62654914503199666 0.06789374982048034
42 2 147.147147 45.000000 0.62654914503199666 0.06789374982048034
42 3 147.147147 67.500000 0.62654914503199666 0.06789374982048034
43 0 150.650651 0.000000 0.62812858119598103 0.06836877683789537
43 1 150.650651 22.500000 0.62812858119598103 0.06836877683789537
43 2 150.650651 45.000000 0.62812858119598103 0.06836877683789537
43 3 150.650651 67.500000 0.62812858119598103 0.06836877683789537
44 0 154.154154 0.000000 0.62922770427598562 0.069060742039527792
44 1 154.154154 22.500000 0.62922770427598562 0.069060742039527792
44 2 154.154154 45.000000 0.62922770427598562 0.069060742039527792
44 3 154.154154 67.500000 0.62922770427598562 0.069060742039527792
45 0 157.657658 0.000000 0.62965568875309763 0.069850881462769326
45 1 157.657658 22.500000 0.62965568875309763 0.069850881462769326
45 2 157.657658 45.000000 0.62965568875309763 0.069850881462769326
45 3 157.657658 67.500000 0.62965568875309763 0.069850881462769326
46 0 161.161161 0.000000 0.62933727338060197 0.070603364274143723
46 1 161.161161 22.500000 0.62933727338060197 0.070603364274143723
46 2 161.161161 45.000000 0.62933727338060197 0.070603364274143723
46 3 161.161161 67.500000 0.62933727338060197 0.070603364274143723
47 0 164.664665 0.000000 0.62832616953946041 0.071188636853057166
47 1 164.664665 22.500000 0.62832616953946041 0.071188636853057166
47 2 164.664665 45.000000 0.62832616953946041 0.071188636853057166
47 3 164.664665 67.500000 0.62832616953946041 0.071188636853057166
48 0 168.168168 0.000000 0.62679589976239747 0.071505721776154704
48 1 168.168168 22.500000 0.62679589976239747 0.071505721776154704
48 2 168.168168 45.000000 0.62679589976239747 0.071505721776154704
48 3 168.168168 67.500000 0.62679589976239747 0.071505721776154704
49 0 171.671672 0.000000 0.62500969836447462 0.071499634603188131
49 1 171.671672 22.500000 0.62500969836447462 0.071499634603188131
49 2 171.671672 45.000000 0.62500969836447462 0.071499634603188131
49 3 171.671672 67.500000 0.62500969836447462 0.071499634603188131
50 0 175.175175 0.000000 0.62327490942493979 0.071170915233206511
50 1 175.175175 22.500000 0.62327490942493979 0.071170915233206511
50 2 175.175175 45.000000 0.62327490942493979 0.071170915233206511
50 3 175.175175 67.500000 0.62327490942493979 0.071170915233206511
51 0 178.678679 0.000000 0.62188999973433068 0.070575622177191724
51 1 178.678679 22.500000 0.62188999973433068 0.070575622177191724
51 2 178.678679 45.000000 0.62188999973433068 0.070575622177191724
51 3 178.678679 67.500000 0.62188999973433068 0.070575622177191724
52 0 182.182182 0.000000 0.62109339838857558 0.069815775779733774
52 1 182.182182 22.500000 0.62109339838857558 0.069815775779733774
52 2 182.182182 45.000000 0.62109339838857558 0.069815775779733774
52 3 182.182182 67.500000 0.62109339838857558 0.069815775779733774
53 0 185.685686 0.000000 0.62102281515551516 0.069021879073633566
53 1 185.685686 22.500000 0.62102281515551516 0.069021879073633566
53 2 185.685686 45.000000 0.62102281515551516 0.069021879073633566
53 3 185.685686 67.500000 0.62102281515551516 0.069021879073633566
54 0 189.189189 0.000000 0.62169174273346028 0.06833051013060322
54 1 189.189189 22.500000 0.62169174273346028 0.06833051013060322
54 2 189.189189 45.000000 0.62169174273346028 0.06833051013060322
54 3 189.189189 67.500000 0.62169174273346028 0.06833051013060322
55 0 192.692693 0.000000 0.62298695207685373 0.067860832298066109
55 1 192.692693 22.500000 0.62298695207685373 0.067860832298066109
55 2 192.692693 45.000000 0.62298695207685373 0.067860832298066109
55 3 192.692693 67.500000 0.62298695207685373 0.067860832298066109
56 0 196.196196 0.000000 0.62468741045954357 0.067694061165588376
56 1 196.196196 22.500000 0.62468741045954357 0.067694061165588376
56 2 196.196196 45.000000 0.62468741045954357 0.067694061165588376
56 3 196.196196 67.500000 0.62468741045954357 0.067694061165588376
57 0 199.699700 0.000000 0.62650162102721918 0.067859425307381011
57 1 199.699700 22.500000 0.62650162102721918 0.067859425307381011
57 2 199.699700 45.000000 0.62650162102721918 0.067859425307381011
57 3 199.699700 67.500000 0.62650162102721918 0.067859425307381011
58 0 203.203203 0.000000 0.6281173221961921 0.068329046926729933
58 1 203.203203 22.500000 0.6281173221961921 0.068329046926729933
58 2 203.203203 45.000000 0.6281173221961921 0.068329046926729933
58 3 203.203203 67.500000 0.6281173221961921 0.068329046926729933
59 0 206.706707 0.000000 0.6292552455103213 0.069022638480153747
59 1 206.706707 22.500000 0.6292552455103213 0.069022638480153747
59 2 206.706707 45.000000 0.6292552455103213 0.069022638480153747
59 3 206.706707 67.500000 0.6292552455103213 0.069022638480153747
60 0 210.210210 0.000000 0.62971766376708571 0.069821224563460946
60 1 210.210210 22.500000 0.62971766376708571 0.069821224563460946
60 2 210.210210 45.000000 0.62971766376708571 0.069821224563460946
60 3 210.210210 67.500000 0.62971766376708571 0.069821224563460946
61 0 213.713714 0.000000 0.62942310159158654 0.070587544580595796
61 1 213.713714 22.500000 0.62942310159158654 0.070587544580595796
61 2 213.713714 45.000000 0.62942310159158654 0.070587544580595796
61 3 213.713714 67.500000 0.62942310159158654 0.070587544580595796
62 0 217.217217 0.000000 0.62842087793637769 0.071189638403988897
62 1 217.217217 22.500000 0.62842087793637769 0.071189638403988897
62 2 217.217217 45.000000 0.62842087793637769 0.071189638403988897
62 3 217.217217 67.500000 0.62842087793637769 0.071189638403988897
63 0 220.720721 0.000000 0.62688275692262785 0.07152356340853433
63 1 220.720721 22.500000 0.62688275692262785 0.07152356340853433
63 2 220.720721 45.000000 0.62688275692262785 0.07152356340853433
63 3 220.720721 67.500000 0.62688275692262785 0.07152356340853433
64 0 224.224224 0.000000 0.62507318465370509 0.071531333239725298
64 1 224.224224 22.500000 0.62507318465370509 0.071531333239725298
64 2 224.224224 45.000000 0.62507318465370509 0.071531333239725298
64 3 224.224224 67.500000 0.62507318465370509 0.071531333239725298
65 0 227.727728 0.000000 0.62330348767674137 0.071210983318466842
65 1 227.727728 22.500000 0.62330348767674137 0.071210983318466842
65 2 227.727728 45.000000 0.62330348767674137 0.071210983318466842
65 3 227.727728 67.500000 0.62330348767674137 0.071210983318466842
66 0 231.231231 0.000000 0.62187819381252185 0.070617016548687545
66 1 231.231231 22.500000 0.62187819381252185 0.070617016548687545
66 2 231.231231 45.000000 0.62187819381252185 0.070617016548687545
66 3 231.231231 67.500000 0.62187819381252185 0.070617016548687545
67 0 234.734735 0.000000 0.62104281700116748 0.069851134092250786
67 1 234.734735 22.500000 0.62104281700116748 0.069851134092250786
67 2 234.734735 45.000000 0.62104281700116748 0.069851134092250786
67 3 234.734735 67.500000 0.62104281700116748 0.069851134092250786
68 0 238.238238 0.000000 0.62094194427526805 0.069044826998791289
68 1 238.238238 22.500000 0.62094194427526805 0.069044826998791289
68 2 238.238238 45.000000 0.62094194427526805 0.069044826998791289
68 3 238.238238 67.500000 0.62094194427526805 0.069044826998791289
69 0 241.741742 0.000000 0.62159453734140446 0.06833680761741788
69 1 241.741742 22.500000 0.62159453734140446 0.06833680761741788
69 2 241.741742 45.000000 0.62159453734140446 0.06833680761741788
69 3 241.741742 67.500000 0.62159453734140446 0.06833680761741788
70 0 245.245245 0.000000 0.62289045599352677 0.067849153253089961
70 1 245.245245 22.500000 0.62289045599352677 0.067849153253089961
70 2 245.245245 45.000000 0.62289045599352677 0.067849153253089961
70 3 245.245245 67.500000 0.62289045599352677 0.067849153253089961
71 0 248.748749 0.000000 0.62460879674224523 0.067666263795156875
71 1 248.748749 22.500000 0.62460879674224523 0.067666263795156875
71 2 248.748749 45.000000 0.62460879674224523 0.067666263795156875
71 3 248.748749 67.500000 0.62460879674224523 0.067666263795156875
72 0 252.252252 0.000000 0.62645515316099798 0.067820259285978304
72 1 252.252252 22.500000 0.62645515316099798 0.067820259285978304
72 2 252.252252 45.000000 0.62645515316099798 0.067820259285978304
72 3 252.252252 67.500000 0.62645515316099798 0.067820259285978304
73 0 255.755756 0.000000 0.62811176845054106 0.068285343008564481
73 1 255.755756 22.500000 0.62811176845054106 0.068285343008564481
73 2 255.755756 45.000000 0.62811176845054106 0.068285343008564481
73 3 255.755756 67.500000 0.62811176845054106 0.068285343008564481
74 0 259.259259 0.000000 0.6292922210067412 0.068982118618293523
74 1 259.259259 22.500000 0.6292922210067412 0.068982118618293523
74 2 259.259259 45.000000 0.6292922210067412 0.068982118618293523
74 3 259.259259 67.500000 0.6292922210067412 0.068982118618293523
75 0 262.762763 0.000000 0.62979122559094358 0.069791139561611343
75 1 262.762763 22.500000 0.62979122559094358 0.069791139561611343
75 2 262.762763 45.000000 0.62979122559094358 0.069791139561611343
75 3 262.762763 67.500000 0.62979122559094358 0.069791139561611343
76 0 266.266266 0.000000 0.62952070066805776 0.070573379285383861
76 1 266.266266 22.500000 0.62952070066805776 0.070573379285383861
76 2 266.266266 45.000000 0.62952070066805776 0.070573379285383861
76 3 266.266266 67.500000 0.62952070066805776 0.070573379285383861
77 0 269.769770 0.000000 0.62852551795631773 0.07119411520431948
77 1 269.769770 22.500000 0.62852551795631773 0.07119411520431948
77 2 269.769770 45.000000 0.62852551795631773 0.07119411520431948
77 3 269.769770 67.500000 0.62852551795631773 0.07119411520431948
78 0 273.273273 0.000000 0.62697597926116733 0.071546124515510096
78 1 273.273273 22.500000 0.62697597926116733 0.071546124515510096
78 2 273.273273 45.000000 0.62697597926116733 0.071546124515510096
78 3 273.273273 67.500000 0.62697597926116733 0.071546124515510096
79 0 276.776777 0.000000 0.62513834063240226 0.071568199337972371
79 1 276.776777 22.500000 0.62513834063240226 0.071568199337972371
79 2 276.776777 45.000000 0.62513834063240226 0.071568199337972371
79 3 276.776777 67.500000 0.62513834063240226 0.071568199337972371
80 0 280.280280 0.000000 0.62332870894317893 0.071255785038705874
80 1 280.280280 22.500000 0.62332870894317893 0.071255785038705874
80 2 280.280280 45.000000 0.62332870894317893 0.071255785038705874
80 3 280.280280 67.500000 0.62332870894317893 0.071255785038705874
81 0 283.783784 0.000000 0.62185853372204192 0.070661893537129802
81 1 283.783784 22.500000 0.62185853372204192 0.070661893537129802
81 2 283.783784 45.000000 0.62185853372204192 0.070661893537129802
81 3 283.783784 67.500000 0.62185853372204192 0.070661893537129802
82 0 287.287287 0.000000 0.6209811903655913 0.069888112261419166
82 1 287.287287 22.500000 0.6209811903655913 0.069888112261419166
82 2 287.287287 45.000000 0.6209811903655913 0.069888112261419166
82 3 287.287287 67.500000 0.6209811903655913 0.069888112261419166
83 0 290.790791 0.000000 0.62084870375539247 0.069067232957277319
83 1 290.790791 22.500000 0.62084870375539247 0.069067232957277319
83 2 290.790791 45.000000 0.62084870375539247 0.069067232957277319
83 3 290.790791 67.500000 0.62084870375539247 0.069067232957277319
84 0 294.294294 0.000000 0.62148575327617661 0.068340469808315027
84 1 294.294294 22.500000 0.62148575327617661 0.068340469808315027
84 2 294.294294 45.000000 0.62148575327617661 0.068340469808315027
84 3 294.294294 67.500000 0.62148575327617661 0.068340469808315027
85 0 297.797798 0.000000 0.62278517931420285 0.067833174145810984
85 1 297.797798 22.500000 0.62278517931420285 0.067833174145810984
85 2 297.797798 45.000000 0.62278517931420285 0.067833174145810984
85 3 297.797798 67.500000 0.62278517931420285 0.067833174145810984
86 0 301.301301 0.000000 0.62452575557197676 0.067633220919406531
86 1 301.301301 22.500000 0.62452575557197676 0.067633220919406531
86 2 301.301301 45.000000 0.62452575557197676 0.067633220919406531
86 3 301.301301 67.500000 0.62452575557197676 0.067633220919406531
87 0 304.804805 0.000000 0.62640944055658798 0.067775792411939442
87 1 304.804805 22.500000 0.62640944055658798 0.067775792411939442
87 2 304.804805 45.000000 0.62640944055658798 0.067775792411939442
87 3 304.804805 67.500000 0.62640944055658798 0.067775792411939442
88 0 308.308308 0.000000 0.62811210153343622 0.068237193046015512
88 1 308.308308 22.500000 0.62811210153343622 0.068237193046015512
88 2 308.308308 45.000000 0.62811210153343622 0.068237193046015512
88 3 308.308308 67.500000 0.62811210153343622 0.068237193046015512
89 0 311.811812 0.000000 0.62933927628089426 0.068938781761674159
89 1 311.811812 22.500000 0.62933927628089426 0.068938781761674159
89 2 311.811812 45.000000 0.62933927628089426 0.068938781761674159
89 3 311.811812 67.500000 0.62933927628089426 0.068938781761674159
90 0 315.315315 0.000000 0.62987738167743512 0.069760370383705625
90 1 315.315315 22.500000 0.62987738167743512 0.069760370383705625
90 2 315.315315 45.000000 0.62987738167743512 0.069760370383705625
90 3 315.315315 67.500000 0.62987738167743512 0.069760370383705625
91 0 318.818819 0.000000 0.62963127053367041 0.070560806126083481
91 1 318.818819 22.500000 0.62963127053367041 0.070560806126083481
91 2 318.818819 45.000000 0.62963127053367041 0.070560806126083481
91 3 318.818819 67.500000 0.62963127053367041 0.070560806126083481
92 0 322.322322 0.000000 0.62864127391937763 0.071202214580764076
92 1 322.322322 22.500000 0.62864127391937763 0.071202214580764076
92 2 322.322322 45.000000 0.62864127391937763 0.071202214580764076
92 3 322.322322 67.500000 0.62864127391937763 0.071202214580764076
93 0 325.825826 0.000000 0.6270765253893571 0.071573740779983505
93 1 325.825826 22.500000 0.6270765253893571 0.071573740779983505
93 2 325.825826 45.000000 0.6270765253893571 0.071573740779983505
93 3 325.825826 67.500000 0.6270765253893571 0.071573740779983505
94 0 329.329329 0.000000 0.62520572465419277 0.07161070160404967
94 1 329.329329 22.500000 0.62520572465419277 0.07161070160404967
94 2 329.329329 45.000000 0.62520572465419277 0.07161070160404967
94 3 329.329329 67.500000 0.62520572465419277 0.07161070160404967
95 0 332.832833 0.000000 0.62335062402164287 0.071305841740515213
95 1 332.832833 22.500000 0.62335062402164287 0.071305841740515213
95 2 332.832833 45.000000 0.62335062402164287 0.071305841740515213
95 3 332.832833 67.500000 0.62335062402164287 0.071305841740515213
96 0 336.336336 0.000000 0.62183054276799743 0.070710735418148873
96 1 336.336336 22.500000 0.62183054276799743 0.070710735418148873
96 2 336.336336 45.000000 0.62183054276799743 0.070710735418148873
96 3 336.336336 67.500000 0.62183054276799743 0.070710735418148873
97 0 339.839840 0.000000 0.62090758677441116 0.069927066511615565
97 1 339.839840 22.500000 0.62090758677441116 0.069927066511615565
97 2 339.839840 45.000000 0.62090758677441116 0.069927066511615565
97 3 339.839840 67.500000 0.62090758677441116 0.069927066511615565
98 0 343.343343 0.000000 0.62074186093292127 0.069089260470494643
98 1 343.343343 22.500000 0.62074186093292127 0.069089260470494643
98 2 343.343343 45.000000 0.62074186093292127 0.069089260470494643
98 3 343.343343 67.500000 0.62074186093292127 0.069089260470494643
99 0 346.846847 0.000000 0.62136406755870643 0.068341433550270267
99 1 346.846847 22.500000 0.62136406755870643 0.068341433550270267
99 2 346.846847 45.000000 0.62136406755870643 0.068341433550270267
99 3 346.846847 67.500000 0.62136406755870643 0.068341433550270267
100 0 350.350350 0.000000 0.62266994073031245 0.067812610692477057
100 1 350.350350 22.500000 0.62266994073031245 0.067812610692477057
100 2 350.350350 45.000000 0.62266994073031245 0.067812610692477057
100 3 350.350350 67.500000 0.62266994073031245 0.067812610692477057
101 0 353.853854 0.000000 0.6244374607243971 0.067594472156746188
101 1 353.853854 22.500000 0.6244374607243971 0.067594472156746188
101 2 353.853854 45.000000 0.6244374607243971 0.067594472156746188
101 3 353.853854 67.500000 0.6244374607243971 0.067594472156746188
102 0 357.357357 0.000000 0.62636416884355217 0.067725465683767305
102 1 357.357357 22.500000 0.62636416884355217 0.067725465683767305
102 2 357.357357 45.000000 0.62636416884355217 0.067725465683767305
102 3 357.357357 67.500000 0.62636416884355217 0.067725465683767305
103 0 360.860861 0.000000 0.62811858949115817 0.068184036362900213
103 1 360.860861 22.500000 0.62811858949115817 0.068184036362900213
103 2 360.860861 45.000000 0.62811858949115817 0.068184036362900213
103 3 360.860861 67.500000 0.62811858949115817 0.068184036362900213
104 0 364.364364 0.000000 0.6293972307975465 0.068892165223342752
104 1 364.364364 22.500000 0.6293972307975465 0.068892165223342752
104 2 364.364364 45.000000 0.6293972307975465 0.068892165223342752
104 3 364.364364 67.500000 0.6293972307975465 0.068892165223342752
105 0 367.867868 0.000000 0.62997737274910182 0.069728637077694708
105 1 367.867868 22.500000 0.62997737274910182 0.069728637077694708
105 2 367.867868 45.000000 0.62997737274910182 0.069728637077694708
105 3 367.867868 67.500000 0.62997737274910182 0.069728637077694708
106 0 371.371371 0.000000 0.62975626438934684 0.070549782295699887
106 1 371.371371 22.500000 0.62975626438934684 0.070549782295699887
106 2 371.371371 45.000000 0.62975626438934684 0.070549782295699887
106 3 371.371371 67.500000 0.62975626438934684 0.070549782295699887
107 0 374.874875 0.000000 0.62876955963188685 0.071214144536372731
107 1 374.874875 22.500000 0.62876955963188685 0.071214144536372731
107 2 374.874875 45.000000 0.62876955963188685 0.071214144536372731
107 3 374.874875 67.500000 0.62876955963188685 0.071214144536372731
108 0 378.378378 0.000000 0.62718551898625508 0.071606840499434624
108 1 378.378378 22.500000 0.62718551898625508 0.071606840499434624
108 2 378.378378 45.000000 0.62718551898625508 0.071606840499434624
108 3 378.378378 67.500000 0.62718551898625508 0.071606840499434624
109 0 381.881882 0.000000 0.62527596550504982 0.071659418249877718
109 1 381.881882 22.500000 0.62527596550504982 0.071659418249877718
109 2 381.881882 45.000000 0.62527596550504982 0.071659418249877718
109 3 381.881882 67.500000 0.62527596550504982 0.071659418249877718
110 0 385.385385 0.000000 0.62336924519557679 0.071361782796511966
110 1 385.385385 22.500000 0.62336924519557679 0.071361782796511966
110 2 385.385385 45.000000 0.62336924519557679 0.071361782796511966
110 3 385.385385 67.500000 0.62336924519557679 0.071361782796511966
111 0 388.888889 0.000000 0.621793601161307 0.070764112400688223
111 1 388.888889 22.500000 0.621793601161307 0.070764112400688223
111 2 388.888889 45.000000 0.621793601161307 0.070764112400688223
111 3 388.888889 67.500000 0.621793601161307 0.070764112400688223
112 0 392.392392 0.000000 0.62082084947087091 0.069968405261356947
112 1 392.392392 22.500000 0.62082084947087091 0.069968405261356947
112 2 392.392392 45.000000 0.62082084947087091 0.069968405261356947
112 3 392.392392 67.500000 0.62082084947087091 0.069968405261356947
113 0 395.895896 0.000000 0.62061991350463563 0.069111079618291577
113 1 395.895896 22.500000 0.62061991350463563 0.069111079618291577
113 2 395.895896 45.000000 0.62061991350463563 0.069111079618291577
113 3 395.895896 67.500000 0.62061991350463563 0.069111079618291577
114 0 399.399399 0.000000 0.62122788903195203 0.068339594331808917
114 1 399.399399 22.500000 0.62122788903195203 0.068339594331808917
114 2 399.399399 45.000000 0.62122788903195203 0.068339594331808917
114 3 399.399399 67.500000 0.62122788903195203 0.068339594331808917
115 0 402.902903 0.000000 0.62254333931926509 0.067787095267413625
115 1 402.902903 22.500000 0.62254333931926509 0.067787095267413625
115 2 402.902903 45.000000 0.62254333931926509 0.067787095267413625
115 3 402.902903 67.500000 0.62254333931926509 0.067787095267413625
116 0 406.406406 0.000000 0.624342955025327 0.067549445142801728
116 1 406.406406 22.500000 0.624342955025327 0.067549445142801728
116 2 406.406406 45.000000 0.624342955025327 0.067549445142801728
116 3 406.406406 67.500000 0.624342955025327 0.067549445142801728
117 0 409.909910 0.000000 0.62631900729818368 0.067668598118497722
117 1 409.909910 22.500000 0.62631900729818368 0.067668598118497722
117 2 409.909910 45.000000 0.62631900729818368 0.067668598118497722
117 3 409.909910 67.500000 0.62631900729818368 0.067668598118497722
118 0 413.413413 0.000000 0.62813160534358414 0.068125201159900825
118 1 413.413413 22.500000 0.62813160534358414 0.068125201159900825
118 2 413.413413 45.000000 0.62813160534358414 0.068125201159900825
118 3 413.413413 67.500000 0.62813160534358414 0.068125201159900825
119 0 416.916917 0.000000 0.62946711595300786 0.068841725570678247
119 1 416.916917 22.500000 0.62946711595300786 0.068841725570678247
119 2 416.916917 45.000000 0.62946711595300786 0.068841725570678247
119 3 416.916917 67.500000 0.62946711595300786 0.068841725570678247
120 0 420.420420 0.000000 0.63009272472671163 0.06969562408626144
120 1 420.420420 22.500000 0.63009272472671163 0.06969562408626144
120 2 420.420420 45.000000 0.63009272472671163 0.06969562408626144
120 3 420.420420 67.500000 0.63009272472671163 0.06969562408626144
121 0 423.923924 0.000000 0.62989744622274091 0.070540281841251981
121 1 423.923924 22.500000 0.62989744622274091 0.070540281841251981
121 2 423.923924 45.000000 0.62989744622274091 0.070540281841251981
121 3 423.923924 67.500000 0.62989744622274091 0.070540281841251981
122 0 427.427427 0.000000 0.62891207167666685 0.07123018079127709
122 1 427.427427 22.500000 0.62891207167666685 0.07123018079127709
122 2 427.427427 45.000000 0.62891207167666685 0.07123018079127709
122 3 427.427427 67.500000 0.62891207167666685 0.07123018079127709
123 0 430.930931 0.000000 0.62730428835526342 0.071645960075157417
123 1 430.930931 22.500000 0.62730428835526342 0.071645960075157417
123 2 430.930931 45.000000 0.62730428835526342 0.071645960075157417
123 3 430.930931 67.500000 0.62730428835526342 0.071645960075157417
124 0 434.434434 0.000000 0.62534978072332159 0.071715058198768528
124 1 434.434434 22.500000 0.62534978072332159 0.071715058198768528
124 2 434.434434 45.000000 0.62534978072332159 0.071715058198768528
124 3 434.434434 67.500000 0.62534978072332159 0.071715058198768528
125 0 437.937938 0.000000 0.62338453923264614 0.07142436870579448
125 1 437.937938 22.500000 0.62338453923264614 0.07142436870579448
125 2 437.937938 45.000000 0.62338453923264614 0.07142436870579448
125 3 437.937938 67.500000 0.62338453923264614 0.07142436870579448
126 0 441.441441 0.000000 0.62174691385735403 0.070822703366718046
126 1 441.441441 22.500000 0.62174691385735403 0.070822703366718046
126 2 441.441441 45.000000 0.62174691385735403 0.070822703366718046
126 3 441.441441 67.500000 0.62174691385735403 0.070822703366718046
127 0 444.944945 0.000000 0.62071954384728378 0.070012603564316017
127 1 444.944945 22.500000 0.62071954384728378 0.070012603564316017
127 2 444.944945 45.000000 0.62071954384728378 0.070012603564316017
127 3 444.944945 67.500000 0.62071954384728378 0.070012603564316017
128 0 448.448448 0.000000 0.62048102433229979 0.069132872278972801
128 1 448.448448 22.500000 0.62048102433229979 0.069132872278972801
128 2 448.448448 45.000000 0.62048102433229979 0.069132872278972801
128 3 448.448448 67.500000 0.62048102433229979 0.069132872278972801
129 0 451.951952 0.000000 0.62107529147649476 0.068334801010973348
129 1 451.951952 22.500000 0.62107529147649476 0.068334801010973348
129 2 451.951952 45.000000 0.62107529147649476 0.068334801010973348
129 3 451.951952 67.500000 0.62107529147649476 0.068334801010973348
130 0 455.455455 0.000000 0.62240369740355805 0.067756161688244873
130 1 455.455455 22.500000 0.62240369740355805 0.067756161688244873
130 2 455.455455 45.000000 0.62240369740355805 0.067756161688244873
130 3 455.455455 67.500000 0.62240369740355805 0.067756161688244873
131 0 458.958959 0.000000 0.62424111318940656 0.067497432784623029
131 1 458.958959 22.500000 0.62424111318940656 0.067497432784623029
131 2 458.958959 45.000000 0.62424111318940656 0.067497432784623029
131 3 458.958959 67.500000 0.62424111318940656 0.067497432784623029
132 0 462.462462 0.000000 0.62627359887502843 0.067604360359687379
132 1 462.462462 22.500000 0.62627359887502843 0.067604360359687379
132 2 462.462462 45.000000 0.62627359887502843 0.067604360359687379
132 3 462.462462 67.500000 0.62627359887502843 0.067604360359687379
133 0 465.965966 0.000000 0.62815164709110538 0.068059879187546038
133 1 465.965966 22.500000 0.62815164709110538 0.068059879187546038
133 2 465.965966 45.000000 0.62815164709110538 0.068059879187546038
133 3 465.965966 67.500000 0.62815164709110538 0.068059879187546038
134 0 469.469469 0.000000 0.62955022270194283 0.068786819082444675
134 1 469.469469 22.500000 0.62955022270194283 0.068786819082444675
134 2 469.469469 45.000000 0.62955022270194283 0.068786819082444675
134 3 469.469469 67.500000 0.62955022270194283 0.068786819082444675
135 0 472.972973 0.000000 0.63022531666314685 0.069660970364089955
135 1 472.972973 22.500000 0.63022531666314685 0.069660970364089955
135 2 472.972973 45.000000 0.63022531666314685 0.069660970364089955
135 3 472.972973 67.500000 0.63022531666314685 0.069660970364089955
136 0 476.476476 0.000000 0.63005696787874177 0.070532297741902603
136 1 476.476476 22.500000 0.63005696787874177 0.070532297741902603
136 2 476.476476 45.000000 0.63005696787874177 0.070532297741902603
136 3 476.476476 67.500000 0.63005696787874177 0.070532297741902603
137 0 479.979980 0.000000 0.62907086245407551 0.071250681067495478
137 1 479.979980 22.500000 0.62907086245407551 0.071250681067495478
137 2 479.979980 45.000000 0.62907086245407551 0.071250681067495478
137 3 479.979980 67.500000 0.62907086245407551 0.071250681067495478
138 0 483.483483 0.000000 0.62743442257209481 0.071691768563669531
138 1 483.483483 22.500000 0.62743442257209481 0.071691768563669531
138 2 483.483483 45.000000 0.62743442257209481 0.071691768563669531
138 3 483.483483 67.500000 0.62743442257209481 0.071691768563669531
139 0 486.986987 0.000000 0.62542800559969713 0.071778492031485785
139 1 486.986987 22.500000 0.62542800559969713 0.071778492031485785
139 2 486.986987 45.000000 0.62542800559969713 0.071778492031485785
139 3 486.986987 67.500000 0.62542800559969713 0.071778492031485785
140 0 490.490490 0.000000 0.62339642347326008 0.071494523239684249
140 1 490.490490 22.500000 0.62339642347326008 0.071494523239684249
140 2 490.490490 45.000000 0.62339642347326008 0.071494523239684249
140 3 490.490490 67.500000 0.62339642347326008 0.071494523239684249
141 0 493.993994 0.000000 0.6216894735789591 0.070887323568098473
141 1 493.993994 22.500000 0.6216894735789591 0.070887323568098473
141 2 493.993994 45.000000 0.6216894735789591 0.070887323568098473
141 3 493.993994 67.500000 0.6216894735789591 0.070887323568098473
142 0 497.497497 0.000000 0.62060189302051294 0.070060221240981546
142 1 497.497497 22.500000 0.62060189302051294 0.070060221240981546
142 2 497.497497 45.000000 0.62060189302051294 0.070060221240981546
142 3 497.497497 67.500000 0.62060189302051294 0.070060221240981546
143 0 501.001001 0.000000 0.62032294014635114 0.069154837043533257
143 1 501.001001 22.500000 0.62032294014635114 0.069154837043533257
143 2 501.001001 45.000000 0.62032294014635114 0.069154837043533257
143 3 501.001001 67.500000 0.62032294014635114 0.069154837043533257
144 0 504.504505 0.000000 0.62090392931216731 0.068326846034459543
144 1 504.504505 22.500000 0.62090392931216731 0.068326846034459543
144 2 504.504505 45.000000 0.62090392931216731 0.068326846034459543
144 3 504.504505 67.500000 0.62090392931216731 0.068326846034459543
145 0 508.008008 0.000000 0.62224898814787344 0.067719221791077214
145 1 508.008008 22.500000 0.62224898814787344 0.067719221791077214
145 2 508.008008 45.000000 0.62224898814787344 0.067719221791077214
145 3 508.008008 67.500000 0.62224898814787344 0.067719221791077214
146 0 511.511512 0.000000 0.62413059470391807 0.067437559692922727
146 1 511.511512 22.500000 0.62413059470391807 0.067437559692922727
146 2 511.511512 45.000000 0.62413059470391807 0.067437559692922727
146 3 511.511512 67.500000 0.62413059470391807 0.067437559692922727
147 0 515.015015 0.000000 0.62622754785532386 0.067531736402010822
147 1 515.015015 22.500000 0.62622754785532386 0.067531736402010822
147 2 515.015015 45.000000 0.62622754785532386 0.067531736402010822
147 3 515.015015 67.500000 0.62622754785532386 0.067531736402010822
148 0 518.518519 0.000000 0.628179363828132 0.067987089254241476
148 1 518.518519 22.500000 0.628179363828132 0.067987089254241476
148 2 518.518519 45.000000 0.628179363828132 0.067987089254241476
148 3 518.518519 67.500000 0.628179363828132 0.067987089254241476
149 0 522.022022 0.000000 0.62964816311297533 0.068726673486335932
149 1 522.022022 22.500000 0.62964816311297533 0.068726673486335932
149 2 522.022022 45.000000 0.62964816311297533 0.068726673486335932
149 3 522.022022 67.500000 0.62964816311297533 0.068726673486335932
150 0 525.525526 0.000000 0.63037746821779039 0.069624254608574992
150 1 525.525526 22.500000 0.63037746821779039 0.069624254608574992
150 2 525.525526 45.000000 0.63037746821779039 0.069624254608574992
150 3 525.525526 67.500000 0.63037746821779039 0.069624254608574992
151 0 529.029029 0.000000 0.63023746786668966 0.070525843739309105
151 1 529.029029 22.500000 0.63023746786668966 0.070525843739309105
151 2 529.029029 45.000000 0.63023746786668966 0.070525843739309105
151 3 529.029029 67.500000 0.63023746786668966 0.070525843739309105
152 0 532.532533 0.000000 0.62924843312253431 0.0712761038347378
152 1 532.532533 22.500000 0.62924843312253431 0.0712761038347378
152 2 532.532533 45.000000 0.62924843312253431 0.0712761038347378
152 3 532.532533 67.500000 0.62924843312253431 0.0712761038347378
153 0 536.036036 0.000000 0.62757784177574027 0.071745100696274086
153 1 536.036036 22.500000 0.62757784177574027 0.071745100696274086
153 2 536.036036 45.000000 0.62757784177574027 0.071745100696274086
153 3 536.036036 67.500000 0.62757784177574027 0.071745100696274086
154 0 539.539540 0.000000 0.62551162749668809 0.071850794028192194
154 1 539.539540 22.500000 0.62551162749668809 0.071850794028192194
154 2 539.539540 45.000000 0.62551162749668809 0.071850794028192194
154 3 539.539540 67.500000 0.62551162749668809 0.071850794028192194
155 0 543.043043 0.000000 0.62340475680250751 0.071573377466655805
155 1 543.043043 22.500000 0.62340475680250751 0.071573377466655805
155 2 543.043043 45.000000 0.62340475680250751 0.071573377466655805
155 3 543.043043 67.500000 0.62340475680250751 0.071573377466655805
156 0 546.546547 0.000000 0.6216200084825394 0.070958962976468171
156 1 546.546547 22.500000 0.6216200084825394 0.070958962976468171
156 2 546.546547 45.000000 0.6216200084825394 0.070958962976468171
156 3 546.546547 67.500000 0.6216200084825394 0.070958962976468171
157 0 550.050050 0.000000 0.62046568985842032 0.070111928601622048
157 1 550.050050 22.500000 0.62046568985842032 0.070111928601622048
157 2 550.050050 45.000000 0.62046568985842032 0.070111928601622048
157 3 550.050050 67.500000 0.62046568985842032 0.070111928601622048
158 0 553.553554 0.000000 0.62014288213473923 0.069177197318622749
158 1 553.553554 22.500000 0.62014288213473923 0.069177197318622749
158 2 553.553554 45.000000 0.62014288213473923 0.069177197318622749
158 3 553.553554 67.500000 0.62014288213473923 0.069177197318622749
159 0 557.057057 0.000000 0.620710925273532 0.068315453843109386
159 1 557.057057 22.500000 0.620710925273532 0.068315453843109386
159 2 557.057057 45.000000 0.620710925273532 0.068315453843109386
159 3 557.057057 67.500000 0.620710925273532 0.068315453843109386
160 0 560.560561 0.000000 0.62207674015326764 0.067675535457027064
160 1 560.560561 22.500000 0.62207674015326764 0.067675535457027064
160 2 560.560561 45.000000 0.62207674015326764 0.067675535457027064
160 3 560.560561 67.500000 0.62207674015326764 0.067675535457027064
161 0 564.064064 0.000000 0.62400978310840272 0.067368738444374382
161 1 564.064064 22.500000 0.62400978310840272 0.067368738444374382
161 2 564.064064 45.000000 0.62400978310840272 0.067368738444374382
161 3 564.064064 67.500000 0.62400978310840272 0.067368738444374382
162 0 567.567568 0.000000 0.62618040630453031 0.0674494733148365
162 1 567.567568 22.500000 0.62618040630453031 0.0674494733148365
162 2 567.567568 45.000000 0.62618040630453031 0.0674494733148365
162 3 567.567568 67.500000 0.62618040630453031 0.0674494733148365
163 0 571.071071 0.000000 0.62821559410739258 0.067905629073755219
163 1 571.071071 22.500000 0.62821559410739258 0.067905629073755219
163 2 571.071071 45.000000 0.62821559410739258 0.067905629073755219
163 3 571.071071 67.500000 0.62821559410739258 0.067905629073755219
164 0 574.574575 0.000000 0.629762956340161 0.068660350555840188
164 1 574.574575 22.500000 0.629762956340161 0.068660350555840188
164 2 574.574575 45.000000 0.629762956340161 0.068660350555840188
164 3 574.574575 67.500000 0.629762956340161 0.068660350555840188
165 0 578.078078 0.000000 0.6305520602091792 0.069584975667556365
165 1 578.078078 22.500000 0.6305520602091792 0.069584975667556365
165 2 578.078078 45.000000 0.6305520602091792 0.069584975667556365
165 3 578.078078 67.500000 0.6305520602091792 0.069584975667556365
166 0 581.581582 0.000000 0.63044220667821826 0.070520956741842708
166 1 581.581582 22.500000 0.63044220667821826 0.070520956741842708
166 2 581.581582 45.000000 0.63044220667821826 0.070520956741842708
166 3 581.581582 67.500000 0.63044220667821826 0.070520956741842708
167 0 585.085085 0.000000 0.62944786037729539 0.07130703316421215
167 1 585.085085 22.500000 0.62944786037729539 0.07130703316421215
167 2 585.085085 45.000000 0.62944786037729539 0.07130703316421215
167 3 585.085085 67.500000 0.62944786037729539 0.07130703316421215
168 0 588.588589 0.000000 0.62773689270453448 0.07180700067150235
168 1 588.588589 22.500000 0.62773689270453448 0.07180700067150235
168 2 588.588589 45.000000 0.62773689270453448 0.07180700067150235
168 3 588.588589 67.500000 0.62773689270453448 0.07180700067150235
169 0 592.092092 0.000000 0.62560183214925436 0.071933297884499078
169 1 592.092092 22.500000 0.62560183214925436 0.071933297884499078
169 2 592.092092 45.000000 0.62560183214925436 0.071933297884499078
169 3 592.092092 67.500000 0.62560183214925436 0.071933297884499078
170 0 595.595596 0.000000 0.62340932678961369 0.071662327971532908
170 1 595.595596 22.500000 0.62340932678961369 0.071662327971532908
170 2 595.595596 45.000000 0.62340932678961369 0.071662327971532908
170 3 595.595596 67.500000 0.62340932678961369 0.071662327971532908
171 0 599.099099 0.000000 0.62153691026611735 0.071038836749209522
171 1 599.099099 22.500000 0.62153691026611735 0.071038836749209522
171 2 599.099099 45.000000 0.62153691026611735 0.071038836749209522
171 3 599.099099 67.500000 0.62153691026611735 0.071038836749209522
172 0 602.602603 0.000000 0.62030817652181358 0.070168539849305642
172 1 602.602603 22.500000 0.62030817652181358 0.070168539849305642
172 2 602.602603 45.000000 0.62030817652181358 0.070168539849305642
172 3 602.602603 67.500000 0.62030817652181358 0.070168539849305642
173 0 606.106106 0.000000 0.61993739625224265 0.069200210993054678
173 1 606.106106 22.500000 0.61993739625224265 0.069200210993054678
173 2 606.106106 45.000000 0.61993739625224265 0.069200210993054678
173 3 606.106106 67.500000 0.61993739625224265 0.069200210993054678
174 0 609.609610 0.000000 0.62049271669906336 0.068300264058403504
174 1 609.609610 22.500000 0.62049271669906336 0.068300264058403504
174 2 609.609610 45.000000 0.62049271669906336 0.068300264058403504
174 3 609.609610 67.500000 0.62049271669906336 0.068300264058403504
175 0 613.113113 0.000000 0.62188390674119043 0.067624169158283121
175 1 613.113113 22.500000 0.62188390674119043 0.067624169158283121
175 2 613.113113 45.000000 0.62188390674119043 0.067624169158283121
175 3 613.113113 67.500000 0.62188390674119043 0.067624169158283121
176 0 616.616617 0.000000 0.62387670251694316 0.067289609779571408
176 1 616.616617 22.500000 0.62387670251694316 0.067289609779571408
176 2 616.616617 45.000000 0.62387670251694316 0.067289609779571408
176 3 616.616617 67.500000 0.62387670251694316 0.067289609779571408
177 0 620.120120 0.000000 0.62613165493589573 0.067356012913242849
177 1 620.120120 22.500000 0.62613165493589573 0.067356012913242849
177 2 620.120120 45.000000 0.62613165493589573 0.067356012913242849
177 3 620.120120 67.500000 0.62613165493589573 0.067356012913242849
178 0 623.623624 0.000000 0.62826141769662702 0.067814010171304479
178 1 623.623624 22.500000 0.62826141769662702 0.067814010171304479
178 2 623.623624 45.000000 0.62826141769662702 0.067814010171304479
178 3 623.623624 67.500000 0.62826141769662702 0.067814010171304479
179 0 627.127127 0.000000 0.62989714551452225 0.068586695954466634
179 1 627.127127 22.500000 0.62989714551452225 0.068586695954466634
179 2 627.127127 45.000000 0.62989714551452225 0.068586695954466634
179 3 627.127127 67.500000 0.62989714551452225 0.068586695954466634
180 0 630.630631 0.000000 0.63075269894493058 0.069542526889983095
180 1 630.630631 22.500000 0.63075269894493058 0.069542526889983095
180 2 630.630631 45.000000 0.63075269894493058 0.069542526889983095
180 3 630.630631 67.500000 0.63075269894493058 0.069542526889983095
181 0 634.134134 0.000000 0.63067525153112891 0.070517701326968316
181 1 634.134134 22.500000 0.63067525153112891 0.070517701326968316
181 2 634.134134 45.000000 0.63067525153112891 0.070517701326968316
181 3 634.134134 67.500000 0.63067525153112891 0.070517701326968316
182 0 637.637638 0.000000 0.62967296974859577 0.07134421393287857
182 1 637.637638 22.500000 0.62967296974859577 0.07134421393287857
182 2 637.637638 45.000000 0.62967296974859577 0.07134421393287857
182 3 637.637638 67.500000 0.62967296974859577 0.07134421393287857
183 0 641.141141 0.000000 0.62791447944400403 0.071878783194292209
183 1 641.141141 22.500000 0.62791447944400403 0.071878783194292209
183 2 641.141141 45.000000 0.62791447944400403 0.071878783194292209
183 3 641.141141 67.500000 0.62791447944400403 0.071878783194292209
184 0 644.644645 0.000000 0.62570006715154503 0.072027673923733201
184 1 644.644645 22.500000 0.62570006715154503 0.072027673923733201
184 2 644.644645 45.000000 0.62570006715154503 0.072027673923733201
184 3 644.644645 67.500000 0.62570006715154503 0.072027673923733201
185 0 648.148148 0.000000 0.62340983221633117 0.071763117281997191
185 1 648.148148 22.500000 0.62340983221633117 0.071763117281997191
185 2 648.148148 45.000000 0.62340983221633117 0.071763117281997191
185 3 648.148148 67.500000 0.62340983221633117 0.071763117281997191
186 0 651.651652 0.000000 0.62143813581029961 0.071128454761758081
186 1 651.651652 22.500000 0.62143813581029961 0.071128454761758081
186 2 651.651652 45.000000 0.62143813581029961 0.071128454761758081
186 3 651.651652 67.500000 0.62143813581029961 0.071128454761758081
187 0 655.155155 0.000000 0.62012587947494191 0.070231058906127894
187 1 655.155155 22.500000 0.62012587947494191 0.070231058906127894
187 2 655.155155 45.000000 0.62012587947494191 0.070231058906127894
187 3 655.155155 67.500000 0.62012587947494191 0.070231058906127894
188 0 658.658659 0.000000 0.61970214806554202 0.069224183368517309
188 1 658.658659 22.500000 0.61970214806554202 0.069224183368517309
188 2 658.658659 45.000000 0.61970214806554202 0.069224183368517309
188 3 658.658659 67.500000 0.61970214806554202 0.069224183368517309
189 0 662.162162 0.000000 0.62024484481408693 0.068280807739906732
189 1 662.162162 22.500000 0.62024484481408693 0.068280807739906732
189 2 662.162162 45.000000 0.62024484481408693 0.068280807739906732
189 3 662.162162 67.500000 0.62024484481408693 0.068280807739906732
190 0 665.665666 0.000000 0.62166668683862525 0.067563938088635533
190 1 665.665666 22.500000 0.62166668683862525 0.067563938088635533
190 2 665.665666 45.000000 0.62166668683862525 0.067563938088635533
190 3 665.665666 67.500000 0.62166668683862525 0.067563938088635533
191 0 669.169169 0.000000 0.62372890354439614 0.067198459312123232
191 1 669.169169 22.500000 0.62372890354439614 0.067198459312123232
191 2 669.169169 45.000000 0.62372890354439614 0.067198459312123232
191 3 669.169169 67.500000 0.62372890354439614 0.067198459312123232
192 0 672.672673 0.000000 0.62608067775318177 0.067249396648578694
192 1 672.672673 22.500000 0.62608067775318177 0.067249396648578694
192 2 672.672673 45.000000 0.62608067775318177 0.067249396648578694
192 3 672.672673 67.500000 0.62608067775318177 0.067249396648578694
193 0 676.176176 0.000000 0.62831822809776572 0.067710367270835695
193 1 676.176176 22.500000 0.62831822809776572 0.067710367270835695
193 2 676.176176 45.000000 0.62831822809776572 0.067710367270835695
193 3 676.176176 67.500000 0.62831822809776572 0.067710367270835695
194 0 679.679680 0.000000 0.63005396028830096 0.068504269383214925
194 1 679.679680 22.500000 0.63005396028830096 0.068504269383214925
194 2 679.679680 45.000000 0.63005396028830096 0.068504269383214925
194 3 679.679680 67.500000 0.63005396028830096 0.068504269383214925
195 0 683.183183 0.000000 0.63098394437360183 0.069496160364138818
195 1 683.183183 22.500000 0.63098394437360183 0.069496160364138818
195 2 683.183183 45.000000 0.63098394437360183 0.069496160364138818
195 3 683.183183 67.500000 0.63098394437360183 0.069496160364138818
196 0 686.686687 0.000000 0.63094173270539233 0.070516175973612594
196 1 686.686687 22.500000 0.63094173270539233 0.070516175973612594
196 2 686.686687 45.000000 0.63094173270539233 0.070516175973612594
196 3 686.686687 67.500000 0.63094173270539233 0.070516175973612594
197 0 690.190190 0.000000 0.62992857589415863 0.071388600877244829
197 1 690.190190 22.500000 0.62992857589415863 0.071388600877244829
197 2 690.190190 45.000000 0.62992857589415863 0.071388600877244829
197 3 690.190190 67.500000 0.62992857589415863 0.071388600877244829
198 0 693.693694 0.000000 0.6281142444065676 0.071962118629148378
198 1 693.693694 22.500000 0.6281142444065676 0.071962118629148378
198 2 693.693694 45.000000 0.6281142444065676 0.071962118629148378
198 3 693.693694 67.500000 0.6281142444065676 0.071962118629148378
199 0 697.197197 0.000000 0.62580812917554918 0.072136036918394139
199 1 697.197197 22.500000 0.62580812917554918 0.072136036918394139
199 2 697.197197 45.000000 0.62580812917554918 0.072136036918394139
199 3 697.197197 67.500000 0.62580812917554918 0.072136036918394139
200 0 700.700701 0.000000 0.6234058573762794 0.071877946284563204
200 1 700.700701 22.500000 0.6234058573762794 0.071877946284563204
200 2 700.700701 45.000000 0.6234058573762794 0.071877946284563204
200 3 700.700701 67.500000 0.6234058573762794 0.071877946284563204
201 0 704.204204 0.000000 0.62132106857640268 0.071229718885636964
201 1 704.204204 22.500000 0.62132106857640268 0.071229718885636964
201 2 704.204204 45.000000 0.62132106857640268 0.071229718885636964
201 3 704.204204 67.500000 0.62132106857640268 0.071229718885636964
202 0 707.707708 0.000000 0.61991437781432368 0.070300743579341268
202 1 707.707708 22.500000 0.61991437781432368 0.070300743579341268
202 2 707.707708 45.000000 0.61991437781432368 0.070300743579341268
202 3 707.707708 67.500000 0.61991437781432368 0.070300743579341268
203 0 711.211211 0.000000 0.61943163495600673 0.069249485264846325
203 1 711.211211 22.500000 0.61943163495600673 0.069249485264846325
203 2 711.211211 45.000000 0.61943163495600673 0.069249485264846325
203 3 711.211211 67.500000 0.61943163495600673 0.069249485264846325
204 0 714.714715 0.000000 0.61996165923037483 0.068256474037045614
204 1 714.714715 22.500000 0.61996165923037483 0.068256474037045614
204 2 714.714715 45.000000 0.61996165923037483 0.068256474037045614
204 3 714.714715 67.500000 0.61996165923037483 0.068256474037045614
205 0 718.218218 0.000000 0.62142027391404731 0.067493324839239935
205 1 718.218218 22.500000 0.62142027391404731 0.067493324839239935
205 2 718.218218 45.000000 0.62142027391404731 0.067493324839239935
205 3 718.218218 67.500000 0.62142027391404731 0.067493324839239935
206 0 721.721722 0.000000 0.62356330373629876 0.067093100382238285
206 1 721.721722 22.500000 0.62356330373629876 0.067093100382238285
206 2 721.721722 45.000000 0.62356330373629876 0.067093100382238285
206 3 721.721722 67.500000 0.62356330373629876 0.067093100382238285
207 0 725.225225 0.000000 0.62602672744227938 0.067127131731167355
207 1 725.225225 22.500000 0.62602672744227938 0.067127131731167355
207 2 725.225225 45.000000 0.62602672744227938 0.067127131731167355
207 3 725.225225 67.500000 0.62602672744227938 0.067127131731167355
208 0 728.728729 0.000000 0.62838783601842318 0.067592330665203218
208 1 728.728729 22.500000 0.62838783601842318 0.067592330665203218
208 2 728.728729 45.000000 0.62838783601842318 0.067592330665203218
208 3 728.728729 67.500000 0.62838783601842318 0.067592330665203218
209 0 732.232232 0.000000 0.63023754752829364 0.068411246178163604
209 1 732.232232 22.500000 0.63023754752829364 0.068411246178163604
209 2 732.232232 45.000000 0.63023754752829364 0.068411246178163604
209 3 732.232232 67.500000 0.63023754752829364 0.068411246178163604
210 0 735.735736 0.000000 0.63125163367463699 0.069444936650552888
210 1 735.735736 22.500000 0.63125163367463699 0.069444936650552888
210 2 735.735736 45.000000 0.63125163367463699 0.069444936650552888
210 3 735.735736 67.500000 0.63125163367463699 0.069444936650552888
211 0 739.239239 0.000000 0.63124820716948293 0.070516522215973099
211 1 739.239239 22.500000 0.63124820716948293 0.070516522215973099
211 2 739.239239 45.000000 0.63124820716948293 0.070516522215973099
211 3 739.239239 67.500000 0.63124820716948293 0.070516522215973099
212 0 742.742743 0.000000 0.63022082358686182 0.071441428457768227
212 1 742.742743 22.500000 0.63022082358686182 0.071441428457768227
212 2 742.742743 45.000000 0.63022082358686182 0.071441428457768227
212 3 742.742743 67.500000 0.63022082358686182 0.071441428457768227
213 0 746.246246 0.000000 0.62834082518406587 0.07205915414956128
213 1 746.246246 22.500000 0.62834082518406587 0.07205915414956128
213 2 746.246246 45.000000 0.62834082518406587 0.07205915414956128
213 3 746.246246 67.500000 0.62834082518406587 0.07205915414956128
214 0 749.749750 0.000000 0.6259282875639629 0.07226109952694558
214 1 749.749750 22.500000 0.6259282875639629 0.07226109952694558
214 2 749.749750 45.000000 0.6259282875639629 0.07226109952694558
214 3 749.749750 67.500000 0.6259282875639629 0.07226109952694558
215 0 753.253253 0.000000 0.62339683491407338 0.07200963427434777
215 1 753.253253 22.500000 0.62339683491407338 0.07200963427434777
215 2 753.253253 45.000000 0.62339683491407338 0.07200963427434777
215 3 753.253253 67.500000 0.62339683491407338 0.07200963427434777
216 0 756.756757 0.000000 0.62118232044486843 0.071345061521904493
216 1 756.756757 22.500000 0.62118232044486843 0.071345061521904493
216 2 756.756757 45.000000 0.62118232044486843 0.071345061521904493
216 3 756.756757 67.500000 0.62118232044486843 0.071345061521904493
217 0 760.260260 0.000000 0.61966797211792535 0.070379196861492757
217 1 760.260260 22.500000 0.61966797211792535 0.070379196861492757
217 2 760.260260 45.000000 0.61966797211792535 0.070379196861492757
217 3 760.260260 67.500000 0.61966797211792535 0.070379196861492757
218 0 763.763764 0.000000 0.61911877450904806 0.069276578465646346
218 1 763.763764 22.500000 0.61911877450904806 0.069276578465646346
218 2 763.763764 45.000000 0.61911877450904806 0.069276578465646346
218 3 763.763764 67.500000 0.61911877450904806 0.069276578465646346
219 0 767.267267 0.000000 0.61963589499290239 0.068226461916383832
219 1 767.267267 22.500000 0.61963589499290239 0.068226461916383832
219 2 767.267267 45.000000 0.61963589499290239 0.068226461916383832
219 3 767.267267 67.500000 0.61963589499290239 0.068226461916383832
220 0 770.770771 0.000000 0.62113849637302498 0.067410362241243652
220 1 770.770771 22.500000 0.62113849637302498 0.067410362241243652
220 2 770.770771 45.000000 0.62113849637302498 0.067410362241243652
220 3 770.770771 67.500000 0.62113849637302498 0.067410362241243652
221 0 774.274274 0.000000 0.62337595901002441 0.066970705334110439
221 1 774.274274 22.500000 0.62337595901002441 0.066970705334110439
221 2 774.274274 45.000000 0.62337595901002441 0.066970705334110439
221 3 774.274274 67.500000 0.62337595901002441 0.066970705334110439
222 0 777.777778 0.000000 0.62596887630804587 0.06698599821191252
222 1 777.777778 22.500000 0.62596887630804587 0.06698599821191252
222 2 777.777778 45.000000 0.62596887630804587 0.06698599821191252
222 3 777.777778 67.500000 0.62596887630804587 0.06698599821191252
223 0 781.281281 0.000000 0.62847261916242392 0.067456842179669546
223 1 781.281281 22.500000 0.62847261916242392 0.067456842179669546
223 2 781.281281 45.000000 0.62847261916242392 0.067456842179669546
223 3 781.281281 67.500000 0.62847261916242392 0.067456842179669546
224 0 784.784785 0.000000 0.63045330481063311 0.068305275364722265
224 1 784.784785 22.500000 0.63045330481063311 0.068305275364722265
224 2 784.784785 45.000000 0.63045330481063311 0.068305275364722265
224 3 784.784785 67.500000 0.63045330481063311 0.068305275364722265
225 0 788.288288 0.000000 0.63156334932081448 0.069387652378683884
225 1 788.288288 22.500000 0.63156334932081448 0.069387652378683884
225 2 788.288288 45.000000 0.63156334932081448 0.069387652378683884
225 3 788.288288 67.500000 0.63156334932081448 0.069387652378683884
226 0 791.791792 0.000000 0.63160318502921386 0.070518938304027362
226 1 791.791792 22.500000 0.63160318502921386 0.070518938304027362
226 2 791.791792 45.000000 0.63160318502921386 0.070518938304027362
226 3 791.791792 67.500000 0.63160318502921386 0.070518938304027362
227 0 795.295295 0.000000 0.63055768182934224 0.071504312669736836
227 1 795.295295 22.500000 0.63055768182934224 0.071504312669736836
227 2 795.295295 45.000000 0.63055768182934224 0.071504312669736836
227 3 795.295295 67.500000 0.63055768182934224 0.071504312669736836
228 0 798.798799 0.000000 0.62860022697356932 0.072172690222742059
228 1 798.798799 22.500000 0.62860022697356932 0.072172690222742059
228 2 798.798799 45.000000 0.62860022697356932 0.072172690222742059
228 3 798.798799 67.500000 0.62860022697356932 0.072172690222742059
229 0 802.302302 0.000000 0.62606346337707108 0.072406395985422922
229 1 802.302302 22.500000 0.62606346337707108 0.072406395985422922
229 2 802.302302 45.000000 0.62606346337707108 0.072406395985422922
229 3 802.302302 67.500000 0.62606346337707108 0.072406395985422922
230 0 805.805806 0.000000 0.62338199103696401 0.072161852533271897
230 1 805.805806 22.500000 0.62338199103696401 0.072161852533271897
230 2 805.805806 45.000000 0.62338199103696401 0.072161852533271897
230 3 805.805806 67.500000 0.62338199103696401 0.072161852533271897
231 0 809.309309 0.000000 0.62101744219936206 0.071477647996973454
231 1 809.309309 22.500000 0.62101744219936206 0.071477647996973454
231 2 809.309309 45.000000 0.62101744219936206 0.071477647996973454
231 3 809.309309 67.500000 0.62101744219936206 0.071477647996973454
232 0 812.812813 0.000000 0.61937920053343154 0.070468500421328517
232 1 812.812813 22.500000 0.61937920053343154 0.070468500421328517
232 2 812.812813 45.000000 0.61937920053343154 0.070468500421328517
232 3 812.812813 67.500000 0.61937920053343154 0.070468500421328517
233 0 816.316316 0.000000 0.61875430250867558 0.069306052809690266
233 1 816.316316 22.500000 0.61875430250867558 0.069306052809690266
233 2 816.316316 45.000000 0.61875430250867558 0.069306052809690266
233 3 816.316316 67.500000 0.61875430250867558 0.069306052809690266
234 0 819.819820 0.000000 0.61925805336467599 0.068189709023900091
234 1 819.819820 22.500000 0.61925805336467599 0.068189709023900091
234 2 819.819820 45.000000 0.61925805336467599 0.068189709023900091
234 3 819.819820 67.500000 0.61925805336467599 0.068189709023900091
235 0 823.323323 0.000000 0.62081329063420077 0.067312460785478589
235 1 823.323323 22.500000 0.62081329063420077 0.067312460785478589
235 2 823.323323 45.000000 0.62081329063420077 0.067312460785478589
235 3 823.323323 67.500000 0.62081329063420077 0.067312460785478589
236 0 826.826827 0.000000 0.62316172877057752 0.066827556703333249
236 1 826.826827 22.500000 0.62316172877057752 0.066827556703333249
236 2 826.826827 45.000000 0.62316172877057752 0.066827556703333249
236 3 826.826827 67.500000 0.62316172877057752 0.066827556703333249
237 0 830.330330 0.000000 0.6259059453508411 0.066821764098553227
237 1 830.330330 22.500000 0.6259059453508411 0.066821764098553227
237 2 830.330330 45.000000 0.6259059453508411 0.066821764098553227
237 3 830.330330 67.500000 0.6259059453508411 0.066821764098553227
238 0 833.833834 0.000000 0.62857574464417032 0.067299883011590747
238 1 833.833834 22.500000 0.62857574464417032 0.067299883011590747
238 2 833.833834 45.000000 0.62857574464417032 0.067299883011590747
238 3 833.833834 67.500000 0.62857574464417032 0.067299883011590747
239 0 837.337337 0.000000 0.63070837468425633 0.068183269450675599
239 1 837.337337 22.500000 0.63070837468425633 0.068183269450675599
239 2 837.337337 45.000000 0.63070837468425633 0.068183269450675599
239 3 837.337337 67.500000 0.63070837468425633 0.068183269450675599
240 0 840.840841 0.000000 0.63192911323365264 0.069322732929278763
240 1 840.840841 22.500000 0.63192911323365264 0.069322732929278763
240 2 840.840841 45.000000 0.63192911323365264 0.069322732929278763
240 3 840.840841 67.500000 0.63192911323365264 0.069322732929278763
241 0 844.344344 0.000000 0.63201791110841465 0.070523699675022589
241 1 844.344344 22.500000 0.63201791110841465 0.070523699675022589
241 2 844.344344 45.000000 0.63201791110841465 0.070523699675022589
241 3 844.344344 67.500000 0.63201791110841465 0.070523699675022589
242 0 847.847848 0.000000 0.63094967823375314 0.071579402840466627
242 1 847.847848 22.500000 0.63094967823375314 0.071579402840466627
242 2 847.847848 45.000000 0.63094967823375314 0.071579402840466627
242 3 847.847848 67.500000 0.63094967823375314 0.071579402840466627
243 0 851.351351 0.000000 0.62890037655572761 0.072306444073864162
243 1 851.351351 22.500000 0.62890037655572761 0.072306444073864162
243 2 851.351351 45.000000 0.62890037655572761 0.072306444073864162
243 3 851.351351 67.500000 0.62890037655572761 0.072306444073864162
244 0 854.854855 0.000000 0.62621749554522177 0.072576616569611035
244 1 854.854855 22.500000 0.62621749554522177 0.072576616569611035
244 2 854.854855 45.000000 0.62621749554522177 0.072576616569611035
244 3 854.854855 67.500000 0.62621749554522177 0.072576616569611035
245 0 858.358358 0.000000 0.62336026262296784 0.072339474151920505
245 1 858.358358 22.500000 0.62336026262296784 0.072339474151920505
245 2 858.358358 45.000000 0.62336026262296784 0.072339474151920505
245 3 858.358358 67.500000 0.62336026262296784 0.072339474151920505
246 0 861.861862 0.000000 0.62082048929332556 0.071631680182088389
246 1 861.861862 22.500000 0.62082048929332556 0.071631680182088389
246 2 861.861862 45.000000 0.62082048929332556 0.071631680182088389
246 3 861.861862 67.500000 0.62082048929332556 0.071631680182088389
247 0 865.365365 0.000000 0.61903811264092112 0.070571415151227002
247 1 865.365365 22.500000 0.61903811264092112 0.070571415151227002
247 2 865.365365 45.000000 0.61903811264092112 0.070571415151227002
247 3 865.365365 67.500000 0.61903811264092112 0.070571415151227002
248 0 868.868869 0.000000 0.61832586856262695 0.069338681882631648
248 1 868.868869 22.500000 0.61832586856262695 0.069338681882631648
248 2 868.868869 45.000000 0.61832586856262695 0.069338681882631648
248 3 868.868869 67.500000 0.61832586856262695 0.069338681882631648
249 0 872.372372 0.000000 0.61881547037605256 0.068144784136977513
249 1 872.372372 22.500000 0.61881547037605256 0.068144784136977513
249 2 872.372372 45.000000 0.61881547037605256 0.068144784136977513
249 3 872.372372 67.500000 0.61881547037605256 0.068144784136977513
250 0 875.875876 0.000000 0.62043390753700978 0.067196147488075508
250 1 875.875876 22.500000 0.62043390753700978 0.067196147488075508
250 2 875.875876 45.000000 0.62043390753700978 0.067196147488075508
250 3 875.875876 67.500000 0.62043390753700978 0.067196147488075508
251 0 879.379379 0.000000 0.62291377132261627 0.066658670111017448
251 1 879.379379 22.500000 0.62291377132261627 0.066658670111017448
251 2 879.379379 45.000000 0.62291377132261627 0.066658670111017448
251 3 879.379379 67.500000 0.62291377132261627 0.066658670111017448
252 0 882.882883 0.000000 0.62583639862060825 0.066628752802634611
252 1 882.882883 22.500000 0.62583639862060825 0.066628752802634611
252 2 882.882883 45.000000 0.62583639862060825 0.066628752802634611
252 3 882.882883 67.500000 0.62583639862060825 0.066628752802634611
253 0 886.386386 0.000000 0.62870150835489502 0.067116059739579847
253 1 886.386386 22.500000 0.62870150835489502 0.067116059739579847
253 2 886.386386 45.000000 0.62870150835489502 0.067116059739579847
253 3 886.386386 67.500000 0.62870150835489502 0.067116059739579847
254 0 889.889890 0.000000 0.63101239803805143 0.068041084109471905
254 1 889.889890 22.500000 0.63101239803805143 0.068041084109471905
254 2 889.889890 45.000000 0.63101239803805143 0.068041084109471905
254 3 889.889890 67.500000 0.63101239803805143 0.068041084109471905
255 0 893.393393 0.000000 0.63236244599949887 0.069248068688790437
255 1 893.393393 22.500000 0.63236244599949887 0.069248068688790437
255 2 893.393393 45.000000 0.63236244599949887 0.069248068688790437
255 3 893.393393 67.500000 0.63236244599949887 0.069248068688790437
256 0 896.896897 0.000000 0.63250755931364366 0.070531190517662296
256 1 896.896897 22.500000 0.63250755931364366 0.070531190517662296
256 2 896.896897 45.000000 0.63250755931364366 0.070531190517662296
256 3 896.896897 67.500000 0.63250755931364366 0.070531190517662296
257 0 900.400400 0.000000 0.63141102293091211 0.071669614718187558
257 1 900.400400 22.500000 0.63141102293091211 0.071669614718187558
257 2 900.400400 45.000000 0.63141102293091211 0.071669614718187558
257 3 900.400400 67.500000 0.63141102293091211 0.071669614718187558
258 0 903.903904 0.000000 0.62925197121799714 0.072465454905951285
258 1 903.903904 22.500000 0.62925197121799714 0.072465454905951285
258 2 903.903904 45.000000 0.62925197121799714 0.072465454905951285
258 3 903.903904 67.500000 0.62925197121799714 0.072465454905951285
259 0 907.407407 0.000000 0.62639554882572723 0.072778123008109125
259 1 907.407407 22.500000 0.62639554882572723 0.072778123008109125
259 2 907.407407 45.000000 0.62639554882572723 0.072778123008109125
259 3 907.407407 67.500000 0.62639554882572723 0.072778123008109125
260 0 910.910911 0.000000 0.62333016850927703 0.072549114198990378
260 1 910.910911 22.500000 0.62333016850927703 0.072549114198990378
260 2 910.910911 45.000000 0.62333016850927703 0.072549114198990378
260 3 910.910911 67.500000 0.62333016850927703 0.072549114198990378
261 0 914.414414 0.000000 0.62058335110939233 0.071812866269243936
261 1 914.414414 22.500000 0.62058335110939233 0.071812866269243936
261 2 914.414414 45.000000 0.62058335110939233 0.071812866269243936
261 3 914.414414 67.500000 0.62058335110939233 0.071812866269243936
262 0 917.917918 0.000000 0.61863114660696739 0.070691692055787014
262 1 917.917918 22.500000 0.61863114660696739 0.070691692055787014
262 2 917.917918 45.000000 0.61863114660696739 0.070691692055787014
262 3 917.917918 67.500000 0.61863114660696739 0.070691692055787014
263 0 921.421421 0.000000 0.61781663543711285 0.069375509384008799
263 1 921.421421 22.500000 0.61781663543711285 0.069375509384008799
263 2 921.421421 45.000000 0.61781663543711285 0.069375509384008799
263 3 921.421421 67.500000 0.61781663543711285 0.069375509384008799
264 0 924.924925 0.000000 0.61829087175598696 0.068089719381909122
264 1 924.924925 22.500000 0.61829087175598696 0.068089719381909122
264 2 924.924925 45.000000 0.61829087175598696 0.068089719381909122
264 3 924.924925 67.500000 0.61829087175598696 0.068089719381909122
265 0 928.428428 0.000000 0.61998567914951397 0.067056657897733171
265 1 928.428428 22.500000 0.61998567914951397 0.067056657897733171
265 2 928.428428 45.000000 0.61998567914951397 0.067056657897733171
265 3 928.428428 67.500000 0.61998567914951397 0.067056657897733171
266 0 931.931932 0.000000 0.62262275907952225 0.066457203845102425
266 1 931.931932 22.500000 0.62262275907952225 0.066457203845102425
266 2 931.931932 45.000000 0.62262275907952225 0.066457203845102425
266 3 931.931932 67.500000 0.62262275907952225 0.066457203845102425
267 0 935.435435 0.000000 0.62575818064691824 0.066399164407265565
267 1 935.435435 22.500000 0.62575818064691824 0.066399164407265565
267 2 935.435435 45.000000 0.62575818064691824 0.066399164407265565
267 3 935.435435 67.500000 0.62575818064691824 0.066399164407265565
268 0 938.938939 0.000000 0.62885586962239992 0.066897953246066788
268 1 938.938939 22.500000 0.62885586962239992 0.066897953246066788
268 2 938.938939 45.000000 0.62885586962239992 0.066897953246066788
268 3 938.938939 67.500000 0.62885586962239992 0.066897953246066788
269 0 942.442442 0.000000 0.63137870040660438 0.06787301328237666
269 1 942.442442 22.500000 0.63137870040660438 0.06787301328237666
269 2 942.442442 45.000000 0.63137870040660438 0.06787301328237666
269 3 942.442442 67.500000 0.63137870040660438 0.06787301328237666
270 0 945.945946 0.000000 0.63288203732426218 0.06916075640745592
270 1 945.945946 22.500000 0.63288203732426218 0.06916075640745592
270 2 945.945946 45.000000 0.63288203732426218 0.06916075640745592
270 3 945.945946 67.500000 0.63288203732426218 0.06916075640745592
271 0 949.449449 0.000000 0.63309311971640503 0.070541953930491674
271 1 949.449449 22.500000 0.63309311971640503 0.070541953930491674
271 2 949.449449 45.000000 0.63309311971640503 0.070541953930491674
271 3 949.449449 67.500000 0.63309311971640503 0.070541953930491674
272 0 952.952953 0.000000 0.63196138765855892 0.071779000802608434
272 1 952.952953 22.500000 0.63196138765855892 0.071779000802608434
272 2 952.952953 45.000000 0.63196138765855892 0.071779000802608434
272 3 952.952953 67.500000 0.63196138765855892 0.071779000802608434
273 0 956.456456 0.000000 0.62966982483395284 0.072656729189544703
273 1 956.456456 22.500000 0.62966982483395284 0.072656729189544703
273 2 956.456456 45.000000 0.62966982483395284 0.072656729189544703
273 3 956.456456 67.500000 0.62966982483395284 0.072656729189544703
274 0 959.959960 0.000000 0.62660476115833508 0.073019771255640908
274 1 959.959960 22.500000 0.62660476115833508 0.073019771255640908
274 2 959.959960 45.000000 0.62660476115833508 0.073019771255640908
274 3 959.959960 67.500000 0.62660476115833508 0.073019771255640908
275 0 963.463463 0.000000 0.62328960278871437 0.072799994175083038
275 1 963.463463 22.500000 0.62328960278871437 0.072799994175083038
275 2 963.463463 45.000000 0.62328960278871437 0.072799994175083038
275 3 963.463463 67.500000 0.62328960278871437 0.072799994175083038
276 0 966.966967 0.000000 0.62029467813828731 0.072029174482450026
276 1 966.966967 22.500000 0.62029467813828731 0.072029174482450026
276 2 966.966967 45.000000 0.62029467813828731 0.072029174482450026
276 3 966.966967 67.500000 0.62029467813828731 0.072029174482450026
277 0 970.470470 0.000000 0.61813933050300884 0.070834572315323169
277 1 970.470470 22.500000 0.61813933050300884 0.070834572315323169
277 2 970.470470 45.000000 0.61813933050300884 0.070834572315323169
277 3 970.470470 67.500000 0.61813933050300884 0.070834572315323169
278 0 973.973974 0.000000 0.61720303089376805 0.069417988366983222
278 1 973.973974 22.500000 0.61720303089376805 0.069417988366983222
278 2 973.973974 45.000000 0.61720303089376805 0.069417988366983222
278 3 973.973974 67.500000 0.61720303089376805 0.069417988366983222
279 0 977.477477 0.000000 0.61766004859554047 0.068021738824294214
279 1 977.477477 22.500000 0.61766004859554047 0.068021738824294214
279 2 977.477477 45.000000 0.61766004859554047 0.068021738824294214
279 3 977.477477 67.500000 0.61766004859554047 0.068021738824294214
280 0 980.980981 0.000000 0.61944803120784997 0.066887274426262702
280 1 980.980981 22.500000 0.61944803120784997 0.066887274426262702
280 2 980.980981 45.000000 0.61944803120784997 0.066887274426262702
280 3 980.980981 67.500000 0.61944803120784997 0.066887274426262702
281 0 984.484484 0.000000 0.62227561211073101 0.066213498748721608
281 1 984.484484 22.500000 0.62227561211073101 0.066213498748721608
281 2 984.484484 45.000000 0.62227561211073101 0.066213498748721608
281 3 984.484484 67.500000 0.62227561211073101 0.066213498748721608
282 0 987.987988 0.000000 0.62566845697445106 0.066121968897714364
282 1 987.987988 22.500000 0.62566845697445106 0.066121968897714364
282 2 987.987988 45.000000 0.62566845697445106 0.066121968897714364
282 3 987.987988 67.500000 0.62566845697445106 0.066121968897714364
283 0 991.491491 0.000000 0.62904732628500881 0.066635054065150356
283 1 991.491491 22.500000 0.62904732628500881 0.066635054065150356
283 2 991.491491 45.000000 0.62904732628500881 0.066635054065150356
283 3 991.491491 67.500000 0.62904732628500881 0.066635054065150356
284 0 994.994995 0.000000 0.63182623330141097 0.067670961207293281
284 1 994.994995 22.500000 0.63182623330141097 0.067670961207293281
284 2 994.994995 45.000000 0.63182623330141097 0.067670961207293281
284 3 994.994995 67.500000 0.63182623330141097 0.067670961207293281
285 0 998.498498 0.000000 0.63351448497674601 0.069056673816887709
285 1 998.498498 22.500000 0.63351448497674601 0.069056673816887709
285 2 998.498498 45.000000 0.63351448497674601 0.069056673816887709
285 3 998.498498 67.500000 0.63351448497674601 0.069056673816887709
286 0 1002.002002 0.000000 0.63380449978620312 0.070556774605190331
286 1 1002.002002 22.500000 0.63380449978620312 0.070556774605190331
286 2 1002.002002 45.000000 0.63380449978620312 0.070556774605190331
286 3 1002.002002 67.500000 0.63380449978620312 0.070556774605190331
287 0 1005.505506 0.000000 0.63262883631130362 0.071913362892574689
287 1 1005.505506 22.500000 0.63262883631130362 0.071913362892574689
287 2 1005.505506 45.000000 0.63262883631130362 0.071913362892574689
287 3 1005.505506 67.500000 0.63262883631130362 0.071913362892574689
288 0 1009.009009 0.000000 0.63017508996989158 0.072890311235108612
288 1 1009.009009 22.500000 0.63017508996989158 0.072890311235108612
288 2 1009.009009 45.000000 0.63017508996989158 0.072890311235108612
288 3 1009.009009 67.500000 0.63017508996989158 0.072890311235108612
289 0 1012.512513 0.000000 0.62685531377728487 0.073314280677597682
289 1 1012.512513 22.500000 0.62685531377728487 0.073314280677597682
289 2 1012.512513 45.000000 0.62685531377728487 0.073314280677597682
289 3 1012.512513 67.500000 0.62685531377728487 0.073314280677597682
290 0 1016.016016 0.000000 0.62323548937353357 0.073105384998381873
290 1 1016.016016 22.500000 0.62323548937353357 0.073105384998381873
290 2 1016.016016 45.000000 0.62323548937353357 0.073105384998381873
290 3 1016.016016 67.500000 0.62323548937353357 0.073105384998381873
291 0 1019.519520 0.000000 0.61993809387190335 0.072292095161432451
291 1 1019.519520 22.500000 0.61993809387190335 0.072292095161432451
291 2 1019.519520 45.000000 0.61993809387190335 0.072292095161432451
291 3 1019.519520 67.500000 0.61993809387190335 0.072292095161432451
292 0 1023.023023 0.000000 0.61753527816470832 0.071007627355155992
292 1 1023.023023 22.500000 0.61753527816470832 0.071007627355155992
292 2 1023.023023 45.000000 0.61753527816470832 0.071007627355155992
292 3 1023.023023 67.500000 0.61753527816470832 0.071007627355155992
293 0 1026.526527 0.000000 0.61645098347641969 0.069468216059439342
293 1 1026.526527 22.500000 0.61645098347641969 0.069468216059439342
293 2 1026.526527 45.000000 0.61645098347641969 0.069468216059439342
293 3 1026.526527 67.500000 0.61645098347641969 0.069468216059439342
294 0 1030.030030 0.000000 0.61688795536803975 0.067936799931876207
294 1 1030.030030 22.500000 0.61688795536803975 0.067936799931876207
294 2 1030.030030 45.000000 0.61688795536803975 0.067936799931876207
294 3 1030.030030 67.500000 0.61688795536803975 0.067936799931876207
295 0 1033.533534 0.000000 0.61879113800212127 0.06667820448761988
295 1 1033.533534 22.500000 0.61879113800212127 0.06667820448761988
295 2 1033.533534 45.000000 0.61879113800212127 0.06667820448761988
295 3 1033.533534 67.500000 0.61879113800212127 0.06667820448761988
296 0 1037.037037 0.000000 0.62185336293273108 0.065913444822438716
296 1 1037.037037 22.500000 0.62185336293273108 0.065913444822438716
296 2 1037.037037 45.000000 0.62185336293273108 0.065913444822438716
296 3 1037.037037 67.500000 0.62185336293273108 0.065913444822438716
297 0 1040.540541 0.000000 0.62556318163721181 0.065781016838059536
297 1 1040.540541 22.500000 0.62556318163721181 0.065781016838059536
297 2 1040.540541 45.000000 0.62556318163721181 0.065781016838059536
297 3 1040.540541 67.500000 0.62556318163721181 0.065781016838059536
298 0 1044.044044 0.000000 0.62928841324701867 0.066311938656223035
298 1 1044.044044 22.500000 0.62928841324701867 0.066311938656223035
298 2 1044.044044 45.000000 0.62928841324701867 0.066311938656223035
298 3 1044.044044 67.500000 0.62928841324701867 0.066311938656223035
299 0 1047.547548 0.000000 0.6323828998829808 0.067423019058673442
299 1 1047.547548 22.500000 0.6323828998829808 0.067423019058673442
299 2 1047.547548 45.000000 0.6323828998829808 0.067423019058673442
299 3 1047.547548 67.500000 0.6323828998829808 0.067423019058673442
300 0 1051.051051 0.000000 0.63429899863092554 0.068929745503198608
300 1 1051.051051 22.500000 0.63429899863092554 0.068929745503198608
300 2 1051.051051 45.000000 0.63429899863092554 0.068929745503198608
300 3 1051.051051 67.500000 0.63429899863092554 0.068929745503198608
301 0 1054.554555 0.000000 0.63468586573667229 0.070576821331365031
301 1 1054.554555 22.500000 0.63468586573667229 0.070576821331365031
301 2 1054.554555 45.000000 0.63468586573667229 0.070576821331365031
301 3 1054.554555 67.500000 0.63468586573667229 0.070576821331365031
302 0 1058.058058 0.000000 0.63345488703862884 0.072081315388269548
302 1 1058.058058 22.500000 0.63345488703862884 0.072081315388269548
302 2 1058.058058 45.000000 0.63345488703862884 0.072081315388269548
302 3 1058.058058 67.500000 0.63345488703862884 0.072081315388269548
303 0 1061.561562 0.000000 0.63079910700981223 0.073181148828454085
303 1 1061.561562 22.500000 0.63079910700981223 0.073181148828454085
303 2 1061.561562 45.000000 0.63079910700981223 0.073181148828454085
303 3 1061.561562 67.500000 0.63079910700981223 0.073181148828454085
304 0 1065.065065 0.000000 0.62716228891434445 0.073680629152048496
304 1 1065.065065 22.500000 0.62716228891434445 0.073680629152048496
304 2 1065.065065 45.000000 0.62716228891434445 0.073680629152048496
304 3 1065.065065 67.500000 0.62716228891434445 0.073680629152048496
305 0 1068.568569 0.000000 0.62316317665761856 0.073485140907779065
305 1 1068.568569 22.500000 0.62316317665761856 0.073485140907779065
305 2 1068.568569 45.000000 0.62316317665761856 0.073485140907779065
305 3 1068.568569 67.500000 0.62316317665761856 0.073485140907779065
306 0 1072.072072 0.000000 0.61948906383187385 0.072618865731125581
306 1 1072.072072 22.500000 0.61948906383187385 0.072618865731125581
306 2 1072.072072 45.000000 0.61948906383187385 0.072618865731125581
306 3 1072.072072 67.500000 0.61948906383187385 0.072618865731125581
307 0 1075.575576 0.000000 0.61677791417800487 0.071222246032576667
307 1 1075.575576 22.500000 0.61677791417800487 0.071222246032576667
307 2 1075.575576 45.000000 0.61677791417800487 0.071222246032576667
307 3 1075.575576 67.500000 0.61677791417800487 0.071222246032576667
308 0 1079.079079 0.000000 0.61550929191998793 0.069529352140117726
308 1 1079.079079 22.500000 0.61550929191998793 0.069529352140117726
308 2 1079.079079 45.000000 0.61550929191998793 0.069529352140117726
308 3 1079.079079 67.500000 0.61550929191998793 0.069529352140117726
309 0 1082.582583 0.000000 0.61592181390018341 0.067828777368531254
309 1 1082.582583 22.500000 0.61592181390018341 0.067828777368531254
309 2 1082.582583 45.000000 0.61592181390018341 0.067828777368531254
309 3 1082.582583 67.500000 0.61592181390018341 0.067828777368531254
310 0 1086.086086 0.000000 0.61796999133772956 0.066414573566322091
310 1 1086.086086 22.500000 0.61796999133772956 0.066414573566322091
310 2 1086.086086 45.000000 0.61796999133772956 0.066414573566322091
310 3 1086.086086 67.500000 0.61796999133772956 0.066414573566322091
311 0 1089.589590 0.000000 0.62132736150485857 0.065535546493024996
311 1 1089.589590 22.500000 0.62132736150485857 0.065535546493024996
311 2 1089.589590 45.000000 0.62132736150485857 0.065535546493024996
311 3 1089.589590 67.500000 0.62132736150485857 0.065535546493024996
312 0 1093.093093 0.000000 0.62543633724882941 0.065351630211031062
312 1 1093.093093 22.500000 0.62543633724882941 0.065351630211031062
312 2 1093.093093 45.000000 0.62543633724882941 0.065351630211031062
312 3 1093.093093 67.500000 0.62543633724882941 0.065351630211031062
313 0 1096.596597 0.000000 0.62959841306015096 0.065904964196915314
313 1 1096.596597 22.500000 0.62959841306015096 0.065904964196915314
313 2 1096.596597 45.000000 0.62959841306015096 0.065904964196915314
313 3 1096.596597 67.500000 0.62959841306015096 0.065904964196915314
314 0 1100.100100 0.000000 0.6330915766268902 0.067110873517679109
314 1 1100.100100 22.500000 0.6330915766268902 0.067110873517679109
314 2 1100.100100 45.000000 0.6330915766268902 0.067110873517679109
314 3 1100.100100 67.500000 0.6330915766268902 0.067110873517679109
315 0 1103.603604 0.000000 0.63529594486724705 0.068770599153899228
315 1 1103.603604 22.500000 0.63529594486724705 0.068770599153899228
315 2 1103.603604 45.000000 0.63529594486724705 0.068770599153899228
315 3 1103.603604 67.500000 0.63529594486724705 0.068770599153899228
316 0 1107.107107 0.000000 0.63580538119350838 0.070603905780029758
316 1 1107.107107 22.500000 0.63580538119350838 0.070603905780029758
316 2 1107.107107 45.000000 0.63580538119350838 0.070603905780029758
316 3 1107.107107 67.500000 0.63580538119350838 0.070603905780029758
317 0 1110.610611 0.000000 0.63450377624325949 0.072296242436893782
317 1 1110.610611 22.500000 0.63450377624325949 0.072296242436893782
317 2 1110.610611 45.000000 0.63450377624325949 0.072296242436893782
317 3 1110.610611 67.500000 0.63450377624325949 0.072296242436893782
318 0 1114.114114 0.000000 0.63159047431541426 0.07355254505671191
318 1 1114.114114 22.500000 0.63159047431541426 0.07355254505671191
318 2 1114.114114 45.000000 0.63159047431541426 0.07355254505671191
318 3 1114.114114 67.500000 0.63159047431541426 0.07355254505671191
319 0 1117.617618 0.000000 0.62754909373877299 0.074148506228232158
319 1 1117.617618 22.500000 0.62754909373877299 0.074148506228232158
319 2 1117.617618 45.000000 0.62754909373877299 0.074148506228232158
319 3 1117.617618 67.500000 0.62754909373877299 0.074148506228232158
320 0 1121.121121 0.000000 0.62306531435803592 0.073970433861676371
320 1 1121.121121 22.500000 0.62306531435803592 0.073970433861676371
320 2 1121.121121 45.000000 0.62306531435803592 0.073970433861676371
320 3 1121.121121 67.500000 0.62306531435803592 0.073970433861676371
321 0 1124.624625 0.000000 0.61890907365112791 0.073036649028131839
321 1 1124.624625 22.500000 0.61890907365112791 0.073036649028131839
321 2 1124.624625 45.000000 0.61890907365112791 0.073036649028131839
321 3 1124.624625 67.500000 0.61890907365112791 0.073036649028131839
322 0 1128.128128 0.000000 0.61580262724227652 0.071496443082808253
322 1 1128.128128 22.500000 0.61580262724227652 0.071496443082808253
322 2 1128.128128 45.000000 0.61580262724227652 0.071496443082808253
322 3 1128.128128 67.500000 0.61580262724227652 0.071496443082808253
323 0 1131.631632 0.000000 0.61429719694550267 0.069606416530287485
323 1 1131.631632 22.500000 0.61429719694550267 0.069606416530287485
323 2 1131.631632 45.000000 0.61429719694550267 0.069606416530287485
323 3 1131.631632 67.500000 0.61429719694550267 0.069606416530287485
324 0 1135.135135 0.000000 0.61467813226335011 0.067687914684071607
324 1 1135.135135 22.500000 0.61467813226335011 0.067687914684071607
324 2 1135.135135 45.000000 0.61467813226335011 0.067687914684071607
324 3 1135.135135 67.500000 0.61467813226335011 0.067687914684071607
325 0 1138.638639 0.000000 0.6169131885337934 0.066072590350463881
325 1 1138.638639 22.500000 0.6169131885337934 0.066072590350463881
325 2 1138.638639 45.000000 0.6169131885337934 0.066072590350463881
325 3 1138.638639 67.500000 0.6169131885337934 0.066072590350463881
326 0 1142.142142 0.000000 0.62065207638607289 0.065045282622353359
326 1 1142.142142 22.500000 0.62065207638607289 0.065045282622353359
326 2 1142.142142 45.000000 0.62065207638607289 0.065045282622353359
326 3 1142.142142 67.500000 0.62065207638607289 0.065045282622353359
327 0 1145.645646 0.000000 0.62527850913059924 0.064794013925782046
327 1 1145.645646 22.500000 0.62527850913059924 0.064794013925782046
327 2 1145.645646 45.000000 0.62527850913059924 0.064794013925782046
327 3 1145.645646 67.500000 0.62527850913059924 0.064794013925782046
328 0 1149.149149 0.000000 0.63000860007702342 0.065375844433165339
328 1 1149.149149 22.500000 0.63000860007702342 0.065375844433165339
328 2 1149.149149 45.000000 0.63000860007702342 0.065375844433165339
328 3 1149.149149 67.500000 0.63000860007702342 0.065375844433165339
329 0 1152.652653 0.000000 0.63402178869004167 0.066704739173249136
329 1 1152.652653 22.500000 0.63402178869004167 0.066704739173249136
329 2 1152.652653 45.000000 0.63402178869004167 0.066704739173249136
329 3 1152.652653 67.500000 0.63402178869004167 0.066704739173249136
330 0 1156.156156 0.000000 0.63660348824817814 0.068563917496506463
330 1 1156.156156 22.500000 0.63660348824817814 0.068563917496506463
330 2 1156.156156 45.000000 0.63660348824817814 0.068563917496506463
330 3 1156.156156 67.500000 0.63660348824817814 0.068563917496506463
331 0 1159.659660 0.000000 0.63727426447497482 0.070640981826518109
331 1 1159.659660 22.500000 0.63727426447497482 0.070640981826518109
331 2 1159.659660 45.000000 0.63727426447497482 0.070640981826518109
331 3 1159.659660 67.500000 0.63727426447497482 0.070640981826518109
332 0 1163.163163 0.000000 0.63588067669713089 0.072580171426992329
332 1 1163.163163 22.500000 0.63588067669713089 0.072580171426992329
332 2 1163.163163 45.000000 0.63588067669713089 0.072580171426992329
332 3 1163.163163 67.500000 0.63588067669713089 0.072580171426992329
333 0 1166.666667 0.000000 0.6326290222705846 0.074043039667099395
333 1 1166.666667 22.500000 0.6326290222705846 0.074043039667099395
333 2 1166.666667 45.000000 0.6326290222705846 0.074043039667099395
333 3 1166.666667 67.500000 0.6326290222705846 0.074043039667099395
334 0 1170.170170 0.000000 0.62805426505794815 0.074767248859902075
334 1 1170.170170 22.500000 0.62805426505794815 0.074767248859902075
334 2 1170.170170 45.000000 0.62805426505794815 0.074767248859902075
334 3 1170.170170 67.500000 0.62805426505794815 0.074767248859902075
335 0 1173.673674 0.000000 0.62292962061172641 0.074613315780299727
335 1 1173.673674 22.500000 0.62292962061172641 0.074613315780299727
335 2 1173.673674 45.000000 0.62292962061172641 0.074613315780299727
335 3 1173.673674 67.500000 0.62292962061172641 0.074613315780299727
336 0 1177.177177 0.000000 0.61813396277844868 0.07359103021981761
336 1 1177.177177 22.500000 0.61813396277844868 0.07359103021981761
336 2 1177.177177 45.000000 0.61813396277844868 0.07359103021981761
336 3 1177.177177 67.500000 0.61813396277844868 0.07359103021981761
337 0 1180.680681 0.000000 0.61450142887489789 0.071860615173178835
337 1 1180.680681 22.500000 0.61450142887489789 0.071860615173178835
337 2 1180.680681 45.000000 0.61450142887489789 0.071860615173178835
337 3 1180.680681 67.500000 0.61450142887489789 0.071860615173178835
338 0 1184.184184 0.000000 0.61267919736544096 0.069707952259865605
338 1 1184.184184 22.500000 0.61267919736544096 0.069707952259865605
338 2 1184.184184 45.000000 0.61267919736544096 0.069707952259865605
338 3 1184.184184 67.500000 0.61267919736544096 0.069707952259865605
339 0 1187.687688 0.000000 0.61301624868624915 0.067497645976423756
339 1 1187.687688 22.500000 0.61301624868624915 0.067497645976423756
339 2 1187.687688 45.000000 0.61301624868624915 0.067497645976423756
339 3 1187.687688 67.500000 0.61301624868624915 0.067497645976423756
340 0 1191.191191 0.000000 0.6154999490077695 0.06561158526901803
340 1 1191.191191 22.500000 0.6154999490077695 0.06561158526901803
340 2 1191.191191 45.000000 0.6154999490077695 0.06561158526901803
340 3 1191.191191 67.500000 0.6154999490077695 0.06561158526901803
341 0 1194.694695 0.000000 0.6197502608756178 0.064383303604374525
341 1 1194.694695 22.500000 0.6197502608756178 0.064383303604374525
341 2 1194.694695 45.000000 0.6197502608756178 0.064383303604374525
341 3 1194.694695 67.500000 0.6197502608756178 0.064383303604374525
342 0 1198.198198 0.000000 0.62507396844518004 0.064039362444076486
342 1 1198.198198 22.500000 0.62507396844518004 0.064039362444076486
342 2 1198.198198 45.000000 0.62507396844518004 0.064039362444076486
342 3 1198.198198 67.500000 0.62507396844518004 0.064039362444076486
343 0 1201.701702 0.000000 0.63057328200607776 0.064657996613828733
343 1 1201.701702 22.500000 0.63057328200607776 0.064657996613828733
343 2 1201.701702 45.000000 0.63057328200607776 0.064657996613828733
343 3 1201.701702 67.500000 0.63057328200607776 0.064657996613828733
344 0 1205.205205 0.000000 0.6352943986266395 0.066152495879511719
344 1 1205.205205 22.500000 0.6352943986266395 0.066152495879511719
344 2 1205.205205 45.000000 0.6352943986266395 0.066152495879511719
344 3 1205.205205 67.500000 0.6352943986266395 0.066152495879511719
345 0 1208.708709 0.000000 0.63839300116385378 0.06828269442120348
345 1 1208.708709 22.500000 0.63839300116385378 0.06828269442120348
345 2 1208.708709 45.000000 0.63839300116385378 0.06828269442120348
345 3 1208.708709 67.500000 0.63839300116385378 0.06828269442120348
346 0 1212.212212 0.000000 0.63928761040859272 0.07069317578952182
346 1 1212.212212 22.500000 0.63928761040859272 0.07069317578952182
346 2 1212.212212 45.000000 0.63928761040859272 0.07069317578952182
346 3 1212.212212 67.500000 0.63928761040859272 0.07069317578952182
347 0 1215.715716 0.000000 0.63777099099415069 0.072972178738025292
347 1 1215.715716 22.500000 0.63777099099415069 0.072972178738025292
347 2 1215.715716 45.000000 0.63777099099415069 0.072972178738025292
347 3 1215.715716 67.500000 0.63777099099415069 0.072972178738025292
348 0 1219.219219 0.000000 0.63405617415285653 0.074721504046537296
348 1 1219.219219 22.500000 0.63405617415285653 0.074721504046537296
348 2 1219.219219 45.000000 0.63405617415285653 0.074721504046537296
348 3 1219.219219 67.500000 0.63405617415285653 0.074721504046537296
349 0 1222.722723 0.000000 0.62874639388623255 0.075625624686337337
349 1 1222.722723 22.500000 0.62874639388623255 0.075625624686337337
349 2 1222.722723 45.000000 0.62874639388623255 0.075625624686337337
349 3 1222.722723 67.500000 0.62874639388623255 0.075625624686337337
350 0 1226.226226 0.000000 0.62273405799916048 0.075508083668354167
350 1 1226.226226 22.500000 0.62273405799916048 0.075508083668354167
350 2 1226.226226 45.000000 0.62273405799916048 0.075508083668354167
350 3 1226.226226 67.500000 0.62273405799916048 0.075508083668354167
351 0 1229.729730 0.000000 0.61704820222718337 0.074365187402281402
351 1 1229.729730 22.500000 0.61704820222718337 0.074365187402281402
351 2 1229.729730 45.000000 0.61704820222718337 0.074365187402281402
351 3 1229.729730 67.500000 0.61704820222718337 0.074365187402281402
352 0 1233.233233 0.000000 0.61267882972706444 0.07237068140880204
352 1 1233.233233 22.500000 0.61267882972706444 0.07237068140880204
352 2 1233.233233 45.000000 0.61267882972706444 0.07237068140880204
352 3 1233.233233 67.500000 0.61267882972706444 0.07237068140880204
353 0 1236.736737 0.000000 0.61040859126397007 0.069849937780597532
353 1 1236.736737 22.500000 0.61040859126397007 0.069849937780597532
353 2 1236.736737 45.000000 0.61040859126397007 0.069849937780597532
353 3 1236.736737 67.500000 0.61040859126397007 0.069849937780597532
354 0 1240.240240 0.000000 0.61067853085011925 0.067227386529346553
354 1 1240.240240 22.500000 0.61067853085011925 0.067227386529346553
354 2 1240.240240 45.000000 0.61067853085011925 0.067227386529346553
354 3 1240.240240 67.500000 0.61067853085011925 0.067227386529346553
355 0 1243.743744 0.000000 0.61350772077132631 0.064955603739773715
355 1 1243.743744 22.500000 0.61350772077132631 0.064955603739773715
355 2 1243.743744 45.000000 0.61350772077132631 0.064955603739773715
355 3 1243.743744 67.500000 0.61350772077132631 0.064955603739773715
356 0 1247.247247 0.000000 0.61847884695790234 0.063437816040668588
356 1 1247.247247 22.500000 0.61847884695790234 0.063437816040668588
356 2 1247.247247 45.000000 0.61847884695790234 0.063437816040668588
356 3 1247.247247 67.500000 0.61847884695790234 0.063437816040668588
357 0 1250.750751 0.000000 0.6247939334464907 0.062956990865902604
357 1 1250.750751 22.500000 0.6247939334464907 0.062956990865902604
357 2 1250.750751 45.000000 0.6247939334464907 0.062956990865902604
357 3 1250.750751 67.500000 0.6247939334464907 0.062956990865902604
358 0 1254.254254 0.000000 0.63139573220386969 0.063623869848676004
358 1 1254.254254 22.500000 0.63139573220386969 0.063623869848676004
358 2 1254.254254 45.000000 0.63139573220386969 0.063623869848676004
358 3 1254.254254 67.500000 0.63139573220386969 0.063623869848676004
359 0 1257.757758 0.000000 0.63714010462427895 0.065353355520548384
359 1 1257.757758 22.500000 0.63714010462427895 0.065353355520548384
359 2 1257.757758 45.000000 0.63714010462427895 0.065353355520548384
359 3 1257.757758 67.500000 0.63714010462427895 0.065353355520548384
360 0 1261.261261 0.000000 0.64099377064672058 0.067874032298003775
360 1 1261.261261 22.500000 0.64099377064672058 0.067874032298003775
360 2 1261.261261 45.000000 0.64099377064672058 0.067874032298003775
360 3 1261.261261 67.500000 0.64099377064672058 0.067874032298003775
361 0 1264.764765 0.000000 0.64222301100288526 0.070770041695070132
361 1 1264.764765 22.500000 0.64222301100288526 0.070770041695070132
361 2 1264.764765 45.000000 0.64222301100288526 0.070770041695070132
361 3 1264.764765 67.500000 0.64222301100288526 0.070770041695070132
362 0 1268.268268 0.000000 0.64053626425440147 0.073548965315972298
362 1 1268.268268 22.500000 0.64053626425440147 0.073548965315972298
362 2 1268.268268 45.000000 0.64053626425440147 0.073548965315972298
362 3 1268.268268 67.500000 0.64053626425440147 0.073548965315972298
363 0 1271.771772 0.000000 0.63614991748687366 0.075724746940528262
363 1 1271.771772 22.500000 0.63614991748687366 0.075724746940528262
363 2 1271.771772 45.000000 0.63614991748687366 0.075724746940528262
363 3 1271.771772 67.500000 0.63614991748687366 0.075724746940528262
364 0 1275.275275 0.000000 0.629761637832146 0.076901818642338762
364 1 1275.275275 22.500000 0.629761637832146 0.076901818642338762
364 2 1275.275275 45.000000 0.629761637832146 0.076901818642338762
364 3 1275.275275 67.500000 0.629761637832146 0.076901818642338762
365 0 1278.778779 0.000000 0.62243536885795236 0.076846018305226152
365 1 1278.778779 22.500000 0.62243536885795236 0.076846018305226152
365 2 1278.778779 45.000000 0.62243536885795236 0.076846018305226152
365 3 1278.778779 67.500000 0.62243536885795236 0.076846018305226152
366 0 1282.282282 0.000000 0.61542055048776989 0.075529754192158072
366 1 1282.282282 22.500000 0.61542055048776989 0.075529754192158072
366 2 1282.282282 45.000000 0.61542055048776989 0.075529754192158072
366 3 1282.282282 67.500000 0.61542055048776989 0.075529754192158072
367 0 1285.785786 0.000000 0.60993983502264659 0.073142931857648974
367 1 1285.785786 22.500000 0.60993983502264659 0.073142931857648974
367 2 1285.785786 45.000000 0.60993983502264659 0.073142931857648974
367 3 1285.785786 67.500000 0.60993983502264659 0.073142931857648974
368 0 1289.289289 0.000000 0.60698232149358122 0.070066776632489725
368 1 1289.289289 22.500000 0.60698232149358122 0.070066776632489725
368 2 1289.289289 45.000000 0.60698232149358122 0.070066776632489725
368 3 1289.289289 67.500000 0.60698232149358122 0.070066776632489725
369 0 1292.792793 0.000000 0.60713463971885362 0.066813947376287652
369 1 1292.792793 22.500000 0.60713463971885362 0.066813947376287652
369 2 1292.792793 45.000000 0.60713463971885362 0.066813947376287652
369 3 1292.792793 67.500000 0.60713463971885362 0.066813947376287652
370 0 1296.296296 0.000000 0.6104738518311621 0.063944197255455304
370 1 1296.296296 22.500000 0.6104738518311621 0.063944197255455304
370 2 1296.296296 45.000000 0.6104738518311621 0.063944197255455304
370 3 1296.296296 67.500000 0.6104738518311621 0.063944197255455304
371 0 1299.799800 0.000000 0.61653745965122642 0.061969288489490522
371 1 1299.799800 22.500000 0.61653745965122642 0.061969288489490522
371 2 1299.799800 45.000000 0.61653745965122642 0.061969288489490522
371 3 1299.799800 67.500000 0.61653745965122642 0.061969288489490522
372 0 1303.303303 0.000000 0.62437773700118815 0.061263115373209116
372 1 1303.303303 22.500000 0.62437773700118815 0.061263115373209116
372 2 1303.303303 45.000000 0.62437773700118815 0.061263115373209116
372 3 1303.303303 67.500000 0.62437773700118815 0.061263115373209116
373 0 1306.806807 0.000000 0.63269861727522814 0.061992589698970257
373 1 1306.806807 22.500000 0.63269861727522814 0.061992589698970257
373 2 1306.806807 45.000000 0.63269861727522814 0.061992589698970257
373 3 1306.806807 67.500000 0.63269861727522814 0.061992589698970257
374 0 1310.310310 0.000000 0.64006147147720316 0.064081786543120786
374 1 1310.310310 22.500000 0.64006147147720316 0.064081786543120786
374 2 1310.310310 45.000000 0.64006147147720316 0.064081786543120786
374 3 1310.310310 67.500000 0.64006147147720316 0.064081786543120786
375 0 1313.813814 0.000000 0.64513149701469263 0.06721657614445016
375 1 1313.813814 22.500000 0.64513149701469263 0.06721657614445016
375 2 1313.813814 45.000000 0.64513149701469263 0.06721657614445016
375 3 1313.813814 67.500000 0.64513149701469263 0.06721657614445016
376 0 1317.317317 0.000000 0.64692278698074757 0.070890305569232634
376 1 1317.317317 22.500000 0.64692278698074757 0.070890305569232634
376 2 1317.317317 45.000000 0.64692278698074757 0.070890305569232634
376 3 1317.317317 67.500000 0.64692278698074757 0.070890305569232634
377 0 1320.820821 0.000000 0.64499347093154802 0.074484126299774606
377 1 1320.820821 22.500000 0.64499347093154802 0.074484126299774606
377 2 1320.820821 45.000000 0.64499347093154802 0.074484126299774606
377 3 1320.820821 67.500000 0.64499347093154802 0.074484126299774606
378 0 1324.324324 0.000000 0.63954770315256171 0.077369458071753022
378 1 1324.324324 22.500000 0.63954770315256171 0.077369458071753022
378 2 1324.324324 45.000000 0.63954770315256171 0.077369458071753022
378 3 1324.324324 67.500000 0.63954770315256171 0.077369458071753022
379 0 1327.827828 0.000000 0.63141950485943188 0.079015891969381025
379 1 1327.827828 22.500000 0.63141950485943188 0.079015891969381025
379 2 1327.827828 45.000000 0.63141950485943188 0.079015891969381025
379 3 1327.827828 67.500000 0.63141950485943188 0.079015891969381025
380 0 1331.331331 0.000000 0.62193969423492357 0.079086332987425734
380 1 1331.331331 22.500000 0.62193969423492357 0.079086332987425734
380 2 1331.331331 45.000000 0.62193969423492357 0.079086332987425734
380 3 1331.331331 67.500000 0.62193969423492357 0.079086332987425734
381 0 1334.834835 0.000000 0.61271273162154594 0.077502702764515777
381 1 1334.834835 22.500000 0.61271273162154594 0.077502702764515777
381 2 1334.834835 45.000000 0.61271273162154594 0.077502702764515777
381 3 1334.834835 67.500000 0.61271273162154594 0.077502702764515777
382 0 1338.338338 0.000000 0.60534701027760518 0.074469909548802227
382 1 1338.338338 22.500000 0.60534701027760518 0.074469909548802227
382 2 1338.338338 45.000000 0.60534701027760518 0.074469909548802227
382 3 1338.338338 67.500000 0.60534701027760518 0.074469909548802227
383 0 1341.841842 0.000000 0.60118612453708287 0.070452402804780351
383 1 1341.841842 22.500000 0.60118612453708287 0.070452402804780351
383 2 1341.841842 45.000000 0.60118612453708287 0.070452402804780351
383 3 1341.841842 67.500000 0.60118612453708287 0.070452402804780351
384 0 1345.345345 0.000000 0.60108208168030897 0.0661054305676744
384 1 1345.345345 22.500000 0.60108208168030897 0.0661054305676744
384 2 1345.345345 45.000000 0.60108208168030897 0.0661054305676744
384 3 1345.345345 67.500000 0.60108208168030897 0.0661054305676744
385 0 1348.848849 0.000000 0.60524034313302988 0.062170843585563497
385 1 1348.848849 22.500000 0.60524034313302988 0.062170843585563497
385 2 1348.848849 45.000000 0.60524034313302988 0.062170843585563497
385 3 1348.848849 67.500000 0.60524034313302988 0.062170843585563497
386 0 1352.352352 0.000000 0.61315666729206175 0.059353648046164817
386 1 1352.352352 22.500000 0.61315666729206175 0.059353648046164817
386 2 1352.352352 45.000000 0.61315666729206175 0.059353648046164817
386 3 1352.352352 67.500000 0.61315666729206175 0.059353648046164817
387 0 1355.855856 0.000000 0.62365854337481741 0.058199390153807165
387 1 1355.855856 22.500000 0.62365854337481741 0.058199390153807165
387 2 1355.855856 45.000000 0.62365854337481741 0.058199390153807165
387 3 1355.855856 67.500000 0.62365854337481741 0.058199390153807165
388 0 1359.359359 0.000000 0.63505633595981814 0.058993127262831818
388 1 1359.359359 22.500000 0.63505633595981814 0.058993127262831818
388 2 1359.359359 45.000000 0.63505633595981814 0.058993127262831818
388 3 1359.359359 67.500000 0.63505633595981814 0.058993127262831818
389 0 1362.862863 0.000000 0.64539612745902952 0.061697975069716054
389 1 1362.862863 22.500000 0.64539612745902952 0.061697975069716054
389 2 1362.862863 45.000000 0.64539612745902952 0.061697975069716054
389 3 1362.862863 67.500000 0.64539612745902952 0.061697975069716054
390 0 1366.366366 0.000000 0.65278571775024696 0.06594535214214424
390 1 1366.366366 22.500000 0.65278571775024696 0.06594535214214424
390 2 1366.366366 45.000000 0.65278571775024696 0.06594535214214424
390 3 1366.366366 67.500000 0.65278571775024696 0.06594535214214424
391 0 1369.869870 0.000000 0.6557417006067906 0.071080928336177865
391 1 1369.869870 22.500000 0.6557417006067906 0.071080928336177865
391 2 1369.869870 45.000000 0.6557417006067906 0.071080928336177865
391 3 1369.869870 67.500000 0.6557417006067906 0.071080928336177865
392 0 1373.373373 0.000000 0.65348883864685803 0.076261177723642465
392 1 1373.373373 22.500000 0.65348883864685803 0.076261177723642465
392 2 1373.373373 45.000000 0.65348883864685803 0.076261177723642465
392 3 1373.373373 67.500000 0.65348883864685803 0.076261177723642465
393 0 1376.876877 0.000000 0.64614339932978404 0.080586800705441705
393 1 1376.876877 22.500000 0.64614339932978404 0.080586800705441705
393 2 1376.876877 45.000000 0.64614339932978404 0.080586800705441705
393 3 1376.876877 67.500000 0.64614339932978404 0.080586800705441705
394 0 1380.380380 0.000000 0.63473400948258896 0.083252549019454669
394 1 1380.380380 22.500000 0.63473400948258896 0.083252549019454669
394 2 1380.380380 45.000000 0.63473400948258896 0.083252549019454669
394 3 1380.380380 67.500000 0.63473400948258896 0.083252549019454669
395 0 1383.883884 0.000000 0.62105149734599341 0.083689335641933343
395 1 1383.883884 22.500000 0.62105149734599341 0.083689335641933343
395 2 1383.883884 45.000000 0.62105149734599341 0.083689335641933343
395 3 1383.883884 67.500000 0.62105149734599341 0.083689335641933343
396 0 1387.387387 0.000000 0.60735959319835531 0.081674653692259583
396 1 1387.387387 22.500000 0.60735959319835531 0.081674653692259583
396 2 1387.387387 45.000000 0.60735959319835531 0.081674653692259583
396 3 1387.387387 67.500000 0.60735959319835531 0.081674653692259583
397 0 1390.890891 0.000000 0.59602629684996411 0.077391388917113571
397 1 1390.890891 22.500000 0.59602629684996411 0.077391388917113571
397 2 1390.890891 45.000000 0.59602629684996411 0.077391388917113571
397 3 1390.890891 67.500000 0.59602629684996411 0.077391388917113571
398 0 1394.394394 0.000000 0.58914277001932025 0.071422584854100232
398 1 1394.394394 22.500000 0.58914277001932025 0.071422584854100232
398 2 1394.394394 45.000000 0.58914277001932025 0.071422584854100232
398 3 1394.394394 67.500000 0.58914277001932025 0.071422584854100232
399 0 1397.897898 0.000000 0.58818529718617796 0.064679536541118576
399 1 1397.897898 22.500000 0.58818529718617796 0.064679536541118576
399 2 1397.897898 45.000000 0.58818529718617796 0.064679536541118576
399 3 1397.897898 67.500000 0.58818529718617796 0.064679536541118576
400 0 1401.401401 0.000000 0.59375753270481801 0.058271262440542128
400 1 1401.401401 22.500000 0.59375753270481801 0.058271262440542128
400 2 1401.401401 45.000000 0.59375753270481801 0.058271262440542128
400 3 1401.401401 67.500000 0.59375753270481801 0.058271262440542128
401 0 1404.904905 0.000000 0.60543742951670154 0.053333261066020744
401 1 1404.904905 22.500000 0.60543742951670154 0.053333261066020744
401 2 1404.904905 45.000000 0.60543742951670154 0.053333261066020744
401 3 1404.904905 67.500000 0.60543742951670154 0.053333261066020744
402 0 1408.408408 0.000000 0.6217510343817938 0.050840896675017941
402 1 1408.408408 22.500000 0.6217510343817938 0.050840896675017941
402 2 1408.408408 45.000000 0.6217510343817938 0.050840896675017941
402 3 1408.408408 67.500000 0.6217510343817938 0.050840896675017941
403 0 1411.911912 0.000000 0.64029759360262439 0.051436503907926034
403 1 1411.911912 22.500000 0.64029759360262439 0.051436503907926034
403 2 1411.911912 45.000000 0.64029759360262439 0.051436503907926034
403 3 1411.911912 67.500000 0.64029759360262439 0.051436503907926034
404 0 1415.415415 0.000000 0.65804364452799047 0.055298620773671758
404 1 1415.415415 22.500000 0.65804364452799047 0.055298620773671758
404 2 1415.415415 45.000000 0.65804364452799047 0.055298620773671758
404 3 1415.415415 67.500000 0.65804364452799047 0.055298620773671758
405 0 1418.918919 0.000000 0.67177693886619361 0.062076590481412411
405 1 1418.918919 22.500000 0.67177693886619361 0.062076590481412411
405 2 1418.918919 45.000000 0.67177693886619361 0.062076590481412411
405 3 1418.918919 67.500000 0.67177693886619361 0.062076590481412411
406 0 1422.422422 0.000000 0.6786653520512117 0.070904753187928077
406 1 1422.422422 22.500000 0.6786653520512117 0.070904753187928077
406 2 1422.422422 45.000000 0.6786653520512117 0.070904753187928077
406 3 1422.422422 67.500000 0.6786653520512117 0.070904753187928077
407 0 1425.925926 0.000000 0.67681783264014617 0.080498836870551593
407 1 1425.925926 22.500000 0.67681783264014617 0.080498836870551593
407 2 1425.925926 45.000000 0.67681783264014617 0.080498836870551593
407 3 1425.925926 67.500000 0.67681783264014617 0.080498836870551593
408 0 1429.429429 0.000000 0.66571879975823089 0.089324651526981186
408 1 1429.429429 22.500000 0.66571879975823089 0.089324651526981186
408 2 1429.429429 45.000000 0.66571879975823089 0.089324651526981186
408 3 1429.429429 67.500000 0.66571879975823089 0.089324651526981186
409 0 1432.932933 0.000000 0.64642364017231879 0.095817681266269453
409 1 1432.932933 22.500000 0.64642364017231879 0.095817681266269453
409 2 1432.932933 45.000000 0.64642364017231879 0.095817681266269453
409 3 1432.932933 67.500000 0.64642364017231879 0.095817681266269453
410 0 1436.436436 0.000000 0.62146206309830065 0.098623445410480057
410 1 1436.436436 22.500000 0.62146206309830065 0.098623445410480057
410 2 1436.436436 45.000000 0.62146206309830065 0.098623445410480057
410 3 1436.436436 67.500000 0.62146206309830065 0.098623445410480057
411 0 1439.939940 0.000000 0.5944766758823079 0.096823977689269342
411 1 1439.939940 22.500000 0.5944766758823079 0.096823977689269342
411 2 1439.939940 45.000000 0.5944766758823079 0.096823977689269342
411 3 1439.939940 67.500000 0.5944766758823079 0.096823977689269342
412 0 1443.443443 0.000000 0.56969155903665203 0.090116266032436401
412 1 1443.443443 22.500000 0.56969155903665203 0.090116266032436401
412 2 1443.443443 45.000000 0.56969155903665203 0.090116266032436401
412 3 1443.443443 67.500000 0.56969155903665203 0.090116266032436401
413 0 1446.946947 0.000000 0.55132995963857467 0.078914079835815762
413 1 1446.946947 22.500000 0.55132995963857467 0.078914079835815762
413 2 1446.946947 45.000000 0.55132995963857467 0.078914079835815762
413 3 1446.946947 67.500000 0.55132995963857467 0.078914079835815762
414 0 1450.450450 0.000000 0.54307380297732866 0.064354597174666531
414 1 1450.450450 22.500000 0.54307380297732866 0.064354597174666531
414 2 1450.450450 45.000000 0.54307380297732866 0.064354597174666531
414 3 1450.450450 67.500000 0.54307380297732866 0.064354597174666531
415 0 1453.953954 0.000000 0.54760114874898169 0.048204266180864062
415 1 1453.953954 22.500000 0.54760114874898169 0.048204266180864062
415 2 1453.953954 45.000000 0.54760114874898169 0.048204266180864062
415 3 1453.953954 67.500000 0.54760114874898169 0.048204266180864062
416 0 1457.457457 0.000000 0.56618970334593588 0.03267254632532704
416 1 1457.457457 22.500000 0.56618970334593588 0.03267254632532704
416 2 1457.457457 45.000000 0.56618970334593588 0.03267254632532704
416 3 1457.457457 67.500000 0.56618970334593588 0.03267254632532704
417 0 1460.960961 0.000000 0.59836967965177579 0.020155518900268246
417 1 1460.960961 22.500000 0.59836967965177579 0.020155518900268246
417 2 1460.960961 45.000000 0.59836967965177579 0.020155518900268246
417 3 1460.960961 67.500000 0.59836967965177579 0.020155518900268246
418 0 1464.464464 0.000000 0.64165598343316343 0.012941867685279954
418 1 1464.464464 22.500000 0.64165598343316343 0.012941867685279954
418 2 1464.464464 45.000000 0.64165598343316343 0.012941867685279954
418 3 1464.464464 67.500000 0.64165598343316343 0.012941867685279954
419 0 1467.967968 0.000000 0.69146091808355004 0.012919835014646844
419 1 1467.967968 22.500000 0.69146091808355004 0.012919835014646844
419 2 1467.967968 45.000000 0.69146091808355004 0.012919835014646844
419 3 1467.967968 67.500000 0.69146091808355004 0.012919835014646844
420 0 1471.471471 0.000000 0.74133334524796635 0.021324506684328708
420 1 1471.471471 22.500000 0.74133334524796635 0.021324506684328708
420 2 1471.471471 45.000000 0.74133334524796635 0.021324506684328708
420 3 1471.471471 67.500000 0.74133334524796635 0.021324506684328708
421 0 1474.974975 0.000000 0.7836409613382932 0.038559996240406846
421 1 1474.974975 22.500000 0.7836409613382932 0.038559996240406846
421 2 1474.974975 45.000000 0.7836409613382932 0.038559996240406846
421 3 1474.974975 67.500000 0.7836409613382932 0.038559996240406846
422 0 1478.478478 0.000000 0.81069459227185769 0.064121414932148596
422 1 1478.478478 22.500000 0.81069459227185769 0.064121414932148596
422 2 1478.478478 45.000000 0.81069459227185769 0.064121414932148596
422 3 1478.478478 67.500000 0.81069459227185769 0.064121414932148596
423 0 1481.981982 0.000000 0.8161409551319031 0.096628273807624954
423 1 1481.981982 22.500000 0.8161409551319031 0.096628273807624954
423 2 1481.981982 45.000000 0.8161409551319031 0.096628273807624954
423 3 1481.981982 67.500000 0.8161409551319031 0.096628273807624954
424 0 1485.485485 0.000000 0.79629550985847886 0.13396603504755278
424 1 1485.485485 22.500000 0.79629550985847886 0.13396603504755278
424 2 1485.485485 45.000000 0.79629550985847886 0.13396603504755278
424 3 1485.485485 67.500000 0.79629550985847886 0.13396603504755278
425 0 1488.988989 0.000000 0.75102859199867278 0.17351802321325149
425 1 1488.988989 22.500000 0.75102859199867278 0.17351802321325149
425 2 1488.988989 45.000000 0.75102859199867278 0.17351802321325149
425 3 1488.988989 67.500000 0.75102859199867278 0.17351802321325149
426 0 1492.492492 0.000000 0.683901599573842 0.21245787269901029
426 1 1492.492492 22.500000 0.683901599573842 0.21245787269901029
426 2 1492.492492 45.000000 0.683901599573842 0.21245787269901029
426 3 1492.492492 67.500000 0.683901599573842 0.21245787269901029
427 0 1495.995996 0.000000 0.60146118320488695 0.24806481112846168
427 1 1495.995996 22.500000 0.60146118320488695 0.24806481112846168
427 2 1495.995996 45.000000 0.60146118320488695 0.24806481112846168
427 3 1495.995996 67.500000 0.60146118320488695 0.24806481112846168
428 0 1499.499499 0.000000 0.51186444085775007 0.2780214376659253
428 1 1499.499499 22.500000 0.51186444085775007 0.2780214376659253
428 2 1499.499499 45.000000 0.51186444085775007 0.2780214376659253
428 3 1499.499499 67.500000 0.51186444085775007 0.2780214376659253
429 0 1503.003003 0.000000 0.4232239027815049 0.30065656736375446
429 1 1503.003003 22.500000 0.4232239027815049 0.30065656736375446
429 2 1503.003003 45.000000 0.4232239027815049 0.30065656736375446
429 3 1503.003003 67.500000 0.4232239027815049 0.30065656736375446
430 0 1506.506507 0.000000 0.34214066760889222 0.31510369502965069
430 1 1506.506507 22.500000 0.34214066760889222 0.31510369502965069
430 2 1506.506507 45.000000 0.34214066760889222 0.31510369502965069
430 3 1506.506507 67.500000 0.34214066760889222 0.31510369502965069
431 0 1510.010010 0.000000 0.27280623739966786 0.32135748189174335
431 1 1510.010010 22.500000 0.27280623739966786 0.32135748189174335
431 2 1510.010010 45.000000 0.27280623739966786 0.32135748189174335
431 3 1510.010010 67.500000 0.27280623739966786 0.32135748189174335
432 0 1513.513514 0.000000 0.21683716844530687 0.32022464810715395
432 1 1513.513514 22.500000 0.21683716844530687 0.32022464810715395
432 2 1513.513514 45.000000 0.21683716844530687 0.32022464810715395
432 3 1513.513514 67.500000 0.21683716844530687 0.32022464810715395
433 0 1517.017017 0.000000 0.17375222974836149 0.31317975377661478
433 1 1517.017017 22.500000 0.17375222974836149 0.31317975377661478
433 2 1517.017017 45.000000 0.17375222974836149 0.31317975377661478
433 3 1517.017017 67.500000 0.17375222974836149 0.31317975377661478
434 0 1520.520521 0.000000 0.14181040287225938 0.30214858611549855
434 1 1520.520521 22.500000 0.14181040287225938 0.30214858611549855
434 2 1520.520521 45.000000 0.14181040287225938 0.30214858611549855
434 3 1520.520521 67.500000 0.14181040287225938 0.30214858611549855
435 0 1524.024024 0.000000 0.11886672941064298 0.28925057130880999
435 1 1524.024024 22.500000 0.11886672941064298 0.28925057130880999
435 2 1524.024024 45.000000 0.11886672941064298 0.28925057130880999
435 3 1524.024024 67.500000 0.11886672941064298 0.28925057130880999
436 0 1527.527528 0.000000 0.10297804595450825 0.27653567897553921
436 1 1527.527528 22.500000 0.10297804595450825 0.27653567897553921
436 2 1527.527528 45.000000 0.10297804595450825 0.27653567897553921
436 3 1527.527528 67.500000 0.10297804595450825 0.27653567897553921
437 0 1531.031031 0.000000 0.0926506869269422 0.26575027004901475
437 1 1531.031031 22.500000 0.0926506869269422 0.26575027004901475
437 2 1531.031031 45.000000 0.0926506869269422 0.26575027004901475
437 3 1531.031031 67.500000 0.0926506869269422 0.26575027004901475
438 0 1534.534535 0.000000 0.086787252980058877 0.25816058497573013
438 1 1534.534535 22.500000 0.086787252980058877 0.25816058497573013
438 2 1534.534535 45.000000 0.086787252980058877 0.25816058497573013
438 3 1534.534535 67.500000 0.086787252980058877 0.25816058497573013
439 0 1538.038038 0.000000 0.084490051583137063 0.25445308347696632
439 1 1538.038038 22.500000 0.084490051583137063 0.25445308347696632
439 2 1538.038038 45.000000 0.084490051583137063 0.25445308347696632
439 3 1538.038038 67.500000 0.084490051583137063 0.25445308347696632
440 0 1541.541542 0.000000 0.084885707328897178 0.25471914164409126
440 1 1541.541542 22.500000 0.084885707328897178 0.25471914164409126
440 2 1541.541542 45.000000 0.084885707328897178 0.25471914164409126
440 3 1541.541542 67.500000 0.084885707328897178 0.25471914164409126
441 0 1545.045045 0.000000 0.087067113010938488 0.25851946615698496
441 1 1545.045045 22.500000 0.087067113010938488 0.25851946615698496
441 2 1545.045045 45.000000 0.087067113010938488 0.25851946615698496
441 3 1545.045045 67.500000 0.087067113010938488 0.25851946615698496
442 0 1548.548549 0.000000 0.090154845388150412 0.26501277293821801
442 1 1548.548549 22.500000 0.090154845388150412 0.26501277293821801
442 2 1548.548549 45.000000 0.090154845388150412 0.26501277293821801
442 3 1548.548549 67.500000 0.090154845388150412 0.26501277293821801
443 0 1552.052052 0.000000 0.093411957815201382 0.27312530371456145
443 1 1552.052052 22.500000 0.093411957815201382 0.27312530371456145
443 2 1552.052052 45.000000 0.093411957815201382 0.27312530371456145
443 3 1552.052052 67.500000 0.093411957815201382 0.27312530371456145
444 0 1555.555556 0.000000 0.096331679110648383 0.2817336402789854
444 1 1555.555556 22.500000 0.096331679110648383 0.2817336402789854
444 2 1555.555556 45.000000 0.096331679110648383 0.2817336402789854
444 3 1555.555556 67.500000 0.096331679110648383 0.2817336402789854
445 0 1559.059059 0.000000 0.098651645294923804 0.28983342607882889
445 1 1559.059059 22.500000 0.098651645294923804 0.28983342607882889
445 2 1559.059059 45.000000 0.098651645294923804 0.28983342607882889
445 3 1559.059059 67.500000 0.098651645294923804 0.28983342607882889
446 0 1562.562563 0.000000 0.10030102873296115 0.29667076698535805
446 1 1562.562563 22.500000 0.10030102873296115 0.29667076698535805
446 2 1562.562563 45.000000 0.10030102873296115 0.29667076698535805
446 3 1562.562563 67.500000 0.10030102873296115 0.29667076698535805
447 0 1566.066066 0.000000 0.10132422591557164 0.30182041666436843
447 1 1566.066066 22.500000 0.10132422591557164 0.30182041666436843
447 2 1566.066066 45.000000 0.10132422591557164 0.30182041666436843
447 3 1566.066066 67.500000 0.10132422591557164 0.30182041666436843
448 0 1569.569570 0.000000 0.1018276274360403 0.30520407804298666
448 1 1569.569570 22.500000 0.1018276274360403 0.30520407804298666
448 2 1569.569570 45.000000 0.1018276274360403 0.30520407804298666
448 3 1569.569570 67.500000 0.1018276274360403 0.30520407804298666
449 0 1573.073073 0.000000 0.10196867578447653 0.30705176791561567
449 1 1573.073073 22.500000 0.10196867578447653 0.30705176791561567
449 2 1573.073073 45.000000 0.10196867578447653 0.30705176791561567
449 3 1573.073073 67.500000 0.10196867578447653 0.30705176791561567
450 0 1576.576577 0.000000 0.10197048180423575 0.30781770935935715
450 1 1576.576577 22.500000 0.10197048180423575 0.30781770935935715
450 2 1576.576577 45.000000 0.10197048180423575 0.30781770935935715
450 3 1576.576577 67.500000 0.10197048180423575 0.30781770935935715
451 0 1580.080080 0.000000 0.10212470063956855 0.30806839269731356
451 1 1580.080080 22.500000 0.10212470063956855 0.30806839269731356
451 2 1580.080080 45.000000 0.10212470063956855 0.30806839269731356
451 3 1580.080080 67.500000 0.10212470063956855 0.30806839269731356
452 0 1583.583584 0.000000 0.10275218092105333 0.3083634616829603
452 1 1583.583584 22.500000 0.10275218092105333 0.3083634616829603
452 2 1583.583584 45.000000 0.10275218092105333 0.3083634616829603
452 3 1583.583584 67.500000 0.10275218092105333 0.3083634616829603
453 0 1587.087087 0.000000 0.1041193389974041 0.30914965177988762
453 1 1587.087087 22.500000 0.1041193389974041 0.30914965177988762
453 2 1587.087087 45.000000 0.1041193389974041 0.30914965177988762
453 3 1587.087087 67.500000 0.1041193389974041 0.30914965177988762
454 0 1590.590591 0.000000 0.10633982133807986 0.31068439952940879
454 1 1590.590591 22.500000 0.10633982133807986 0.31068439952940879
454 2 1590.590591 45.000000 0.10633982133807986 0.31068439952940879
454 3 1590.590591 67.500000 0.10633982133807986 0.31068439952940879
455 0 1594.094094 0.000000 0.10930655097078447 0.31299970960917178
455 1 1594.094094 22.500000 0.10930655097078447 0.31299970960917178
455 2 1594.094094 45.000000 0.10930655097078447 0.31299970960917178
455 3 1594.094094 67.500000 0.10930655097078447 0.31299970960917178
456 0 1597.597598 0.000000 0.1126898639628556 0.31590950770732135
456 1 1597.597598 22.500000 0.1126898639628556 0.31590950770732135
456 2 1597.597598 45.000000 0.1126898639628556 0.31590950770732135
456 3 1597.597598 67.500000 0.1126898639628556 0.31590950770732135
457 0 1601.101101 0.000000 0.11600890124151386 0.31905627624976896
457 1 1601.101101 22.500000 0.11600890124151386 0.31905627624976896
457 2 1601.101101 45.000000 0.11600890124151386 0.31905627624976896
457 3 1601.101101 67.500000 0.11600890124151386 0.31905627624976896
458 0 1604.604605 0.000000 0.11875164916992041 0.32198646832232802
458 1 1604.604605 22.500000 0.11875164916992041 0.32198646832232802
458 2 1604.604605 45.000000 0.11875164916992041 0.32198646832232802
458 3 1604.604605 67.500000 0.11875164916992041 0.32198646832232802
459 0 1608.108108 0.000000 0.12050036714154112 0.32423998355015982
459 1 1608.108108 22.500000 0.12050036714154112 0.32423998355015982
459 2 1608.108108 45.000000 0.12050036714154112 0.32423998355015982
459 3 1608.108108 67.500000 0.12050036714154112 0.32423998355015982
460 0 1611.611612 0.000000 0.12102144276085791 0.32543744433116695
460 1 1611.611612 22.500000 0.12102144276085791 0.32543744433116695
460 2 1611.611612 45.000000 0.12102144276085791 0.32543744433116695
460 3 1611.611612 67.500000 0.12102144276085791 0.32543744433116695
461 0 1615.115115 0.000000 0.12029809020339131 0.32535024745068386
461 1 1615.115115 22.500000 0.12029809020339131 0.32535024745068386
461 2 1615.115115 45.000000 0.12029809020339131 0.32535024745068386
461 3 1615.115115 67.500000 0.12029809020339131 0.32535024745068386
462 0 1618.618619 0.000000 0.11850878038966928 0.32394204181163921
462 1 1618.618619 22.500000 0.11850878038966928 0.32394204181163921
462 2 1618.618619 45.000000 0.11850878038966928 0.32394204181163921
462 3 1618.618619 67.500000 0.11850878038966928 0.32394204181163921
463 0 1622.122122 0.000000 0.11597140125048407 0.32137567192546035
463 1 1622.122122 22.500000 0.11597140125048407 0.32137567192546035
463 2 1622.122122 45.000000 0.11597140125048407 0.32137567192546035
463 3 1622.122122 67.500000 0.11597140125048407 0.32137567192546035
464 0 1625.625626 0.000000 0.11307671800157672 0.31798575497177384
464 1 1625.625626 22.500000 0.11307671800157672 0.31798575497177384
464 2 1625.625626 45.000000 0.11307671800157672 0.31798575497177384
464 3 1625.625626 67.500000 0.11307671800157672 0.31798575497177384
465 0 1629.129129 0.000000 0.11022706686393066 0.31422287452234465
465 1 1629.129129 22.500000 0.11022706686393066 0.31422287452234465
465 2 1629.129129 45.000000 0.11022706686393066 0.31422287452234465
465 3 1629.129129 67.500000 0.11022706686393066 0.31422287452234465
466 0 1632.632633 0.000000 0.10778524117420699 0.31057992212695706
466 1 1632.632633 22.500000 0.10778524117420699 0.31057992212695706
466 2 1632.632633 45.000000 0.10778524117420699 0.31057992212695706
466 3 1632.632633 67.500000 0.10778524117420699 0.31057992212695706
467 0 1636.136136 0.000000 0.10603194741856284 0.30751369550603386
467 1 1636.136136 22.500000 0.10603194741856284 0.30751369550603386
467 2 1636.136136 45.000000 0.10603194741856284 0.30751369550603386
467 3 1636.136136 67.500000 0.10603194741856284 0.30751369550603386
468 0 1639.639640 0.000000 0.10513095762255557 0.30537512266668188
468 1 1639.639640 22.500000 0.10513095762255557 0.30537512266668188
468 2 1639.639640 45.000000 0.10513095762255557 0.30537512266668188
468 3 1639.639640 67.500000 0.10513095762255557 0.30537512266668188
469 0 1643.143143 0.000000 0.10510632273828494 0.3043594785677603
469 1 1643.143143 22.500000 0.10510632273828494 0.3043594785677603
469 2 1643.143143 45.000000 0.10510632273828494 0.3043594785677603
469 3 1643.143143 67.500000 0.10510632273828494 0.3043594785677603
470 0 1646.646647 0.000000 0.10583990849561081 0.30448412431938215
470 1 1646.646647 22.500000 0.10583990849561081 0.30448412431938215
470 2 1646.646647 45.000000 0.10583990849561081 0.30448412431938215
470 3 1646.646647 67.500000 0.10583990849561081 0.30448412431938215
471 0 1650.150150 0.000000 0.10709560394958932 0.30559634739806185
471 1 1650.150150 22.500000 0.10709560394958932 0.30559634739806185
471 2 1650.150150 45.000000 0.10709560394958932 0.30559634739806185
471 3 1650.150150 67.500000 0.10709560394958932 0.30559634739806185
472 0 1653.653654 0.000000 0.10856873288958832 0.30740869302345641
472 1 1653.653654 22.500000 0.10856873288958832 0.30740869302345641
472 2 1653.653654 45.000000 0.10856873288958832 0.30740869302345641
472 3 1653.653654 67.500000 0.10856873288958832 0.30740869302345641
473 0 1657.157157 0.000000 0.10994962077260284 0.30955463605219702
473 1 1657.157157 22.500000 0.10994962077260284 0.30955463605219702
473 2 1657.157157 45.000000 0.10994962077260284 0.30955463605219702
473 3 1657.157157 67.500000 0.10994962077260284 0.30955463605219702
474 0 1660.660661 0.000000 0.11098446657443209 0.31165429190481198
474 1 1660.660661 22.500000 0.11098446657443209 0.31165429190481198
474 2 1660.660661 45.000000 0.11098446657443209 0.31165429190481198
474 3 1660.660661 67.500000 0.11098446657443209 0.31165429190481198
475 0 1664.164164 0.000000 0.11151797212825371 0.31337858510568067
475 1 1664.164164 22.500000 0.11151797212825371 0.31337858510568067
475 2 1664.164164 45.000000 0.11151797212825371 0.31337858510568067
475 3 1664.164164 67.500000 0.11151797212825371 0.31337858510568067
476 0 1667.667668 0.000000 0.11150974948289465 0.31450103280531527
476 1 1667.667668 22.500000 0.11150974948289465 0.31450103280531527
476 2 1667.667668 45.000000 0.11150974948289465 0.31450103280531527
476 3 1667.667668 67.500000 0.11150974948289465 0.31450103280531527
477 0 1671.171171 0.000000 0.11102608994145527 0.31492885942359061
477 1 1671.171171 22.500000 0.11102608994145527 0.31492885942359061
477 2 1671.171171 45.000000 0.11102608994145527 0.31492885942359061
477 3 1671.171171 67.500000 0.11102608994145527 0.31492885942359061
478 0 1674.674675 0.000000 0.11021533217485527 0.31470903719325966
478 1 1674.674675 22.500000 0.11021533217485527 0.31470903719325966
478 2 1674.674675 45.000000 0.11021533217485527 0.31470903719325966
478 3 1674.674675 67.500000 0.11021533217485527 0.31470903719325966
479 0 1678.178178 0.000000 0.10927621900780587 0.31400933886123539
479 1 1678.178178 22.500000 0.10927621900780587 0.31400933886123539
479 2 1678.178178 45.000000 0.10927621900780587 0.31400933886123539
479 3 1678.178178 67.500000 0.10927621900780587 0.31400933886123539
480 0 1681.681682 0.000000 0.10842526956275651 0.3130788054665441
480 1 1681.681682 22.500000 0.10842526956275651 0.3130788054665441
480 2 1681.681682 45.000000 0.10842526956275651 0.3130788054665441
480 3 1681.681682 67.500000 0.10842526956275651 0.3130788054665441
481 0 1685.185185 0.000000 0.10786482298303107 0.31219544165850099
481 1 1685.185185 22.500000 0.10786482298303107 0.31219544165850099
481 2 1685.185185 45.000000 0.10786482298303107 0.31219544165850099
481 3 1685.185185 67.500000 0.10786482298303107 0.31219544165850099
482 0 1688.688689 0.000000 0.10775153444298344 0.31161089896568939
482 1 1688.688689 22.500000 0.10775153444298344 0.31161089896568939
482 2 1688.688689 45.000000 0.10775153444298344 0.31161089896568939
482 3 1688.688689 67.500000 0.10775153444298344 0.31161089896568939
483 0 1692.192192 0.000000 0.10816692850112124 0.311502105822832
483 1 1692.192192 22.500000 0.10816692850112124 0.311502105822832
483 2 1692.192192 45.000000 0.10816692850112124 0.311502105822832
483 3 1692.192192 67.500000 0.10816692850112124 0.311502105822832
484 0 1695.695696 0.000000 0.10909541344883504 0.31193827153995735
484 1 1695.695696 22.500000 0.10909541344883504 0.31193827153995735
484 2 1695.695696 45.000000 0.10909541344883504 0.31193827153995735
484 3 1695.695696 67.500000 0.10909541344883504 0.31193827153995735
485 0 1699.199199 0.000000 0.110417587356047 0.31286874441496615
485 1 1699.199199 22.500000 0.110417587356047 0.31286874441496615
485 2 1699.199199 45.000000 0.110417587356047 0.31286874441496615
485 3 1699.199199 67.500000 0.110417587356047 0.31286874441496615
486 0 1702.702703 0.000000 0.11192505934104745 0.31413338954776426
486 1 1702.702703 22.500000 0.11192505934104745 0.31413338954776426
486 2 1702.702703 45.000000 0.11192505934104745 0.31413338954776426
486 3 1702.702703 67.500000 0.11192505934104745 0.31413338954776426
487 0 1706.206206 0.000000 0.1133571793391009 0.31549315042997661
487 1 1706.206206 22.500000 0.1133571793391009 0.31549315042997661
487 2 1706.206206 45.000000 0.1133571793391009 0.31549315042997661
487 3 1706.206206 67.500000 0.1133571793391009 0.31549315042997661
488 0 1709.709710 0.000000 0.11445248863308263 0.31667496419789676
488 1 1709.709710 22.500000 0.11445248863308263 0.31667496419789676
488 2 1709.709710 45.000000 0.11445248863308263 0.31667496419789676
488 3 1709.709710 67.500000 0.11445248863308263 0.31667496419789676
489 0 1713.213213 0.000000 0.11500205418694957 0.31742280219606256
489 1 1713.213213 22.500000 0.11500205418694957 0.31742280219606256
489 2 1713.213213 45.000000 0.11500205418694957 0.31742280219606256
489 3 1713.213213 67.500000 0.11500205418694957 0.31742280219606256
490 0 1716.716717 0.000000 0.1148909005952428 0.31754569068413041
490 1 1716.716717 22.500000 0.1148909005952428 0.31754569068413041
490 2 1716.716717 45.000000 0.1148909005952428 0.31754569068413041
490 3 1716.716717 67.500000 0.1148909005952428 0.31754569068413041
491 0 1720.220220 0.000000 0.11411786209493385 0.3169542529401323
491 1 1720.220220 22.500000 0.11411786209493385 0.3169542529401323
491 2 1720.220220 45.000000 0.11411786209493385 0.3169542529401323
491 3 1720.220220 67.500000 0.11411786209493385 0.3169542529401323
492 0 1723.723724 0.000000 0.11279125079784774 0.31567944781050628
492 1 1723.723724 22.500000 0.11279125079784774 0.31567944781050628
492 2 1723.723724 45.000000 0.11279125079784774 0.31567944781050628
492 3 1723.723724 67.500000 0.11279125079784774 0.31567944781050628
493 0 1727.227227 0.000000 0.11110454576305073 0.31387036110079086
493 1 1727.227227 22.500000 0.11110454576305073 0.31387036110079086
493 2 1727.227227 45.000000 0.11110454576305073 0.31387036110079086
493 3 1727.227227 67.500000 0.11110454576305073 0.31387036110079086
494 0 1730.730731 0.000000 0.10930026573264735 0.31177156572881204
494 1 1730.730731 22.500000 0.10930026573264735 0.31177156572881204
494 2 1730.730731 45.000000 0.10930026573264735 0.31177156572881204
494 3 1730.730731 67.500000 0.10930026573264735 0.31177156572881204
495 0 1734.234234 0.000000 0.10763054784237318 0.30968406686083999
495 1 1734.234234 22.500000 0.10763054784237318 0.30968406686083999
495 2 1734.234234 45.000000 0.10763054784237318 0.30968406686083999
495 3 1734.234234 67.500000 0.10763054784237318 0.30968406686083999
496 0 1737.737738 0.000000 0.10632081158185731 0.30791659439709695
496 1 1737.737738 22.500000 0.10632081158185731 0.30791659439709695
496 2 1737.737738 45.000000 0.10632081158185731 0.30791659439709695
496 3 1737.737738 67.500000 0.10632081158185731 0.30791659439709695
497 0 1741.241241 0.000000 0.10554018039392465 0.30673554525862828
497 1 1741.241241 22.500000 0.10554018039392465 0.30673554525862828
497 2 1741.241241 45.000000 0.10554018039392465 0.30673554525862828
497 3 1741.241241 67.500000 0.10554018039392465 0.30673554525862828
498 0 1744.744745 0.000000 0.1053805693655919 0.30632197666325417
498 1 1744.744745 22.500000 0.1053805693655919 0.30632197666325417
498 2 1744.744745 45.000000 0.1053805693655919 0.30632197666325417
498 3 1744.744745 67.500000 0.1053805693655919 0.30632197666325417
499 0 1748.248248 0.000000 0.1058458429912774 0.30674272506809092
499 1 1748.248248 22.500000 0.1058458429912774 0.30674272506809092
499 2 1748.248248 45.000000 0.1058458429912774 0.30674272506809092
499 3 1748.248248 67.500000 0.1058458429912774 0.30674272506809092
500 0 1751.751752 0.000000 0.1068524446359304 0.3079402321643343
500 1 1751.751752 22.500000 0.1068524446359304 0.3079402321643343
500 2 1751.751752 45.000000 0.1068524446359304 0.3079402321643343
500 3 1751.751752 67.500000 0.1068524446359304 0.3079402321643343
501 0 1755.255255 0.000000 0.10824233424772509 0.30974244984574795
501 1 1755.255255 22.500000 0.10824233424772509 0.30974244984574795
501 2 1755.255255 45.000000 0.10824233424772509 0.30974244984574795
501 3 1755.255255 67.500000 0.10824233424772509 0.30974244984574795
502 0 1758.758759 0.000000 0.10980740224708921 0.31189083140171719
502 1 1758.758759 22.500000 0.10980740224708921 0.31189083140171719
502 2 1758.758759 45.000000 0.10980740224708921 0.31189083140171719
502 3 1758.758759 67.500000 0.10980740224708921 0.31189083140171719
503 0 1762.262262 0.000000 0.11132210423245938 0.31408146905867895
503 1 1762.262262 22.500000 0.11132210423245938 0.31408146905867895
503 2 1762.262262 45.000000 0.11132210423245938 0.31408146905867895
503 3 1762.262262 67.500000 0.11132210423245938 0.31408146905867895
504 0 1765.765766 0.000000 0.11257886437812356 0.31601239489350641
504 1 1765.765766 22.500000 0.11257886437812356 0.31601239489350641
504 2 1765.765766 45.000000 0.11257886437812356 0.31601239489350641
504 3 1765.765766 67.500000 0.11257886437812356 0.31601239489350641
505 0 1769.269269 0.000000 0.1134198134463123 0.31742924256054095
505 1 1769.269269 22.500000 0.1134198134463123 0.31742924256054095
505 2 1769.269269 45.000000 0.1134198134463123 0.31742924256054095
505 3 1769.269269 67.500000 0.1134198134463123 0.31742924256054095
506 0 1772.772773 0.000000 0.1137591035808454 0.31816197372994592
506 1 1772.772773 22.500000 0.1137591035808454 0.31816197372994592
506 2 1772.772773 45.000000 0.1137591035808454 0.31816197372994592
506 3 1772.772773 67.500000 0.1137591035808454 0.31816197372994592
507 0 1776.276276 0.000000 0.11359211423519261 0.31814707974786693
507 1 1776.276276 22.500000 0.11359211423519261 0.31814707974786693
507 2 1776.276276 45.000000 0.11359211423519261 0.31814707974786693
507 3 1776.276276 67.500000 0.11359211423519261 0.31814707974786693
508 0 1779.779780 0.000000 0.11299061025930197 0.31743224961628402
508 1 1779.779780 22.500000 0.11299061025930197 0.31743224961628402
508 2 1779.779780 45.000000 0.11299061025930197 0.31743224961628402
508 3 1779.779780 67.500000 0.11299061025930197 0.31743224961628402
509 0 1783.283283 0.000000 0.11208556822919805 0.31616348523019039
509 1 1783.283283 22.500000 0.11208556822919805 0.31616348523019039
509 2 1783.283283 45.000000 0.11208556822919805 0.31616348523019039
509 3 1783.283283 67.500000 0.11208556822919805 0.31616348523019039
510 0 1786.786787 0.000000 0.11104143523778331 0.31455752452288144
510 1 1786.786787 22.500000 0.11104143523778331 0.31455752452288144
510 2 1786.786787 45.000000 0.11104143523778331 0.31455752452288144
510 3 1786.786787 67.500000 0.11104143523778331 0.31455752452288144
511 0 1790.290290 0.000000 0.11002680373200542 0.31286471964015061
511 1 1790.290290 22.500000 0.11002680373200542 0.31286471964015061
511 2 1790.290290 45.000000 0.11002680373200542 0.31286471964015061
511 3 1790.290290 67.500000 0.11002680373200542 0.31286471964015061
512 0 1793.793794 0.000000 0.10918681644747774 0.31132884565412144
512 1 1793.793794 22.500000 0.10918681644747774 0.31132884565412144
512 2 1793.793794 45.000000 0.10918681644747774 0.31132884565412144
512 3 1793.793794 67.500000 0.10918681644747774 0.31132884565412144
513 0 1797.297297 0.000000 0.10862203803457779 0.31015049819516805
513 1 1797.297297 22.500000 0.10862203803457779 0.31015049819516805
513 2 1797.297297 45.000000 0.10862203803457779 0.31015049819516805
513 3 1797.297297 67.500000 0.10862203803457779 0.31015049819516805
514 0 1800.800801 0.000000 0.10837708217310899 0.30945979222201503
514 1 1800.800801 22.500000 0.10837708217310899 0.30945979222201503
514 2 1800.800801 45.000000 0.10837708217310899 0.30945979222201503
514 3 1800.800801 67.500000 0.10837708217310899 0.30945979222201503
515 0 1804.304304 0.000000 0.1084401778936652 0.30930220962368532
515 1 1804.304304 22.500000 0.1084401778936652 0.30930220962368532
515 2 1804.304304 45.000000 0.1084401778936652 0.30930220962368532
515 3 1804.304304 67.500000 0.1084401778936652 0.30930220962368532
516 0 1807.807808 0.000000 0.10875255893424987 0.30963902187454623
516 1 1807.807808 22.500000 0.10875255893424987 0.30963902187454623
516 2 1807.807808 45.000000 0.10875255893424987 0.30963902187454623
516 3 1807.807808 67.500000 0.10875255893424987 0.30963902187454623
517 0 1811.311311 0.000000 0.10922467985883234 0.31036117924353412
517 1 1811.311311 22.500000 0.10922467985883234 0.31036117924353412
517 2 1811.311311 45.000000 0.10922467985883234 0.31036117924353412
517 3 1811.311311 67.500000 0.10922467985883234 0.31036117924353412
518 0 1814.814815 0.000000 0.10975531440939328 0.31131335522831605
518 1 1814.814815 22.500000 0.10975531440939328 0.31131335522831605
518 2 1814.814815 45.000000 0.10975531440939328 0.31131335522831605
518 3 1814.814815 67.500000 0.10975531440939328 0.31131335522831605
519 0 1818.318318 0.000000 0.11024972962149106 0.31232333195283341
519 1 1818.318318 22.500000 0.11024972962149106 0.31232333195283341
519 2 1818.318318 45.000000 0.11024972962149106 0.31232333195283341
519 3 1818.318318 67.500000 0.11024972962149106 0.31232333195283341
520 0 1821.821822 0.000000 0.11063407936591618 0.31323133768321521
520 1 1821.821822 22.500000 0.11063407936591618 0.31323133768321521
520 2 1821.821822 45.000000 0.11063407936591618 0.31323133768321521
520 3 1821.821822 67.500000 0.11063407936591618 0.31323133768321521
521 0 1825.325325 0.000000 0.11086439956936965 0.31391435467490203
521 1 1825.325325 22.500000 0.11086439956936965 0.31391435467490203
521 2 1825.325325 45.000000 0.11086439956936965 0.31391435467490203
521 3 1825.325325 67.500000 0.11086439956936965 0.31391435467490203
522 0 1828.828829 0.000000 0.11092965895439001 0.31430167928584146
522 1 1828.828829 22.500000 0.11092965895439001 0.31430167928584146
522 2 1828.828829 45.000000 0.11092965895439001 0.31430167928584146
522 3 1828.828829 67.500000 0.11092965895439001 0.31430167928584146
523 0 1832.332332 0.000000 0.11084907524153481 0.31437986253436312
523 1 1832.332332 22.500000 0.11084907524153481 0.31437986253436312
523 2 1832.332332 45.000000 0.11084907524153481 0.31437986253436312
523 3 1832.332332 67.500000 0.11084907524153481 0.31437986253436312
524 0 1835.835836 0.000000 0.11066450191388348 0.31418722000259464
524 1 1835.835836 22.500000 0.11066450191388348 0.31418722000259464
524 2 1835.835836 45.000000 0.11066450191388348 0.31418722000259464
524 3 1835.835836 67.500000 0.11066450191388348 0.31418722000259464
525 0 1839.339339 0.000000 0.11042934857562529 0.31379998401708536
525 1 1839.339339 22.500000 0.11042934857562529 0.31379998401708536
525 2 1839.339339 45.000000 0.11042934857562529 0.31379998401708536
525 3 1839.339339 67.500000 0.11042934857562529 0.31379998401708536
526 0 1842.842843 0.000000 0.11019623326624292 0.31331353710914905
526 1 1842.842843 22.500000 0.11019623326624292 0.31331353710914905
526 2 1842.842843 45.000000 0.11019623326624292 0.31331353710914905
526 3 1842.842843 67.500000 0.11019623326624292 0.31331353710914905
527 0 1846.346346 0.000000 0.11000608416205941 0.31282278435601862
527 1 1846.346346 22.500000 0.11000608416205941 0.31282278435601862
527 2 1846.346346 45.000000 0.11000608416205941 0.31282278435601862
527 3 1846.346346 67.500000 0.11000608416205941 0.31282278435601862
528 0 1849.849850 0.000000 0.1098812823251696 0.31240551508964626
528 1 1849.849850 22.500000 0.1098812823251696 0.31240551508964626
528 2 1849.849850 45.000000 0.1098812823251696 0.31240551508964626
528 3 1849.849850 67.500000 0.1098812823251696 0.31240551508964626
529 0 1853.353353 0.000000 0.10982443535320335 0.3121116549380818
529 1 1853.353353 22.500000 0.10982443535320335 0.3121116549380818
529 2 1853.353353 45.000000 0.10982443535320335 0.3121116549380818
529 3 1853.353353 67.500000 0.10982443535320335 0.3121116549380818
530 0 1856.856857 0.000000 0.10982270646643147 0.31195984168993218
530 1 1856.856857 22.500000 0.10982270646643147 0.31195984168993218
530 2 1856.856857 45.000000 0.10982270646643147 0.31195984168993218
530 3 1856.856857 67.500000 0.10982270646643147 0.31195984168993218
531 0 1860.360360 0.000000 0.1098559129680922 0.31194109184223001
531 1 1860.360360 22.500000 0.1098559129680922 0.31194109184223001
531 2 1860.360360 45.000000 0.1098559129680922 0.31194109184223001
531 3 1860.360360 67.500000 0.1098559129680922 0.31194109184223001
532 0 1863.863864 0.000000 0.10990555344498718 0.31202780794178814
532 1 1863.863864 22.500000 0.10990555344498718 0.31202780794178814
532 2 1863.863864 45.000000 0.10990555344498718 0.31202780794178814
532 3 1863.863864 67.500000 0.10990555344498718 0.31202780794178814
533 0 1867.367367 0.000000 0.1099619102206754 0.31218532011240169
533 1 1867.367367 22.500000 0.1099619102206754 0.31218532011240169
533 2 1867.367367 45.000000 0.1099619102206754 0.31218532011240169
533 3 1867.367367 67.500000 0.1099619102206754 0.31218532011240169
534 0 1870.870871 0.000000 0.11002727038888763 0.31238276875986021
534 1 1870.870871 22.500000 0.11002727038888763 0.31238276875986021
534 2 1870.870871 45.000000 0.11002727038888763 0.31238276875986021
534 3 1870.870871 67.500000 0.11002727038888763 0.31238276875986021
535 0 1874.374374 0.000000 0.11011459834917671 0.31260048853760258
535 1 1874.374374 22.500000 0.11011459834917671 0.31260048853760258
535 2 1874.374374 45.000000 0.11011459834917671 0.31260048853760258
535 3 1874.374374 67.500000 0.11011459834917671 0.31260048853760258
536 0 1877.877878 0.000000 0.110242138758067 0.31283206070131692
536 1 1877.877878 22.500000 0.110242138758067 0.31283206070131692
536 2 1877.877878 45.000000 0.110242138758067 0.31283206070131692
536 3 1877.877878 67.500000 0.110242138758067 0.31283206070131692
537 0 1881.381381 0.000000 0.11042520004912899 0.3130806384974561
537 1 1881.381381 22.500000 0.11042520004912899 0.3130806384974561
537 2 1881.381381 45.000000 0.11042520004912899 0.3130806384974561
537 3 1881.381381 67.500000 0.11042520004912899 0.3130806384974561
538 0 1884.884885 0.000000 0.11066688235792509 0.31335070092134953
538 1 1884.884885 22.500000 0.11066688235792509 0.31335070092134953
538 2 1884.884885 45.000000 0.11066688235792509 0.31335070092134953
538 3 1884.884885 67.500000 0.11066688235792509 0.31335070092134953
539 0 1888.388388 0.000000 0.11094997591132204 0.31363770623824183
539 1 1888.388388 22.500000 0.11094997591132204 0.31363770623824183
539 2 1888.388388 45.000000 0.11094997591132204 0.31363770623824183
539 3 1888.388388 67.500000 0.11094997591132204 0.31363770623824183
540 0 1891.891892 0.000000 0.11123262627158295 0.31391889031275255
540 1 1891.891892 22.500000 0.11123262627158295 0.31391889031275255
540 2 1891.891892 45.000000 0.11123262627158295 0.31391889031275255
540 3 1891.891892 67.500000 0.11123262627158295 0.31391889031275255
541 0 1895.395395 0.000000 0.11145025031359637 0.31414848259743611
541 1 1895.395395 22.500000 0.11145025031359637 0.31414848259743611
541 2 1895.395395 45.000000 0.11145025031359637 0.31414848259743611
541 3 1895.395395 67.500000 0.11145025031359637 0.31414848259743611
542 0 1898.898899 0.000000 0.11152511888039328 0.31425984096475035
542 1 1898.898899 22.500000 0.11152511888039328 0.31425984096475035
542 2 1898.898899 45.000000 0.11152511888039328 0.31425984096475035
542 3 1898.898899 67.500000 0.11152511888039328 0.31425984096475035
543 0 1902.402402 0.000000 0.11138292120480597 0.31417554901514599
543 1 1902.402402 22.500000 0.11138292120480597 0.31417554901514599
543 2 1902.402402 45.000000 0.11138292120480597 0.31417554901514599
543 3 1902.402402 67.500000 0.11138292120480597 0.31417554901514599
544 0 1905.905906 0.000000 0.11097311315150493 0.31382464194516591
544 1 1905.905906 22.500000 0.11097311315150493 0.31382464194516591
544 2 1905.905906 45.000000 0.11097311315150493 0.31382464194516591
544 3 1905.905906 67.500000 0.11097311315150493 0.31382464194516591
545 0 1909.409409 0.000000 0.11028805704491501 0.31316420224482178
545 1 1909.409409 22.500000 0.11028805704491501 0.31316420224482178
545 2 1909.409409 45.000000 0.11028805704491501 0.31316420224482178
545 3 1909.409409 67.500000 0.11028805704491501 0.31316420224482178
546 0 1912.912913 0.000000 0.10937586821067961 0.31220100552435021
546 1 1912.912913 22.500000 0.10937586821067961 0.31220100552435021
546 2 1912.912913 45.000000 0.10937586821067961 0.31220100552435021
546 3 1912.912913 67.500000 0.10937586821067961 0.31220100552435021
547 0 1916.416416 0.000000 0.10834361107107232 0.3110080697641705
547 1 1916.416416 22.500000 0.10834361107107232 0.3110080697641705
547 2 1916.416416 45.000000 0.10834361107107232 0.3110080697641705
547 3 1916.416416 67.500000 0.10834361107107232 0.3110080697641705
548 0 1919.919920 0.000000 0.10735006926540201 0.30973112163264949
548 1 1919.919920 22.500000 0.10735006926540201 0.30973112163264949
548 2 1919.919920 45.000000 0.10735006926540201 0.30973112163264949
548 3 1919.919920 67.500000 0.10735006926540201 0.30973112163264949
549 0 1923.423423 0.000000 0.10658925677609722 0.30858122022912038
549 1 1923.423423 22.500000 0.10658925677609722 0.30858122022912038
549 2 1923.423423 45.000000 0.10658925677609722 0.30858122022912038
549 3 1923.423423 67.500000 0.10658925677609722 0.30858122022912038
550 0 1926.926927 0.000000 0.10626619157236385 0.30781194834501491
550 1 1926.926927 22.500000 0.10626619157236385 0.30781194834501491
550 2 1926.926927 45.000000 0.10626619157236385 0.30781194834501491
550 3 1926.926927 67.500000 0.10626619157236385 0.30781194834501491
551 0 1930.430430 0.000000 0.10656566685028233 0.30768237682936567
551 1 1930.430430 22.500000 0.10656566685028233 0.30768237682936567
551 2 1930.430430 45.000000 0.10656566685028233 0.30768237682936567
551 3 1930.430430 67.500000 0.10656566685028233 0.30768237682936567
552 0 1933.933934 0.000000 0.10761457048724271 0.30840996280039978
552 1 1933.933934 22.500000 0.10761457048724271 0.30840996280039978
552 2 1933.933934 45.000000 0.10761457048724271 0.30840996280039978
552 3 1933.933934 67.500000 0.10761457048724271 0.30840996280039978
553 0 1937.437437 0.000000 0.10944053928029179 0.31012011775721982
553 1 1937.437437 22.500000 0.10944053928029179 0.31012011775721982
553 2 1937.437437 45.000000 0.10944053928029179 0.31012011775721982
553 3 1937.437437 67.500000 0.10944053928029179 0.31012011775721982
554 0 1940.940941 0.000000 0.11193460409974883 0.31280085785077444
554 1 1940.940941 22.500000 0.11193460409974883 0.31280085785077444
554 2 1940.940941 45.000000 0.11193460409974883 0.31280085785077444
554 3 1940.940941 67.500000 0.11193460409974883 0.31280085785077444
555 0 1944.444444 0.000000 0.1148306475061841 0.316271322618289
555 1 1944.444444 22.500000 0.1148306475061841 0.316271322618289
555 2 1944.444444 45.000000 0.1148306475061841 0.316271322618289
555 3 1944.444444 67.500000 0.1148306475061841 0.316271322618289
556 0 1947.947948 0.000000 0.11771583071673421 0.32017181477456352
556 1 1947.947948 22.500000 0.11771583071673421 0.32017181477456352
556 2 1947.947948 45.000000 0.11771583071673421 0.32017181477456352
556 3 1947.947948 67.500000 0.11771583071673421 0.32017181477456352
557 0 1951.451451 0.000000 0.12008018711448286 0.3239804153653254
557 1 1951.451451 22.500000 0.12008018711448286 0.3239804153653254
557 2 1951.451451 45.000000 0.12008018711448286 0.3239804153653254
557 3 1951.451451 67.500000 0.12008018711448286 0.3239804153653254
558 0 1954.954955 0.000000 0.12140039594416811 0.32705746842634753
558 1 1954.954955 22.500000 0.12140039594416811 0.32705746842634753
558 2 1954.954955 45.000000 0.12140039594416811 0.32705746842634753
558 3 1954.954955 67.500000 0.12140039594416811 0.32705746842634753
559 0 1958.458458 0.000000 0.1212373249176351 0.32871483565002579
559 1 1958.458458 22.500000 0.1212373249176351 0.32871483565002579
559 2 1958.458458 45.000000 0.1212373249176351 0.32871483565002579
559 3 1958.458458 67.500000 0.1212373249176351 0.32871483565002579
560 0 1961.961962 0.000000 0.11931760885065402 0.3283024736290977
560 1 1961.961962 22.500000 0.11931760885065402 0.3283024736290977
560 2 1961.961962 45.000000 0.11931760885065402 0.3283024736290977
560 3 1961.961962 67.500000 0.11931760885065402 0.3283024736290977
561 0 1965.465465 0.000000 0.11557371747045751 0.32530130884522773
561 1 1965.465465 22.500000 0.11557371747045751 0.32530130884522773
561 2 1965.465465 45.000000 0.11557371747045751 0.32530130884522773
561 3 1965.465465 67.500000 0.11557371747045751 0.32530130884522773
562 0 1968.968969 0.000000 0.11013610764939394 0.31940923013873457
562 1 1968.968969 22.500000 0.11013610764939394 0.31940923013873457
562 2 1968.968969 45.000000 0.11013610764939394 0.31940923013873457
562 3 1968.968969 67.500000 0.11013610764939394 0.31940923013873457
563 0 1972.472472 0.000000 0.10329793908315058 0.31060674964546653
563 1 1972.472472 22.500000 0.10329793908315058 0.31060674964546653
563 2 1972.472472 45.000000 0.10329793908315058 0.31060674964546653
563 3 1972.472472 67.500000 0.10329793908315058 0.31060674964546653
564 0 1975.975976 0.000000 0.095493478438032658 0.29919069076606208
564 1 1975.975976 22.500000 0.095493478438032658 0.29919069076606208
564 2 1975.975976 45.000000 0.095493478438032658 0.29919069076606208
564 3 1975.975976 67.500000 0.095493478438032658 0.29919069076606208
565 0 1979.479479 0.000000 0.087331464956704324 0.28576801284978903
565 1 1979.479479 22.500000 0.087331464956704324 0.28576801284978903
565 2 1979.479479 45.000000 0.087331464956704324 0.28576801284978903
565 3 1979.479479 67.500000 0.087331464956704324 0.28576801284978903
566 0 1982.982983 0.000000 0.07969809033988462 0.27120712498907806
566 1 1982.982983 22.500000 0.07969809033988462 0.27120712498907806
566 2 1982.982983 45.000000 0.07969809033988462 0.27120712498907806
566 3 1982.982983 67.500000 0.07969809033988462 0.27120712498907806
567 0 1986.486486 0.000000 0.073898195843860676 0.25655006015230464
567 1 1986.486486 22.500000 0.073898195843860676 0.25655006015230464
567 2 1986.486486 45.000000 0.073898195843860676 0.25655006015230464
567 3 1986.486486 67.500000 0.073898195843860676 0.25655006015230464
568 0 1989.989990 0.000000 0.071757955985751132 0.24289479778950984
568 1 1989.989990 22.500000 0.071757955985751132 0.24289479778950984
568 2 1989.989990 45.000000 0.071757955985751132 0.24289479778950984
568 3 1989.989990 67.500000 0.071757955985751132 0.24289479778950984
569 0 1993.493493 0.000000 0.075592632376635882 0.23126192908884122
569 1 1993.493493 22.500000 0.075592632376635882 0.23126192908884122
569 2 1993.493493 45.000000 0.075592632376635882 0.23126192908884122
569 3 1993.493493 67.500000 0.075592632376635882 0.23126192908884122
570 0 1996.996997 0.000000 0.087966503430077267 0.22246295654207854
570 1 1996.996997 22.500000 0.087966503430077267 0.22246295654207854
570 2 1996.996997 45.000000 0.087966503430077267 0.22246295654207854
570 3 1996.996997 67.500000 0.087966503430077267 0.22246295654207854
571 0 2000.500501 0.000000 0.11123852955619667 0.21698825196816965
571 1 2000.500501 22.500000 0.11123852955619667 0.21698825196816965
571 2 2000.500501 45.000000 0.11123852955619667 0.21698825196816965
571 3 2000.500501 67.500000 0.11123852955619667 0.21698825196816965
572 0 2004.004004 0.000000 0.14697554564035428 0.21493084608719834
572 1 2004.004004 22.500000 0.14697554564035428 0.21493084608719834
572 2 2004.004004 45.000000 0.14697554564035428 0.21493084608719834
572 3 2004.004004 67.500000 0.14697554564035428 0.21493084608719834
573 0 2007.507508 0.000000 0.19538968863121875 0.21595795407794183
573 1 2007.507508 22.500000 0.19538968863121875 0.21595795407794183
573 2 2007.507508 45.000000 0.19538968863121875 0.21595795407794183
573 3 2007.507508 67.500000 0.19538968863121875 0.21595795407794183
574 0 2011.011011 0.000000 0.25498392196353653 0.21933599345381283
574 1 2011.011011 22.500000 0.25498392196353653 0.21933599345381283
574 2 2011.011011 45.000000 0.25498392196353653 0.21933599345381283
574 3 2011.011011 67.500000 0.25498392196353653 0.21933599345381283
575 0 2014.514515 0.000000 0.32255093155989023 0.22400766252821566
575 1 2014.514515 22.500000 0.32255093155989023 0.22400766252821566
575 2 2014.514515 45.000000 0.32255093155989023 0.22400766252821566
575 3 2014.514515 67.500000 0.32255093155989023 0.22400766252821566
576 0 2018.018018 0.000000 0.39357433539938097 0.22871244063658702
576 1 2018.018018 22.500000 0.39357433539938097 0.22871244063658702
576 2 2018.018018 45.000000 0.39357433539938097 0.22871244063658702
576 3 2018.018018 67.500000 0.39357433539938097 0.22871244063658702
577 0 2021.521522 0.000000 0.46295932888514635 0.23213569641896342
577 1 2021.521522 22.500000 0.46295932888514635 0.23213569641896342
577 2 2021.521522 45.000000 0.46295932888514635 0.23213569641896342
577 3 2021.521522 67.500000 0.46295932888514635 0.23213569641896342
578 0 2025.025025 0.000000 0.52591648367926891 0.23306737019873053
578 1 2025.025025 22.500000 0.52591648367926891 0.23306737019873053
578 2 2025.025025 45.000000 0.52591648367926891 0.23306737019873053
578 3 2025.025025 67.500000 0.52591648367926891 0.23306737019873053
579 0 2028.528529 0.000000 0.57877497192983296 0.2305495815853279
579 1 2028.528529 22.500000 0.57877497192983296 0.2305495815853279
579 2 2028.528529 45.000000 0.57877497192983296 0.2305495815853279
579 3 2028.528529 67.500000 0.57877497192983296 0.2305495815853279
580 0 2032.032032 0.000000 0.61952592869451628 0.2239937796140288
580 1 2032.032032 22.500000 0.61952592869451628 0.2239937796140288
580 2 2032.032032 45.000000 0.61952592869451628 0.2239937796140288
580 3 2032.032032 67.500000 0.61952592869451628 0.2239937796140288
581 0 2035.535536 0.000000 0.64798157770988563 0.21325205326451832
581 1 2035.535536 22.500000 0.64798157770988563 0.21325205326451832
581 2 2035.535536 45.000000 0.64798157770988563 0.21325205326451832
581 3 2035.535536 67.500000 0.64798157770988563 0.21325205326451832
582 0 2039.039039 0.000000 0.66554837714116943 0.19863340255967549
582 1 2039.039039 22.500000 0.66554837714116943 0.19863340255967549
582 2 2039.039039 45.000000 0.66554837714116943 0.19863340255967549
582 3 2039.039039 67.500000 0.66554837714116943 0.19863340255967549
583 0 2042.542543 0.000000 0.67471315632734863 0.18086325543613793
583 1 2042.542543 22.500000 0.67471315632734863 0.18086325543613793
583 2 2042.542543 45.000000 0.67471315632734863 0.18086325543613793
583 3 2042.542543 67.500000 0.67471315632734863 0.18086325543613793
584 0 2046.046046 0.000000 0.67839944629614202 0.16099222710005665
584 1 2046.046046 22.500000 0.67839944629614202 0.16099222710005665
584 2 2046.046046 45.000000 0.67839944629614202 0.16099222710005665
584 3 2046.046046 67.500000 0.67839944629614202 0.16099222710005665
585 0 2049.549550 0.000000 0.67935584299611862 0.14026694444089102
585 1 2049.549550 22.500000 0.67935584299611862 0.14026694444089102
585 2 2049.549550 45.000000 0.67935584299611862 0.14026694444089102
585 3 2049.549550 67.500000 0.67935584299611862 0.14026694444089102
586 0 2053.053053 0.000000 0.67969859581517589 0.11998071708683269
586 1 2053.053053 22.500000 0.67969859581517589 0.11998071708683269
586 2 2053.053053 45.000000 0.67969859581517589 0.11998071708683269
586 3 2053.053053 67.500000 0.67969859581517589 0.11998071708683269
587 0 2056.556557 0.000000 0.68066890314923478 0.10132422622734277
587 1 2056.556557 22.500000 0.68066890314923478 0.10132422622734277
587 2 2056.556557 45.000000 0.68066890314923478 0.10132422622734277
587 3 2056.556557 67.500000 0.68066890314923478 0.10132422622734277
588 0 2060.060060 0.000000 0.68260542145890313 0.08525590346748893
588 1 2060.060060 22.500000 0.68260542145890313 0.08525590346748893
588 2 2060.060060 45.000000 0.68260542145890313 0.08525590346748893
588 3 2060.060060 67.500000 0.68260542145890313 0.08525590346748893
589 0 2063.563564 0.000000 0.68509023572426653 0.072408395837286227
589 1 2063.563564 22.500000 0.68509023572426653 0.072408395837286227
589 2 2063.563564 45.000000 0.68509023572426653 0.072408395837286227
589 3 2063.563564 67.500000 0.68509023572426653 0.072408395837286227
590 0 2067.067067 0.000000 0.68720650303485631 0.063041981316675294
590 1 2067.067067 22.500000 0.68720650303485631 0.063041981316675294
590 2 2067.067067 45.000000 0.68720650303485631 0.063041981316675294
590 3 2067.067067 67.500000 0.68720650303485631 0.063041981316675294
591 0 2070.570571 0.000000 0.68784360695976277 0.057048861822239227
591 1 2070.570571 22.500000 0.68784360695976277 0.057048861822239227
591 2 2070.570571 45.000000 0.68784360695976277 0.057048861822239227
591 3 2070.570571 67.500000 0.68784360695976277 0.057048861822239227
592 0 2074.074074 0.000000 0.68599305858482185 0.054004963864872135
592 1 2074.074074 22.500000 0.68599305858482185 0.054004963864872135
592 2 2074.074074 45.000000 0.68599305858482185 0.054004963864872135
592 3 2074.074074 67.500000 0.68599305858482185 0.054004963864872135
593 0 2077.577578 0.000000 0.68098956352714912 0.053259302784365067
593 1 2077.577578 22.500000 0.68098956352714912 0.053259302784365067
593 2 2077.577578 45.000000 0.68098956352714912 0.053259302784365067
593 3 2077.577578 67.500000 0.68098956352714912 0.053259302784365067
594 0 2081.081081 0.000000 0.67266461684712375 0.054046067045402026
594 1 2081.081081 22.500000 0.67266461684712375 0.054046067045402026
594 2 2081.081081 45.000000 0.67266461684712375 0.054046067045402026
594 3 2081.081081 67.500000 0.67266461684712375 0.054046067045402026
595 0 2084.584585 0.000000 0.66139525631703855 0.055602034781180962
595 1 2084.584585 22.500000 0.66139525631703855 0.055602034781180962
595 2 2084.584585 45.000000 0.66139525631703855 0.055602034781180962
595 3 2084.584585 67.500000 0.66139525631703855 0.055602034781180962
596 0 2088.088088 0.000000 0.64804841468362628 0.057272054594685123
596 1 2088.088088 22.500000 0.64804841468362628 0.057272054594685123
596 2 2088.088088 45.000000 0.64804841468362628 0.057272054594685123
596 3 2088.088088 67.500000 0.64804841468362628 0.057272054594685123
597 0 2091.591592 0.000000 0.63383947936395668 0.058588004110181453
597 1 2091.591592 22.500000 0.63383947936395668 0.058588004110181453
597 2 2091.591592 45.000000 0.63383947936395668 0.058588004110181453
597 3 2091.591592 67.500000 0.63383947936395668 0.058588004110181453
598 0 2095.095095 0.000000 0.62013790767130839 0.059311393137592865
598 1 2095.095095 22.500000 0.62013790767130839 0.059311393137592865
598 2 2095.095095 45.000000 0.62013790767130839 0.059311393137592865
598 3 2095.095095 67.500000 0.62013790767130839 0.059311393137592865
599 0 2098.598599 0.000000 0.60825895620566583 0.059435810374850281
599 1 2098.598599 22.500000 0.60825895620566583 0.059435810374850281
599 2 2098.598599 45.000000 0.60825895620566583 0.059435810374850281
599 3 2098.598599 67.500000 0.60825895620566583 0.059435810374850281
600 0 2102.102102 0.000000 0.59927739628730592 0.059151756304279178
600 1 2102.102102 22.500000 0.59927739628730592 0.059151756304279178
600 2 2102.102102 45.000000 0.59927739628730592 0.059151756304279178
600 3 2102.102102 67.500000 0.59927739628730592 0.059151756304279178
601 0 2105.605606 0.000000 0.59388885163265404 0.058782073720480409
601 1 2105.605606 22.500000 0.59388885163265404 0.058782073720480409
601 2 2105.605606 45.000000 0.59388885163265404 0.058782073720480409
601 3 2105.605606 67.500000 0.59388885163265404 0.058782073720480409
602 0 2109.109109 0.000000 0.5923318955921123 0.058700329126593426
602 1 2109.109109 22.500000 0.5923318955921123 0.058700329126593426
602 2 2109.109109 45.000000 0.5923318955921123 0.058700329126593426
602 3 2109.109109 67.500000 0.5923318955921123 0.058700329126593426
603 0 2112.612613 0.000000 0.59437379968607074 0.059246525393231469
603 1 2112.612613 22.500000 0.59437379968607074 0.059246525393231469
603 2 2112.612613 45.000000 0.59437379968607074 0.059246525393231469
603 3 2112.612613 67.500000 0.59437379968607074 0.059246525393231469
604 0 2116.116116 0.000000 0.59935670224712378 0.060654200597500263
604 1 2116.116116 22.500000 0.59935670224712378 0.060654200597500263
604 2 2116.116116 45.000000 0.59935670224712378 0.060654200597500263
604 3 2116.116116 67.500000 0.59935670224712378 0.060654200597500263
605 0 2119.619620 0.000000 0.60629763462520669 0.063000429629486335
605 1 2119.619620 22.500000 0.60629763462520669 0.063000429629486335
605 2 2119.619620 45.000000 0.60629763462520669 0.063000429629486335
605 3 2119.619620 67.500000 0.60629763462520669 0.063000429629486335
606 0 2123.123123 0.000000 0.61403231606809838 0.066185979077969498
606 1 2123.123123 22.500000 0.61403231606809838 0.066185979077969498
606 2 2123.123123 45.000000 0.61403231606809838 0.066185979077969498
606 3 2123.123123 67.500000 0.61403231606809838 0.066185979077969498
607 0 2126.626627 0.000000 0.6213868204913231 0.069947615901720023
607 1 2126.626627 22.500000 0.6213868204913231 0.069947615901720023
607 2 2126.626627 45.000000 0.6213868204913231 0.069947615901720023
607 3 2126.626627 67.500000 0.6213868204913231 0.069947615901720023
608 0 2130.130130 0.000000 0.62735379754411003 0.073899213149826865
608 1 2130.130130 22.500000 0.62735379754411003 0.073899213149826865
608 2 2130.130130 45.000000 0.62735379754411003 0.073899213149826865
608 3 2130.130130 67.500000 0.62735379754411003 0.073899213149826865
609 0 2133.633634 0.000000 0.63124425316417732 0.077593697031842421
609 1 2133.633634 22.500000 0.63124425316417732 0.077593697031842421
609 2 2133.633634 45.000000 0.63124425316417732 0.077593697031842421
609 3 2133.633634 67.500000 0.63124425316417732 0.077593697031842421
610 0 2137.137137 0.000000 0.63278604872847388 0.08059475457841335
610 1 2137.137137 22.500000 0.63278604872847388 0.08059475457841335
610 2 2137.137137 45.000000 0.63278604872847388 0.08059475457841335
610 3 2137.137137 67.500000 0.63278604872847388 0.08059475457841335
611 0 2140.640641 0.000000 0.63214847278995545 0.082546024566058335
611 1 2140.640641 22.500000 0.63214847278995545 0.082546024566058335
611 2 2140.640641 45.000000 0.63214847278995545 0.082546024566058335
611 3 2140.640641 67.500000 0.63214847278995545 0.082546024566058335
612 0 2144.144144 0.000000 0.6298871811202359 0.083226353686865359
612 1 2144.144144 22.500000 0.6298871811202359 0.083226353686865359
612 2 2144.144144 45.000000 0.6298871811202359 0.083226353686865359
612 3 2144.144144 67.500000 0.6298871811202359 0.083226353686865359
613 0 2147.647648 0.000000 0.62682104812264505 0.082582403829765186
613 1 2147.647648 22.500000 0.62682104812264505 0.082582403829765186
613 2 2147.647648 45.000000 0.62682104812264505 0.082582403829765186
613 3 2147.647648 67.500000 0.62682104812264505 0.082582403829765186
614 0 2151.151151 0.000000 0.62386654463445457 0.080733938747538272
614 1 2151.151151 22.500000 0.62386654463445457 0.080733938747538272
614 2 2151.151151 45.000000 0.62386654463445457 0.080733938747538272
614 3 2151.151151 67.500000 0.62386654463445457 0.080733938747538272
615 0 2154.654655 0.000000 0.62186221448355128 0.077951789421317808
615 1 2154.654655 22.500000 0.62186221448355128 0.077951789421317808
615 2 2154.654655 45.000000 0.62186221448355128 0.077951789421317808
615 3 2154.654655 67.500000 0.62186221448355128 0.077951789421317808
616 0 2158.158158 0.000000 0.62141483197114133 0.074613005429130921
616 1 2158.158158 22.500000 0.62141483197114133 0.074613005429130921
616 2 2158.158158 45.000000 0.62141483197114133 0.074613005429130921
616 3 2158.158158 67.500000 0.62141483197114133 0.074613005429130921
617 0 2161.661662 0.000000 0.62279192191975086 0.071141303622275026
617 1 2161.661662 22.500000 0.62279192191975086 0.071141303622275026
617 2 2161.661662 45.000000 0.62279192191975086 0.071141303622275026
617 3 2161.661662 67.500000 0.62279192191975086 0.071141303622275026
618 0 2165.165165 0.000000 0.6258757429874926 0.067943056126421111
618 1 2165.165165 22.500000 0.6258757429874926 0.067943056126421111
618 2 2165.165165 45.000000 0.6258757429874926 0.067943056126421111
618 3 2165.165165 67.500000 0.6258757429874926 0.067943056126421111
619 0 2168.668669 0.000000 0.63018407698137568 0.065349409216694257
619 1 2168.668669 22.500000 0.63018407698137568 0.065349409216694257
619 2 2168.668669 45.000000 0.63018407698137568 0.065349409216694257
619 3 2168.668669 67.500000 0.63018407698137568 0.065349409216694257
620 0 2172.172172 0.000000 0.63495407117997249 0.063573690797420118
620 1 2172.172172 22.500000 0.63495407117997249 0.063573690797420118
620 2 2172.172172 45.000000 0.63495407117997249 0.063573690797420118
620 3 2172.172172 67.500000 0.63495407117997249 0.063573690797420118
621 0 2175.675676 0.000000 0.63927662778003147 0.062690343159109652
621 1 2175.675676 22.500000 0.63927662778003147 0.062690343159109652
621 2 2175.675676 45.000000 0.63927662778003147 0.062690343159109652
621 3 2175.675676 67.500000 0.63927662778003147 0.062690343159109652
622 0 2179.179179 0.000000 0.64226033871550781 0.062637746849631831
622 1 2179.179179 22.500000 0.64226033871550781 0.062637746849631831
622 2 2179.179179 45.000000 0.64226033871550781 0.062637746849631831
622 3 2179.179179 67.500000 0.64226033871550781 0.062637746849631831
623 0 2182.682683 0.000000 0.64319700107506461 0.063243163742020048
623 1 2182.682683 22.500000 0.64319700107506461 0.063243163742020048
623 2 2182.682683 45.000000 0.64319700107506461 0.063243163742020048
623 3 2182.682683 67.500000 0.64319700107506461 0.063243163742020048
624 0 2186.186186 0.000000 0.64169787674566059 0.064264332748257921
624 1 2186.186186 22.500000 0.64169787674566059 0.064264332748257921
624 2 2186.186186 45.000000 0.64169787674566059 0.064264332748257921
624 3 2186.186186 67.500000 0.64169787674566059 0.064264332748257921
625 0 2189.689690 0.000000 0.63777355291456184 0.065439617039633816
625 1 2189.689690 22.500000 0.63777355291456184 0.065439617039633816
625 2 2189.689690 45.000000 0.63777355291456184 0.065439617039633816
625 3 2189.689690 67.500000 0.63777355291456184 0.065439617039633816
626 0 2193.193193 0.000000 0.63184109849225689 0.06653744869215894
626 1 2193.193193 22.500000 0.63184109849225689 0.06653744869215894
626 2 2193.193193 45.000000 0.63184109849225689 0.06653744869215894
626 3 2193.193193 67.500000 0.63184109849225689 0.06653744869215894
627 0 2196.696697 0.000000 0.62465787125876515 0.067396304373223512
627 1 2196.696697 22.500000 0.62465787125876515 0.067396304373223512
627 2 2196.696697 45.000000 0.62465787125876515 0.067396304373223512
627 3 2196.696697 67.500000 0.62465787125876515 0.067396304373223512
628 0 2200.200200 0.000000 0.61719716554869331 0.067948448734500566
628 1 2200.200200 22.500000 0.61719716554869331 0.067948448734500566
628 2 2200.200200 45.000000 0.61719716554869331 0.067948448734500566
628 3 2200.200200 67.500000 0.61719716554869331 0.067948448734500566
629 0 2203.703704 0.000000 0.61049193058742635 0.068223817832992834
629 1 2203.703704 22.500000 0.61049193058742635 0.068223817832992834
629 2 2203.703704 45.000000 0.61049193058742635 0.068223817832992834
629 3 2203.703704 67.500000 0.61049193058742635 0.068223817832992834
630 0 2207.207207 0.000000 0.60547606494792328 0.068334112991021836
630 1 2207.207207 22.500000 0.60547606494792328 0.068334112991021836
630 2 2207.207207 45.000000 0.60547606494792328 0.068334112991021836
630 3 2207.207207 67.500000 0.60547606494792328 0.068334112991021836
631 0 2210.710711 0.000000 0.60284864108046521 0.068440779141454577
631 1 2210.710711 22.500000 0.60284864108046521 0.068440779141454577
631 2 2210.710711 45.000000 0.60284864108046521 0.068440779141454577
631 3 2210.710711 67.500000 0.60284864108046521 0.068440779141454577
632 0 2214.214214 0.000000 0.60297801154917974 0.06871342122945151
632 1 2214.214214 22.500000 0.60297801154917974 0.06871342122945151
632 2 2214.214214 45.000000 0.60297801154917974 0.06871342122945151
632 3 2214.214214 67.500000 0.60297801154917974 0.06871342122945151
633 0 2217.717718 0.000000 0.60585415400386033 0.069286872898966595
633 1 2217.717718 22.500000 0.60585415400386033 0.069286872898966595
633 2 2217.717718 45.000000 0.60585415400386033 0.069286872898966595
633 3 2217.717718 67.500000 0.60585415400386033 0.069286872898966595
634 0 2221.221221 0.000000 0.61109150368160436 0.070225296854455221
634 1 2221.221221 22.500000 0.61109150368160436 0.070225296854455221
634 2 2221.221221 45.000000 0.61109150368160436 0.070225296854455221
634 3 2221.221221 67.500000 0.61109150368160436 0.070225296854455221
635 0 2224.724725 0.000000 0.6179809746915127 0.071500352427296174
635 1 2224.724725 22.500000 0.6179809746915127 0.071500352427296174
635 2 2224.724725 45.000000 0.6179809746915127 0.071500352427296174
635 3 2224.724725 67.500000 0.6179809746915127 0.071500352427296174
636 0 2228.228228 0.000000 0.62558685770667644 0.072987862070880954
636 1 2228.228228 22.500000 0.62558685770667644 0.072987862070880954
636 2 2228.228228 45.000000 0.62558685770667644 0.072987862070880954
636 3 2228.228228 67.500000 0.62558685770667644 0.072987862070880954
637 0 2231.731732 0.000000 0.63287952447206153 0.074484011066651645
637 1 2231.731732 22.500000 0.63287952447206153 0.074484011066651645
637 2 2231.731732 45.000000 0.63287952447206153 0.074484011066651645
637 3 2231.731732 67.500000 0.63287952447206153 0.074484011066651645
638 0 2235.235235 0.000000 0.63888782968055025 0.075738525085154551
638 1 2235.235235 22.500000 0.63888782968055025 0.075738525085154551
638 2 2235.235235 45.000000 0.63888782968055025 0.075738525085154551
638 3 2235.235235 67.500000 0.63888782968055025 0.075738525085154551
639 0 2238.738739 0.000000 0.64284781722107431 0.076499120461921144
639 1 2238.738739 22.500000 0.64284781722107431 0.076499120461921144
639 2 2238.738739 45.000000 0.64284781722107431 0.076499120461921144
639 3 2238.738739 67.500000 0.64284781722107431 0.076499120461921144
640 0 2242.242242 0.000000 0.64432054060538668 0.076559365804391613
640 1 2242.242242 22.500000 0.64432054060538668 0.076559365804391613
640 2 2242.242242 45.000000 0.64432054060538668 0.076559365804391613
640 3 2242.242242 67.500000 0.64432054060538668 0.076559365804391613
641 0 2245.745746 0.000000 0.64325479154193932 0.075801311302101118
641 1 2245.745746 22.500000 0.64325479154193932 0.075801311302101118
641 2 2245.745746 45.000000 0.64325479154193932 0.075801311302101118
641 3 2245.745746 67.500000 0.64325479154193932 0.075801311302101118
642 0 2249.249249 0.000000 0.63998104676104939 0.074224976371919243
642 1 2249.249249 22.500000 0.63998104676104939 0.074224976371919243
642 2 2249.249249 45.000000 0.63998104676104939 0.074224976371919243
642 3 2249.249249 67.500000 0.63998104676104939 0.074224976371919243
643 0 2252.752753 0.000000 0.63513837340436341 0.071958917792693991
643 1 2252.752753 22.500000 0.63513837340436341 0.071958917792693991
643 2 2252.752753 45.000000 0.63513837340436341 0.071958917792693991
643 3 2252.752753 67.500000 0.63513837340436341 0.071958917792693991
644 0 2256.256256 0.000000 0.62955137791081062 0.069249269226240848
644 1 2256.256256 22.500000 0.62955137791081062 0.069249269226240848
644 2 2256.256256 45.000000 0.62955137791081062 0.069249269226240848
644 3 2256.256256 67.500000 0.62955137791081062 0.069249269226240848
645 0 2259.759760 0.000000 0.62408443844816563 0.066428310011877698
645 1 2259.759760 22.500000 0.62408443844816563 0.066428310011877698
645 2 2259.759760 45.000000 0.62408443844816563 0.066428310011877698
645 3 2259.759760 67.500000 0.62408443844816563 0.066428310011877698
646 0 2263.263263 0.000000 0.61950253980657677 0.063867160561560887
646 1 2263.263263 22.500000 0.61950253980657677 0.063867160561560887
646 2 2263.263263 45.000000 0.61950253980657677 0.063867160561560887
646 3 2263.263263 67.500000 0.61950253980657677 0.063867160561560887
647 0 2266.766767 0.000000 0.61636248935946314 0.06192000753602861
647 1 2266.766767 22.500000 0.61636248935946314 0.06192000753602861
647 2 2266.766767 45.000000 0.61636248935946314 0.06192000753602861
647 3 2266.766767 67.500000 0.61636248935946314 0.06192000753602861
648 0 2270.270270 0.000000 0.6149483401831406 0.060868850942093183
648 1 2270.270270 22.500000 0.6149483401831406 0.060868850942093183
648 2 2270.270270 45.000000 0.6149483401831406 0.060868850942093183
648 3 2270.270270 67.500000 0.6149483401831406 0.060868850942093183
649 0 2273.773774 0.000000 0.61525457493033719 0.060877858730274736
649 1 2273.773774 22.500000 0.61525457493033719 0.060877858730274736
649 2 2273.773774 45.000000 0.61525457493033719 0.060877858730274736
649 3 2273.773774 67.500000 0.61525457493033719 0.060877858730274736
650 0 2277.277277 0.000000 0.61701296658970783 0.061964985618537222
650 1 2277.277277 22.500000 0.61701296658970783 0.061964985618537222
650 2 2277.277277 45.000000 0.61701296658970783 0.061964985618537222
650 3 2277.277277 67.500000 0.61701296658970783 0.061964985618537222
651 0 2280.780781 0.000000 0.61975476752636027 0.063995791376922198
651 1 2280.780781 22.500000 0.61975476752636027 0.063995791376922198
651 2 2280.780781 45.000000 0.61975476752636027 0.063995791376922198
651 3 2280.780781 67.500000 0.61975476752636027 0.063995791376922198
652 0 2284.284284 0.000000 0.62289783166991686 0.066700827114729674
652 1 2284.284284 22.500000 0.62289783166991686 0.066700827114729674
652 2 2284.284284 45.000000 0.62289783166991686 0.066700827114729674
652 3 2284.284284 67.500000 0.62289783166991686 0.066700827114729674
653 0 2287.787788 0.000000 0.62584674424008091 0.069714136230532991
653 1 2287.787788 22.500000 0.62584674424008091 0.069714136230532991
653 2 2287.787788 45.000000 0.62584674424008091 0.069714136230532991
653 3 2287.787788 67.500000 0.62584674424008091 0.069714136230532991
654 0 2291.291291 0.000000 0.62809219682203754 0.072626973228266486
654 1 2291.291291 22.500000 0.62809219682203754 0.072626973228266486
654 2 2291.291291 45.000000 0.62809219682203754 0.072626973228266486
654 3 2291.291291 67.500000 0.62809219682203754 0.072626973228266486
655 0 2294.794795 0.000000 0.62929438169268437 0.075048349732893788
655 1 2294.794795 22.500000 0.62929438169268437 0.075048349732893788
655 2 2294.794795 45.000000 0.62929438169268437 0.075048349732893788
655 3 2294.794795 67.500000 0.62929438169268437 0.075048349732893788
656 0 2298.298298 0.000000 0.62933576174303607 0.076662886169723762
656 1 2298.298298 22.500000 0.62933576174303607 0.076662886169723762
656 2 2298.298298 45.000000 0.62933576174303607 0.076662886169723762
656 3 2298.298298 67.500000 0.62933576174303607 0.076662886169723762
657 0 2301.801802 0.000000 0.62833263125858452 0.077276866736349328
657 1 2301.801802 22.500000 0.62833263125858452 0.077276866736349328
657 2 2301.801802 45.000000 0.62833263125858452 0.077276866736349328
657 3 2301.801802 67.500000 0.62833263125858452 0.077276866736349328
658 0 2305.305305 0.000000 0.62660245189658126 0.076845294566251124
658 1 2305.305305 22.500000 0.62660245189658126 0.076845294566251124
658 2 2305.305305 45.000000 0.62660245189658126 0.076845294566251124
658 3 2305.305305 67.500000 0.62660245189658126 0.076845294566251124
659 0 2308.808809 0.000000 0.62459331827053899 0.075475808867275895
659 1 2308.808809 22.500000 0.62459331827053899 0.075475808867275895
659 2 2308.808809 45.000000 0.62459331827053899 0.075475808867275895
659 3 2308.808809 67.500000 0.62459331827053899 0.075475808867275895
660 0 2312.312312 0.000000 0.62279028646439494 0.073409050370588896
660 1 2312.312312 22.500000 0.62279028646439494 0.073409050370588896
660 2 2312.312312 45.000000 0.62279028646439494 0.073409050370588896
660 3 2312.312312 67.500000 0.62279028646439494 0.073409050370588896
661 0 2315.815816 0.000000 0.62161807497701316 0.070978832982037832
661 1 2315.815816 22.500000 0.62161807497701316 0.070978832982037832
661 2 2315.815816 45.000000 0.62161807497701316 0.070978832982037832
661 3 2315.815816 67.500000 0.62161807497701316 0.070978832982037832
662 0 2319.319319 0.000000 0.62135953372416519 0.068558680760619467
662 1 2319.319319 22.500000 0.62135953372416519 0.068558680760619467
662 2 2319.319319 45.000000 0.62135953372416519 0.068558680760619467
662 3 2319.319319 67.500000 0.62135953372416519 0.068558680760619467
663 0 2322.822823 0.000000 0.62210473563555269 0.066503400523164474
663 1 2322.822823 22.500000 0.62210473563555269 0.066503400523164474
663 2 2322.822823 45.000000 0.62210473563555269 0.066503400523164474
663 3 2322.822823 67.500000 0.62210473563555269 0.066503400523164474
664 0 2326.326326 0.000000 0.62373835774160824 0.065095044762391807
664 1 2326.326326 22.500000 0.62373835774160824 0.065095044762391807
664 2 2326.326326 45.000000 0.62373835774160824 0.065095044762391807
664 3 2326.326326 67.500000 0.62373835774160824 0.065095044762391807
665 0 2329.829830 0.000000 0.62596533956180256 0.064501777898236912
665 1 2329.829830 22.500000 0.62596533956180256 0.064501777898236912
665 2 2329.829830 45.000000 0.62596533956180256 0.064501777898236912
665 3 2329.829830 67.500000 0.62596533956180256 0.064501777898236912
666 0 2333.333333 0.000000 0.62836828631949149 0.064755943986003137
666 1 2333.333333 22.500000 0.62836828631949149 0.064755943986003137
666 2 2333.333333 45.000000 0.62836828631949149 0.064755943986003137
666 3 2333.333333 67.500000 0.62836828631949149 0.064755943986003137
667 0 2336.836837 0.000000 0.63048549223694206 0.065754423471164988
667 1 2336.836837 22.500000 0.63048549223694206 0.065754423471164988
667 2 2336.836837 45.000000 0.63048549223694206 0.065754423471164988
667 3 2336.836837 67.500000 0.63048549223694206 0.065754423471164988
668 0 2340.340340 0.000000 0.63189587606180642 0.067280698340359768
668 1 2340.340340 22.500000 0.63189587606180642 0.067280698340359768
668 2 2340.340340 45.000000 0.63189587606180642 0.067280698340359768
668 3 2340.340340 67.500000 0.63189587606180642 0.067280698340359768
669 0 2343.843844 0.000000 0.63229641456358143 0.069044526836071693
669 1 2343.843844 22.500000 0.63229641456358143 0.069044526836071693
669 2 2343.843844 45.000000 0.63229641456358143 0.069044526836071693
669 3 2343.843844 67.500000 0.63229641456358143 0.069044526836071693
670 0 2347.347347 0.000000 0.63155883419264136 0.070732337076044871
670 1 2347.347347 22.500000 0.63155883419264136 0.070732337076044871
670 2 2347.347347 45.000000 0.63155883419264136 0.070732337076044871
670 3 2347.347347 67.500000 0.63155883419264136 0.070732337076044871
671 0 2350.850851 0.000000 0.62975549974246614 0.072059833136227783
671 1 2350.850851 22.500000 0.62975549974246614 0.072059833136227783
671 2 2350.850851 45.000000 0.62975549974246614 0.072059833136227783
671 3 2350.850851 67.500000 0.62975549974246614 0.072059833136227783
672 0 2354.354354 0.000000 0.62714953934807893 0.072818117305135294
672 1 2354.354354 22.500000 0.62714953934807893 0.072818117305135294
672 2 2354.354354 45.000000 0.62714953934807893 0.072818117305135294
672 3 2354.354354 67.500000 0.62714953934807893 0.072818117305135294
673 0 2357.857858 0.000000 0.62415063884550337 0.072905879126844347
673 1 2357.857858 22.500000 0.62415063884550337 0.072905879126844347
673 2 2357.857858 45.000000 0.62415063884550337 0.072905879126844347
673 3 2357.857858 67.500000 0.62415063884550337 0.072905879126844347
674 0 2361.361361 0.000000 0.62124439584153268 0.072342658190401393
674 1 2361.361361 22.500000 0.62124439584153268 0.072342658190401393
674 2 2361.361361 45.000000 0.62124439584153268 0.072342658190401393
674 3 2361.361361 67.500000 0.62124439584153268 0.072342658190401393
675 0 2364.864865 0.000000 0.61890814626775148 0.071261428425748743
675 1 2364.864865 22.500000 0.61890814626775148 0.071261428425748743
675 2 2364.864865 45.000000 0.61890814626775148 0.071261428425748743
675 3 2364.864865 67.500000 0.61890814626775148 0.071261428425748743
676 0 2368.368368 0.000000 0.61752855050946476 0.069882227308347117
676 1 2368.368368 22.500000 0.61752855050946476 0.069882227308347117
676 2 2368.368368 45.000000 0.61752855050946476 0.069882227308347117
676 3 2368.368368 67.500000 0.61752855050946476 0.069882227308347117
677 0 2371.871872 0.000000 0.61733548804065697 0.068471682537474654
677 1 2371.871872 22.500000 0.61733548804065697 0.068471682537474654
677 2 2371.871872 45.000000 0.61733548804065697 0.068471682537474654
677 3 2371.871872 67.500000 0.61733548804065697 0.068471682537474654
678 0 2375.375375 0.000000 0.61836336199160913 0.067295555627576095
678 1 2375.375375 22.500000 0.61836336199160913 0.067295555627576095
678 2 2375.375375 45.000000 0.61836336199160913 0.067295555627576095
678 3 2375.375375 67.500000 0.61836336199160913 0.067295555627576095
679 0 2378.878879 0.000000 0.62044576558395359 0.066572461322868731
679 1 2378.878879 22.500000 0.62044576558395359 0.066572461322868731
679 2 2378.878879 45.000000 0.62044576558395359 0.066572461322868731
679 3 2378.878879 67.500000 0.62044576558395359 0.066572461322868731
680 0 2382.382382 0.000000 0.62324376530268799 0.066436578451432166
680 1 2382.382382 22.500000 0.62324376530268799 0.066436578451432166
680 2 2382.382382 45.000000 0.62324376530268799 0.066436578451432166
680 3 2382.382382 67.500000 0.62324376530268799 0.066436578451432166
681 0 2385.885886 0.000000 0.62630273738161257 0.066915519512979985
681 1 2385.885886 22.500000 0.62630273738161257 0.066915519512979985
681 2 2385.885886 45.000000 0.62630273738161257 0.066915519512979985
681 3 2385.885886 67.500000 0.62630273738161257 0.066915519512979985
682 0 2389.389389 0.000000 0.62912834059199996 0.067926867889707712
682 1 2389.389389 22.500000 0.62912834059199996 0.067926867889707712
682 2 2389.389389 45.000000 0.62912834059199996 0.067926867889707712
682 3 2389.389389 67.500000 0.62912834059199996 0.067926867889707712
683 0 2392.892893 0.000000 0.6312691952771986 0.069293683197427902
683 1 2392.892893 22.500000 0.6312691952771986 0.069293683197427902
683 2 2392.892893 45.000000 0.6312691952771986 0.069293683197427902
683 3 2392.892893 67.500000 0.6312691952771986 0.069293683197427902
684 0 2396.396396 0.000000 0.6323925202437698 0.070776063159429317
684 1 2396.396396 22.500000 0.6323925202437698 0.070776063159429317
684 2 2396.396396 45.000000 0.6323925202437698 0.070776063159429317
684 3 2396.396396 67.500000 0.6323925202437698 0.070776063159429317
685 0 2399.899900 0.000000 0.63233973096063611 0.07211317420132643
685 1 2399.899900 22.500000 0.63233973096063611 0.07211317420132643
685 2 2399.899900 45.000000 0.63233973096063611 0.07211317420132643
685 3 2399.899900 67.500000 0.63233973096063611 0.07211317420132643
686 0 2403.403403 0.000000 0.63115204595244057 0.073068465535505611
686 1 2403.403403 22.500000 0.63115204595244057 0.073068465535505611
686 2 2403.403403 45.000000 0.63115204595244057 0.073068465535505611
686 3 2403.403403 67.500000 0.63115204595244057 0.073068465535505611
687 0 2406.906907 0.000000 0.62906126768126425 0.073470335605130249
687 1 2406.906907 22.500000 0.62906126768126425 0.073470335605130249
687 2 2406.906907 45.000000 0.62906126768126425 0.073470335605130249
687 3 2406.906907 67.500000 0.62906126768126425 0.073470335605130249
688 0 2410.410410 0.000000 0.62644727259286959 0.073241384395946935
688 1 2410.410410 22.500000 0.62644727259286959 0.073241384395946935
688 2 2410.410410 45.000000 0.62644727259286959 0.073241384395946935
688 3 2410.410410 67.500000 0.62644727259286959 0.073241384395946935
689 0 2413.913914 0.000000 0.62377002886467015 0.072411398184329651
689 1 2413.913914 22.500000 0.62377002886467015 0.072411398184329651
689 2 2413.913914 45.000000 0.62377002886467015 0.072411398184329651
689 3 2413.913914 67.500000 0.62377002886467015 0.072411398184329651
690 0 2417.417417 0.000000 0.62148870691982583 0.071112021412425758
690 1 2417.417417 22.500000 0.62148870691982583 0.071112021412425758
690 2 2417.417417 45.000000 0.62148870691982583 0.071112021412425758
690 3 2417.417417 67.500000 0.62148870691982583 0.071112021412425758
691 0 2420.920921 0.000000 0.6199825792437208 0.069554190636474875
691 1 2420.920921 22.500000 0.6199825792437208 0.069554190636474875
691 2 2420.920921 45.000000 0.6199825792437208 0.069554190636474875
691 3 2420.920921 67.500000 0.6199825792437208 0.069554190636474875
692 0 2424.424424 0.000000 0.61948757407187094 0.0679923081424402
692 1 2424.424424 22.500000 0.61948757407187094 0.0679923081424402
692 2 2424.424424 45.000000 0.61948757407187094 0.0679923081424402
692 3 2424.424424 67.500000 0.61948757407187094 0.0679923081424402
693 0 2427.927928 0.000000 0.62005897842433644 0.066681331011982203
693 1 2427.927928 22.500000 0.62005897842433644 0.066681331011982203
693 2 2427.927928 45.000000 0.62005897842433644 0.066681331011982203
693 3 2427.927928 67.500000 0.62005897842433644 0.066681331011982203
694 0 2431.431431 0.000000 0.62156582480376832 0.065834082661062179
694 1 2431.431431 22.500000 0.62156582480376832 0.065834082661062179
694 2 2431.431431 45.000000 0.62156582480376832 0.065834082661062179
694 3 2431.431431 67.500000 0.62156582480376832 0.065834082661062179
695 0 2434.934935 0.000000 0.62371701705248317 0.065585979663179639
695 1 2434.934935 22.500000 0.62371701705248317 0.065585979663179639
695 2 2434.934935 45.000000 0.62371701705248317 0.065585979663179639
695 3 2434.934935 67.500000 0.62371701705248317 0.065585979663179639
696 0 2438.438438 0.000000 0.62611414931510212 0.065973040482879206
696 1 2438.438438 22.500000 0.62611414931510212 0.065973040482879206
696 2 2438.438438 45.000000 0.62611414931510212 0.065973040482879206
696 3 2438.438438 67.500000 0.62611414931510212 0.065973040482879206
697 0 2441.941942 0.000000 0.62832186175586702 0.066926741996024205
697 1 2441.941942 22.500000 0.62832186175586702 0.066926741996024205
697 2 2441.941942 45.000000 0.62832186175586702 0.066926741996024205
697 3 2441.941942 67.500000 0.62832186175586702 0.066926741996024205
698 0 2445.445445 0.000000 0.62994386951724746 0.068286413405016566
698 1 2445.445445 22.500000 0.62994386951724746 0.068286413405016566
698 2 2445.445445 45.000000 0.62994386951724746 0.068286413405016566
698 3 2445.445445 67.500000 0.62994386951724746 0.068286413405016566
699 0 2448.948949 0.000000 0.63069182525472522 0.069826896955254514
699 1 2448.948949 22.500000 0.63069182525472522 0.069826896955254514
699 2 2448.948949 45.000000 0.63069182525472522 0.069826896955254514
699 3 2448.948949 67.500000 0.63069182525472522 0.069826896955254514
700 0 2452.452452 0.000000 0.63043518834161838 0.071296660915939808
700 1 2452.452452 22.500000 0.63043518834161838 0.071296660915939808
700 2 2452.452452 45.000000 0.63043518834161838 0.071296660915939808
700 3 2452.452452 67.500000 0.63043518834161838 0.071296660915939808
701 0 2455.955956 0.000000 0.62922333316887968 0.072459846931601207
701 1 2455.955956 22.500000 0.62922333316887968 0.072459846931601207
701 2 2455.955956 45.000000 0.62922333316887968 0.072459846931601207
701 3 2455.955956 67.500000 0.62922333316887968 0.072459846931601207
702 0 2459.459459 0.000000 0.62727590794714361 0.073135148789586116
702 1 2459.459459 22.500000 0.62727590794714361 0.073135148789586116
702 2 2459.459459 45.000000 0.62727590794714361 0.073135148789586116
702 3 2459.459459 67.500000 0.62727590794714361 0.073135148789586116
703 0 2462.962963 0.000000 0.62494315877083484 0.07322503872952596
703 1 2462.962963 22.500000 0.62494315877083484 0.07322503872952596
703 2 2462.962963 45.000000 0.62494315877083484 0.07322503872952596
703 3 2462.962963 67.500000 0.62494315877083484 0.07322503872952596
704 0 2466.466466 0.000000 0.62264342220306146 0.072730562258171635
704 1 2466.466466 22.500000 0.62264342220306146 0.072730562258171635
704 2 2466.466466 45.000000 0.62264342220306146 0.072730562258171635
704 3 2466.466466 67.500000 0.62264342220306146 0.072730562258171635
705 0 2469.969970 0.000000 0.6207890936117435 0.071749412659483217
705 1 2469.969970 22.500000 0.6207890936117435 0.071749412659483217
705 2 2469.969970 45.000000 0.6207890936117435 0.071749412659483217
705 3 2469.969970 67.500000 0.6207890936117435 0.071749412659483217
706 0 2473.473473 0.000000 0.6197142602035971 0.070457842401367571
706 1 2473.473473 22.500000 0.6197142602035971 0.070457842401367571
706 2 2473.473473 45.000000 0.6197142602035971 0.070457842401367571
706 3 2473.473473 67.500000 0.6197142602035971 0.070457842401367571
707 0 2476.976977 0.000000 0.61961657754566379 0.069079685609272537
707 1 2476.976977 22.500000 0.61961657754566379 0.069079685609272537
707 2 2476.976977 45.000000 0.61961657754566379 0.069079685609272537
707 3 2476.976977 67.500000 0.61961657754566379 0.069079685609272537
708 0 2480.480480 0.000000 0.62052317250414746 0.067847896203102984
708 1 2480.480480 22.500000 0.62052317250414746 0.067847896203102984
708 2 2480.480480 45.000000 0.62052317250414746 0.067847896203102984
708 3 2480.480480 67.500000 0.62052317250414746 0.067847896203102984
709 0 2483.983984 0.000000 0.62228606376975315 0.066965197053246342
709 1 2483.983984 22.500000 0.62228606376975315 0.066965197053246342
709 2 2483.983984 45.000000 0.62228606376975315 0.066965197053246342
709 3 2483.983984 67.500000 0.62228606376975315 0.066965197053246342
710 0 2487.487487 0.000000 0.62460761651063057 0.066570496428841899
710 1 2487.487487 22.500000 0.62460761651063057 0.066570496428841899
710 2 2487.487487 45.000000 0.62460761651063057 0.066570496428841899
710 3 2487.487487 67.500000 0.62460761651063057 0.066570496428841899
711 0 2490.990991 0.000000 0.62709164050815247 0.066716662245607919
711 1 2490.990991 22.500000 0.62709164050815247 0.066716662245607919
711 2 2490.990991 45.000000 0.62709164050815247 0.066716662245607919
711 3 2490.990991 67.500000 0.62709164050815247 0.066716662245607919
712 0 2494.494494 0.000000 0.62931153952774088 0.067363246009478975
712 1 2494.494494 22.500000 0.62931153952774088 0.067363246009478975
712 2 2494.494494 45.000000 0.62931153952774088 0.067363246009478975
712 3 2494.494494 67.500000 0.62931153952774088 0.067363246009478975
713 0 2497.997998 0.000000 0.630883987950141 0.06838516650794875
713 1 2497.997998 22.500000 0.630883987950141 0.06838516650794875
713 2 2497.997998 45.000000 0.630883987950141 0.06838516650794875
713 3 2497.997998 67.500000 0.630883987950141 0.06838516650794875
714 0 2501.501502 0.000000 0.63153545481681106 0.069595642693024096
714 1 2501.501502 22.500000 0.63153545481681106 0.069595642693024096
714 2 2501.501502 45.000000 0.63153545481681106 0.069595642693024096
714 3 2501.501502 67.500000 0.63153545481681106 0.069595642693024096
715 0 2505.005005 0.000000 0.63114987459323224 0.070779268809246607
715 1 2505.005005 22.500000 0.63114987459323224 0.070779268809246607
715 2 2505.005005 45.000000 0.63114987459323224 0.070779268809246607
715 3 2505.005005 67.500000 0.63114987459323224 0.070779268809246607
716 0 2508.508509 0.000000 0.62978891401826076 0.071729455453644203
716 1 2508.508509 22.500000 0.62978891401826076 0.071729455453644203
716 2 2508.508509 45.000000 0.62978891401826076 0.071729455453644203
716 3 2508.508509 67.500000 0.62978891401826076 0.071729455453644203
717 0 2512.012012 0.000000 0.62768116343400193 0.072283792874721225
717 1 2512.012012 22.500000 0.62768116343400193 0.072283792874721225
717 2 2512.012012 45.000000 0.62768116343400193 0.072283792874721225
717 3 2512.012012 67.500000 0.62768116343400193 0.072283792874721225
718 0 2515.515516 0.000000 0.62518226660697807 0.07235132925423135
718 1 2515.515516 22.500000 0.62518226660697807 0.07235132925423135
718 2 2515.515516 45.000000 0.62518226660697807 0.07235132925423135
718 3 2515.515516 67.500000 0.62518226660697807 0.07235132925423135
719 0 2519.019019 0.000000 0.62271329877469217 0.07192721020996401
719 1 2519.019019 22.500000 0.62271329877469217 0.07192721020996401
719 2 2519.019019 45.000000 0.62271329877469217 0.07192721020996401
719 3 2519.019019 67.500000 0.62271329877469217 0.07192721020996401
720 0 2522.522523 0.000000 0.62068848788096742 0.071092337670903144
720 1 2522.522523 22.500000 0.62068848788096742 0.071092337670903144
720 2 2522.522523 45.000000 0.62068848788096742 0.071092337670903144
720 3 2522.522523 67.500000 0.62068848788096742 0.071092337670903144
721 0 2526.026026 0.000000 0.61944494101483727 0.069998291806673579
721 1 2526.026026 22.500000 0.61944494101483727 0.069998291806673579
721 2 2526.026026 45.000000 0.61944494101483727 0.069998291806673579
721 3 2526.026026 67.500000 0.61944494101483727 0.069998291806673579
722 0 2529.529530 0.000000 0.61918625999782706 0.068840274565414306
722 1 2529.529530 22.500000 0.61918625999782706 0.068840274565414306
722 2 2529.529530 45.000000 0.61918625999782706 0.068840274565414306
722 3 2529.529530 67.500000 0.61918625999782706 0.068840274565414306
723 0 2533.033033 0.000000 0.619949196844646 0.067822849968871168
723 1 2533.033033 22.500000 0.619949196844646 0.067822849968871168
723 2 2533.033033 45.000000 0.619949196844646 0.067822849968871168
723 3 2533.033033 67.500000 0.619949196844646 0.067822849968871168
724 0 2536.536537 0.000000 0.62159848834309361 0.067124436222210135
724 1 2536.536537 22.500000 0.62159848834309361 0.067124436222210135
724 2 2536.536537 45.000000 0.62159848834309361 0.067124436222210135
724 3 2536.536537 67.500000 0.62159848834309361 0.067124436222210135
725 0 2540.040040 0.000000 0.62385043334437718 0.066866655406978712
725 1 2540.040040 22.500000 0.62385043334437718 0.066866655406978712
725 2 2540.040040 45.000000 0.62385043334437718 0.066866655406978712
725 3 2540.040040 67.500000 0.62385043334437718 0.066866655406978712
726 0 2543.543544 0.000000 0.62632124957952962 0.067093752756711214
726 1 2543.543544 22.500000 0.62632124957952962 0.067093752756711214
726 2 2543.543544 45.000000 0.62632124957952962 0.067093752756711214
726 3 2543.543544 67.500000 0.62632124957952962 0.067093752756711214
727 0 2547.047047 0.000000 0.62859228878581863 0.067765522104309028
727 1 2547.047047 22.500000 0.62859228878581863 0.067765522104309028
727 2 2547.047047 45.000000 0.62859228878581863 0.067765522104309028
727 3 2547.047047 67.500000 0.62859228878581863 0.067765522104309028
728 0 2550.550551 0.000000 0.63028130467435761 0.068764828574645845
728 1 2550.550551 22.500000 0.63028130467435761 0.068764828574645845
728 2 2550.550551 45.000000 0.63028130467435761 0.068764828574645845
728 3 2550.550551 67.500000 0.63028130467435761 0.068764828574645845
729 0 2554.054054 0.000000 0.63110767317974092 0.069918309752469668
729 1 2554.054054 22.500000 0.63110767317974092 0.069918309752469668
729 2 2554.054054 45.000000 0.63110767317974092 0.069918309752469668
729 3 2554.054054 67.500000 0.63110767317974092 0.069918309752469668
730 0 2557.557558 0.000000 0.63094017851925932 0.071026592403338015
730 1 2557.557558 22.500000 0.63094017851925932 0.071026592403338015
730 2 2557.557558 45.000000 0.63094017851925932 0.071026592403338015
730 3 2557.557558 67.500000 0.63094017851925932 0.071026592403338015
731 0 2561.061061 0.000000 0.62981881998152878 0.071898764128227335
731 1 2561.061061 22.500000 0.62981881998152878 0.071898764128227335
731 2 2561.061061 45.000000 0.62981881998152878 0.071898764128227335
731 3 2561.061061 67.500000 0.62981881998152878 0.071898764128227335
732 0 2564.564565 0.000000 0.62794669667331293 0.072385155148008251
732 1 2564.564565 22.500000 0.62794669667331293 0.072385155148008251
732 2 2564.564565 45.000000 0.62794669667331293 0.072385155148008251
732 3 2564.564565 67.500000 0.62794669667331293 0.072385155148008251
733 0 2568.068068 0.000000 0.62565351981822859 0.07240282357584861
733 1 2568.068068 22.500000 0.62565351981822859 0.07240282357584861
733 2 2568.068068 45.000000 0.62565351981822859 0.07240282357584861
733 3 2568.068068 67.500000 0.62565351981822859 0.07240282357584861
734 0 2571.571572 0.000000 0.62333751014415262 0.071949431479453763
734 1 2571.571572 22.500000 0.62333751014415262 0.071949431479453763
734 2 2571.571572 45.000000 0.62333751014415262 0.071949431479453763
734 3 2571.571572 67.500000 0.62333751014415262 0.071949431479453763
735 0 2575.075075 0.000000 0.62139623659841592 0.071103219658045891
735 1 2575.075075 22.500000 0.62139623659841592 0.071103219658045891
735 2 2575.075075 45.000000 0.62139623659841592 0.071103219658045891
735 3 2575.075075 67.500000 0.62139623659841592 0.071103219658045891
736 0 2578.578579 0.000000 0.62015861212607648 0.070009185170003374
736 1 2578.578579 22.500000 0.62015861212607648 0.070009185170003374
736 2 2578.578579 45.000000 0.62015861212607648 0.070009185170003374
736 3 2578.578579 67.500000 0.62015861212607648 0.070009185170003374
737 0 2582.082082 0.000000 0.61982962546486786 0.068853924887280135
737 1 2582.082082 22.500000 0.61982962546486786 0.068853924887280135
737 2 2582.082082 45.000000 0.61982962546486786 0.068853924887280135
737 3 2582.082082 67.500000 0.61982962546486786 0.068853924887280135
738 0 2585.585586 0.000000 0.6204568167993062 0.067833528039258642
738 1 2585.585586 22.500000 0.6204568167993062 0.067833528039258642
738 2 2585.585586 45.000000 0.6204568167993062 0.067833528039258642
738 3 2585.585586 67.500000 0.6204568167993062 0.067833528039258642
739 0 2589.089089 0.000000 0.62192365755362933 0.067120056449652285
739 1 2589.089089 22.500000 0.62192365755362933 0.067120056449652285
739 2 2589.089089 45.000000 0.62192365755362933 0.067120056449652285
739 3 2589.089089 67.500000 0.62192365755362933 0.067120056449652285
740 0 2592.592593 0.000000 0.62397057575011727 0.066832351576205068
740 1 2592.592593 22.500000 0.62397057575011727 0.066832351576205068
740 2 2592.592593 45.000000 0.62397057575011727 0.066832351576205068
740 3 2592.592593 67.500000 0.62397057575011727 0.066832351576205068
741 0 2596.096096 0.000000 0.626239986913534 0.067016125742270977
741 1 2596.096096 22.500000 0.626239986913534 0.067016125742270977
741 2 2596.096096 45.000000 0.626239986913534 0.067016125742270977
741 3 2596.096096 67.500000 0.626239986913534 0.067016125742270977
742 0 2599.599600 0.000000 0.62833785737714065 0.067636672182083551
742 1 2599.599600 22.500000 0.62833785737714065 0.067636672182083551
742 2 2599.599600 45.000000 0.62833785737714065 0.067636672182083551
742 3 2599.599600 67.500000 0.62833785737714065 0.067636672182083551
743 0 2603.103103 0.000000 0.62990152688300105 0.068585348278042635
743 1 2603.103103 22.500000 0.62990152688300105 0.068585348278042635
743 2 2603.103103 45.000000 0.62990152688300105 0.068585348278042635
743 3 2603.103103 67.500000 0.62990152688300105 0.068585348278042635
744 0 2606.606607 0.000000 0.63066223638193708 0.0696986252193669
744 1 2606.606607 22.500000 0.63066223638193708 0.0696986252193669
744 2 2606.606607 45.000000 0.63066223638193708 0.0696986252193669
744 3 2606.606607 67.500000 0.63066223638193708 0.0696986252193669
745 0 2610.110110 0.000000 0.63049143796004348 0.070786359853142314
745 1 2610.110110 22.500000 0.63049143796004348 0.070786359853142314
745 2 2610.110110 45.000000 0.63049143796004348 0.070786359853142314
745 3 2610.110110 67.500000 0.63049143796004348 0.070786359853142314
746 0 2613.613614 0.000000 0.62942261769073593 0.071664394089759456
746 1 2613.613614 22.500000 0.62942261769073593 0.071664394089759456
746 2 2613.613614 45.000000 0.62942261769073593 0.071664394089759456
746 3 2613.613614 67.500000 0.62942261769073593 0.071664394089759456
747 0 2617.117117 0.000000 0.62764469763332642 0.072185884279103676
747 1 2617.117117 22.500000 0.62764469763332642 0.072185884279103676
747 2 2617.117117 45.000000 0.62764469763332642 0.072185884279103676
747 3 2617.117117 67.500000 0.62764469763332642 0.072185884279103676
748 0 2620.620621 0.000000 0.62546828623991835 0.072266021278322573
748 1 2620.620621 22.500000 0.62546828623991835 0.072266021278322573
748 2 2620.620621 45.000000 0.62546828623991835 0.072266021278322573
748 3 2620.620621 67.500000 0.62546828623991835 0.072266021278322573
749 0 2624.124124 0.000000 0.62327101524541051 0.071895970304636139
749 1 2624.124124 22.500000 0.62327101524541051 0.071895970304636139
749 2 2624.124124 45.000000 0.62327101524541051 0.071895970304636139
749 3 2624.124124 67.500000 0.62327101524541051 0.071895970304636139
750 0 2627.627628 0.000000 0.62143187367161734 0.071143731901238891
750 1 2627.627628 22.500000 0.62143187367161734 0.071143731901238891
750 2 2627.627628 45.000000 0.62143187367161734 0.071143731901238891
750 3 2627.627628 67.500000 0.62143187367161734 0.071143731901238891
751 0 2631.131131 0.000000 0.62026612579055185 0.070141876538273362
751 1 2631.131131 22.500000 0.62026612579055185 0.070141876538273362
751 2 2631.131131 45.000000 0.62026612579055185 0.070141876538273362
751 3 2631.131131 67.500000 0.62026612579055185 0.070141876538273362
752 0 2634.634635 0.000000 0.61997191010475672 0.069064348249735258
752 1 2634.634635 22.500000 0.61997191010475672 0.069064348249735258
752 2 2634.634635 45.000000 0.61997191010475672 0.069064348249735258
752 3 2634.634635 67.500000 0.61997191010475672 0.069064348249735258
753 0 2638.138138 0.000000 0.62059727548295773 0.068096384192984749
753 1 2638.138138 22.500000 0.62059727548295773 0.068096384192984749
753 2 2638.138138 45.000000 0.62059727548295773 0.068096384192984749
753 3 2638.138138 67.500000 0.62059727548295773 0.068096384192984749
754 0 2641.641642 0.000000 0.62203281526428533 0.067402743609196361
754 1 2641.641642 22.500000 0.62203281526428533 0.067402743609196361
754 2 2641.641642 45.000000 0.62203281526428533 0.067402743609196361
754 3 2641.641642 67.500000 0.62203281526428533 0.067402743609196361
755 0 2645.145145 0.000000 0.62403086229973537 0.067099690480407648
755 1 2645.145145 22.500000 0.62403086229973537 0.067099690480407648
755 2 2645.145145 45.000000 0.62403086229973537 0.067099690480407648
755 3 2645.145145 67.500000 0.62403086229973537 0.067099690480407648
756 0 2648.648649 0.000000 0.62624798403077686 0.067235492702882593
756 1 2648.648649 22.500000 0.62624798403077686 0.067235492702882593
756 2 2648.648649 45.000000 0.62624798403077686 0.067235492702882593
756 3 2648.648649 67.500000 0.62624798403077686 0.067235492702882593
757 0 2652.152152 0.000000 0.62830376707981206 0.067782709835679703
757 1 2652.152152 22.500000 0.62830376707981206 0.067782709835679703
757 2 2652.152152 45.000000 0.62830376707981206 0.067782709835679703
757 3 2652.152152 67.500000 0.62830376707981206 0.067782709835679703
758 0 2655.655656 0.000000 0.62984609272149594 0.068643501864958364
758 1 2655.655656 22.500000 0.62984609272149594 0.068643501864958364
758 2 2655.655656 45.000000 0.62984609272149594 0.068643501864958364
758 3 2655.655656 67.500000 0.62984609272149594 0.068643501864958364
759 0 2659.159159 0.000000 0.6306117699954048 0.069666955371076977
759 1 2659.159159 22.500000 0.6306117699954048 0.069666955371076977
759 2 2659.159159 45.000000 0.6306117699954048 0.069666955371076977
759 3 2659.159159 67.500000 0.6306117699954048 0.069666955371076977
760 0 2662.662663 0.000000 0.63047191153733795 0.070675374586408837
760 1 2662.662663 22.500000 0.63047191153733795 0.070675374586408837
760 2 2662.662663 45.000000 0.63047191153733795 0.070675374586408837
760 3 2662.662663 67.500000 0.63047191153733795 0.070675374586408837
761 0 2666.166166 0.000000 0.62945392940110712 0.071494972099597223
761 1 2666.166166 22.500000 0.62945392940110712 0.071494972099597223
761 2 2666.166166 45.000000 0.62945392940110712 0.071494972099597223
761 3 2666.166166 67.500000 0.62945392940110712 0.071494972099597223
762 0 2669.669670 0.000000 0.6277361726808961 0.071985672430517983
762 1 2669.669670 22.500000 0.6277361726808961 0.071985672430517983
762 2 2669.669670 45.000000 0.6277361726808961 0.071985672430517983
762 3 2669.669670 67.500000 0.6277361726808961 0.071985672430517983
763 0 2673.173173 0.000000 0.62561624304409269 0.072064929466728836
763 1 2673.173173 22.500000 0.62561624304409269 0.072064929466728836
763 2 2673.173173 45.000000 0.62561624304409269 0.072064929466728836
763 3 2673.173173 67.500000 0.62561624304409269 0.072064929466728836
764 0 2676.676677 0.000000 0.623458843788113 0.071721517692590706
764 1 2676.676677 22.500000 0.623458843788113 0.071721517692590706
764 2 2676.676677 45.000000 0.623458843788113 0.071721517692590706
764 3 2676.676677 67.500000 0.623458843788113 0.071721517692590706
765 0 2680.180180 0.000000 0.62163261263047376 0.071017000440600539
765 1 2680.180180 22.500000 0.62163261263047376 0.071017000440600539
765 2 2680.180180 45.000000 0.62163261263047376 0.071017000440600539
765 3 2680.180180 67.500000 0.62163261263047376 0.071017000440600539
766 0 2683.683684 0.000000 0.62044707364546747 0.070074703429096663
766 1 2683.683684 22.500000 0.62044707364546747 0.070074703429096663
766 2 2683.683684 45.000000 0.62044707364546747 0.070074703429096663
766 3 2683.683684 67.500000 0.62044707364546747 0.070074703429096663
767 0 2687.187187 0.000000 0.62010044464318581 0.069058162658642647
767 1 2687.187187 22.500000 0.62010044464318581 0.069058162658642647
767 2 2687.187187 45.000000 0.62010044464318581 0.069058162658642647
767 3 2687.187187 67.500000 0.62010044464318581 0.069058162658642647
768 0 2690.690691 0.000000 0.62064684542427317 0.068142805975343029
768 1 2690.690691 22.500000 0.62064684542427317 0.068142805975343029
768 2 2690.690691 45.000000 0.62064684542427317 0.068142805975343029
768 3 2690.690691 67.500000 0.62064684542427317 0.068142805975343029
769 0 2694.194194 0.000000 0.62198803633033595 0.067485763174830821
769 1 2694.194194 22.500000 0.62198803633033595 0.067485763174830821
769 2 2694.194194 45.000000 0.62198803633033595 0.067485763174830821
769 3 2694.194194 67.500000 0.62198803633033595 0.067485763174830821
770 0 2697.697698 0.000000 0.62389079799471814 0.067198990169483497
770 1 2697.697698 22.500000 0.62389079799471814 0.067198990169483497
770 2 2697.697698 45.000000 0.62389079799471814 0.067198990169483497
770 3 2697.697698 67.500000 0.62389079799471814 0.067198990169483497
771 0 2701.201201 0.000000 0.62602699430016284 0.067330293908440308
771 1 2701.201201 22.500000 0.62602699430016284 0.067330293908440308
771 2 2701.201201 45.000000 0.62602699430016284 0.067330293908440308
771 3 2701.201201 67.500000 0.62602699430016284 0.067330293908440308
772 0 2704.704705 0.000000 0.62802972115468703 0.067855464276049562
772 1 2704.704705 22.500000 0.62802972115468703 0.067855464276049562
772 2 2704.704705 45.000000 0.62802972115468703 0.067855464276049562
772 3 2704.704705 67.500000 0.62802972115468703 0.067855464276049562
773 0 2708.208208 0.000000 0.6295562028433096 0.068682798007026091
773 1 2708.208208 22.500000 0.6295562028433096 0.068682798007026091
773 2 2708.208208 45.000000 0.6295562028433096 0.068682798007026091
773 3 2708.208208 67.500000 0.6295562028433096 0.068682798007026091
774 0 2711.711712 0.000000 0.63034673287884213 0.069669169720756915
774 1 2711.711712 22.500000 0.63034673287884213 0.069669169720756915
774 2 2711.711712 45.000000 0.63034673287884213 0.069669169720756915
774 3 2711.711712 67.500000 0.63034673287884213 0.069669169720756915
775 0 2715.215215 0.000000 0.63026936241398535 0.070644832225375667
775 1 2715.215215 22.500000 0.63026936241398535 0.070644832225375667
775 2 2715.215215 45.000000 0.63026936241398535 0.070644832225375667
775 3 2715.215215 67.500000 0.63026936241398535 0.070644832225375667
776 0 2718.718719 0.000000 0.62934235048700404 0.071442649019250862
776 1 2718.718719 22.500000 0.62934235048700404 0.071442649019250862
776 2 2718.718719 45.000000 0.62934235048700404 0.071442649019250862
776 3 2718.718719 67.500000 0.62934235048700404 0.071442649019250862
777 0 2722.222222 0.000000 0.62773031878601826 0.071926726755468212
777 1 2722.222222 22.500000 0.62773031878601826 0.071926726755468212
777 2 2722.222222 45.000000 0.62773031878601826 0.071926726755468212
777 3 2722.222222 67.500000 0.62773031878601826 0.071926726755468212
778 0 2725.725726 0.000000 0.62571486468175486 0.072015545933600267
778 1 2725.725726 22.500000 0.62571486468175486 0.072015545933600267
778 2 2725.725726 45.000000 0.62571486468175486 0.072015545933600267
778 3 2725.725726 67.500000 0.62571486468175486 0.072015545933600267
779 0 2729.229229 0.000000 0.62364506339957437 0.071695657043760436
779 1 2729.229229 22.500000 0.62364506339957437 0.071695657043760436
779 2 2729.229229 45.000000 0.62364506339957437 0.071695657043760436
779 3 2729.229229 67.500000 0.62364506339957437 0.071695657043760436
780 0 2732.732733 0.000000 0.62187683464081434 0.071023646304434918
780 1 2732.732733 22.500000 0.62187683464081434 0.071023646304434918
780 2 2732.732733 45.000000 0.62187683464081434 0.071023646304434918
780 3 2732.732733 67.500000 0.62187683464081434 0.071023646304434918
781 0 2736.236236 0.000000 0.6207118806345131 0.070116096160693295
781 1 2736.236236 22.500000 0.6207118806345131 0.070116096160693295
781 2 2736.236236 45.000000 0.6207118806345131 0.070116096160693295
781 3 2736.236236 67.500000 0.6207118806345131 0.070116096160693295
782 0 2739.739740 0.000000 0.62034662501916538 0.06912932283741749
782 1 2739.739740 22.500000 0.62034662501916538 0.06912932283741749
782 2 2739.739740 45.000000 0.62034662501916538 0.06912932283741749
782 3 2739.739740 67.500000 0.62034662501916538 0.06912932283741749
783 0 2743.243243 0.000000 0.62083955165545623 0.068232414192552604
783 1 2743.243243 22.500000 0.62083955165545623 0.068232414192552604
783 2 2743.243243 45.000000 0.62083955165545623 0.068232414192552604
783 3 2743.243243 67.500000 0.62083955165545623 0.068232414192552604
784 0 2746.746747 0.000000 0.62210209073782641 0.067578219620044899
784 1 2746.746747 22.500000 0.62210209073782641 0.067578219620044899
784 2 2746.746747 45.000000 0.62210209073782641 0.067578219620044899
784 3 2746.746747 67.500000 0.62210209073782641 0.067578219620044899
785 0 2750.250250 0.000000 0.6239143251733642 0.06727726993647995
785 1 2750.250250 22.500000 0.6239143251733642 0.06727726993647995
785 2 2750.250250 45.000000 0.6239143251733642 0.06727726993647995
785 3 2750.250250 67.500000 0.6239143251733642 0.06727726993647995
786 0 2753.753754 0.000000 0.62596283418141685 0.06737907748129203
786 1 2753.753754 22.500000 0.62596283418141685 0.06737907748129203
786 2 2753.753754 45.000000 0.62596283418141685 0.06737907748129203
786 3 2753.753754 67.500000 0.62596283418141685 0.06737907748129203
787 0 2757.257257 0.000000 0.62789442858636135 0.067863979892644824
787 1 2757.257257 22.500000 0.62789442858636135 0.067863979892644824
787 2 2757.257257 45.000000 0.62789442858636135 0.067863979892644824
787 3 2757.257257 67.500000 0.62789442858636135 0.067863979892644824
788 0 2760.760761 0.000000 0.62937682600364342 0.068646869411355227
788 1 2760.760761 22.500000 0.62937682600364342 0.068646869411355227
788 2 2760.760761 45.000000 0.62937682600364342 0.068646869411355227
788 3 2760.760761 67.500000 0.62937682600364342 0.068646869411355227
789 0 2764.264264 0.000000 0.63015593095501421 0.069592107691326066
789 1 2764.264264 22.500000 0.63015593095501421 0.069592107691326066
789 2 2764.264264 45.000000 0.63015593095501421 0.069592107691326066
789 3 2764.264264 67.500000 0.63015593095501421 0.069592107691326066
790 0 2767.767768 0.000000 0.63009971047407365 0.070537014597315525
790 1 2767.767768 22.500000 0.63009971047407365 0.070537014597315525
790 2 2767.767768 45.000000 0.63009971047407365 0.070537014597315525
790 3 2767.767768 67.500000 0.63009971047407365 0.070537014597315525
791 0 2771.271271 0.000000 0.62922082594010642 0.0713198648709477
791 1 2771.271271 22.500000 0.62922082594010642 0.0713198648709477
791 2 2771.271271 45.000000 0.62922082594010642 0.0713198648709477
791 3 2771.271271 67.500000 0.62922082594010642 0.0713198648709477
792 0 2774.774775 0.000000 0.62767392938889965 0.071807575499354792
792 1 2774.774775 22.500000 0.62767392938889965 0.071807575499354792
792 2 2774.774775 45.000000 0.62767392938889965 0.071807575499354792
792 3 2774.774775 67.500000 0.62767392938889965 0.071807575499354792
793 0 2778.278278 0.000000 0.6257281607351407 0.07191834411814059
793 1 2778.278278 22.500000 0.6257281607351407 0.07191834411814059
793 2 2778.278278 45.000000 0.6257281607351407 0.07191834411814059
793 3 2778.278278 67.500000 0.6257281607351407 0.07191834411814059
794 0 2781.781782 0.000000 0.62371991869383414 0.071635387373111592
794 1 2781.781782 22.500000 0.62371991869383414 0.071635387373111592
794 2 2781.781782 45.000000 0.62371991869383414 0.071635387373111592
794 3 2781.781782 67.500000 0.62371991869383414 0.071635387373111592
795 0 2785.285285 0.000000 0.62199445836975775 0.071009471666824003
795 1 2785.285285 22.500000 0.62199445836975775 0.071009471666824003
795 2 2785.285285 45.000000 0.62199445836975775 0.071009471666824003
795 3 2785.285285 67.500000 0.62199445836975775 0.071009471666824003
796 0 2788.788789 0.000000 0.62084662463946039 0.07014985962086924
796 1 2788.788789 22.500000 0.62084662463946039 0.07014985962086924
796 2 2788.788789 45.000000 0.62084662463946039 0.07014985962086924
796 3 2788.788789 67.500000 0.62084662463946039 0.07014985962086924
797 0 2792.292292 0.000000 0.62047085336152596 0.069205281398910343
797 1 2792.292292 22.500000 0.62047085336152596 0.069205281398910343
797 2 2792.292292 45.000000 0.62047085336152596 0.069205281398910343
797 3 2792.292292 67.500000 0.62047085336152596 0.069205281398910343
798 0 2795.795796 0.000000 0.62092868856630079 0.068338240499198746
798 1 2795.795796 22.500000 0.62092868856630079 0.068338240499198746
798 2 2795.795796 45.000000 0.62092868856630079 0.068338240499198746
798 3 2795.795796 67.500000 0.62092868856630079 0.068338240499198746
799 0 2799.299299 0.000000 0.62213896998010576 0.067697088986276438
799 1 2799.299299 22.500000 0.62213896998010576 0.067697088986276438
799 2 2799.299299 45.000000 0.62213896998010576 0.067697088986276438
799 3 2799.299299 67.500000 0.62213896998010576 0.067697088986276438
800 0 2802.802803 0.000000 0.62389211272674916 0.067390667492824657
800 1 2802.802803 22.500000 0.62389211272674916 0.067390667492824657
800 2 2802.802803 45.000000 0.62389211272674916 0.067390667492824657
800 3 2802.802803 67.500000 0.62389211272674916 0.067390667492824657
801 0 2806.306306 0.000000 0.62588605427451582 0.067469842665741006
801 1 2806.306306 22.500000 0.62588605427451582 0.067469842665741006
801 2 2806.306306 45.000000 0.62588605427451582 0.067469842665741006
801 3 2806.306306 67.500000 0.62588605427451582 0.067469842665741006
802 0 2809.809810 0.000000 0.62777794935637754 0.067919072217583532
802 1 2809.809810 22.500000 0.62777794935637754 0.067919072217583532
802 2 2809.809810 45.000000 0.62777794935637754 0.067919072217583532
802 3 2809.809810 67.500000 0.62777794935637754 0.067919072217583532
803 0 2813.313313 0.000000 0.62924300870330252 0.068659394814383143
803 1 2813.313313 22.500000 0.62924300870330252 0.068659394814383143
803 2 2813.313313 45.000000 0.62924300870330252 0.068659394814383143
803 3 2813.313313 67.500000 0.62924300870330252 0.068659394814383143
804 0 2816.816817 0.000000 0.63003046359632497 0.069562277953770665
804 1 2816.816817 22.500000 0.63003046359632497 0.069562277953770665
804 2 2816.816817 45.000000 0.63003046359632497 0.069562277953770665
804 3 2816.816817 67.500000 0.63003046359632497 0.069562277953770665
805 0 2820.320320 0.000000 0.63000687903514663 0.070471899214629111
805 1 2820.320320 22.500000 0.63000687903514663 0.070471899214629111
805 2 2820.320320 45.000000 0.63000687903514663 0.070471899214629111
805 3 2820.320320 67.500000 0.63000687903514663 0.070471899214629111
806 0 2823.823824 0.000000 0.62917907711979304 0.071232002476652373
806 1 2823.823824 22.500000 0.62917907711979304 0.071232002476652373
806 2 2823.823824 45.000000 0.62917907711979304 0.071232002476652373
806 3 2823.823824 67.500000 0.62917907711979304 0.071232002476652373
807 0 2827.327327 0.000000 0.62769252273303366 0.071712704537721855
807 1 2827.327327 22.500000 0.62769252273303366 0.071712704537721855
807 2 2827.327327 45.000000 0.62769252273303366 0.071712704537721855
807 3 2827.327327 67.500000 0.62769252273303366 0.071712704537721855
808 0 2830.830831 0.000000 0.62580550145310454 0.071832657185444723
808 1 2830.830831 22.500000 0.62580550145310454 0.071832657185444723
808 2 2830.830831 45.000000 0.62580550145310454 0.071832657185444723
808 3 2830.830831 67.500000 0.62580550145310454 0.071832657185444723
809 0 2834.334334 0.000000 0.62384384677552795 0.071572786531529015
809 1 2834.334334 22.500000 0.62384384677552795 0.071572786531529015
809 2 2834.334334 45.000000 0.62384384677552795 0.071572786531529015
809 3 2834.334334 67.500000 0.62384384677552795 0.071572786531529015
810 0 2837.837838 0.000000 0.62214441051898417 0.070979291856275925
810 1 2837.837838 22.500000 0.62214441051898417 0.070979291856275925
810 2 2837.837838 45.000000 0.62214441051898417 0.070979291856275925
810 3 2837.837838 67.500000 0.62214441051898417 0.070979291856275925
811 0 2841.341341 0.000000 0.62099725526592575 0.070155437294974476
811 1 2841.341341 22.500000 0.62099725526592575 0.070155437294974476
811 2 2841.341341 45.000000 0.62099725526592575 0.070155437294974476
811 3 2841.341341 67.500000 0.62099725526592575 0.070155437294974476
812 0 2844.844845 0.000000 0.62059645903808369 0.069243592597777917
812 1 2844.844845 22.500000 0.62059645903808369 0.069243592597777917
812 2 2844.844845 45.000000 0.62059645903808369 0.069243592597777917
812 3 2844.844845 67.500000 0.62059645903808369 0.069243592597777917
813 0 2848.348348 0.000000 0.62100766200057578 0.06840064417325524
813 1 2848.348348 22.500000 0.62100766200057578 0.06840064417325524
813 2 2848.348348 45.000000 0.62100766200057578 0.06840064417325524
813 3 2848.348348 67.500000 0.62100766200057578 0.06840064417325524
814 0 2851.851852 0.000000 0.62215752335163788 0.067771020554189529
814 1 2851.851852 22.500000 0.62215752335163788 0.067771020554189529
814 2 2851.851852 45.000000 0.62215752335163788 0.067771020554189529
814 3 2851.851852 67.500000 0.62215752335163788 0.067771020554189529
815 0 2855.355355 0.000000 0.62384664442057569 0.067461967241972856
815 1 2855.355355 22.500000 0.62384664442057569 0.067461967241972856
815 2 2855.355355 45.000000 0.62384664442057569 0.067461967241972856
815 3 2855.355355 67.500000 0.62384664442057569 0.067461967241972856
816 0 2858.858859 0.000000 0.62578376300149674 0.067525300749113795
816 1 2858.858859 22.500000 0.62578376300149674 0.067525300749113795
816 2 2858.858859 45.000000 0.62578376300149674 0.067525300749113795
816 3 2858.858859 67.500000 0.62578376300149674 0.067525300749113795
817 0 2862.362362 0.000000 0.62763559238948274 0.067948743340138465
817 1 2862.362362 22.500000 0.62763559238948274 0.067948743340138465
817 2 2862.362362 45.000000 0.62763559238948274 0.067948743340138465
817 3 2862.362362 67.500000 0.62763559238948274 0.067948743340138465
818 0 2865.865866 0.000000 0.62908401551647164 0.068658284820887747
818 1 2865.865866 22.500000 0.62908401551647164 0.068658284820887747
818 2 2865.865866 45.000000 0.62908401551647164 0.068658284820887747
818 3 2865.865866 67.500000 0.62908401551647164 0.068658284820887747
819 0 2869.369369 0.000000 0.62988090369715755 0.069531121531159132
819 1 2869.369369 22.500000 0.62988090369715755 0.069531121531159132
819 2 2869.369369 45.000000 0.62988090369715755 0.069531121531159132
819 3 2869.369369 67.500000 0.62988090369715755 0.069531121531159132
820 0 2872.872873 0.000000 0.62989099091575362 0.070416911358733028
820 1 2872.872873 22.500000 0.62989099091575362 0.070416911358733028
820 2 2872.872873 45.000000 0.62989099091575362 0.070416911358733028
820 3 2872.872873 67.500000 0.62989099091575362 0.070416911358733028
821 0 2876.376376 0.000000 0.62911514906908039 0.071163667147546392
821 1 2876.376376 22.500000 0.62911514906908039 0.071163667147546392
821 2 2876.376376 45.000000 0.62911514906908039 0.071163667147546392
821 3 2876.376376 67.500000 0.62911514906908039 0.071163667147546392
822 0 2879.879880 0.000000 0.62768985231607699 0.071643830442436676
822 1 2879.879880 22.500000 0.62768985231607699 0.071643830442436676
822 2 2879.879880 45.000000 0.62768985231607699 0.071643830442436676
822 3 2879.879880 67.500000 0.62768985231607699 0.071643830442436676
823 0 2883.383383 0.000000 0.62586295751061438 0.071776054285273699
823 1 2883.383383 22.500000 0.62586295751061438 0.071776054285273699
823 2 2883.383383 45.000000 0.62586295751061438 0.071776054285273699
823 3 2883.383383 67.500000 0.62586295751061438 0.071776054285273699
824 0 2886.886887 0.000000 0.62395025762686751 0.07153897697144522
824 1 2886.886887 22.500000 0.62395025762686751 0.07153897697144522
824 2 2886.886887 45.000000 0.62395025762686751 0.07153897697144522
824 3 2886.886887 67.500000 0.62395025762686751 0.07153897697144522
825 0 2890.390390 0.000000 0.62228066870561782 0.070974656198227265
825 1 2890.390390 22.500000 0.62228066870561782 0.070974656198227265
825 2 2890.390390 45.000000 0.62228066870561782 0.070974656198227265
825 3 2890.390390 67.500000 0.62228066870561782 0.070974656198227265
826 0 2893.893894 0.000000 0.62113973052794591 0.070181114626085256
826 1 2893.893894 22.500000 0.62113973052794591 0.070181114626085256
826 2 2893.893894 45.000000 0.62113973052794591 0.070181114626085256
826 3 2893.893894 67.500000 0.62113973052794591 0.070181114626085256
827 0 2897.397397 0.000000 0.62072110090328225 0.06929531668176564
827 1 2897.397397 22.500000 0.62072110090328225 0.06929531668176564
827 2 2897.397397 45.000000 0.62072110090328225 0.06929531668176564
827 3 2897.397397 67.500000 0.62072110090328225 0.06929531668176564
828 0 2900.900901 0.000000 0.62109408020697265 0.068469531847654336
828 1 2900.900901 22.500000 0.62109408020697265 0.068469531847654336
828 2 2900.900901 45.000000 0.62109408020697265 0.068469531847654336
828 3 2900.900901 67.500000 0.62109408020697265 0.068469531847654336
829 0 2904.404404 0.000000 0.62219236194291871 0.067845162312886842
829 1 2904.404404 22.500000 0.62219236194291871 0.067845162312886842
829 2 2904.404404 45.000000 0.62219236194291871 0.067845162312886842
829 3 2904.404404 67.500000 0.62219236194291871 0.067845162312886842
830 0 2907.907908 0.000000 0.62382569900503759 0.06752853224399083
830 1 2907.907908 22.500000 0.62382569900503759 0.06752853224399083
830 2 2907.907908 45.000000 0.62382569900503759 0.06752853224399083
830 3 2907.907908 67.500000 0.62382569900503759 0.06752853224399083
831 0 2911.411411 0.000000 0.62571250533460776 0.067572782827599015
831 1 2911.411411 22.500000 0.62571250533460776 0.067572782827599015
831 2 2911.411411 45.000000 0.62571250533460776 0.067572782827599015
831 3 2911.411411 67.500000 0.62571250533460776 0.067572782827599015
832 0 2914.914915 0.000000 0.62752803136471291 0.067968955041204177
832 1 2914.914915 22.500000 0.62752803136471291 0.067968955041204177
832 2 2914.914915 45.000000 0.62752803136471291 0.067968955041204177
832 3 2914.914915 67.500000 0.62752803136471291 0.067968955041204177
833 0 2918.418418 0.000000 0.62896010260060409 0.068647755497421525
833 1 2918.418418 22.500000 0.62896010260060409 0.068647755497421525
833 2 2918.418418 45.000000 0.62896010260060409 0.068647755497421525
833 3 2918.418418 67.500000 0.62896010260060409 0.068647755497421525
834 0 2921.921922 0.000000 0.62976294164359503 0.069491663552293859
834 1 2921.921922 22.500000 0.62976294164359503 0.069491663552293859
834 2 2921.921922 45.000000 0.62976294164359503 0.069491663552293859
834 3 2921.921922 67.500000 0.62976294164359503 0.069491663552293859
835 0 2925.425425 0.000000 0.62979968244588436 0.070355265978630177
835 1 2925.425425 22.500000 0.62979968244588436 0.070355265978630177
835 2 2925.425425 45.000000 0.62979968244588436 0.070355265978630177
835 3 2925.425425 67.500000 0.62979968244588436 0.070355265978630177
836 0 2928.928929 0.000000 0.62906598887374054 0.071090302365234712
836 1 2928.928929 22.500000 0.62906598887374054 0.071090302365234712
836 2 2928.928929 45.000000 0.62906598887374054 0.071090302365234712
836 3 2928.928929 67.500000 0.62906598887374054 0.071090302365234712
837 0 2932.432432 0.000000 0.6276905017415142 0.071571109211079398
837 1 2932.432432 22.500000 0.6276905017415142 0.071571109211079398
837 2 2932.432432 45.000000 0.6276905017415142 0.071571109211079398
837 3 2932.432432 67.500000 0.6276905017415142 0.071571109211079398
838 0 2935.935936 0.000000 0.62591205536785721 0.071716097593380088
838 1 2935.935936 22.500000 0.62591205536785721 0.071716097593380088
838 2 2935.935936 45.000000 0.62591205536785721 0.071716097593380088
838 3 2935.935936 67.500000 0.62591205536785721 0.071716097593380088
839 0 2939.439439 0.000000 0.62403785034360293 0.071501594789554757
839 1 2939.439439 22.500000 0.62403785034360293 0.071501594789554757
839 2 2939.439439 45.000000 0.62403785034360293 0.071501594789554757
839 3 2939.439439 67.500000 0.62403785034360293 0.071501594789554757
840 0 2942.942943 0.000000 0.62239014558343864 0.070965702485072335
840 1 2942.942943 22.500000 0.62239014558343864 0.070965702485072335
840 2 2942.942943 45.000000 0.62239014558343864 0.070965702485072335
840 3 2942.942943 67.500000 0.62239014558343864 0.070965702485072335
841 0 2946.446446 0.000000 0.6212508854711053 0.070201544357937629
841 1 2946.446446 22.500000 0.6212508854711053 0.070201544357937629
841 2 2946.446446 45.000000 0.6212508854711053 0.070201544357937629
841 3 2946.446446 67.500000 0.6212508854711053 0.070201544357937629
842 0 2949.949950 0.000000 0.62081375828986962 0.069341097634175647
842 1 2949.949950 22.500000 0.62081375828986962 0.069341097634175647
842 2 2949.949950 45.000000 0.62081375828986962 0.069341097634175647
842 3 2949.949950 67.500000 0.62081375828986962 0.069341097634175647
843 0 2953.453453 0.000000 0.62115164525099209 0.068532413981611251
843 1 2953.453453 22.500000 0.62115164525099209 0.068532413981611251
843 2 2953.453453 45.000000 0.62115164525099209 0.068532413981611251
843 3 2953.453453 67.500000 0.62115164525099209 0.068532413981611251
844 0 2956.956957 0.000000 0.62220468813214946 0.06791415940580231
844 1 2956.956957 22.500000 0.62220468813214946 0.06791415940580231
844 2 2956.956957 45.000000 0.62220468813214946 0.06791415940580231
844 3 2956.956957 67.500000 0.62220468813214946 0.06791415940580231
845 0 2960.460460 0.000000 0.62379079341323385 0.067591849500295828
845 1 2960.460460 22.500000 0.62379079341323385 0.067591849500295828
845 2 2960.460460 45.000000 0.62379079341323385 0.067591849500295828
845 3 2960.460460 67.500000 0.62379079341323385 0.067591849500295828
846 0 2963.963964 0.000000 0.62563679329374966 0.06761985114410006
846 1 2963.963964 22.500000 0.62563679329374966 0.06761985114410006
846 2 2963.963964 45.000000 0.62563679329374966 0.06761985114410006
846 3 2963.963964 67.500000 0.62563679329374966 0.06761985114410006
847 0 2967.467467 0.000000 0.62742514568105434 0.067992219342523141
847 1 2967.467467 22.500000 0.62742514568105434 0.067992219342523141
847 2 2967.467467 45.000000 0.62742514568105434 0.067992219342523141
847 3 2967.467467 67.500000 0.62742514568105434 0.067992219342523141
848 0 2970.970971 0.000000 0.62884841447776663 0.068643912516558492
848 1 2970.970971 22.500000 0.62884841447776663 0.068643912516558492
848 2 2970.970971 45.000000 0.62884841447776663 0.068643912516558492
848 3 2970.970971 67.500000 0.62884841447776663 0.068643912516558492
849 0 2974.474474 0.000000 0.6296622711842641 0.069462144401429046
849 1 2974.474474 22.500000 0.6296622711842641 0.069462144401429046
849 2 2974.474474 45.000000 0.6296622711842641 0.069462144401429046
849 3 2974.474474 67.500000 0.6296622711842641 0.069462144401429046
850 0 2977.977978 0.000000 0.62972777560863635 0.070305892746481025
850 1 2977.977978 22.500000 0.62972777560863635 0.070305892746481025
850 2 2977.977978 45.000000 0.62972777560863635 0.070305892746481025
850 3 2977.977978 67.500000 0.62972777560863635 0.070305892746481025
851 0 2981.481481 0.000000 0.62903539244572648 0.071030192083644306
851 1 2981.481481 22.500000 0.62903539244572648 0.071030192083644306
851 2 2981.481481 45.000000 0.62903539244572648 0.071030192083644306
851 3 2981.481481 67.500000 0.62903539244572648 0.071030192083644306
852 0 2984.984985 0.000000 0.62770639416206642 0.071511027723154791
852 1 2984.984985 22.500000 0.62770639416206642 0.071511027723154791
852 2 2984.984985 45.000000 0.62770639416206642 0.071511027723154791
852 3 2984.984985 67.500000 0.62770639416206642 0.071511027723154791
853 0 2988.488488 0.000000 0.62597141090331399 0.071666557949462362
853 1 2988.488488 22.500000 0.62597141090331399 0.071666557949462362
853 2 2988.488488 45.000000 0.62597141090331399 0.071666557949462362
853 3 2988.488488 67.500000 0.62597141090331399 0.071666557949462362
854 0 2991.991992 0.000000 0.62413006418312533 0.071471034374284925
854 1 2991.991992 22.500000 0.62413006418312533 0.071471034374284925
854 2 2991.991992 45.000000 0.62413006418312533 0.071471034374284925
854 3 2991.991992 67.500000 0.62413006418312533 0.071471034374284925
855 0 2995.495495 0.000000 0.62249898051517782 0.070959054054130832
855 1 2995.495495 22.500000 0.62249898051517782 0.070959054054130832
855 2 2995.495495 45.000000 0.62249898051517782 0.070959054054130832
855 3 2995.495495 67.500000 0.62249898051517782 0.070959054054130832
856 0 2998.998999 0.000000 0.62135737030934546 0.070219442711242752
856 1 2998.998999 22.500000 0.62135737030934546 0.070219442711242752
856 2 2998.998999 45.000000 0.62135737030934546 0.070219442711242752
856 3 2998.998999 67.500000 0.62135737030934546 0.070219442711242752
857 0 3002.502503 0.000000 0.62089951463081905 0.06937984933660174
857 1 3002.502503 22.500000 0.62089951463081905 0.06937984933660174
857 2 3002.502503 45.000000 0.62089951463081905 0.06937984933660174
857 3 3002.502503 67.500000 0.62089951463081905 0.06937984933660174
858 0 3006.006006 0.000000 0.62120206267417155 0.068584722826200692
858 1 3006.006006 22.500000 0.62120206267417155 0.068584722826200692
858 2 3006.006006 45.000000 0.62120206267417155 0.068584722826200692
858 3 3006.006006 67.500000 0.62120206267417155 0.068584722826200692
859 0 3009.509510 0.000000 0.62221140916288509 0.067970468910424936
859 1 3009.509510 22.500000 0.62221140916288509 0.067970468910424936
859 2 3009.509510 45.000000 0.62221140916288509 0.067970468910424936
859 3 3009.509510 67.500000 0.62221140916288509 0.067970468910424936
860 0 3013.013013 0.000000 0.62375309483846697 0.067642058433016877
860 1 3013.013013 22.500000 0.62375309483846697 0.067642058433016877
860 2 3013.013013 45.000000 0.62375309483846697 0.067642058433016877
860 3 3013.013013 67.500000 0.62375309483846697 0.067642058433016877
861 0 3016.516517 0.000000 0.62556163807478771 0.067655096817016869
861 1 3016.516517 22.500000 0.62556163807478771 0.067655096817016869
861 2 3016.516517 45.000000 0.62556163807478771 0.067655096817016869
861 3 3016.516517 67.500000 0.62556163807478771 0.067655096817016869
862 0 3020.020020 0.000000 0.62732590295123059 0.068006416217360255
862 1 3020.020020 22.500000 0.62732590295123059 0.068006416217360255
862 2 3020.020020 45.000000 0.62732590295123059 0.068006416217360255
862 3 3020.020020 67.500000 0.62732590295123059 0.068006416217360255
863 0 3023.523524 0.000000 0.62874247229285996 0.068634781002024331
863 1 3023.523524 22.500000 0.62874247229285996 0.068634781002024331
863 2 3023.523524 45.000000 0.62874247229285996 0.068634781002024331
863 3 3023.523524 67.500000 0.62874247229285996 0.068634781002024331
864 0 3027.027027 0.000000 0.62956796168525686 0.069431557571542277
864 1 3027.027027 22.500000 0.62956796168525686 0.069431557571542277
864 2 3027.027027 45.000000 0.62956796168525686 0.069431557571542277
864 3 3027.027027 67.500000 0.62956796168525686 0.069431557571542277
865 0 3030.530531 0.000000 0.62966115845978132 0.070259490255132742
865 1 3030.530531 22.500000 0.62966115845978132 0.070259490255132742
865 2 3030.530531 45.000000 0.62966115845978132 0.070259490255132742
865 3 3030.530531 67.500000 0.62966115845978132 0.070259490255132742
866 0 3034.034034 0.000000 0.62900747113301725 0.070976339215604339
866 1 3034.034034 22.500000 0.62900747113301725 0.070976339215604339
866 2 3034.034034 45.000000 0.62900747113301725 0.070976339215604339
866 3 3034.034034 67.500000 0.62900747113301725 0.070976339215604339
867 0 3037.537538 0.000000 0.62772126009628115 0.071459310785396635
867 1 3037.537538 22.500000 0.62772126009628115 0.071459310785396635
867 2 3037.537538 45.000000 0.62772126009628115 0.071459310785396635
867 3 3037.537538 67.500000 0.62772126009628115 0.071459310785396635
868 0 3041.041041 0.000000 0.62602563553882828 0.071626085539649359
868 1 3041.041041 22.500000 0.62602563553882828 0.071626085539649359
868 2 3041.041041 45.000000 0.62602563553882828 0.071626085539649359
868 3 3041.041041 67.500000 0.62602563553882828 0.071626085539649359
869 0 3044.544545 0.000000 0.62421342559568171 0.071448844287035407
869 1 3044.544545 22.500000 0.62421342559568171 0.071448844287035407
869 2 3044.544545 45.000000 0.62421342559568171 0.071448844287035407
869 3 3044.544545 67.500000 0.62421342559568171 0.071448844287035407
870 0 3048.048048 0.000000 0.62259636739444346 0.070958903082805086
870 1 3048.048048 22.500000 0.62259636739444346 0.070958903082805086
870 2 3048.048048 45.000000 0.62259636739444346 0.070958903082805086
870 3 3048.048048 67.500000 0.62259636739444346 0.070958903082805086
871 0 3051.551552 0.000000 0.62145150176754516 0.070241186007720335
871 1 3051.551552 22.500000 0.62145150176754516 0.070241186007720335
871 2 3051.551552 45.000000 0.62145150176754516 0.070241186007720335
871 3 3051.551552 67.500000 0.62145150176754516 0.070241186007720335
872 0 3055.055055 0.000000 0.62097398419600891 0.069419510260241263
872 1 3055.055055 22.500000 0.62097398419600891 0.069419510260241263
872 2 3055.055055 45.000000 0.62097398419600891 0.069419510260241263
872 3 3055.055055 67.500000 0.62097398419600891 0.069419510260241263
873 0 3058.558559 0.000000 0.62124417568875623 0.068635232257543519
873 1 3058.558559 22.500000 0.62124417568875623 0.068635232257543519
873 2 3058.558559 45.000000 0.62124417568875623 0.068635232257543519
873 3 3058.558559 67.500000 0.62124417568875623 0.068635232257543519
874 0 3062.062062 0.000000 0.62221433276777183 0.068022936318321792
874 1 3062.062062 22.500000 0.62221433276777183 0.068022936318321792
874 2 3062.062062 45.000000 0.62221433276777183 0.068022936318321792
874 3 3062.062062 67.500000 0.62221433276777183 0.068022936318321792
875 0 3065.565566 0.000000 0.62371696441372793 0.067687345860041243
875 1 3065.565566 22.500000 0.62371696441372793 0.067687345860041243
875 2 3065.565566 45.000000 0.62371696441372793 0.067687345860041243
875 3 3065.565566 67.500000 0.62371696441372793 0.067687345860041243
876 0 3069.069069 0.000000 0.62549344208108948 0.067685416959813866
876 1 3069.069069 22.500000 0.62549344208108948 0.067685416959813866
876 2 3069.069069 45.000000 0.62549344208108948 0.067685416959813866
876 3 3069.069069 67.500000 0.62549344208108948 0.067685416959813866
877 0 3072.572573 0.000000 0.62723817405023985 0.068016675121433251
877 1 3072.572573 22.500000 0.62723817405023985 0.068016675121433251
877 2 3072.572573 45.000000 0.62723817405023985 0.068016675121433251
877 3 3072.572573 67.500000 0.62723817405023985 0.068016675121433251
878 0 3076.076076 0.000000 0.62865101696671399 0.068623434047229051
878 1 3076.076076 22.500000 0.62865101696671399 0.068623434047229051
878 2 3076.076076 45.000000 0.62865101696671399 0.068623434047229051
878 3 3076.076076 67.500000 0.62865101696671399 0.068623434047229051
879 0 3079.579580 0.000000 0.62948903050670435 0.069400835365775265
879 1 3079.579580 22.500000 0.62948903050670435 0.069400835365775265
879 2 3079.579580 45.000000 0.62948903050670435 0.069400835365775265
879 3 3079.579580 67.500000 0.62948903050670435 0.069400835365775265
880 0 3083.083083 0.000000 0.62960856237252028 0.070214962920076437
880 1 3083.083083 22.500000 0.62960856237252028 0.070214962920076437
880 2 3083.083083 45.000000 0.62960856237252028 0.070214962920076437
880 3 3083.083083 67.500000 0.62960856237252028 0.070214962920076437
881 0 3086.586587 0.000000 0.6289901614747726 0.070925903503637103
881 1 3086.586587 22.500000 0.6289901614747726 0.070925903503637103
881 2 3086.586587 45.000000 0.6289901614747726 0.070925903503637103
881 3 3086.586587 67.500000 0.6289901614747726 0.070925903503637103
882 0 3090.090090 0.000000 0.62774180444358674 0.071411784209101006
882 1 3090.090090 22.500000 0.62774180444358674 0.071411784209101006
882 2 3090.090090 45.000000 0.62774180444358674 0.071411784209101006
882 3 3090.090090 67.500000 0.62774180444358674 0.071411784209101006
883 0 3093.593594 0.000000 0.62607985261280252 0.071589658007066542
883 1 3093.593594 22.500000 0.62607985261280252 0.071589658007066542
883 2 3093.593594 45.000000 0.62607985261280252 0.071589658007066542
883 3 3093.593594 67.500000 0.62607985261280252 0.071589658007066542
884 0 3097.097097 0.000000 0.62429122528288095 0.071429659451245311
884 1 3097.097097 22.500000 0.62429122528288095 0.071429659451245311
884 2 3097.097097 45.000000 0.62429122528288095 0.071429659451245311
884 3 3097.097097 67.500000 0.62429122528288095 0.071429659451245311
885 0 3100.600601 0.000000 0.62268362200422323 0.070960015495491385
885 1 3100.600601 22.500000 0.62268362200422323 0.070960015495491385
885 2 3100.600601 45.000000 0.62268362200422323 0.070960015495491385
885 3 3100.600601 67.500000 0.62268362200422323 0.070960015495491385
886 0 3104.104104 0.000000 0.62153259555930074 0.070262071371341356
886 1 3104.104104 22.500000 0.62153259555930074 0.070262071371341356
886 2 3104.104104 45.000000 0.62153259555930074 0.070262071371341356
886 3 3104.104104 67.500000 0.62153259555930074 0.070262071371341356
887 0 3107.607608 0.000000 0.62103458066287009 0.069456207153907767
887 1 3107.607608 22.500000 0.62103458066287009 0.069456207153907767
887 2 3107.607608 45.000000 0.62103458066287009 0.069456207153907767
887 3 3107.607608 67.500000 0.62103458066287009 0.069456207153907767
888 0 3111.111111 0.000000 0.62127371891218686 0.068681082330418614
888 1 3111.111111 22.500000 0.62127371891218686 0.068681082330418614
888 2 3111.111111 45.000000 0.62127371891218686 0.068681082330418614
888 3 3111.111111 67.500000 0.62127371891218686 0.068681082330418614
889 0 3114.614615 0.000000 0.6222078568590661 0.068069785727296633
889 1 3114.614615 22.500000 0.6222078568590661 0.068069785727296633
889 2 3114.614615 45.000000 0.6222078568590661 0.068069785727296633
889 3 3114.614615 67.500000 0.6222078568590661 0.068069785727296633
890 0 3118.118118 0.000000 0.62367590904771752 0.067726991811174808
890 1 3118.118118 22.500000 0.62367590904771752 0.067726991811174808
890 2 3118.118118 45.000000 0.62367590904771752 0.067726991811174808
890 3 3118.118118 67.500000 0.62367590904771752 0.067726991811174808
891 0 3121.621622 0.000000 0.62542534175324549 0.067711043088279022
891 1 3121.621622 22.500000 0.62542534175324549 0.067711043088279022
891 2 3121.621622 45.000000 0.62542534175324549 0.067711043088279022
891 3 3121.621622 67.500000 0.62542534175324549 0.067711043088279022
892 0 3125.125125 0.000000 0.62715527960549089 0.068024024658296531
892 1 3125.125125 22.500000 0.62715527960549089 0.068024024658296531
892 2 3125.125125 45.000000 0.62715527960549089 0.068024024658296531
892 3 3125.125125 67.500000 0.62715527960549089 0.068024024658296531
893 0 3128.628629 0.000000 0.62856809237581635 0.068611518809485433
893 1 3128.628629 22.500000 0.62856809237581635 0.068611518809485433
893 2 3128.628629 45.000000 0.62856809237581635 0.068611518809485433
893 3 3128.628629 67.500000 0.62856809237581635 0.068611518809485433
894 0 3132.132132 0.000000 0.62942071545396494 0.069372062445368726
894 1 3132.132132 22.500000 0.62942071545396494 0.069372062445368726
894 2 3132.132132 45.000000 0.62942071545396494 0.069372062445368726
894 3 3132.132132 67.500000 0.62942071545396494 0.069372062445368726
895 0 3135.635636 0.000000 0.62956677307629738 0.07017466444106743
895 1 3135.635636 22.500000 0.62956677307629738 0.07017466444106743
895 2 3135.635636 45.000000 0.62956677307629738 0.07017466444106743
895 3 3135.635636 67.500000 0.62956677307629738 0.07017466444106743
896 0 3139.139139 0.000000 0.62898199817556333 0.070881359604714589
896 1 3139.139139 22.500000 0.62898199817556333 0.070881359604714589
896 2 3139.139139 45.000000 0.62898199817556333 0.070881359604714589
896 3 3139.139139 67.500000 0.62898199817556333 0.070881359604714589
897 0 3142.642643 0.000000 0.62776834057600661 0.071370917120639477
897 1 3142.642643 22.500000 0.62776834057600661 0.071370917120639477
897 2 3142.642643 45.000000 0.62776834057600661 0.071370917120639477
897 3 3142.642643 67.500000 0.62776834057600661 0.071370917120639477
898 0 3146.146146 0.000000 0.62613601468600877 0.071559630562513965
898 1 3146.146146 22.500000 0.62613601468600877 0.071559630562513965
898 2 3146.146146 45.000000 0.62613601468600877 0.071559630562513965
898 3 3146.146146 67.500000 0.62613601468600877 0.071559630562513965
899 0 3149.649650 0.000000 0.62436676837002603 0.071415625260818558
899 1 3149.649650 22.500000 0.62436676837002603 0.071415625260818558
899 2 3149.649650 45.000000 0.62436676837002603 0.071415625260818558
899 3 3149.649650 67.500000 0.62436676837002603 0.071415625260818558
900 0 3153.153153 0.000000 0.6227650062534289 0.070964238369358015
900 1 3153.153153 22.500000 0.6227650062534289 0.070964238369358015
900 2 3153.153153 45.000000 0.6227650062534289 0.070964238369358015
900 3 3153.153153 67.500000 0.6227650062534289 0.070964238369358015
901 0 3156.656657 0.000000 0.62160541347068221 0.070283564115185826
901 1 3156.656657 22.500000 0.62160541347068221 0.070283564115185826
901 2 3156.656657 45.000000 0.62160541347068221 0.070283564115185826
901 3 3156.656657 67.500000 0.62160541347068221 0.070283564115185826
902 0 3160.160160 0.000000 0.6210860990684377 0.069490946843925427
902 1 3160.160160 22.500000 0.6210860990684377 0.069490946843925427
902 2 3160.160160 45.000000 0.6210860990684377 0.069490946843925427
902 3 3160.160160 67.500000 0.6210860990684377 0.069490946843925427
903 0 3163.663664 0.000000 0.62129509277986994 0.068722757221586134
903 1 3163.663664 22.500000 0.62129509277986994 0.068722757221586134
903 2 3163.663664 45.000000 0.62129509277986994 0.068722757221586134
903 3 3163.663664 67.500000 0.62129509277986994 0.068722757221586134
904 0 3167.167167 0.000000 0.62219563858664262 0.068110936053754331
904 1 3167.167167 22.500000 0.62219563858664262 0.068110936053754331
904 2 3167.167167 45.000000 0.62219563858664262 0.068110936053754331
904 3 3167.167167 67.500000 0.62219563858664262 0.068110936053754331
905 0 3170.670671 0.000000 0.62363260161491041 0.067760339106557668
905 1 3170.670671 22.500000 0.62363260161491041 0.067760339106557668
905 2 3170.670671 45.000000 0.62363260161491041 0.067760339106557668
905 3 3170.670671 67.500000 0.62363260161491041 0.067760339106557668
906 0 3174.174174 0.000000 0.6253589067688462 0.067730771879634388
906 1 3174.174174 22.500000 0.6253589067688462 0.067730771879634388
906 2 3174.174174 45.000000 0.6253589067688462 0.067730771879634388
906 3 3174.174174 67.500000 0.6253589067688462 0.067730771879634388
907 0 3177.677678 0.000000 0.62707768871450498 0.068026791465402803
907 1 3177.677678 22.500000 0.62707768871450498 0.068026791465402803
907 2 3177.677678 45.000000 0.62707768871450498 0.068026791465402803
907 3 3177.677678 67.500000 0.62707768871450498 0.068026791465402803
908 0 3181.181181 0.000000 0.62849317662349335 0.068597013904173124
908 1 3181.181181 22.500000 0.62849317662349335 0.068597013904173124
908 2 3181.181181 45.000000 0.62849317662349335 0.068597013904173124
908 3 3181.181181 67.500000 0.62849317662349335 0.068597013904173124
909 0 3184.684685 0.000000 0.62936169414143572 0.06934303048308009
909 1 3184.684685 22.500000 0.62936169414143572 0.06934303048308009
909 2 3184.684685 45.000000 0.62936169414143572 0.06934303048308009
909 3 3184.684685 67.500000 0.62936169414143572 0.06934303048308009
910 0 3188.188188 0.000000 0.62953390572565981 0.070136386364891515
910 1 3188.188188 22.500000 0.62953390572565981 0.070136386364891515
910 2 3188.188188 45.000000 0.62953390572565981 0.070136386364891515
910 3 3188.188188 67.500000 0.62953390572565981 0.070136386364891515
911 0 3191.691692 0.000000 0.62898078398376434 0.070840693042930364
911 1 3191.691692 22.500000 0.62898078398376434 0.070840693042930364
911 2 3191.691692 45.000000 0.62898078398376434 0.070840693042930364
911 3 3191.691692 67.500000 0.62898078398376434 0.070840693042930364
912 0 3195.195195 0.000000 0.62779858882253026 0.071335069191983458
912 1 3195.195195 22.500000 0.62779858882253026 0.071335069191983458
912 2 3195.195195 45.000000 0.62779858882253026 0.071335069191983458
912 3 3195.195195 67.500000 0.62779858882253026 0.071335069191983458
913 0 3198.698699 0.000000 0.62619194563804059 0.07153488226861851
913 1 3198.698699 22.500000 0.62619194563804059 0.07153488226861851
913 2 3198.698699 45.000000 0.62619194563804059 0.07153488226861851
913 3 3198.698699 67.500000 0.62619194563804059 0.07153488226861851
914 0 3202.202202 0.000000 0.62443811142572347 0.071406232845598522
914 1 3202.202202 22.500000 0.62443811142572347 0.071406232845598522
914 2 3202.202202 45.000000 0.62443811142572347 0.071406232845598522
914 3 3202.202202 67.500000 0.62443811142572347 0.071406232845598522
915 0 3205.705706 0.000000 0.62283888069789939 0.070971703472505296
915 1 3205.705706 22.500000 0.62283888069789939 0.070971703472505296
915 2 3205.705706 45.000000 0.62283888069789939 0.070971703472505296
915 3 3205.705706 67.500000 0.62283888069789939 0.070971703472505296
916 0 3209.209209 0.000000 0.62166864262579413 0.070306397553864391
916 1 3209.209209 22.500000 0.62166864262579413 0.070306397553864391
916 2 3209.209209 45.000000 0.62166864262579413 0.070306397553864391
916 3 3209.209209 67.500000 0.62166864262579413 0.070306397553864391
917 0 3212.712713 0.000000 0.62112754273146176 0.069524962557024741
917 1 3212.712713 22.500000 0.62112754273146176 0.069524962557024741
917 2 3212.712713 45.000000 0.62112754273146176 0.069524962557024741
917 3 3212.712713 67.500000 0.62112754273146176 0.069524962557024741
918 0 3216.216216 0.000000 0.62130759147271652 0.06876183906818685
918 1 3216.216216 22.500000 0.62130759147271652 0.06876183906818685
918 2 3216.216216 45.000000 0.62130759147271652 0.06876183906818685
918 3 3216.216216 67.500000 0.62130759147271652 0.06876183906818685
919 0 3219.719720 0.000000 0.62217723862738761 0.068148137356702887
919 1 3219.719720 22.500000 0.62217723862738761 0.068148137356702887
919 2 3219.719720 45.000000 0.62217723862738761 0.068148137356702887
919 3 3219.719720 67.500000 0.62217723862738761 0.068148137356702887
920 0 3223.223223 0.000000 0.62358685642008682 0.067789117552796332
920 1 3223.223223 22.500000 0.62358685642008682 0.067789117552796332
920 2 3223.223223 45.000000 0.62358685642008682 0.067789117552796332
920 3 3223.223223 67.500000 0.62358685642008682 0.067789117552796332
921 0 3226.726727 0.000000 0.62529420705838323 0.067746140476649161
921 1 3226.726727 22.500000 0.62529420705838323 0.067746140476649161
921 2 3226.726727 45.000000 0.62529420705838323 0.067746140476649161
921 3 3226.726727 67.500000 0.62529420705838323 0.067746140476649161
922 0 3230.230230 0.000000 0.62700573997810671 0.068026183229267526
922 1 3230.230230 22.500000 0.62700573997810671 0.068026183229267526
922 2 3230.230230 45.000000 0.62700573997810671 0.068026183229267526
922 3 3230.230230 67.500000 0.62700573997810671 0.068026183229267526
923 0 3233.733734 0.000000 0.62842689162982834 0.068580710455301924
923 1 3233.733734 22.500000 0.62842689162982834 0.068580710455301924
923 2 3233.733734 45.000000 0.62842689162982834 0.068580710455301924
923 3 3233.733734 67.500000 0.62842689162982834 0.068580710455301924
924 0 3237.237237 0.000000 0.62931287570125094 0.069314083157549583
924 1 3237.237237 22.500000 0.62931287570125094 0.069314083157549583
924 2 3237.237237 45.000000 0.62931287570125094 0.069314083157549583
924 3 3237.237237 67.500000 0.62931287570125094 0.069314083157549583
925 0 3240.740741 0.000000 0.62951113774918865 0.070100048736035273
925 1 3240.740741 22.500000 0.62951113774918865 0.070100048736035273
925 2 3240.740741 45.000000 0.62951113774918865 0.070100048736035273
925 3 3240.740741 67.500000 0.62951113774918865 0.070100048736035273
926 0 3244.244244 0.000000 0.62898791422845879 0.070803469851961551
926 1 3244.244244 22.500000 0.62898791422845879 0.070803469851961551
926 2 3244.244244 45.000000 0.62898791422845879 0.070803469851961551
926 3 3244.244244 67.500000 0.62898791422845879 0.070803469851961551
927 0 3247.747748 0.000000 0.62783407756315435 0.071303553452232299
927 1 3247.747748 22.500000 0.62783407756315435 0.071303553452232299
927 2 3247.747748 45.000000 0.62783407756315435 0.071303553452232299
927 3 3247.747748 67.500000 0.62783407756315435 0.071303553452232299
928 0 3251.251251 0.000000 0.62624919147146552 0.071514588126653789
928 1 3251.251251 22.500000 0.62624919147146552 0.071514588126653789
928 2 3251.251251 45.000000 0.62624919147146552 0.071514588126653789
928 3 3251.251251 67.500000 0.62624919147146552 0.071514588126653789
929 0 3254.754755 0.000000 0.62450668260762787 0.071400630607894131
929 1 3254.754755 22.500000 0.62450668260762787 0.071400630607894131
929 2 3254.754755 45.000000 0.62450668260762787 0.071400630607894131
929 3 3254.754755 67.500000 0.62450668260762787 0.071400630607894131
930 0 3258.258258 0.000000 0.62290641592106288 0.070981625573582605
930 1 3258.258258 22.500000 0.62290641592106288 0.070981625573582605
930 2 3258.258258 45.000000 0.62290641592106288 0.070981625573582605
930 3 3258.258258 67.500000 0.62290641592106288 0.070981625573582605
931 0 3261.761762 0.000000 0.62172307067492893 0.070329917117205681
931 1 3261.761762 22.500000 0.62172307067492893 0.070329917117205681
931 2 3261.761762 45.000000 0.62172307067492893 0.070329917117205681
931 3 3261.761762 67.500000 0.62172307067492893 0.070329917117205681
932 0 3265.265265 0.000000 0.62115922393131051 0.069557761697563239
932 1 3265.265265 22.500000 0.62115922393131051 0.069557761697563239
932 2 3265.265265 45.000000 0.62115922393131051 0.069557761697563239
932 3 3265.265265 67.500000 0.62115922393131051 0.069557761697563239
933 0 3268.768769 0.000000 0.62131100780302506 0.068797997286005927
933 1 3268.768769 22.500000 0.62131100780302506 0.068797997286005927
933 2 3268.768769 45.000000 0.62131100780302506 0.068797997286005927
933 3 3268.768769 67.500000 0.62131100780302506 0.068797997286005927
934 0 3272.272272 0.000000 0.62215194413870423 0.068181196637362398
934 1 3272.272272 22.500000 0.62215194413870423 0.068181196637362398
934 2 3272.272272 45.000000 0.62215194413870423 0.068181196637362398
934 3 3272.272272 67.500000 0.62215194413870423 0.068181196637362398
935 0 3275.775776 0.000000 0.62353752841620669 0.067813233047790591
935 1 3275.775776 22.500000 0.62353752841620669 0.067813233047790591
935 2 3275.775776 45.000000 0.62353752841620669 0.067813233047790591
935 3 3275.775776 67.500000 0.62353752841620669 0.067813233047790591
936 0 3279.279279 0.000000 0.62522979148198943 0.067757112117069043
936 1 3279.279279 22.500000 0.62522979148198943 0.067757112117069043
936 2 3279.279279 45.000000 0.62522979148198943 0.067757112117069043
936 3 3279.279279 67.500000 0.62522979148198943 0.067757112117069043
937 0 3282.782783 0.000000 0.6269378397651526 0.068022186440965263
937 1 3282.782783 22.500000 0.6269378397651526 0.068022186440965263
937 2 3282.782783 45.000000 0.6269378397651526 0.068022186440965263
937 3 3282.782783 67.500000 0.6269378397651526 0.068022186440965263
938 0 3286.286286 0.000000 0.62836768097233264 0.068562598967566543
938 1 3286.286286 22.500000 0.62836768097233264 0.068562598967566543
938 2 3286.286286 45.000000 0.62836768097233264 0.068562598967566543
938 3 3286.286286 67.500000 0.62836768097233264 0.068562598967566543
939 0 3289.789790 0.000000 0.62927291233407789 0.069285213774875981
939 1 3289.789790 22.500000 0.62927291233407789 0.069285213774875981
939 2 3289.789790 45.000000 0.62927291233407789 0.069285213774875981
939 3 3289.789790 67.500000 0.62927291233407789 0.069285213774875981
940 0 3293.293293 0.000000 0.62949746968555687 0.070065663093900887
940 1 3293.293293 22.500000 0.62949746968555687 0.070065663093900887
940 2 3293.293293 45.000000 0.62949746968555687 0.070065663093900887
940 3 3293.293293 67.500000 0.62949746968555687 0.070065663093900887
941 0 3296.796797 0.000000 0.6290028272939151 0.070769746461910185
941 1 3296.796797 22.500000 0.6290028272939151 0.070769746461910185
941 2 3296.796797 45.000000 0.6290028272939151 0.070769746461910185
941 3 3296.796797 67.500000 0.6290028272939151 0.070769746461910185
942 0 3300.300300 0.000000 0.62787471182212384 0.071276500945347848
942 1 3300.300300 22.500000 0.62787471182212384 0.071276500945347848
942 2 3300.300300 45.000000 0.62787471182212384 0.071276500945347848
942 3 3300.300300 67.500000 0.62787471182212384 0.071276500945347848
943 0 3303.803804 0.000000 0.62630809103091845 0.07149897747531056
943 1 3303.803804 22.500000 0.62630809103091845 0.07149897747531056
943 2 3303.803804 45.000000 0.62630809103091845 0.07149897747531056
943 3 3303.803804 67.500000 0.62630809103091845 0.07149897747531056
944 0 3307.307307 0.000000 0.6245731686659699 0.071399155704602507
944 1 3307.307307 22.500000 0.6245731686659699 0.071399155704602507
944 2 3307.307307 45.000000 0.6245731686659699 0.071399155704602507
944 3 3307.307307 67.500000 0.6245731686659699 0.071399155704602507
945 0 3310.810811 0.000000 0.62296852365504296 0.070994439612746416
945 1 3310.810811 22.500000 0.62296852365504296 0.070994439612746416
945 2 3310.810811 45.000000 0.62296852365504296 0.070994439612746416
945 3 3310.810811 67.500000 0.62296852365504296 0.070994439612746416
946 0 3314.314314 0.000000 0.62176969500964996 0.070354624428870444
946 1 3314.314314 22.500000 0.62176969500964996 0.070354624428870444
946 2 3314.314314 45.000000 0.62176969500964996 0.070354624428870444
946 3 3314.314314 67.500000 0.62176969500964996 0.070354624428870444
947 0 3317.817818 0.000000 0.62118209155651272 0.069589863221142134
947 1 3317.817818 22.500000 0.62118209155651272 0.069589863221142134
947 2 3317.817818 45.000000 0.62118209155651272 0.069589863221142134
947 3 3317.817818 67.500000 0.62118209155651272 0.069589863221142134
948 0 3321.321321 0.000000 0.62130613221427156 0.068831707287056884
948 1 3321.321321 22.500000 0.62130613221427156 0.068831707287056884
948 2 3321.321321 45.000000 0.62130613221427156 0.068831707287056884
948 3 3321.321321 67.500000 0.62130613221427156 0.068831707287056884
949 0 3324.824825 0.000000 0.62212031516919097 0.068210482852843674
949 1 3324.824825 22.500000 0.62212031516919097 0.068210482852843674
949 2 3324.824825 45.000000 0.62212031516919097 0.068210482852843674
949 3 3324.824825 67.500000 0.62212031516919097 0.068210482852843674
950 0 3328.328328 0.000000 0.62348491999370048 0.067832893705988134
950 1 3328.328328 22.500000 0.62348491999370048 0.067832893705988134
950 2 3328.328328 45.000000 0.62348491999370048 0.067832893705988134
950 3 3328.328328 67.500000 0.62348491999370048 0.067832893705988134
951 0 3331.831832 0.000000 0.62516572120143055 0.067763697925890556
951 1 3331.831832 22.500000 0.62516572120143055 0.067763697925890556
951 2 3331.831832 45.000000 0.62516572120143055 0.067763697925890556
951 3 3331.831832 67.500000 0.62516572120143055 0.067763697925890556
952 0 3335.335335 0.000000 0.62687386005162848 0.068014604417700672
952 1 3335.335335 22.500000 0.62687386005162848 0.068014604417700672
952 2 3335.335335 45.000000 0.62687386005162848 0.068014604417700672
952 3 3335.335335 67.500000 0.62687386005162848 0.068014604417700672
953 0 3338.838839 0.000000 0.62831530164833227 0.068542292579319139
953 1 3338.838839 22.500000 0.62831530164833227 0.068542292579319139
953 2 3338.838839 45.000000 0.62831530164833227 0.068542292579319139
953 3 3338.838839 67.500000 0.62831530164833227 0.068542292579319139
954 0 3342.342342 0.000000 0.62924152618870177 0.069255889873245796
954 1 3342.342342 22.500000 0.62924152618870177 0.069255889873245796
954 2 3342.342342 45.000000 0.62924152618870177 0.069255889873245796
954 3 3342.342342 67.500000 0.62924152618870177 0.069255889873245796
955 0 3345.845846 0.000000 0.62949265888001238 0.07003261695110248
955 1 3345.845846 22.500000 0.62949265888001238 0.07003261695110248
955 2 3345.845846 45.000000 0.62949265888001238 0.07003261695110248
955 3 3345.845846 67.500000 0.62949265888001238 0.07003261695110248
956 0 3349.349349 0.000000 0.62902536284066224 0.070738907460285272
956 1 3349.349349 22.500000 0.62902536284066224 0.070738907460285272
956 2 3349.349349 45.000000 0.62902536284066224 0.070738907460285272
956 3 3349.349349 67.500000 0.62902536284066224 0.070738907460285272
957 0 3352.852853 0.000000 0.62792043037274103 0.071253370528183008
957 1 3352.852853 22.500000 0.62792043037274103 0.071253370528183008
957 2 3352.852853 45.000000 0.62792043037274103 0.071253370528183008
957 3 3352.852853 67.500000 0.62792043037274103 0.071253370528183008
958 0 3356.356356 0.000000 0.62636866790248569 0.071487649230640646
958 1 3356.356356 22.500000 0.62636866790248569 0.071487649230640646
958 2 3356.356356 45.000000 0.62636866790248569 0.071487649230640646
958 3 3356.356356 67.500000 0.62636866790248569 0.071487649230640646
959 0 3359.859860 0.000000 0.62463763829626595 0.071401591835610512
959 1 3359.859860 22.500000 0.62463763829626595 0.071401591835610512
959 2 3359.859860 45.000000 0.62463763829626595 0.071401591835610512
959 3 3359.859860 67.500000 0.62463763829626595 0.071401591835610512
960 0 3363.363363 0.000000 0.62302526336522912 0.071010131494088469
960 1 3363.363363 22.500000 0.62302526336522912 0.071010131494088469
960 2 3363.363363 45.000000 0.62302526336522912 0.071010131494088469
960 3 3363.363363 67.500000 0.62302526336522912 0.071010131494088469
961 0 3366.866867 0.000000 0.62180851041294061 0.070380695887118205
961 1 3366.866867 22.500000 0.62180851041294061 0.070380695887118205
961 2 3366.866867 45.000000 0.62180851041294061 0.070380695887118205
961 3 3366.866867 67.500000 0.62180851041294061 0.070380695887118205
962 0 3370.370370 0.000000 0.62119603267123336 0.069621596000425584
962 1 3370.370370 22.500000 0.62119603267123336 0.069621596000425584
962 2 3370.370370 45.000000 0.62119603267123336 0.069621596000425584
962 3 3370.370370 67.500000 0.62119603267123336 0.069621596000425584
963 0 3373.873874 0.000000 0.62129272430097482 0.068863393001727419
963 1 3373.873874 22.500000 0.62129272430097482 0.068863393001727419
963 2 3373.873874 45.000000 0.62129272430097482 0.068863393001727419
963 3 3373.873874 67.500000 0.62129272430097482 0.068863393001727419
964 0 3377.377377 0.000000 0.622081993475049 0.06823644794579381
964 1 3377.377377 22.500000 0.622081993475049 0.06823644794579381
964 2 3377.377377 45.000000 0.622081993475049 0.06823644794579381
964 3 3377.377377 67.500000 0.622081993475049 0.06823644794579381
965 0 3380.880881 0.000000 0.62342859419098895 0.06784851373636544
965 1 3380.880881 22.500000 0.62342859419098895 0.06784851373636544
965 2 3380.880881 45.000000 0.62342859419098895 0.06784851373636544
965 3 3380.880881 67.500000 0.62342859419098895 0.06784851373636544
966 0 3384.384384 0.000000 0.62510154315231059 0.067766220167150351
966 1 3384.384384 22.500000 0.62510154315231059 0.067766220167150351
966 2 3384.384384 45.000000 0.62510154315231059 0.067766220167150351
966 3 3384.384384 67.500000 0.62510154315231059 0.067766220167150351
967 0 3387.887888 0.000000 0.62681340671762242 0.068003632655096999
967 1 3387.887888 22.500000 0.62681340671762242 0.068003632655096999
967 2 3387.887888 45.000000 0.62681340671762242 0.068003632655096999
967 3 3387.887888 67.500000 0.62681340671762242 0.068003632655096999
968 0 3391.391391 0.000000 0.62826949186888292 0.068519848817520199
968 1 3391.391391 22.500000 0.62826949186888292 0.068519848817520199
968 2 3391.391391 45.000000 0.62826949186888292 0.068519848817520199
968 3 3391.391391 67.500000 0.62826949186888292 0.068519848817520199
969 0 3394.894895 0.000000 0.62921864510248271 0.069226043473172225
969 1 3394.894895 22.500000 0.62921864510248271 0.069226043473172225
969 2 3394.894895 45.000000 0.62921864510248271 0.069226043473172225
969 3 3394.894895 67.500000 0.62921864510248271 0.069226043473172225
970 0 3398.398398 0.000000 0.62949685207359551 0.070000748953465891
970 1 3398.398398 22.500000 0.62949685207359551 0.070000748953465891
970 2 3398.398398 45.000000 0.62949685207359551 0.070000748953465891
970 3 3398.398398 67.500000 0.62949685207359551 0.070000748953465891
971 0 3401.901902 0.000000 0.62905588075311714 0.070710742754414524
971 1 3401.901902 22.500000 0.62905588075311714 0.070710742754414524
971 2 3401.901902 45.000000 0.62905588075311714 0.070710742754414524
971 3 3401.901902 67.500000 0.62905588075311714 0.070710742754414524
972 0 3405.405405 0.000000 0.62797176478300598 0.071233951560763495
972 1 3405.405405 22.500000 0.62797176478300598 0.071233951560763495
972 2 3405.405405 45.000000 0.62797176478300598 0.071233951560763495
972 3 3405.405405 67.500000 0.62797176478300598 0.071233951560763495
973 0 3408.908909 0.000000 0.62643155406634921 0.0714804348760118
973 1 3408.908909 22.500000 0.62643155406634921 0.0714804348760118
973 2 3408.908909 45.000000 0.62643155406634921 0.0714804348760118
973 3 3408.908909 67.500000 0.62643155406634921 0.0714804348760118
974 0 3412.412412 0.000000 0.62470073416448857 0.071407842184257303
974 1 3412.412412 22.500000 0.62470073416448857 0.071407842184257303
974 2 3412.412412 45.000000 0.62470073416448857 0.071407842184257303
974 3 3412.412412 67.500000 0.62470073416448857 0.071407842184257303
975 0 3415.915916 0.000000 0.62307719496196312 0.071028687821696107
975 1 3415.915916 22.500000 0.62307719496196312 0.071028687821696107
975 2 3415.915916 45.000000 0.62307719496196312 0.071028687821696107
975 3 3415.915916 67.500000 0.62307719496196312 0.071028687821696107
976 0 3419.419419 0.000000 0.62183991237073344 0.070408194196026869
976 1 3419.419419 22.500000 0.62183991237073344 0.070408194196026869
976 2 3419.419419 45.000000 0.62183991237073344 0.070408194196026869
976 3 3419.419419 67.500000 0.62183991237073344 0.070408194196026869
977 0 3422.922923 0.000000 0.62120122199624506 0.069653074962651981
977 1 3422.922923 22.500000 0.62120122199624506 0.069653074962651981
977 2 3422.922923 45.000000 0.62120122199624506 0.069653074962651981
977 3 3422.922923 67.500000 0.62120122199624506 0.069653074962651981
978 0 3426.426426 0.000000 0.62127071634879061 0.068893186727280564
978 1 3426.426426 22.500000 0.62127071634879061 0.068893186727280564
978 2 3426.426426 45.000000 0.62127071634879061 0.068893186727280564
978 3 3426.426426 67.500000 0.62127071634879061 0.068893186727280564
979 0 3429.929930 0.000000 0.62203668548296842 0.068259203297910451
979 1 3429.929930 22.500000 0.62203668548296842 0.068259203297910451
979 2 3429.929930 45.000000 0.62203668548296842 0.068259203297910451
979 3 3429.929930 67.500000 0.62203668548296842 0.068259203297910451
980 0 3433.433433 0.000000 0.62336808358036466 0.067860149927406396
980 1 3433.433433 22.500000 0.62336808358036466 0.067860149927406396
980 2 3433.433433 45.000000 0.62336808358036466 0.067860149927406396
980 3 3433.433433 67.500000 0.62336808358036466 0.067860149927406396
981 0 3436.936937 0.000000 0.6250366946746494 0.06776465897196822
981 1 3436.936937 22.500000 0.6250366946746494 0.06776465897196822
981 2 3436.936937 45.000000 0.6250366946746494 0.06776465897196822
981 3 3436.936937 67.500000 0.6250366946746494 0.06776465897196822
982 0 3440.440440 0.000000 0.62675591371563399 0.067989168832631841
982 1 3440.440440 22.500000 0.62675591371563399 0.067989168832631841
982 2 3440.440440 45.000000 0.62675591371563399 0.067989168832631841
982 3 3440.440440 67.500000 0.62675591371563399 0.067989168832631841
983 0 3443.943944 0.000000 0.62822977154609771 0.068495094833106965
983 1 3443.943944 22.500000 0.62822977154609771 0.068495094833106965
983 2 3443.943944 45.000000 0.62822977154609771 0.068495094833106965
983 3 3443.943944 67.500000 0.62822977154609771 0.068495094833106965
984 0 3447.447447 0.000000 0.62920394652531364 0.069195458823145525
984 1 3447.447447 22.500000 0.62920394652531364 0.069195458823145525
984 2 3447.447447 45.000000 0.62920394652531364 0.069195458823145525
984 3 3447.447447 67.500000 0.62920394652531364 0.069195458823145525
985 0 3450.950951 0.000000 0.62950992603586808 0.069969838693395792
985 1 3450.950951 22.500000 0.62950992603586808 0.069969838693395792
985 2 3450.950951 45.000000 0.62950992603586808 0.069969838693395792
985 3 3450.950951 67.500000 0.62950992603586808 0.069969838693395792
986 0 3454.454454 0.000000 0.62909446257077983 0.070685068958157987
986 1 3454.454454 22.500000 0.62909446257077983 0.070685068958157987
986 2 3454.454454 45.000000 0.62909446257077983 0.070685068958157987
986 3 3454.454454 67.500000 0.62909446257077983 0.070685068958157987
987 0 3457.957958 0.000000 0.62802897064269725 0.071218134841054367
987 1 3457.957958 22.500000 0.62802897064269725 0.071218134841054367
987 2 3457.957958 45.000000 0.62802897064269725 0.071218134841054367
987 3 3457.957958 67.500000 0.62802897064269725 0.071218134841054367
988 0 3461.461461 0.000000 0.6264971190201859 0.071477324824848684
988 1 3461.461461 22.500000 0.6264971190201859 0.071477324824848684
988 2 3461.461461 45.000000 0.6264971190201859 0.071477324824848684
988 3 3461.461461 67.500000 0.6264971190201859 0.071477324824848684
989 0 3464.964965 0.000000 0.62476286205167442 0.071418005343258137
989 1 3464.964965 22.500000 0.62476286205167442 0.071418005343258137
989 2 3464.964965 45.000000 0.62476286205167442 0.071418005343258137
989 3 3464.964965 67.500000 0.62476286205167442 0.071418005343258137
990 0 3468.468468 0.000000 0.62312468019323219 0.071050304975159545
990 1 3468.468468 22.500000 0.62312468019323219 0.071050304975159545
990 2 3468.468468 45.000000 0.62312468019323219 0.071050304975159545
990 3 3468.468468 67.500000 0.62312468019323219 0.071050304975159545
991 0 3471.971972 0.000000 0.62186415044756693 0.070437385540331993
991 1 3471.971972 22.500000 0.62186415044756693 0.070437385540331993
991 2 3471.971972 45.000000 0.62186415044756693 0.070437385540331993
991 3 3471.971972 67.500000 0.62186415044756693 0.070437385540331993
992 0 3475.475475 0.000000 0.62119775317999726 0.069684595124663615
992 1 3475.475475 22.500000 0.62119775317999726 0.069684595124663615
992 2 3475.475475 45.000000 0.62119775317999726 0.069684595124663615
992 3 3475.475475 67.500000 0.62119775317999726 0.069684595124663615
993 0 3478.978979 0.000000 0.62124003431113084 0.068921365361807416
993 1 3478.978979 22.500000 0.62124003431113084 0.068921365361807416
993 2 3478.978979 45.000000 0.62124003431113084 0.068921365361807416
993 3 3478.978979 67.500000 0.62124003431113084 0.068921365361807416
994 0 3482.482482 0.000000 0.62198417120445304 0.068278962931166906
994 1 3482.482482 22.500000 0.62198417120445304 0.068278962931166906
994 2 3482.482482 45.000000 0.62198417120445304 0.068278962931166906
994 3 3482.482482 67.500000 0.62198417120445304 0.068278962931166906
995 0 3485.985986 0.000000 0.62330307291516807 0.067867918719260942
995 1 3485.985986 22.500000 0.62330307291516807 0.067867918719260942
995 2 3485.985986 45.000000 0.62330307291516807 0.067867918719260942
995 3 3485.985986 67.500000 0.62330307291516807 0.067867918719260942
996 0 3489.489489 0.000000 0.62497083491551986 0.06775901467231063
996 1 3489.489489 22.500000 0.62497083491551986 0.06775901467231063
996 2 3489.489489 45.000000 0.62497083491551986 0.06775901467231063
996 3 3489.489489 67.500000 0.62497083491551986 0.06775901467231063
997 0 3492.992993 0.000000 0.62670108964202842 0.067971098117300316
997 1 3492.992993 22.500000 0.62670108964202842 0.067971098117300316
997 2 3492.992993 45.000000 0.62670108964202842 0.067971098117300316
997 3 3492.992993 67.500000 0.62670108964202842 0.067971098117300316
998 0 3496.496496 0.000000 0.62819596447733661 0.068467820897166784
998 1 3496.496496 22.500000 0.62819596447733661 0.068467820897166784
998 2 3496.496496 45.000000 0.62819596447733661 0.068467820897166784
998 3 3496.496496 67.500000 0.62819596447733661 0.068467820897166784
999 0 3500.000000 0.000000 0.62919741281867525 0.069163867337171378
999 1 3500.000000 22.500000 0.62919741281867525 0.069163867337171378
999 2 3500.000000 45.000000 0.62919741281867525 0.069163867337171378
999 3 3500.000000 67.500000 0.62919741281867525 0.069163867337171378
