# Nx=1000 Ny=4 Lx=3500.0 Ly=67.5 lambda=13.50
# i j x_nm y_nm |E|^2 Re(Ey)
0 0 0.000000 0.000000 0.62458828607607486 0.049621647698073972
0 1 0.000000 22.500000 0.62458828607607486 0.049621647698073972
0 2 0.000000 45.000000 0.62458828607607486 0.049621647698073972
0 3 0.000000 67.500000 0.62458828607607486 0.049621647698073972
1 0 3.503504 0.000000 0.62410011345762506 0.049127542123145809
1 1 3.503504 22.500000 0.62410011345762506 0.049127542123145809
1 2 3.503504 45.000000 0.62410011345762506 0.049127542123145809
1 3 3.503504 67.500000 0.62410011345762506 0.049127542123145809
2 0 7.007007 0.000000 0.62303450381355063 0.048642682029102741
2 1 7.007007 22.500000 0.62303450381355063 0.048642682029102741
2 2 7.007007 45.000000 0.62303450381355063 0.048642682029102741
2 3 7.007007 67.500000 0.62303450381355063 0.048642682029102741
3 0 10.510511 0.000000 0.62157600933298374 0.048250388905472924
3 1 10.510511 22.500000 0.62157600933298374 0.048250388905472924
3 2 10.510511 45.000000 0.62157600933298374 0.048250388905472924
3 3 10.510511 67.500000 0.62157600933298374 0.048250388905472924
4 0 14.014014 0.000000 0.61997622368986982 0.048018028406757896
4 1 14.014014 22.500000 0.61997622368986982 0.048018028406757896
4 2 14.014014 45.000000 0.61997622368986982 0.048018028406757896
4 3 14.014014 67.500000 0.61997622368986982 0.048018028406757896
5 0 17.517518 0.000000 0.61851018894954424 0.047985444988237785
5 1 17.517518 22.500000 0.61851018894954424 0.047985444988237785
5 2 17.517518 45.000000 0.61851018894954424 0.047985444988237785
5 3 17.517518 67.500000 0.61851018894954424 0.047985444988237785
6 0 21.021021 0.000000 0.61742926641489571 0.04815813125480789
6 1 21.021021 22.500000 0.61742926641489571 0.04815813125480789
6 2 21.021021 45.000000 0.61742926641489571 0.04815813125480789
6 3 21.021021 67.500000 0.61742926641489571 0.04815813125480789
7 0 24.524525 0.000000 0.6169184487565994 0.048506302722821033
7 1 24.524525 22.500000 0.6169184487565994 0.048506302722821033
7 2 24.524525 45.000000 0.6169184487565994 0.048506302722821033
7 3 24.524525 67.500000 0.6169184487565994 0.048506302722821033
8 0 28.028028 0.000000 0.61706509715619229 0.048970033741255123
8 1 28.028028 22.500000 0.61706509715619229 0.048970033741255123
8 2 28.028028 45.000000 0.61706509715619229 0.048970033741255123
8 3 28.028028 67.500000 0.61706509715619229 0.048970033741255123
9 0 31.531532 0.000000 0.61784412753810569 0.049469569166967195
9 1 31.531532 22.500000 0.61784412753810569 0.049469569166967195
9 2 31.531532 45.000000 0.61784412753810569 0.049469569166967195
9 3 31.531532 67.500000 0.61784412753810569 0.049469569166967195
10 0 35.035035 0.000000 0.61912207586764889 0.049919037839458939
10 1 35.035035 22.500000 0.61912207586764889 0.049919037839458939
10 2 35.035035 45.000000 0.61912207586764889 0.049919037839458939
10 3 35.035035 67.500000 0.61912207586764889 0.049919037839458939
11 0 38.538539 0.000000 0.6206795340076513 0.050241210458512327
11 1 38.538539 22.500000 0.6206795340076513 0.050241210458512327
11 2 38.538539 45.000000 0.6206795340076513 0.050241210458512327
11 3 38.538539 67.500000 0.6206795340076513 0.050241210458512327
12 0 42.042042 0.000000 0.62224846641845977 0.050380766174547495
12 1 42.042042 22.500000 0.62224846641845977 0.050380766174547495
12 2 42.042042 45.000000 0.62224846641845977 0.050380766174547495
12 3 42.042042 67.500000 0.62224846641845977 0.050380766174547495
13 0 45.545546 0.000000 0.62355828963132442 0.050313789484522614
13 1 45.545546 22.500000 0.62355828963132442 0.050313789484522614
13 2 45.545546 45.000000 0.62355828963132442 0.050313789484522614
13 3 45.545546 67.500000 0.62355828963132442 0.050313789484522614
14 0 49.049049 0.000000 0.6243828193941483 0.050051867508853209
14 1 49.049049 22.500000 0.6243828193941483 0.050051867508853209
14 2 49.049049 45.000000 0.6243828193941483 0.050051867508853209
14 3 49.049049 67.500000 0.6243828193941483 0.050051867508853209
15 0 52.552553 0.000000 0.62457974948172701 0.049640085878033001
15 1 52.552553 22.500000 0.62457974948172701 0.049640085878033001
15 2 52.552553 45.000000 0.62457974948172701 0.049640085878033001
15 3 52.552553 67.500000 0.62457974948172701 0.049640085878033001
16 0 56.056056 0.000000 0.62411549083929219 0.049149269776711774
16 1 56.056056 22.500000 0.62411549083929219 0.049149269776711774
16 2 56.056056 45.000000 0.62411549083929219 0.049149269776711774
16 3 56.056056 67.500000 0.62411549083929219 0.049149269776711774
17 0 59.559560 0.000000 0.62307084997972917 0.048663805102372802
17 1 59.559560 22.500000 0.62307084997972917 0.048663805102372802
17 2 59.559560 45.000000 0.62307084997972917 0.048663805102372802
17 3 59.559560 67.500000 0.62307084997972917 0.048663805102372802
18 0 63.063063 0.000000 0.62162661946416431 0.048267133474256166
18 1 63.063063 22.500000 0.62162661946416431 0.048267133474256166
18 2 63.063063 45.000000 0.62162661946416431 0.048267133474256166
18 3 63.063063 67.500000 0.62162661946416431 0.048267133474256166
19 0 66.566567 0.000000 0.62003187683250816 0.048027413745072599
19 1 66.566567 22.500000 0.62003187683250816 0.048027413745072599
19 2 66.566567 45.000000 0.62003187683250816 0.048027413745072599
19 3 66.566567 67.500000 0.62003187683250816 0.048027413745072599
20 0 70.070070 0.000000 0.6185608243697035 0.047985813329445015
20 1 70.070070 22.500000 0.6185608243697035 0.047985813329445015
20 2 70.070070 45.000000 0.6185608243697035 0.047985813329445015
20 3 70.070070 67.500000 0.6185608243697035 0.047985813329445015
21 0 73.573574 0.000000 0.61746578731013668 0.048149440234949104
21 1 73.573574 22.500000 0.61746578731013668 0.048149440234949104
21 2 73.573574 45.000000 0.61746578731013668 0.048149440234949104
21 3 73.573574 67.500000 0.61746578731013668 0.048149440234949104
22 0 77.077077 0.000000 0.61693433713294432 0.048490128981052545
22 1 77.077077 22.500000 0.61693433713294432 0.048490128981052545
22 2 77.077077 45.000000 0.61693433713294432 0.048490128981052545
22 3 77.077077 67.500000 0.61693433713294432 0.048490128981052545
23 0 80.580581 0.000000 0.61705756392447142 0.048949287704700903
23 1 80.580581 22.500000 0.61705756392447142 0.048949287704700903
23 2 80.580581 45.000000 0.61705756392447142 0.048949287704700903
23 3 80.580581 67.500000 0.61705756392447142 0.048949287704700903
24 0 84.084084 0.000000 0.61781460225988816 0.049447972481719241
24 1 84.084084 22.500000 0.61781460225988816 0.049447972481719241
24 2 84.084084 45.000000 0.61781460225988816 0.049447972481719241
24 3 84.084084 67.500000 0.61781460225988816 0.049447972481719241
25 0 87.587588 0.000000 0.6190759493652892 0.049900457080856872
25 1 87.587588 22.500000 0.6190759493652892 0.049900457080856872
25 2 87.587588 45.000000 0.6190759493652892 0.049900457080856872
25 3 87.587588 67.500000 0.6190759493652892 0.049900457080856872
26 0 91.091091 0.000000 0.62062519179582387 0.050228966180857315
26 1 91.091091 22.500000 0.62062519179582387 0.050228966180857315
26 2 91.091091 45.000000 0.62062519179582387 0.050228966180857315
26 3 91.091091 67.500000 0.62062519179582387 0.050228966180857315
27 0 94.594595 0.000000 0.62219577583355345 0.050377040550568387
27 1 94.594595 22.500000 0.62219577583355345 0.050377040550568387
27 2 94.594595 45.000000 0.62219577583355345 0.050377040550568387
27 3 94.594595 67.500000 0.62219577583355345 0.050377040550568387
28 0 98.098098 0.000000 0.62351680786838182 0.050319238027354274
28 1 98.098098 22.500000 0.62351680786838182 0.050319238027354274
28 2 98.098098 45.000000 0.62351680786838182 0.050319238027354274
28 3 98.098098 67.500000 0.62351680786838182 0.050319238027354274
29 0 101.601602 0.000000 0.62436005028914643 0.050065503855142315
29 1 101.601602 22.500000 0.62436005028914643 0.050065503855142315
29 2 101.601602 45.000000 0.62436005028914643 0.050065503855142315
29 3 101.601602 67.500000 0.62436005028914643 0.050065503855142315
30 0 105.105105 0.000000 0.62457977548052146 0.049659459860953811
30 1 105.105105 22.500000 0.62457977548052146 0.049659459860953811
30 2 105.105105 45.000000 0.62457977548052146 0.049659459860953811
30 3 105.105105 67.500000 0.62457977548052146 0.049659459860953811
31 0 108.608609 0.000000 0.62413823802295709 0.049170906720299119
31 1 108.608609 22.500000 0.62413823802295709 0.049170906720299119
31 2 108.608609 45.000000 0.62413823802295709 0.049170906720299119
31 3 108.608609 67.500000 0.62413823802295709 0.049170906720299119
32 0 112.112112 0.000000 0.62311212092821711 0.04868382773323543
32 1 112.112112 22.500000 0.62311212092821711 0.04868382773323543
32 2 112.112112 45.000000 0.62311212092821711 0.04868382773323543
32 3 112.112112 67.500000 0.62311212092821711 0.04868382773323543
33 0 115.615616 0.000000 0.62167887916534514 0.048281955349846375
33 1 115.615616 22.500000 0.62167887916534514 0.048281955349846375
33 2 115.615616 45.000000 0.62167887916534514 0.048281955349846375
33 3 115.615616 67.500000 0.62167887916534514 0.048281955349846375
34 0 119.119119 0.000000 0.62008563520233118 0.048034380412858291
34 1 119.119119 22.500000 0.62008563520233118 0.048034380412858291
34 2 119.119119 45.000000 0.62008563520233118 0.048034380412858291
34 3 119.119119 67.500000 0.62008563520233118 0.048034380412858291
35 0 122.622623 0.000000 0.61860635480088455 0.047983676805122687
35 1 122.622623 22.500000 0.61860635480088455 0.047983676805122687
35 2 122.622623 45.000000 0.61860635480088455 0.047983676805122687
35 3 122.622623 67.500000 0.61860635480088455 0.047983676805122687
36 0 126.126126 0.000000 0.61749487062400021 0.048138582142472609
36 1 126.126126 22.500000 0.61749487062400021 0.048138582142472609
36 2 126.126126 45.000000 0.61749487062400021 0.048138582142472609
36 3 126.126126 67.500000 0.61749487062400021 0.048138582142472609
37 0 129.629630 0.000000 0.61694172645033696 0.048472492530366312
37 1 129.629630 22.500000 0.61694172645033696 0.048472492530366312
37 2 129.629630 45.000000 0.61694172645033696 0.048472492530366312
37 3 129.629630 67.500000 0.61694172645033696 0.048472492530366312
38 0 133.133133 0.000000 0.61704192010670855 0.048928030611055155
38 1 133.133133 22.500000 0.61704192010670855 0.048928030611055155
38 2 133.133133 45.000000 0.61704192010670855 0.048928030611055155
38 3 133.133133 67.500000 0.61704192010670855 0.048928030611055155
39 0 136.636637 0.000000 0.61777873947264628 0.049426902707861708
39 1 136.636637 22.500000 0.61777873947264628 0.049426902707861708
39 2 136.636637 45.000000 0.61777873947264628 0.049426902707861708
39 3 136.636637 67.500000 0.61777873947264628 0.049426902707861708
40 0 140.140140 0.000000 0.61902634359468978 0.049883352046383604
40 1 140.140140 22.500000 0.61902634359468978 0.049883352046383604
40 2 140.140140 45.000000 0.61902634359468978 0.049883352046383604
40 3 140.140140 67.500000 0.61902634359468978 0.049883352046383604
41 0 143.643644 0.000000 0.62057082891741688 0.050218896925120993
41 1 143.643644 22.500000 0.62057082891741688 0.050218896925120993
41 2 143.643644 45.000000 0.62057082891741688 0.050218896925120993
41 3 143.643644 67.500000 0.62057082891741688 0.050218896925120993
42 0 147.147147 0.000000 0.62214653398997644 0.050375821536232712
42 1 147.147147 22.500000 0.62214653398997644 0.050375821536232712
42 2 147.147147 45.000000 0.62214653398997644 0.050375821536232712
42 3 147.147147 67.500000 0.62214653398997644 0.050375821536232712
43 0 150.650651 0.000000 0.62348166083728618 0.05032710095924782
43 1 150.650651 22.500000 0.62348166083728618 0.05032710095924782
43 2 150.650651 45.000000 0.62348166083728618 0.05032710095924782
43 3 150.650651 67.500000 0.62348166083728618 0.05032710095924782
44 0 154.154154 0.000000 0.62434542235435275 0.05008105402018561
44 1 154.154154 22.500000 0.62434542235435275 0.05008105402018561
44 2 154.154154 45.000000 0.62434542235435275 0.05008105402018561
44 3 154.154154 67.500000 0.62434542235435275 0.05008105402018561
45 0 157.657658 0.000000 0.62458835844045479 0.049679923153987553
45 1 157.657658 22.500000 0.62458835844045479 0.049679923153987553
45 2 157.657658 45.000000 0.62458835844045479 0.049679923153987553
45 3 157.657658 67.500000 0.62458835844045479 0.049679923153987553
46 0 161.161161 0.000000 0.62416849602420343 0.049192623662774791
46 1 161.161161 22.500000 0.62416849602420343 0.049192623662774791
46 2 161.161161 45.000000 0.62416849602420343 0.049192623662774791
46 3 161.161161 67.500000 0.62416849602420343 0.049192623662774791
47 0 164.664665 0.000000 0.62315857527185514 0.048702906652292752
47 1 164.664665 22.500000 0.62315857527185514 0.048702906652292752
47 2 164.664665 45.000000 0.62315857527185514 0.048702906652292752
47 3 164.664665 67.500000 0.62315857527185514 0.048702906652292752
48 0 168.168168 0.000000 0.62173311364391692 0.048294968337838612
48 1 168.168168 22.500000 0.62173311364391692 0.048294968337838612
48 2 168.168168 45.000000 0.62173311364391692 0.048294968337838612
48 3 168.168168 67.500000 0.62173311364391692 0.048294968337838612
49 0 171.671672 0.000000 0.62013782761214553 0.048038977841581454
49 1 171.671672 22.500000 0.62013782761214553 0.048038977841581454
49 2 171.671672 45.000000 0.62013782761214553 0.048038977841581454
49 3 171.671672 67.500000 0.62013782761214553 0.048038977841581454
50 0 175.175175 0.000000 0.61864704966406225 0.047979010457879695
50 1 175.175175 22.500000 0.61864704966406225 0.047979010457879695
50 2 175.175175 45.000000 0.61864704966406225 0.047979010457879695
50 3 175.175175 67.500000 0.61864704966406225 0.047979010457879695
51 0 178.678679 0.000000 0.61751667513112818 0.048125460946259205
51 1 178.678679 22.500000 0.61751667513112818 0.048125460946259205
51 2 178.678679 45.000000 0.61751667513112818 0.048125460946259205
51 3 178.678679 67.500000 0.61751667513112818 0.048125460946259205
52 0 182.182182 0.000000 0.61694063479047467 0.048453242416582366
52 1 182.182182 22.500000 0.61694063479047467 0.048453242416582366
52 2 182.182182 45.000000 0.61694063479047467 0.048453242416582366
52 3 182.182182 67.500000 0.61694063479047467 0.048453242416582366
53 0 185.685686 0.000000 0.61701803983761894 0.048906082765125126
53 1 185.685686 22.500000 0.61701803983761894 0.048906082765125126
53 2 185.685686 45.000000 0.61701803983761894 0.048906082765125126
53 3 185.685686 67.500000 0.61701803983761894 0.048906082765125126
54 0 189.189189 0.000000 0.61773629364646521 0.049406183003498819
54 1 189.189189 22.500000 0.61773629364646521 0.049406183003498819
54 2 189.189189 45.000000 0.61773629364646521 0.049406183003498819
54 3 189.189189 67.500000 0.61773629364646521 0.049406183003498819
55 0 192.692693 0.000000 0.61897294087115373 0.049867580141826795
55 1 192.692693 22.500000 0.61897294087115373 0.049867580141826795
55 2 192.692693 45.000000 0.61897294087115373 0.049867580141826795
55 3 192.692693 67.500000 0.61897294087115373 0.049867580141826795
56 0 196.196196 0.000000 0.62051611752752356 0.050210919936246975
56 1 196.196196 22.500000 0.62051611752752356 0.050210919936246975
56 2 196.196196 45.000000 0.62051611752752356 0.050210919936246975
56 3 196.196196 67.500000 0.62051611752752356 0.050210919936246975
57 0 199.699700 0.000000 0.62210046764216032 0.050377101413761345
57 1 199.699700 22.500000 0.62210046764216032 0.050377101413761345
57 2 199.699700 45.000000 0.62210046764216032 0.050377101413761345
57 3 199.699700 67.500000 0.62210046764216032 0.050377101413761345
58 0 203.203203 0.000000 0.62345268486429517 0.050337447651221057
58 1 203.203203 22.500000 0.62345268486429517 0.050337447651221057
58 2 203.203203 45.000000 0.62345268486429517 0.050337447651221057
58 3 203.203203 67.500000 0.62345268486429517 0.050337447651221057
59 0 206.706707 0.000000 0.62433891575932188 0.050098652950352901
59 1 206.706707 22.500000 0.62433891575932188 0.050098652950352901
59 2 206.706707 45.000000 0.62433891575932188 0.050098652950352901
59 3 206.706707 67.500000 0.62433891575932188 0.050098652950352901
60 0 210.210210 0.000000 0.62460562893278726 0.049701653197787174
60 1 210.210210 22.500000 0.62460562893278726 0.049701653197787174
60 2 210.210210 45.000000 0.62460562893278726 0.049701653197787174
60 3 210.210210 67.500000 0.62460562893278726 0.049701653197787174
61 0 213.713714 0.000000 0.62420652305235902 0.0492146099518639
61 1 213.713714 22.500000 0.62420652305235902 0.0492146099518639
61 2 213.713714 45.000000 0.62420652305235902 0.0492146099518639
61 3 213.713714 67.500000 0.62420652305235902 0.0492146099518639
62 0 217.217217 0.000000 0.62321055091822397 0.048721210424638776
62 1 217.217217 22.500000 0.62321055091822397 0.048721210424638776
62 2 217.217217 45.000000 0.62321055091822397 0.048721210424638776
62 3 217.217217 67.500000 0.62321055091822397 0.048721210424638776
63 0 220.720721 0.000000 0.62178967641821137 0.048306291210463752
63 1 220.720721 22.500000 0.62178967641821137 0.048306291210463752
63 2 220.720721 45.000000 0.62178967641821137 0.048306291210463752
63 3 220.720721 67.500000 0.62178967641821137 0.048306291210463752
64 0 224.224224 0.000000 0.6201887550260633 0.04804125480662548
64 1 224.224224 22.500000 0.6201887550260633 0.04804125480662548
64 2 224.224224 45.000000 0.6201887550260633 0.04804125480662548
64 3 224.224224 67.500000 0.6201887550260633 0.04804125480662548
65 0 227.727728 0.000000 0.61868309790061171 0.047971785222214069
65 1 227.727728 22.500000 0.61868309790061171 0.047971785222214069
65 2 227.727728 45.000000 0.61868309790061171 0.047971785222214069
65 3 227.727728 67.500000 0.61868309790061171 0.047971785222214069
66 0 231.231231 0.000000 0.61753123812918409 0.048109975599226001
66 1 231.231231 22.500000 0.61753123812918409 0.048109975599226001
66 2 231.231231 45.000000 0.61753123812918409 0.048109975599226001
66 3 231.231231 67.500000 0.61753123812918409 0.048109975599226001
67 0 234.734735 0.000000 0.6169309356441065 0.048432224065438678
67 1 234.734735 22.500000 0.6169309356441065 0.048432224065438678
67 2 234.734735 45.000000 0.6169309356441065 0.048432224065438678
67 3 234.734735 67.500000 0.6169309356441065 0.048432224065438678
68 0 238.238238 0.000000 0.61698565088846624 0.048883263754122823
68 1 238.238238 22.500000 0.61698565088846624 0.048883263754122823
68 2 238.238238 45.000000 0.61698565088846624 0.048883263754122823
68 3 238.238238 67.500000 0.61698565088846624 0.048883263754122823
69 0 241.741742 0.000000 0.61768689262137899 0.049385639031686655
69 1 241.741742 22.500000 0.61768689262137899 0.049385639031686655
69 2 241.741742 45.000000 0.61768689262137899 0.049385639031686655
69 3 241.741742 67.500000 0.61768689262137899 0.049385639031686655
70 0 245.245245 0.000000 0.61891533498238693 0.049853003493081173
70 1 245.245245 22.500000 0.61891533498238693 0.049853003493081173
70 2 245.245245 45.000000 0.61891533498238693 0.049853003493081173
70 3 245.245245 67.500000 0.61891533498238693 0.049853003493081173
71 0 248.748749 0.000000 0.62046069177810659 0.05020495720446478
71 1 248.748749 22.500000 0.62046069177810659 0.05020495720446478
71 2 248.748749 45.000000 0.62046069177810659 0.05020495720446478
71 3 248.748749 67.500000 0.62046069177810659 0.05020495720446478
72 0 252.252252 0.000000 0.62205732066608266 0.050380874279324465
72 1 252.252252 22.500000 0.62205732066608266 0.050380874279324465
72 2 252.252252 45.000000 0.62205732066608266 0.050380874279324465
72 3 252.252252 67.500000 0.62205732066608266 0.050380874279324465
73 0 255.755756 0.000000 0.62342978468171828 0.050350343255459167
73 1 255.755756 22.500000 0.62342978468171828 0.050350343255459167
73 2 255.755756 45.000000 0.62342978468171828 0.050350343255459167
73 3 255.755756 67.500000 0.62342978468171828 0.050350343255459167
74 0 259.259259 0.000000 0.62434061884883252 0.050118422814257338
74 1 259.259259 22.500000 0.62434061884883252 0.050118422814257338
74 2 259.259259 45.000000 0.62434061884883252 0.050118422814257338
74 3 259.259259 67.500000 0.62434061884883252 0.050118422814257338
75 0 262.762763 0.000000 0.62463184831814478 0.049724804833162384
75 1 262.762763 22.500000 0.62463184831814478 0.049724804833162384
75 2 262.762763 45.000000 0.62463184831814478 0.049724804833162384
75 3 262.762763 67.500000 0.62463184831814478 0.049724804833162384
76 0 266.266266 0.000000 0.62425271087665124 0.049237023034784014
76 1 266.266266 22.500000 0.62425271087665124 0.049237023034784014
76 2 266.266266 45.000000 0.62425271087665124 0.049237023034784014
76 3 266.266266 67.500000 0.62425271087665124 0.049237023034784014
77 0 269.769770 0.000000 0.6232685029045959 0.048738868963036579
77 1 269.769770 22.500000 0.6232685029045959 0.048738868963036579
77 2 269.769770 45.000000 0.6232685029045959 0.048738868963036579
77 3 269.769770 67.500000 0.6232685029045959 0.048738868963036579
78 0 273.273273 0.000000 0.62184900625458606 0.048316001804805303
78 1 273.273273 22.500000 0.62184900625458606 0.048316001804805303
78 2 273.273273 45.000000 0.62184900625458606 0.048316001804805303
78 3 273.273273 67.500000 0.62184900625458606 0.048316001804805303
79 0 276.776777 0.000000 0.62023876240738118 0.048041222781879514
79 1 276.776777 22.500000 0.62023876240738118 0.048041222781879514
79 2 276.776777 45.000000 0.62023876240738118 0.048041222781879514
79 3 276.776777 67.500000 0.62023876240738118 0.048041222781879514
80 0 280.280280 0.000000 0.61871468910431426 0.047961944936952911
80 1 280.280280 22.500000 0.61871468910431426 0.047961944936952911
80 2 280.280280 45.000000 0.61871468910431426 0.047961944936952911
80 3 280.280280 67.500000 0.61871468910431426 0.047961944936952911
81 0 283.783784 0.000000 0.61753855927659651 0.048092014385540109
81 1 283.783784 22.500000 0.61753855927659651 0.048092014385540109
81 2 283.783784 45.000000 0.61753855927659651 0.048092014385540109
81 3 283.783784 67.500000 0.61753855927659651 0.048092014385540109
82 0 287.287287 0.000000 0.61691243744272539 0.048409293456958373
82 1 287.287287 22.500000 0.61691243744272539 0.048409293456958373
82 2 287.287287 45.000000 0.61691243744272539 0.048409293456958373
82 3 287.287287 67.500000 0.61691243744272539 0.048409293456958373
83 0 290.790791 0.000000 0.61694440295716224 0.048859427342757999
83 1 290.790791 22.500000 0.61694440295716224 0.048859427342757999
83 2 290.790791 45.000000 0.61694440295716224 0.048859427342757999
83 3 290.790791 67.500000 0.61694440295716224 0.048859427342757999
84 0 294.294294 0.000000 0.61763008827385335 0.049365153558509636
84 1 294.294294 22.500000 0.61763008827385335 0.049365153558509636
84 2 294.294294 45.000000 0.61763008827385335 0.049365153558509636
84 3 294.294294 67.500000 0.61763008827385335 0.049365153558509636
85 0 297.797798 0.000000 0.61885305884016628 0.049839560161382898
85 1 297.797798 22.500000 0.61885305884016628 0.049839560161382898
85 2 297.797798 45.000000 0.61885305884016628 0.049839560161382898
85 3 297.797798 67.500000 0.61885305884016628 0.049839560161382898
86 0 301.301301 0.000000 0.62040414845240843 0.050201018186665058
86 1 301.301301 22.500000 0.62040414845240843 0.050201018186665058
86 2 301.301301 45.000000 0.62040414845240843 0.050201018186665058
86 3 301.301301 67.500000 0.62040414845240843 0.050201018186665058
87 0 304.804805 0.000000 0.62201682542012349 0.050387223402967571
87 1 304.804805 22.500000 0.62201682542012349 0.050387223402967571
87 2 304.804805 45.000000 0.62201682542012349 0.050387223402967571
87 3 304.804805 67.500000 0.62201682542012349 0.050387223402967571
88 0 308.308308 0.000000 0.62341287531091105 0.050365932575841342
88 1 308.308308 22.500000 0.62341287531091105 0.050365932575841342
88 2 308.308308 45.000000 0.62341287531091105 0.050365932575841342
88 3 308.308308 67.500000 0.62341287531091105 0.050365932575841342
89 0 311.811812 0.000000 0.62435064262407014 0.050140544693295368
89 1 311.811812 22.500000 0.62435064262407014 0.050140544693295368
89 2 311.811812 45.000000 0.62435064262407014 0.050140544693295368
89 3 311.811812 67.500000 0.62435064262407014 0.050140544693295368
90 0 315.315315 0.000000 0.62466730029409234 0.049749561403365006
90 1 315.315315 22.500000 0.62466730029409234 0.049749561403365006
90 2 315.315315 45.000000 0.62466730029409234 0.049749561403365006
90 3 315.315315 67.500000 0.62466730029409234 0.049749561403365006
91 0 318.818819 0.000000 0.62430746025088901 0.049260011759591535
91 1 318.818819 22.500000 0.62430746025088901 0.049260011759591535
91 2 318.818819 45.000000 0.62430746025088901 0.049260011759591535
91 3 318.818819 67.500000 0.62430746025088901 0.049260011759591535
92 0 322.322322 0.000000 0.62333287160403994 0.048755963896514126
92 1 322.322322 22.500000 0.62333287160403994 0.048755963896514126
92 2 322.322322 45.000000 0.62333287160403994 0.048755963896514126
92 3 322.322322 67.500000 0.62333287160403994 0.048755963896514126
93 0 325.825826 0.000000 0.62191149868610163 0.048324092161735346
93 1 325.825826 22.500000 0.62191149868610163 0.048324092161735346
93 2 325.825826 45.000000 0.62191149868610163 0.048324092161735346
93 3 325.825826 67.500000 0.62191149868610163 0.048324092161735346
94 0 329.329329 0.000000 0.62028812503169894 0.048038776911569783
94 1 329.329329 22.500000 0.62028812503169894 0.048038776911569783
94 2 329.329329 45.000000 0.62028812503169894 0.048038776911569783
94 3 329.329329 67.500000 0.62028812503169894 0.048038776911569783
95 0 332.832833 0.000000 0.61874192621022939 0.047949297786510456
95 1 332.832833 22.500000 0.61874192621022939 0.047949297786510456
95 2 332.832833 45.000000 0.61874192621022939 0.047949297786510456
95 3 332.832833 67.500000 0.61874192621022939 0.047949297786510456
96 0 336.336336 0.000000 0.61753855036322258 0.04807132489441817
96 1 336.336336 22.500000 0.61753855036322258 0.04807132489441817
96 2 336.336336 45.000000 0.61753855036322258 0.04807132489441817
96 3 336.336336 67.500000 0.61753855036322258 0.04807132489441817
97 0 339.839840 0.000000 0.61688487920316926 0.048384176597432035
97 1 339.839840 22.500000 0.61688487920316926 0.048384176597432035
97 2 339.839840 45.000000 0.61688487920316926 0.048384176597432035
97 3 339.839840 67.500000 0.61688487920316926 0.048384176597432035
98 0 343.343343 0.000000 0.61689391502619861 0.048834323437410503
98 1 343.343343 22.500000 0.61689391502619861 0.048834323437410503
98 2 343.343343 45.000000 0.61689391502619861 0.048834323437410503
98 3 343.343343 67.500000 0.61689391502619861 0.048834323437410503
99 0 346.846847 0.000000 0.6175654575096633 0.049344544774931054
99 1 346.846847 22.500000 0.6175654575096633 0.049344544774931054
99 2 346.846847 45.000000 0.6175654575096633 0.049344544774931054
99 3 346.846847 67.500000 0.6175654575096633 0.049344544774931054
100 0 350.350350 0.000000 0.61878573631783529 0.049827172222995764
100 1 350.350350 22.500000 0.61878573631783529 0.049827172222995764
100 2 350.350350 45.000000 0.61878573631783529 0.049827172222995764
100 3 350.350350 67.500000 0.61878573631783529 0.049827172222995764
101 0 353.853854 0.000000 0.62034624164940222 0.050199149190494077
101 1 353.853854 22.500000 0.62034624164940222 0.050199149190494077
101 2 353.853854 45.000000 0.62034624164940222 0.050199149190494077
101 3 353.853854 67.500000 0.62034624164940222 0.050199149190494077
102 0 357.357357 0.000000 0.62197892702473634 0.050396320311514975
102 1 357.357357 22.500000 0.62197892702473634 0.050396320311514975
102 2 357.357357 45.000000 0.62197892702473634 0.050396320311514975
102 3 357.357357 67.500000 0.62197892702473634 0.050396320311514975
103 0 360.860861 0.000000 0.62340211797256451 0.050384493021920433
103 1 360.860861 22.500000 0.62340211797256451 0.050384493021920433
103 2 360.860861 45.000000 0.62340211797256451 0.050384493021920433
103 3 360.860861 67.500000 0.62340211797256451 0.050384493021920433
104 0 364.364364 0.000000 0.62436934681475742 0.050165364637404924
104 1 364.364364 22.500000 0.62436934681475742 0.050165364637404924
104 2 364.364364 45.000000 0.62436934681475742 0.050165364637404924
104 3 364.364364 67.500000 0.62436934681475742 0.050165364637404924
105 0 367.867868 0.000000 0.6247124840036492 0.049776287923425526
105 1 367.867868 22.500000 0.6247124840036492 0.049776287923425526
105 2 367.867868 45.000000 0.6247124840036492 0.049776287923425526
105 3 367.867868 67.500000 0.6247124840036492 0.049776287923425526
106 0 371.371371 0.000000 0.62437131860201078 0.04928390566679236
106 1 371.371371 22.500000 0.62437131860201078 0.04928390566679236
106 2 371.371371 45.000000 0.62437131860201078 0.04928390566679236
106 3 371.371371 67.500000 0.62437131860201078 0.04928390566679236
107 0 374.874875 0.000000 0.62340414573419256 0.04877273870323541
107 1 374.874875 22.500000 0.62340414573419256 0.04877273870323541
107 2 374.874875 45.000000 0.62340414573419256 0.04877273870323541
107 3 374.874875 67.500000 0.62340414573419256 0.04877273870323541
108 0 378.378378 0.000000 0.62197748067012903 0.048330681096800533
108 1 378.378378 22.500000 0.62197748067012903 0.048330681096800533
108 2 378.378378 45.000000 0.62197748067012903 0.048330681096800533
108 3 378.378378 67.500000 0.62197748067012903 0.048330681096800533
109 0 381.881882 0.000000 0.62033692864363688 0.048033891027126172
109 1 381.881882 22.500000 0.62033692864363688 0.048033891027126172
109 2 381.881882 45.000000 0.62033692864363688 0.048033891027126172
109 3 381.881882 67.500000 0.62033692864363688 0.048033891027126172
110 0 385.385385 0.000000 0.61876461375455416 0.047933673957078433
110 1 385.385385 22.500000 0.61876461375455416 0.047933673957078433
110 2 385.385385 45.000000 0.61876461375455416 0.047933673957078433
110 3 385.385385 67.500000 0.61876461375455416 0.047933673957078433
111 0 388.888889 0.000000 0.61753074343253589 0.048047616557771733
111 1 388.888889 22.500000 0.61753074343253589 0.048047616557771733
111 2 388.888889 45.000000 0.61753074343253589 0.048047616557771733
111 3 388.888889 67.500000 0.61753074343253589 0.048047616557771733
112 0 392.392392 0.000000 0.61684757897214326 0.048356503017331298
112 1 392.392392 22.500000 0.61684757897214326 0.048356503017331298
112 2 392.392392 45.000000 0.61684757897214326 0.048356503017331298
112 3 392.392392 67.500000 0.61684757897214326 0.048356503017331298
113 0 395.895896 0.000000 0.61683339202363285 0.048807554008105603
113 1 395.895896 22.500000 0.61683339202363285 0.048807554008105603
113 2 395.895896 45.000000 0.61683339202363285 0.048807554008105603
113 3 395.895896 67.500000 0.61683339202363285 0.048807554008105603
114 0 399.399399 0.000000 0.61749222046536745 0.04932344265057588
114 1 399.399399 22.500000 0.61749222046536745 0.04932344265057588
114 2 399.399399 45.000000 0.61749222046536745 0.04932344265057588
114 3 399.399399 67.500000 0.61749222046536745 0.04932344265057588
115 0 402.902903 0.000000 0.61871273809761829 0.049815547753214395
115 1 402.902903 22.500000 0.61871273809761829 0.049815547753214395
115 2 402.902903 45.000000 0.61871273809761829 0.049815547753214395
115 3 402.902903 67.500000 0.61871273809761829 0.049815547753214395
116 0 406.406406 0.000000 0.62028661200146373 0.050199173426334981
116 1 406.406406 22.500000 0.62028661200146373 0.050199173426334981
116 2 406.406406 45.000000 0.62028661200146373 0.050199173426334981
116 3 406.406406 67.500000 0.62028661200146373 0.050199173426334981
117 0 409.909910 0.000000 0.62194361782423802 0.05040812199551209
117 1 409.909910 22.500000 0.62194361782423802 0.05040812199551209
117 2 409.909910 45.000000 0.62194361782423802 0.05040812199551209
117 3 409.909910 67.500000 0.62194361782423802 0.05040812199551209
118 0 413.413413 0.000000 0.62339788434593313 0.050406113487195259
118 1 413.413413 22.500000 0.62339788434593313 0.050406113487195259
118 2 413.413413 45.000000 0.62339788434593313 0.050406113487195259
118 3 413.413413 67.500000 0.62339788434593313 0.050406113487195259
119 0 416.916917 0.000000 0.62439744809788311 0.05019308237159479
119 1 416.916917 22.500000 0.62439744809788311 0.05019308237159479
119 2 416.916917 45.000000 0.62439744809788311 0.05019308237159479
119 3 416.916917 67.500000 0.62439744809788311 0.05019308237159479
120 0 420.420420 0.000000 0.62476836774122413 0.049805259165505385
120 1 420.420420 22.500000 0.62476836774122413 0.049805259165505385
120 2 420.420420 45.000000 0.62476836774122413 0.049805259165505385
120 3 420.420420 67.500000 0.62476836774122413 0.049805259165505385
121 0 423.923924 0.000000 0.624445367065116 0.049309010849001966
121 1 423.923924 22.500000 0.624445367065116 0.049309010849001966
121 2 423.923924 45.000000 0.624445367065116 0.049309010849001966
121 3 423.923924 67.500000 0.624445367065116 0.049309010849001966
122 0 427.427427 0.000000 0.62348335722259751 0.048789486927932245
122 1 427.427427 22.500000 0.62348335722259751 0.048789486927932245
122 2 427.427427 45.000000 0.62348335722259751 0.048789486927932245
122 3 427.427427 67.500000 0.62348335722259751 0.048789486927932245
123 0 430.930931 0.000000 0.62204777617642637 0.048336013001134569
123 1 430.930931 22.500000 0.62204777617642637 0.048336013001134569
123 2 430.930931 45.000000 0.62204777617642637 0.048336013001134569
123 3 430.930931 67.500000 0.62204777617642637 0.048336013001134569
124 0 434.434434 0.000000 0.62038565995343131 0.048026736695690443
124 1 434.434434 22.500000 0.62038565995343131 0.048026736695690443
124 2 434.434434 45.000000 0.62038565995343131 0.048026736695690443
124 3 434.434434 67.500000 0.62038565995343131 0.048026736695690443
125 0 437.937938 0.000000 0.61878282247530902 0.047915164397980534
125 1 437.937938 22.500000 0.61878282247530902 0.047915164397980534
125 2 437.937938 45.000000 0.61878282247530902 0.047915164397980534
125 3 437.937938 67.500000 0.61878282247530902 0.047915164397980534
126 0 441.441441 0.000000 0.61751477782633657 0.048020907519448
126 1 441.441441 22.500000 0.61751477782633657 0.048020907519448
126 2 441.441441 45.000000 0.61751477782633657 0.048020907519448
126 3 441.441441 67.500000 0.61751477782633657 0.048020907519448
127 0 444.944945 0.000000 0.61679979500444149 0.048326238121885592
127 1 444.944945 22.500000 0.61679979500444149 0.048326238121885592
127 2 444.944945 45.000000 0.61679979500444149 0.048326238121885592
127 3 444.944945 67.500000 0.61679979500444149 0.048326238121885592
128 0 448.448448 0.000000 0.61676181919510176 0.048779058330388932
128 1 448.448448 22.500000 0.61676181919510176 0.048779058330388932
128 2 448.448448 45.000000 0.61676181919510176 0.048779058330388932
128 3 448.448448 67.500000 0.61676181919510176 0.048779058330388932
129 0 451.951952 0.000000 0.61740923816729776 0.049301786589570538
129 1 451.951952 22.500000 0.61740923816729776 0.049301786589570538
129 2 451.951952 45.000000 0.61740923816729776 0.049301786589570538
129 3 451.951952 67.500000 0.61740923816729776 0.049301786589570538
130 0 455.455455 0.000000 0.61863296689349645 0.049804645542097847
130 1 455.455455 22.500000 0.61863296689349645 0.049804645542097847
130 2 455.455455 45.000000 0.61863296689349645 0.049804645542097847
130 3 455.455455 67.500000 0.61863296689349645 0.049804645542097847
131 0 458.958959 0.000000 0.62022436036774209 0.050201076316691025
131 1 458.958959 22.500000 0.62022436036774209 0.050201076316691025
131 2 458.958959 45.000000 0.62022436036774209 0.050201076316691025
131 3 458.958959 67.500000 0.62022436036774209 0.050201076316691025
132 0 462.462462 0.000000 0.62191031855992851 0.050422633479878035
132 1 462.462462 22.500000 0.62191031855992851 0.050422633479878035
132 2 462.462462 45.000000 0.62191031855992851 0.050422633479878035
132 3 462.462462 67.500000 0.62191031855992851 0.050422633479878035
133 0 465.965966 0.000000 0.62339998251441142 0.05043079835981102
133 1 465.965966 22.500000 0.62339998251441142 0.05043079835981102
133 2 465.965966 45.000000 0.62339998251441142 0.05043079835981102
133 3 465.965966 67.500000 0.62339998251441142 0.05043079835981102
134 0 469.469469 0.000000 0.62443514499023989 0.050223672541704512
134 1 469.469469 22.500000 0.62443514499023989 0.050223672541704512
134 2 469.469469 45.000000 0.62443514499023989 0.050223672541704512
134 3 469.469469 67.500000 0.62443514499023989 0.050223672541704512
135 0 472.972973 0.000000 0.62483548071126438 0.049836388960548698
135 1 472.972973 22.500000 0.62483548071126438 0.049836388960548698
135 2 472.972973 45.000000 0.62483548071126438 0.049836388960548698
135 3 472.972973 67.500000 0.62483548071126438 0.049836388960548698
136 0 476.476476 0.000000 0.62453035597679551 0.049335155466284121
136 1 476.476476 22.500000 0.62453035597679551 0.049335155466284121
136 2 476.476476 45.000000 0.62453035597679551 0.049335155466284121
136 3 476.476476 67.500000 0.62453035597679551 0.049335155466284121
137 0 479.979980 0.000000 0.62357134014188609 0.048805940279022457
137 1 479.979980 22.500000 0.62357134014188609 0.048805940279022457
137 2 479.979980 45.000000 0.62357134014188609 0.048805940279022457
137 3 479.979980 67.500000 0.62357134014188609 0.048805940279022457
138 0 483.483483 0.000000 0.62212316424755443 0.048339732300625306
138 1 483.483483 22.500000 0.62212316424755443 0.048339732300625306
138 2 483.483483 45.000000 0.62212316424755443 0.048339732300625306
138 3 483.483483 67.500000 0.62212316424755443 0.048339732300625306
139 0 486.986987 0.000000 0.62043492854150151 0.048016902672327728
139 1 486.986987 22.500000 0.62043492854150151 0.048016902672327728
139 2 486.986987 45.000000 0.62043492854150151 0.048016902672327728
139 3 486.986987 67.500000 0.62043492854150151 0.048016902672327728
140 0 490.490490 0.000000 0.61879692244215556 0.047893354499004968
140 1 490.490490 22.500000 0.61879692244215556 0.047893354499004968
140 2 490.490490 45.000000 0.61879692244215556 0.047893354499004968
140 3 490.490490 67.500000 0.61879692244215556 0.047893354499004968
141 0 493.993994 0.000000 0.61749076928806612 0.047990846685484818
141 1 493.993994 22.500000 0.61749076928806612 0.047990846685484818
141 2 493.993994 45.000000 0.61749076928806612 0.047990846685484818
141 3 493.993994 67.500000 0.61749076928806612 0.047990846685484818
142 0 497.497497 0.000000 0.61674142908285323 0.048293165979068173
142 1 497.497497 22.500000 0.61674142908285323 0.048293165979068173
142 2 497.497497 45.000000 0.61674142908285323 0.048293165979068173
142 3 497.497497 67.500000 0.61674142908285323 0.048293165979068173
143 0 501.001001 0.000000 0.61667896915777343 0.048748819946655378
143 1 501.001001 22.500000 0.61667896915777343 0.048748819946655378
143 2 501.001001 45.000000 0.61667896915777343 0.048748819946655378
143 3 501.001001 67.500000 0.61667896915777343 0.048748819946655378
144 0 504.504505 0.000000 0.61731626375549931 0.049279804143093776
144 1 504.504505 22.500000 0.61731626375549931 0.049279804143093776
144 2 504.504505 45.000000 0.61731626375549931 0.049279804143093776
144 3 504.504505 67.500000 0.61731626375549931 0.049279804143093776
145 0 508.008008 0.000000 0.61854626598405016 0.04979495127285101
145 1 508.008008 22.500000 0.61854626598405016 0.04979495127285101
145 2 508.008008 45.000000 0.61854626598405016 0.04979495127285101
145 3 508.008008 67.500000 0.61854626598405016 0.04979495127285101
146 0 511.511512 0.000000 0.62015950377361018 0.050205578585911612
146 1 511.511512 22.500000 0.62015950377361018 0.050205578585911612
146 2 511.511512 45.000000 0.62015950377361018 0.050205578585911612
146 3 511.511512 67.500000 0.62015950377361018 0.050205578585911612
147 0 515.015015 0.000000 0.62187925576211989 0.050440748771430073
147 1 515.015015 22.500000 0.62187925576211989 0.050440748771430073
147 2 515.015015 45.000000 0.62187925576211989 0.050440748771430073
147 3 515.015015 67.500000 0.62187925576211989 0.050440748771430073
148 0 518.518519 0.000000 0.62340882351304883 0.050459519129181986
148 1 518.518519 22.500000 0.62340882351304883 0.050459519129181986
148 2 518.518519 45.000000 0.62340882351304883 0.050459519129181986
148 3 518.518519 67.500000 0.62340882351304883 0.050459519129181986
149 0 522.022022 0.000000 0.62448294684496108 0.050258064758337988
149 1 522.022022 22.500000 0.62448294684496108 0.050258064758337988
149 2 522.022022 45.000000 0.62448294684496108 0.050258064758337988
149 3 522.022022 67.500000 0.62448294684496108 0.050258064758337988
150 0 525.525526 0.000000 0.62491429645291396 0.049870437248649618
150 1 525.525526 22.500000 0.62491429645291396 0.049870437248649618
150 2 525.525526 45.000000 0.62491429645291396 0.049870437248649618
150 3 525.525526 67.500000 0.62491429645291396 0.049870437248649618
151 0 529.029029 0.000000 0.6246265661141035 0.049362811319391492
151 1 529.029029 22.500000 0.6246265661141035 0.049362811319391492
151 2 529.029029 45.000000 0.6246265661141035 0.049362811319391492
151 3 529.029029 67.500000 0.6246265661141035 0.049362811319391492
152 0 532.532533 0.000000 0.62366803518452196 0.048822191078748682
152 1 532.532533 22.500000 0.62366803518452196 0.048822191078748682
152 2 532.532533 45.000000 0.62366803518452196 0.048822191078748682
152 3 532.532533 67.500000 0.62366803518452196 0.048822191078748682
153 0 536.036036 0.000000 0.62220314117701558 0.04834150277266934
153 1 536.036036 22.500000 0.62220314117701558 0.04834150277266934
153 2 536.036036 45.000000 0.62220314117701558 0.04834150277266934
153 3 536.036036 67.500000 0.62220314117701558 0.04834150277266934
154 0 539.539540 0.000000 0.62048375265613909 0.048003627437549358
154 1 539.539540 22.500000 0.62048375265613909 0.048003627437549358
154 2 539.539540 45.000000 0.62048375265613909 0.048003627437549358
154 3 539.539540 67.500000 0.62048375265613909 0.048003627437549358
155 0 543.043043 0.000000 0.61880550733344608 0.047867116184005597
155 1 543.043043 22.500000 0.61880550733344608 0.047867116184005597
155 2 543.043043 45.000000 0.61880550733344608 0.047867116184005597
155 3 543.043043 67.500000 0.61880550733344608 0.047867116184005597
156 0 546.546547 0.000000 0.6174570294369145 0.047956049184511351
156 1 546.546547 22.500000 0.6174570294369145 0.047956049184511351
156 2 546.546547 45.000000 0.6174570294369145 0.047956049184511351
156 3 546.546547 67.500000 0.6174570294369145 0.047956049184511351
157 0 550.050050 0.000000 0.61667072880907492 0.048255793926961894
157 1 550.050050 22.500000 0.61667072880907492 0.048255793926961894
157 2 550.050050 45.000000 0.61667072880907492 0.048255793926961894
157 3 550.050050 67.500000 0.61667072880907492 0.048255793926961894
158 0 553.553554 0.000000 0.61658329152499125 0.048715409012427012
158 1 553.553554 22.500000 0.61658329152499125 0.048715409012427012
158 2 553.553554 45.000000 0.61658329152499125 0.048715409012427012
158 3 553.553554 67.500000 0.61658329152499125 0.048715409012427012
159 0 557.057057 0.000000 0.61721222457712288 0.049256299340943083
159 1 557.057057 22.500000 0.61721222457712288 0.049256299340943083
159 2 557.057057 45.000000 0.61721222457712288 0.049256299340943083
159 3 557.057057 67.500000 0.61721222457712288 0.049256299340943083
160 0 560.560561 0.000000 0.61845228174710842 0.049785652590589001
160 1 560.560561 22.500000 0.61845228174710842 0.049785652590589001
160 2 560.560561 45.000000 0.61845228174710842 0.049785652590589001
160 3 560.560561 67.500000 0.61845228174710842 0.049785652590589001
161 0 564.064064 0.000000 0.62009257089308079 0.050212360569242984
161 1 564.064064 22.500000 0.62009257089308079 0.050212360569242984
161 2 564.064064 45.000000 0.62009257089308079 0.050212360569242984
161 3 564.064064 67.500000 0.62009257089308079 0.050212360569242984
162 0 567.567568 0.000000 0.62185188980626704 0.050462695054378739
162 1 567.567568 22.500000 0.62185188980626704 0.050462695054378739
162 2 567.567568 45.000000 0.62185188980626704 0.050462695054378739
162 3 567.567568 67.500000 0.62185188980626704 0.050462695054378739
163 0 571.071071 0.000000 0.62342671408922257 0.050493041865442186
163 1 571.071071 22.500000 0.62342671408922257 0.050493041865442186
163 2 571.071071 45.000000 0.62342671408922257 0.050493041865442186
163 3 571.071071 67.500000 0.62342671408922257 0.050493041865442186
164 0 574.574575 0.000000 0.62454378633363639 0.050297494643340122
164 1 574.574575 22.500000 0.62454378633363639 0.050297494643340122
164 2 574.574575 45.000000 0.62454378633363639 0.050297494643340122
164 3 574.574575 67.500000 0.62454378633363639 0.050297494643340122
165 0 578.078078 0.000000 0.6250080403263889 0.049908986964683023
165 1 578.078078 22.500000 0.6250080403263889 0.049908986964683023
165 2 578.078078 45.000000 0.6250080403263889 0.049908986964683023
165 3 578.078078 67.500000 0.6250080403263889 0.049908986964683023
166 0 581.581582 0.000000 0.624737112342034 0.049393748362077182
166 1 581.581582 22.500000 0.624737112342034 0.049393748362077182
166 2 581.581582 45.000000 0.624737112342034 0.049393748362077182
166 3 581.581582 67.500000 0.624737112342034 0.049393748362077182
167 0 585.085085 0.000000 0.62377603034899631 0.048840016986088849
167 1 585.085085 22.500000 0.62377603034899631 0.048840016986088849
167 2 585.085085 45.000000 0.62377603034899631 0.048840016986088849
167 3 585.085085 67.500000 0.62377603034899631 0.048840016986088849
168 0 588.588589 0.000000 0.62228939960137697 0.048342931976792639
168 1 588.588589 22.500000 0.62228939960137697 0.048342931976792639
168 2 588.588589 45.000000 0.62228939960137697 0.048342931976792639
168 3 588.588589 67.500000 0.62228939960137697 0.048342931976792639
169 0 592.092092 0.000000 0.62053266391076345 0.04798819141442924
169 1 592.092092 22.500000 0.62053266391076345 0.04798819141442924
169 2 592.092092 45.000000 0.62053266391076345 0.04798819141442924
169 3 592.092092 67.500000 0.62053266391076345 0.04798819141442924
170 0 595.595596 0.000000 0.61880782489407093 0.047837282056087803
170 1 595.595596 22.500000 0.61880782489407093 0.047837282056087803
170 2 595.595596 45.000000 0.61880782489407093 0.047837282056087803
170 3 595.595596 67.500000 0.61880782489407093 0.047837282056087803
171 0 599.099099 0.000000 0.61741156140808495 0.047916825689700168
171 1 599.099099 22.500000 0.61741156140808495 0.047916825689700168
171 2 599.099099 45.000000 0.61741156140808495 0.047916825689700168
171 3 599.099099 67.500000 0.61741156140808495 0.047916825689700168
172 0 602.602603 0.000000 0.6165846506399385 0.048213887261707368
172 1 602.602603 22.500000 0.6165846506399385 0.048213887261707368
172 2 602.602603 45.000000 0.6165846506399385 0.048213887261707368
172 3 602.602603 67.500000 0.6165846506399385 0.048213887261707368
173 0 606.106106 0.000000 0.61647102780314855 0.048678070834401482
173 1 606.106106 22.500000 0.61647102780314855 0.048678070834401482
173 2 606.106106 45.000000 0.61647102780314855 0.048678070834401482
173 3 606.106106 67.500000 0.61647102780314855 0.048678070834401482
174 0 609.609610 0.000000 0.61709307018671766 0.049230065048160597
174 1 609.609610 22.500000 0.61709307018671766 0.049230065048160597
174 2 609.609610 45.000000 0.61709307018671766 0.049230065048160597
174 3 609.609610 67.500000 0.61709307018671766 0.049230065048160597
175 0 613.113113 0.000000 0.61834713151076892 0.049775189770594717
175 1 613.113113 22.500000 0.61834713151076892 0.049775189770594717
175 2 613.113113 45.000000 0.61834713151076892 0.049775189770594717
175 3 613.113113 67.500000 0.61834713151076892 0.049775189770594717
176 0 616.616617 0.000000 0.62002028377424057 0.050219630972879632
176 1 616.616617 22.500000 0.62002028377424057 0.050219630972879632
176 2 616.616617 45.000000 0.62002028377424057 0.050219630972879632
176 3 616.616617 67.500000 0.62002028377424057 0.050219630972879632
177 0 620.120120 0.000000 0.62182590524918691 0.050486581002009499
177 1 620.120120 22.500000 0.62182590524918691 0.050486581002009499
177 2 620.120120 45.000000 0.62182590524918691 0.050486581002009499
177 3 620.120120 67.500000 0.62182590524918691 0.050486581002009499
178 0 623.623624 0.000000 0.62345253503547882 0.050529508380758377
178 1 623.623624 22.500000 0.62345253503547882 0.050529508380758377
178 2 623.623624 45.000000 0.62345253503547882 0.050529508380758377
178 3 623.623624 67.500000 0.62345253503547882 0.050529508380758377
179 0 627.127127 0.000000 0.62461782396622245 0.050340265453562336
179 1 627.127127 22.500000 0.62461782396622245 0.050340265453562336
179 2 627.127127 45.000000 0.62461782396622245 0.050340265453562336
179 3 627.127127 67.500000 0.62461782396622245 0.050340265453562336
180 0 630.630631 0.000000 0.62511808277222281 0.04995062198311355
180 1 630.630631 22.500000 0.62511808277222281 0.04995062198311355
180 2 630.630631 45.000000 0.62511808277222281 0.04995062198311355
180 3 630.630631 67.500000 0.62511808277222281 0.04995062198311355
181 0 634.134134 0.000000 0.62486437233493797 0.049426938306314991
181 1 634.134134 22.500000 0.62486437233493797 0.049426938306314991
181 2 634.134134 45.000000 0.62486437233493797 0.049426938306314991
181 3 634.134134 67.500000 0.62486437233493797 0.049426938306314991
182 0 637.637638 0.000000 0.62389841424962666 0.048858870261822104
182 1 637.637638 22.500000 0.62389841424962666 0.048858870261822104
182 2 637.637638 45.000000 0.62389841424962666 0.048858870261822104
182 3 637.637638 67.500000 0.62389841424962666 0.048858870261822104
183 0 641.141141 0.000000 0.62238539926680536 0.048344027404765531
183 1 641.141141 22.500000 0.62238539926680536 0.048344027404765531
183 2 641.141141 45.000000 0.62238539926680536 0.048344027404765531
183 3 641.141141 67.500000 0.62238539926680536 0.048344027404765531
184 0 644.644645 0.000000 0.62058516075703929 0.047971208589426835
184 1 644.644645 22.500000 0.62058516075703929 0.047971208589426835
184 2 644.644645 45.000000 0.62058516075703929 0.047971208589426835
184 3 644.644645 67.500000 0.62058516075703929 0.047971208589426835
185 0 648.148148 0.000000 0.61880712959551831 0.047805092925819762
185 1 648.148148 22.500000 0.61880712959551831 0.047805092925819762
185 2 648.148148 45.000000 0.61880712959551831 0.047805092925819762
185 3 648.148148 67.500000 0.61880712959551831 0.047805092925819762
186 0 651.651652 0.000000 0.61735716980080613 0.04787502417398893
186 1 651.651652 22.500000 0.61735716980080613 0.04787502417398893
186 2 651.651652 45.000000 0.61735716980080613 0.04787502417398893
186 3 651.651652 67.500000 0.61735716980080613 0.04787502417398893
187 0 655.155155 0.000000 0.61648542882431479 0.048169832316611649
187 1 655.155155 22.500000 0.61648542882431479 0.048169832316611649
187 2 655.155155 45.000000 0.61648542882431479 0.048169832316611649
187 3 655.155155 67.500000 0.61648542882431479 0.048169832316611649
188 0 658.658659 0.000000 0.61634379763911518 0.048639605059670528
188 1 658.658659 22.500000 0.61634379763911518 0.048639605059670528
188 2 658.658659 45.000000 0.61634379763911518 0.048639605059670528
188 3 658.658659 67.500000 0.61634379763911518 0.048639605059670528
189 0 662.162162 0.000000 0.61695981445295711 0.049204130345171918
189 1 662.162162 22.500000 0.61695981445295711 0.049204130345171918
189 2 662.162162 45.000000 0.61695981445295711 0.049204130345171918
189 3 662.162162 67.500000 0.61695981445295711 0.049204130345171918
190 0 665.665666 0.000000 0.6182312544018278 0.0497665828599827
190 1 665.665666 22.500000 0.6182312544018278 0.0497665828599827
190 2 665.665666 45.000000 0.6182312544018278 0.0497665828599827
190 3 665.665666 67.500000 0.6182312544018278 0.0497665828599827
191 0 669.169169 0.000000 0.6199425291853331 0.050230120488862814
191 1 669.169169 22.500000 0.6199425291853331 0.050230120488862814
191 2 669.169169 45.000000 0.6199425291853331 0.050230120488862814
191 3 669.169169 67.500000 0.6199425291853331 0.050230120488862814
192 0 672.672673 0.000000 0.62180062735289188 0.050514547484142955
192 1 672.672673 22.500000 0.62180062735289188 0.050514547484142955
192 2 672.672673 45.000000 0.62180062735289188 0.050514547484142955
192 3 672.672673 67.500000 0.62180062735289188 0.050514547484142955
193 0 676.176176 0.000000 0.62348500129252982 0.050570178814144447
193 1 676.176176 22.500000 0.62348500129252982 0.050570178814144447
193 2 676.176176 45.000000 0.62348500129252982 0.050570178814144447
193 3 676.176176 67.500000 0.62348500129252982 0.050570178814144447
194 0 679.679680 0.000000 0.62470308629187299 0.050386510377557925
194 1 679.679680 22.500000 0.62470308629187299 0.050386510377557925
194 2 679.679680 45.000000 0.62470308629187299 0.050386510377557925
194 3 679.679680 67.500000 0.62470308629187299 0.050386510377557925
195 0 683.183183 0.000000 0.6252416830375922 0.04999418358238155
195 1 683.183183 22.500000 0.6252416830375922 0.04999418358238155
195 2 683.183183 45.000000 0.6252416830375922 0.04999418358238155
195 3 683.183183 67.500000 0.6252416830375922 0.04999418358238155
196 0 686.686687 0.000000 0.62500479936430753 0.049459879864071368
196 1 686.686687 22.500000 0.62500479936430753 0.049459879864071368
196 2 686.686687 45.000000 0.62500479936430753 0.049459879864071368
196 3 686.686687 67.500000 0.62500479936430753 0.049459879864071368
197 0 690.190190 0.000000 0.6240308802865594 0.048874994921594153
197 1 690.190190 22.500000 0.6240308802865594 0.048874994921594153
197 2 690.190190 45.000000 0.6240308802865594 0.048874994921594153
197 3 690.190190 67.500000 0.6240308802865594 0.048874994921594153
198 0 693.693694 0.000000 0.62248624170560496 0.048340015354266908
198 1 693.693694 22.500000 0.62248624170560496 0.048340015354266908
198 2 693.693694 45.000000 0.62248624170560496 0.048340015354266908
198 3 693.693694 67.500000 0.62248624170560496 0.048340015354266908
199 0 697.197197 0.000000 0.62063606255518855 0.047947267030484693
199 1 697.197197 22.500000 0.62063606255518855 0.047947267030484693
199 2 697.197197 45.000000 0.62063606255518855 0.047947267030484693
199 3 697.197197 67.500000 0.62063606255518855 0.047947267030484693
200 0 700.700701 0.000000 0.61879840574393996 0.047764995295038144
200 1 700.700701 22.500000 0.61879840574393996 0.047764995295038144
200 2 700.700701 45.000000 0.61879840574393996 0.047764995295038144
200 3 700.700701 67.500000 0.61879840574393996 0.047764995295038144
201 0 704.204204 0.000000 0.61728955757132897 0.047825520232330353
201 1 704.204204 22.500000 0.61728955757132897 0.047825520232330353
201 2 704.204204 45.000000 0.61728955757132897 0.047825520232330353
201 3 704.204204 67.500000 0.61728955757132897 0.047825520232330353
202 0 707.707708 0.000000 0.61637008949306193 0.048119520884172345
202 1 707.707708 22.500000 0.61637008949306193 0.048119520884172345
202 2 707.707708 45.000000 0.61637008949306193 0.048119520884172345
202 3 707.707708 67.500000 0.61637008949306193 0.048119520884172345
203 0 711.211211 0.000000 0.61620053009079212 0.048597457127692319
203 1 711.211211 22.500000 0.61620053009079212 0.048597457127692319
203 2 711.211211 45.000000 0.61620053009079212 0.048597457127692319
203 3 711.211211 67.500000 0.61620053009079212 0.048597457127692319
204 0 714.714715 0.000000 0.61681375694165652 0.049177915025093048
204 1 714.714715 22.500000 0.61681375694165652 0.049177915025093048
204 2 714.714715 45.000000 0.61681375694165652 0.049177915025093048
204 3 714.714715 67.500000 0.61681375694165652 0.049177915025093048
205 0 718.218218 0.000000 0.61810858747681574 0.04976147029320134
205 1 718.218218 22.500000 0.61810858747681574 0.04976147029320134
205 2 718.218218 45.000000 0.61810858747681574 0.04976147029320134
205 3 718.218218 67.500000 0.61810858747681574 0.04976147029320134
206 0 721.721722 0.000000 0.61986587196808429 0.050247709941906339
206 1 721.721722 22.500000 0.61986587196808429 0.050247709941906339
206 2 721.721722 45.000000 0.61986587196808429 0.050247709941906339
206 3 721.721722 67.500000 0.61986587196808429 0.050247709941906339
207 0 725.225225 0.000000 0.62178491349790543 0.05055249912831751
207 1 725.225225 22.500000 0.62178491349790543 0.05055249912831751
207 2 725.225225 45.000000 0.62178491349790543 0.05055249912831751
207 3 725.225225 67.500000 0.62178491349790543 0.05055249912831751
208 0 728.728729 0.000000 0.62353459428402314 0.050622525582456772
208 1 728.728729 22.500000 0.62353459428402314 0.050622525582456772
208 2 728.728729 45.000000 0.62353459428402314 0.050622525582456772
208 3 728.728729 67.500000 0.62353459428402314 0.050622525582456772
209 0 732.232232 0.000000 0.62481071959640466 0.05044460908214727
209 1 732.232232 22.500000 0.62481071959640466 0.05044460908214727
209 2 732.232232 45.000000 0.62481071959640466 0.05044460908214727
209 3 732.232232 67.500000 0.62481071959640466 0.05044460908214727
210 0 735.735736 0.000000 0.625389495809344 0.050048152348321592
210 1 735.735736 22.500000 0.625389495809344 0.050048152348321592
210 2 735.735736 45.000000 0.625389495809344 0.050048152348321592
210 3 735.735736 67.500000 0.625389495809344 0.050048152348321592
211 0 739.239239 0.000000 0.62516733700740135 0.049500281509636743
211 1 739.239239 22.500000 0.62516733700740135 0.049500281509636743
211 2 739.239239 45.000000 0.62516733700740135 0.049500281509636743
211 3 739.239239 67.500000 0.62516733700740135 0.049500281509636743
212 0 742.742743 0.000000 0.6241795338730215 0.048894478817071367
212 1 742.742743 22.500000 0.6241795338730215 0.048894478817071367
212 2 742.742743 45.000000 0.6241795338730215 0.048894478817071367
212 3 742.742743 67.500000 0.6241795338730215 0.048894478817071367
213 0 746.246246 0.000000 0.62259431143953325 0.048334632371310346
213 1 746.246246 22.500000 0.62259431143953325 0.048334632371310346
213 2 746.246246 45.000000 0.62259431143953325 0.048334632371310346
213 3 746.246246 67.500000 0.62259431143953325 0.048334632371310346
214 0 749.749750 0.000000 0.62068351841229119 0.047917223882177028
214 1 749.749750 22.500000 0.62068351841229119 0.047917223882177028
214 2 749.749750 45.000000 0.62068351841229119 0.047917223882177028
214 3 749.749750 67.500000 0.62068351841229119 0.047917223882177028
215 0 753.253253 0.000000 0.61877549822109723 0.047714707671331319
215 1 753.253253 22.500000 0.61877549822109723 0.047714707671331319
215 2 753.253253 45.000000 0.61877549822109723 0.047714707671331319
215 3 753.253253 67.500000 0.61877549822109723 0.047714707671331319
216 0 756.756757 0.000000 0.61719866406734314 0.047762943137794937
216 1 756.756757 22.500000 0.61719866406734314 0.047762943137794937
216 2 756.756757 45.000000 0.61719866406734314 0.047762943137794937
216 3 756.756757 67.500000 0.61719866406734314 0.047762943137794937
217 0 760.260260 0.000000 0.61622549839607821 0.048054859229077429
217 1 760.260260 22.500000 0.61622549839607821 0.048054859229077429
217 2 760.260260 45.000000 0.61622549839607821 0.048054859229077429
217 3 760.260260 67.500000 0.61622549839607821 0.048054859229077429
218 0 763.763764 0.000000 0.61602619868676833 0.048541468367738955
218 1 763.763764 22.500000 0.61602619868676833 0.048541468367738955
218 2 763.763764 45.000000 0.61602619868676833 0.048541468367738955
218 3 763.763764 67.500000 0.61602619868676833 0.048541468367738955
219 0 767.267267 0.000000 0.61663938707442689 0.049140089387785434
219 1 767.267267 22.500000 0.61663938707442689 0.049140089387785434
219 2 767.267267 45.000000 0.61663938707442689 0.049140089387785434
219 3 767.267267 67.500000 0.61663938707442689 0.049140089387785434
220 0 770.770771 0.000000 0.61796462244290262 0.049748399563182541
220 1 770.770771 22.500000 0.61796462244290262 0.049748399563182541
220 2 770.770771 45.000000 0.61796462244290262 0.049748399563182541
220 3 770.770771 67.500000 0.61796462244290262 0.049748399563182541
221 0 774.274274 0.000000 0.61977821190056892 0.050261927788419383
221 1 774.274274 22.500000 0.61977821190056892 0.050261927788419383
221 2 774.274274 45.000000 0.61977821190056892 0.050261927788419383
221 3 774.274274 67.500000 0.61977821190056892 0.050261927788419383
222 0 777.777778 0.000000 0.62177024507974743 0.05059199862838018
222 1 777.777778 22.500000 0.62177024507974743 0.05059199862838018
222 2 777.777778 45.000000 0.62177024507974743 0.05059199862838018
222 3 777.777778 67.500000 0.62177024507974743 0.05059199862838018
223 0 781.281281 0.000000 0.62359719313549022 0.050681045627168256
223 1 781.281281 22.500000 0.62359719313549022 0.050681045627168256
223 2 781.281281 45.000000 0.62359719313549022 0.050681045627168256
223 3 781.281281 67.500000 0.62359719313549022 0.050681045627168256
224 0 784.784785 0.000000 0.62494137858954557 0.050512649991164844
224 1 784.784785 22.500000 0.62494137858954557 0.050512649991164844
224 2 784.784785 45.000000 0.62494137858954557 0.050512649991164844
224 3 784.784785 67.500000 0.62494137858954557 0.050512649991164844
225 0 788.288288 0.000000 0.62556686696615016 0.050114554786209561
225 1 788.288288 22.500000 0.62556686696615016 0.050114554786209561
225 2 788.288288 45.000000 0.62556686696615016 0.050114554786209561
225 3 788.288288 67.500000 0.62556686696615016 0.050114554786209561
226 0 791.791792 0.000000 0.62536151131267248 0.049554103644737849
226 1 791.791792 22.500000 0.62536151131267248 0.049554103644737849
226 2 791.791792 45.000000 0.62536151131267248 0.049554103644737849
226 3 791.791792 67.500000 0.62536151131267248 0.049554103644737849
227 0 795.295295 0.000000 0.62435723048762315 0.048926852135438639
227 1 795.295295 22.500000 0.62435723048762315 0.048926852135438639
227 2 795.295295 45.000000 0.62435723048762315 0.048926852135438639
227 3 795.295295 67.500000 0.62435723048762315 0.048926852135438639
228 0 798.798799 0.000000 0.62272472250232036 0.048340276691714937
228 1 798.798799 22.500000 0.62272472250232036 0.048340276691714937
228 2 798.798799 45.000000 0.62272472250232036 0.048340276691714937
228 3 798.798799 67.500000 0.62272472250232036 0.048340276691714937
229 0 802.302302 0.000000 0.62074373868938559 0.047895357592208469
229 1 802.302302 22.500000 0.62074373868938559 0.047895357592208469
229 2 802.302302 45.000000 0.62074373868938559 0.047895357592208469
229 3 802.302302 67.500000 0.62074373868938559 0.047895357592208469
230 0 805.805806 0.000000 0.61875457538198508 0.047669191093466137
230 1 805.805806 22.500000 0.61875457538198508 0.047669191093466137
230 2 805.805806 45.000000 0.61875457538198508 0.047669191093466137
230 3 805.805806 67.500000 0.61875457538198508 0.047669191093466137
231 0 809.309309 0.000000 0.61709958631741646 0.047701624127221579
231 1 809.309309 22.500000 0.61709958631741646 0.047701624127221579
231 2 809.309309 45.000000 0.61709958631741646 0.047701624127221579
231 3 809.309309 67.500000 0.61709958631741646 0.047701624127221579
232 0 812.812813 0.000000 0.61606480830927113 0.047988228168792002
232 1 812.812813 22.500000 0.61606480830927113 0.047988228168792002
232 2 812.812813 45.000000 0.61606480830927113 0.047988228168792002
232 3 812.812813 67.500000 0.61606480830927113 0.047988228168792002
233 0 816.316316 0.000000 0.61583130659922147 0.048480850733939929
233 1 816.316316 22.500000 0.61583130659922147 0.048480850733939929
233 2 816.316316 45.000000 0.61583130659922147 0.048480850733939929
233 3 816.316316 67.500000 0.61583130659922147 0.048480850733939929
234 0 819.819820 0.000000 0.61644400453200587 0.049095686731707812
234 1 819.819820 22.500000 0.61644400453200587 0.049095686731707812
234 2 819.819820 45.000000 0.61644400453200587 0.049095686731707812
234 3 819.819820 67.500000 0.61644400453200587 0.049095686731707812
235 0 823.323323 0.000000 0.61780302333009396 0.049727519205491399
235 1 823.323323 22.500000 0.61780302333009396 0.049727519205491399
235 2 823.323323 45.000000 0.61780302333009396 0.049727519205491399
235 3 823.323323 67.500000 0.61780302333009396 0.049727519205491399
236 0 826.826827 0.000000 0.61967923925497603 0.05026771193205655
236 1 826.826827 22.500000 0.61967923925497603 0.05026771193205655
236 2 826.826827 45.000000 0.61967923925497603 0.05026771193205655
236 3 826.826827 67.500000 0.61967923925497603 0.05026771193205655
237 0 830.330330 0.000000 0.62175208378969382 0.05062287936181286
237 1 830.330330 22.500000 0.62175208378969382 0.05062287936181286
237 2 830.330330 45.000000 0.62175208378969382 0.05062287936181286
237 3 830.330330 67.500000 0.62175208378969382 0.05062287936181286
238 0 833.833834 0.000000 0.62366387644540877 0.050731027402708864
238 1 833.833834 22.500000 0.62366387644540877 0.050731027402708864
238 2 833.833834 45.000000 0.62366387644540877 0.050731027402708864
238 3 833.833834 67.500000 0.62366387644540877 0.050731027402708864
239 0 837.337337 0.000000 0.62508175313319558 0.050572376907420835
239 1 837.337337 22.500000 0.62508175313319558 0.050572376907420835
239 2 837.337337 45.000000 0.62508175313319558 0.050572376907420835
239 3 837.337337 67.500000 0.62508175313319558 0.050572376907420835
240 0 840.840841 0.000000 0.62575631522032971 0.050172981355451354
240 1 840.840841 22.500000 0.62575631522032971 0.050172981355451354
240 2 840.840841 45.000000 0.62575631522032971 0.050172981355451354
240 3 840.840841 67.500000 0.62575631522032971 0.050172981355451354
241 0 844.344344 0.000000 0.62556619552965353 0.049600479050303153
241 1 844.344344 22.500000 0.62556619552965353 0.049600479050303153
241 2 844.344344 45.000000 0.62556619552965353 0.049600479050303153
241 3 844.344344 67.500000 0.62556619552965353 0.049600479050303153
242 0 847.847848 0.000000 0.62454010505395574 0.048952668775639939
242 1 847.847848 22.500000 0.62454010505395574 0.048952668775639939
242 2 847.847848 45.000000 0.62454010505395574 0.048952668775639939
242 3 847.847848 67.500000 0.62454010505395574 0.048952668775639939
243 0 851.351351 0.000000 0.62285219846931139 0.048340835210758354
243 1 851.351351 22.500000 0.62285219846931139 0.048340835210758354
243 2 851.351351 45.000000 0.62285219846931139 0.048340835210758354
243 3 851.351351 67.500000 0.62285219846931139 0.048340835210758354
244 0 854.854855 0.000000 0.62079176695825622 0.047870663334303128
244 1 854.854855 22.500000 0.62079176695825622 0.047870663334303128
244 2 854.854855 45.000000 0.62079176695825622 0.047870663334303128
244 3 854.854855 67.500000 0.62079176695825622 0.047870663334303128
245 0 858.358358 0.000000 0.61871305713085811 0.047624010981086477
245 1 858.358358 22.500000 0.61871305713085811 0.047624010981086477
245 2 858.358358 45.000000 0.61871305713085811 0.047624010981086477
245 3 858.358358 67.500000 0.61871305713085811 0.047624010981086477
246 0 861.861862 0.000000 0.61697435874756223 0.047644679202777249
246 1 861.861862 22.500000 0.61697435874756223 0.047644679202777249
246 2 861.861862 45.000000 0.61697435874756223 0.047644679202777249
246 3 861.861862 67.500000 0.61697435874756223 0.047644679202777249
247 0 865.365365 0.000000 0.61587689023015002 0.04793065033056617
247 1 865.365365 22.500000 0.61587689023015002 0.04793065033056617
247 2 865.365365 45.000000 0.61587689023015002 0.04793065033056617
247 3 865.365365 67.500000 0.61587689023015002 0.04793065033056617
248 0 868.868869 0.000000 0.61561352980656014 0.0484341657380652
248 1 868.868869 22.500000 0.61561352980656014 0.0484341657380652
248 2 868.868869 45.000000 0.61561352980656014 0.0484341657380652
248 3 868.868869 67.500000 0.61561352980656014 0.0484341657380652
249 0 872.372372 0.000000 0.61623554857497675 0.049069675481079066
249 1 872.372372 22.500000 0.61623554857497675 0.049069675481079066
249 2 872.372372 45.000000 0.61623554857497675 0.049069675481079066
249 3 872.372372 67.500000 0.61623554857497675 0.049069675481079066
250 0 875.875876 0.000000 0.6176426916939487 0.049728339037210696
250 1 875.875876 22.500000 0.6176426916939487 0.049728339037210696
250 2 875.875876 45.000000 0.6176426916939487 0.049728339037210696
250 3 875.875876 67.500000 0.6176426916939487 0.049728339037210696
251 0 879.379379 0.000000 0.61959854858824093 0.050296622592256958
251 1 879.379379 22.500000 0.61959854858824093 0.050296622592256958
251 2 879.379379 45.000000 0.61959854858824093 0.050296622592256958
251 3 879.379379 67.500000 0.61959854858824093 0.050296622592256958
252 0 882.882883 0.000000 0.62176934881003199 0.050675819692864769
252 1 882.882883 22.500000 0.62176934881003199 0.050675819692864769
252 2 882.882883 45.000000 0.62176934881003199 0.050675819692864769
252 3 882.882883 67.500000 0.62176934881003199 0.050675819692864769
253 0 886.386386 0.000000 0.6237804054047198 0.050799144398832645
253 1 886.386386 22.500000 0.6237804054047198 0.050799144398832645
253 2 886.386386 45.000000 0.6237804054047198 0.050799144398832645
253 3 886.386386 67.500000 0.6237804054047198 0.050799144398832645
254 0 889.889890 0.000000 0.62528097657356829 0.050643442957887946
254 1 889.889890 22.500000 0.62528097657356829 0.050643442957887946
254 2 889.889890 45.000000 0.62528097657356829 0.050643442957887946
254 3 889.889890 67.500000 0.62528097657356829 0.050643442957887946
255 0 893.393393 0.000000 0.62600616283846533 0.050233476678542943
255 1 893.393393 22.500000 0.62600616283846533 0.050233476678542943
255 2 893.393393 45.000000 0.62600616283846533 0.050233476678542943
255 3 893.393393 67.500000 0.62600616283846533 0.050233476678542943
256 0 896.896897 0.000000 0.62582440092564418 0.049637992404103291
256 1 896.896897 22.500000 0.62582440092564418 0.049637992404103291
256 2 896.896897 45.000000 0.62582440092564418 0.049637992404103291
256 3 896.896897 67.500000 0.62582440092564418 0.049637992404103291
257 0 900.400400 0.000000 0.6247615095818313 0.048958202934035813
257 1 900.400400 22.500000 0.6247615095818313 0.048958202934035813
257 2 900.400400 45.000000 0.6247615095818313 0.048958202934035813
257 3 900.400400 67.500000 0.6247615095818313 0.048958202934035813
258 0 903.903904 0.000000 0.62299670775530791 0.048310607384170444
258 1 903.903904 22.500000 0.62299670775530791 0.048310607384170444
258 2 903.903904 45.000000 0.62299670775530791 0.048310607384170444
258 3 903.903904 67.500000 0.62299670775530791 0.048310607384170444
259 0 907.407407 0.000000 0.62083149580119379 0.047807065778373674
259 1 907.407407 22.500000 0.62083149580119379 0.047807065778373674
259 2 907.407407 45.000000 0.62083149580119379 0.047807065778373674
259 3 907.407407 67.500000 0.62083149580119379 0.047807065778373674
260 0 910.910911 0.000000 0.61863739166381082 0.047535532242682685
260 1 910.910911 22.500000 0.61863739166381082 0.047535532242682685
260 2 910.910911 45.000000 0.61863739166381082 0.047535532242682685
260 3 910.910911 67.500000 0.61863739166381082 0.047535532242682685
261 0 914.414414 0.000000 0.61679208758483128 0.047544759944861209
261 1 914.414414 22.500000 0.61679208758483128 0.047544759944861209
261 2 914.414414 45.000000 0.61679208758483128 0.047544759944861209
261 3 914.414414 67.500000 0.61679208758483128 0.047544759944861209
262 0 917.917918 0.000000 0.6156150822959533 0.047835630522992119
262 1 917.917918 22.500000 0.6156150822959533 0.047835630522992119
262 2 917.917918 45.000000 0.6156150822959533 0.047835630522992119
262 3 917.917918 67.500000 0.6156150822959533 0.047835630522992119
263 0 921.421421 0.000000 0.6153133533452968 0.048360641024176296
263 1 921.421421 22.500000 0.6153133533452968 0.048360641024176296
263 2 921.421421 45.000000 0.6153133533452968 0.048360641024176296
263 3 921.421421 67.500000 0.6153133533452968 0.048360641024176296
264 0 924.924925 0.000000 0.61594567134132305 0.049031691618427402
264 1 924.924925 22.500000 0.61594567134132305 0.049031691618427402
264 2 924.924925 45.000000 0.61594567134132305 0.049031691618427402
264 3 924.924925 67.500000 0.61594567134132305 0.049031691618427402
265 0 928.428428 0.000000 0.61741125872603553 0.049734894295554194
265 1 928.428428 22.500000 0.61741125872603553 0.049734894295554194
265 2 928.428428 45.000000 0.61741125872603553 0.049734894295554194
265 3 928.428428 67.500000 0.61741125872603553 0.049734894295554194
266 0 931.931932 0.000000 0.61946499133203703 0.050349910250410287
266 1 931.931932 22.500000 0.61946499133203703 0.050349910250410287
266 2 931.931932 45.000000 0.61946499133203703 0.050349910250410287
266 3 931.931932 67.500000 0.61946499133203703 0.050349910250410287
267 0 935.435435 0.000000 0.62175740065946206 0.050770530922430328
267 1 935.435435 22.500000 0.62175740065946206 0.050770530922430328
267 2 935.435435 45.000000 0.62175740065946206 0.050770530922430328
267 3 935.435435 67.500000 0.62175740065946206 0.050770530922430328
268 0 938.938939 0.000000 0.62389361751146888 0.050922983165633241
268 1 938.938939 22.500000 0.62389361751146888 0.050922983165633241
268 2 938.938939 45.000000 0.62389361751146888 0.050922983165633241
268 3 938.938939 67.500000 0.62389361751146888 0.050922983165633241
269 0 942.442442 0.000000 0.62550168602143763 0.05077880639295701
269 1 942.442442 22.500000 0.62550168602143763 0.05077880639295701
269 2 942.442442 45.000000 0.62550168602143763 0.05077880639295701
269 3 942.442442 67.500000 0.62550168602143763 0.05077880639295701
270 0 945.945946 0.000000 0.6262982686070141 0.05036005945932507
270 1 945.945946 22.500000 0.6262982686070141 0.05036005945932507
270 2 945.945946 45.000000 0.6262982686070141 0.05036005945932507
270 3 945.945946 67.500000 0.6262982686070141 0.05036005945932507
271 0 949.449449 0.000000 0.6261395546264249 0.049735914865023205
271 1 949.449449 22.500000 0.6261395546264249 0.049735914865023205
271 2 949.449449 45.000000 0.6261395546264249 0.049735914865023205
271 3 949.449449 67.500000 0.6261395546264249 0.049735914865023205
272 0 952.952953 0.000000 0.62504761151169441 0.049011167183741572
272 1 952.952953 22.500000 0.62504761151169441 0.049011167183741572
272 2 952.952953 45.000000 0.62504761151169441 0.049011167183741572
272 3 952.952953 67.500000 0.62504761151169441 0.049011167183741572
273 0 956.456456 0.000000 0.62320711260240813 0.048308570696826293
273 1 956.456456 22.500000 0.62320711260240813 0.048308570696826293
273 2 956.456456 45.000000 0.62320711260240813 0.048308570696826293
273 3 956.456456 67.500000 0.62320711260240813 0.048308570696826293
274 0 959.959960 0.000000 0.6209332070093162 0.047747989730631657
274 1 959.959960 22.500000 0.6209332070093162 0.047747989730631657
274 2 959.959960 45.000000 0.6209332070093162 0.047747989730631657
274 3 959.959960 67.500000 0.6209332070093162 0.047747989730631657
275 0 963.463463 0.000000 0.61861676989630576 0.047425909178600123
275 1 963.463463 22.500000 0.61861676989630576 0.047425909178600123
275 2 963.463463 45.000000 0.61861676989630576 0.047425909178600123
275 3 963.463463 67.500000 0.61861676989630576 0.047425909178600123
276 0 966.966967 0.000000 0.61665711486641361 0.047398812530841487
276 1 966.966967 22.500000 0.61665711486641361 0.047398812530841487
276 2 966.966967 45.000000 0.61665711486641361 0.047398812530841487
276 3 966.966967 67.500000 0.61665711486641361 0.047398812530841487
277 0 970.470470 0.000000 0.61539385368882993 0.04767329374190888
277 1 970.470470 22.500000 0.61539385368882993 0.04767329374190888
277 2 970.470470 45.000000 0.61539385368882993 0.04767329374190888
277 3 970.470470 67.500000 0.61539385368882993 0.04767329374190888
278 0 973.973974 0.000000 0.61504907743564807 0.048204633709106846
278 1 973.973974 22.500000 0.61504907743564807 0.048204633709106846
278 2 973.973974 45.000000 0.61504907743564807 0.048204633709106846
278 3 973.973974 67.500000 0.61504907743564807 0.048204633709106846
279 0 977.477477 0.000000 0.61568897848774851 0.048904133624231988
279 1 977.477477 22.500000 0.61568897848774851 0.048904133624231988
279 2 977.477477 45.000000 0.61568897848774851 0.048904133624231988
279 3 977.477477 67.500000 0.61568897848774851 0.048904133624231988
280 0 980.980981 0.000000 0.61721102566114949 0.049654000629970163
280 1 980.980981 22.500000 0.61721102566114949 0.049654000629970163
280 2 980.980981 45.000000 0.61721102566114949 0.049654000629970163
280 3 980.980981 67.500000 0.61721102566114949 0.049654000629970163
281 0 984.484484 0.000000 0.61935918279320856 0.050327282094676677
281 1 984.484484 22.500000 0.61935918279320856 0.050327282094676677
281 2 984.484484 45.000000 0.61935918279320856 0.050327282094676677
281 3 984.484484 67.500000 0.61935918279320856 0.050327282094676677
282 0 987.987988 0.000000 0.62176555621167673 0.050809467057806354
282 1 987.987988 22.500000 0.62176555621167673 0.050809467057806354
282 2 987.987988 45.000000 0.62176555621167673 0.050809467057806354
282 3 987.987988 67.500000 0.62176555621167673 0.050809467057806354
283 0 991.491491 0.000000 0.62401248896253825 0.051018069734157193
283 1 991.491491 22.500000 0.62401248896253825 0.051018069734157193
283 2 991.491491 45.000000 0.62401248896253825 0.051018069734157193
283 3 991.491491 67.500000 0.62401248896253825 0.051018069734157193
284 0 994.994995 0.000000 0.6257050845054698 0.050916835658004825
284 1 994.994995 22.500000 0.6257050845054698 0.050916835658004825
284 2 994.994995 45.000000 0.6257050845054698 0.050916835658004825
284 3 994.994995 67.500000 0.6257050845054698 0.050916835658004825
285 0 998.498498 0.000000 0.62654142195242468 0.050522113843724736
285 1 998.498498 22.500000 0.62654142195242468 0.050522113843724736
285 2 998.498498 45.000000 0.62654142195242468 0.050522113843724736
285 3 998.498498 67.500000 0.62654142195242468 0.050522113843724736
286 0 1002.002002 0.000000 0.62636734360332869 0.049900266801193062
286 1 1002.002002 22.500000 0.62636734360332869 0.049900266801193062
286 2 1002.002002 45.000000 0.62636734360332869 0.049900266801193062
286 3 1002.002002 67.500000 0.62636734360332869 0.049900266801193062
287 0 1005.505506 0.000000 0.62520518819980619 0.049156519129908482
287 1 1005.505506 22.500000 0.62520518819980619 0.049156519129908482
287 2 1005.505506 45.000000 0.62520518819980619 0.049156519129908482
287 3 1005.505506 67.500000 0.62520518819980619 0.049156519129908482
288 0 1009.009009 0.000000 0.623250857166048 0.04841711384965279
288 1 1009.009009 22.500000 0.623250857166048 0.04841711384965279
288 2 1009.009009 45.000000 0.623250857166048 0.04841711384965279
288 3 1009.009009 67.500000 0.623250857166048 0.04841711384965279
289 0 1012.512513 0.000000 0.62083990507205056 0.047807801600954297
289 1 1012.512513 22.500000 0.62083990507205056 0.047807801600954297
289 2 1012.512513 45.000000 0.62083990507205056 0.047807801600954297
289 3 1012.512513 67.500000 0.62083990507205056 0.047807801600954297
290 0 1016.016016 0.000000 0.61838928316131736 0.047432331472457567
290 1 1016.016016 22.500000 0.61838928316131736 0.047432331472457567
290 2 1016.016016 45.000000 0.61838928316131736 0.047432331472457567
290 3 1016.016016 67.500000 0.61838928316131736 0.047432331472457567
291 0 1019.519520 0.000000 0.61632551788710099 0.047354630273078228
291 1 1019.519520 22.500000 0.61632551788710099 0.047354630273078228
291 2 1019.519520 45.000000 0.61632551788710099 0.047354630273078228
291 3 1019.519520 67.500000 0.61632551788710099 0.047354630273078228
292 0 1023.023023 0.000000 0.61501180620382501 0.047587742951214838
292 1 1023.023023 22.500000 0.61501180620382501 0.047587742951214838
292 2 1023.023023 45.000000 0.61501180620382501 0.047587742951214838
292 3 1023.023023 67.500000 0.61501180620382501 0.047587742951214838
293 0 1026.526527 0.000000 0.61468592651553344 0.048091462319969192
293 1 1026.526527 22.500000 0.61468592651553344 0.048091462319969192
293 2 1026.526527 45.000000 0.61468592651553344 0.048091462319969192
293 3 1026.526527 67.500000 0.61468592651553344 0.048091462319969192
294 0 1030.030030 0.000000 0.61541867279931328 0.048779094586624674
294 1 1030.030030 22.500000 0.61541867279931328 0.048779094586624674
294 2 1030.030030 45.000000 0.61541867279931328 0.048779094586624674
294 3 1030.030030 67.500000 0.61541867279931328 0.048779094586624674
295 0 1033.533534 0.000000 0.61709939124946489 0.049532240681167738
295 1 1033.533534 22.500000 0.61709939124946489 0.049532240681167738
295 2 1033.533534 45.000000 0.61709939124946489 0.049532240681167738
295 3 1033.533534 67.500000 0.61709939124946489 0.049532240681167738
296 0 1037.037037 0.000000 0.61945147355697128 0.0502210903674985
296 1 1037.037037 22.500000 0.61945147355697128 0.0502210903674985
296 2 1037.037037 45.000000 0.61945147355697128 0.0502210903674985
296 3 1037.037037 67.500000 0.61945147355697128 0.0502210903674985
297 0 1040.540541 0.000000 0.6220763981207692 0.050726765077813471
297 1 1040.540541 22.500000 0.6220763981207692 0.050726765077813471
297 2 1040.540541 45.000000 0.6220763981207692 0.050726765077813471
297 3 1040.540541 67.500000 0.6220763981207692 0.050726765077813471
298 0 1044.044044 0.000000 0.62452025010004153 0.050961873867640832
298 1 1044.044044 22.500000 0.62452025010004153 0.050961873867640832
298 2 1044.044044 45.000000 0.62452025010004153 0.050961873867640832
298 3 1044.044044 67.500000 0.62452025010004153 0.050961873867640832
299 0 1047.547548 0.000000 0.62635218276201965 0.050885732258408124
299 1 1047.547548 22.500000 0.62635218276201965 0.050885732258408124
299 2 1047.547548 45.000000 0.62635218276201965 0.050885732258408124
299 3 1047.547548 67.500000 0.62635218276201965 0.050885732258408124
300 0 1051.051051 0.000000 0.62724109851868504 0.050511591115166038
300 1 1051.051051 22.500000 0.62724109851868504 0.050511591115166038
300 2 1051.051051 45.000000 0.62724109851868504 0.050511591115166038
300 3 1051.051051 67.500000 0.62724109851868504 0.050511591115166038
301 0 1054.554555 0.000000 0.62701614320645283 0.049904581871197791
301 1 1054.554555 22.500000 0.62701614320645283 0.049904581871197791
301 2 1054.554555 45.000000 0.62701614320645283 0.049904581871197791
301 3 1054.554555 67.500000 0.62701614320645283 0.049904581871197791
302 0 1058.058058 0.000000 0.62569912723975574 0.049170674894363109
302 1 1058.058058 22.500000 0.62569912723975574 0.049170674894363109
302 2 1058.058058 45.000000 0.62569912723975574 0.049170674894363109
302 3 1058.058058 67.500000 0.62569912723975574 0.049170674894363109
303 0 1061.561562 0.000000 0.62350240759162601 0.048438497901193971
303 1 1061.561562 22.500000 0.62350240759162601 0.048438497901193971
303 2 1061.561562 45.000000 0.62350240759162601 0.048438497901193971
303 3 1061.561562 67.500000 0.62350240759162601 0.048438497901193971
304 0 1065.065065 0.000000 0.62079273619224462 0.047837104478846787
304 1 1065.065065 22.500000 0.62079273619224462 0.047837104478846787
304 2 1065.065065 45.000000 0.62079273619224462 0.047837104478846787
304 3 1065.065065 67.500000 0.62079273619224462 0.047837104478846787
305 0 1068.568569 0.000000 0.61802821208482717 0.047473503254477377
305 1 1068.568569 22.500000 0.61802821208482717 0.047473503254477377
305 2 1068.568569 45.000000 0.61802821208482717 0.047473503254477377
305 3 1068.568569 67.500000 0.61802821208482717 0.047473503254477377
306 0 1072.072072 0.000000 0.61568011328392225 0.047413828550964175
306 1 1072.072072 22.500000 0.61568011328392225 0.047413828550964175
306 2 1072.072072 45.000000 0.61568011328392225 0.047413828550964175
306 3 1072.072072 67.500000 0.61568011328392225 0.047413828550964175
307 0 1075.575576 0.000000 0.61415324138419303 0.047671436665844412
307 1 1075.575576 22.500000 0.61415324138419303 0.047671436665844412
307 2 1075.575576 45.000000 0.61415324138419303 0.047671436665844412
307 3 1075.575576 67.500000 0.61415324138419303 0.047671436665844412
308 0 1079.079079 0.000000 0.61371770049582708 0.048204045720409879
308 1 1079.079079 22.500000 0.61371770049582708 0.048204045720409879
308 2 1079.079079 45.000000 0.61371770049582708 0.048204045720409879
308 3 1079.079079 67.500000 0.61371770049582708 0.048204045720409879
309 0 1082.582583 0.000000 0.61446258066232284 0.048920497275276219
309 1 1082.582583 22.500000 0.61446258066232284 0.048920497275276219
309 2 1082.582583 45.000000 0.61446258066232284 0.048920497275276219
309 3 1082.582583 67.500000 0.61446258066232284 0.048920497275276219
310 0 1086.086086 0.000000 0.61627865160535078 0.049696066042358329
310 1 1086.086086 22.500000 0.61627865160535078 0.049696066042358329
310 2 1086.086086 45.000000 0.61627865160535078 0.049696066042358329
310 3 1086.086086 67.500000 0.61627865160535078 0.049696066042358329
311 0 1089.589590 0.000000 0.61887329118959589 0.050393762655565534
311 1 1089.589590 22.500000 0.61887329118959589 0.050393762655565534
311 2 1089.589590 45.000000 0.61887329118959589 0.050393762655565534
311 3 1089.589590 67.500000 0.61887329118959589 0.050393762655565534
312 0 1093.093093 0.000000 0.62181646727314077 0.050888019097053754
312 1 1093.093093 22.500000 0.62181646727314077 0.050888019097053754
312 2 1093.093093 45.000000 0.62181646727314077 0.050888019097053754
312 3 1093.093093 67.500000 0.62181646727314077 0.050888019097053754
313 0 1096.596597 0.000000 0.6246116803484788 0.051086701434829712
313 1 1096.596597 22.500000 0.6246116803484788 0.051086701434829712
313 2 1096.596597 45.000000 0.6246116803484788 0.051086701434829712
313 3 1096.596597 67.500000 0.6246116803484788 0.051086701434829712
314 0 1100.100100 0.000000 0.62678088373741547 0.050947641252147673
314 1 1100.100100 22.500000 0.62678088373741547 0.050947641252147673
314 2 1100.100100 45.000000 0.62678088373741547 0.050947641252147673
314 3 1100.100100 67.500000 0.62678088373741547 0.050947641252147673
315 0 1103.603604 0.000000 0.62794869419102239 0.05048677894629533
315 1 1103.603604 22.500000 0.62794869419102239 0.05048677894629533
315 2 1103.603604 45.000000 0.62794869419102239 0.05048677894629533
315 3 1103.603604 67.500000 0.62794869419102239 0.05048677894629533
316 0 1107.107107 0.000000 0.6279101013637306 0.049776419935436689
316 1 1107.107107 22.500000 0.6279101013637306 0.049776419935436689
316 2 1107.107107 45.000000 0.6279101013637306 0.049776419935436689
316 3 1107.107107 67.500000 0.6279101013637306 0.049776419935436689
317 0 1110.610611 0.000000 0.62666830465670231 0.048933782010921911
317 1 1110.610611 22.500000 0.62666830465670231 0.048933782010921911
317 2 1110.610611 45.000000 0.62666830465670231 0.048933782010921911
317 3 1110.610611 67.500000 0.62666830465670231 0.048933782010921911
318 0 1114.114114 0.000000 0.62443505465628624 0.048101674042165983
318 1 1114.114114 22.500000 0.62443505465628624 0.048101674042165983
318 2 1114.114114 45.000000 0.62443505465628624 0.048101674042165983
318 3 1114.114114 67.500000 0.62443505465628624 0.048101674042165983
319 0 1117.617618 0.000000 0.62159352769412102 0.047424508906089978
319 1 1117.617618 22.500000 0.62159352769412102 0.047424508906089978
319 2 1117.617618 45.000000 0.62159352769412102 0.047424508906089978
319 3 1117.617618 67.500000 0.62159352769412102 0.047424508906089978
320 0 1121.121121 0.000000 0.61863119164205149 0.047023681858712314
320 1 1121.121121 22.500000 0.61863119164205149 0.047023681858712314
320 2 1121.121121 45.000000 0.61863119164205149 0.047023681858712314
320 3 1121.121121 67.500000 0.61863119164205149 0.047023681858712314
321 0 1124.624625 0.000000 0.61605540672181724 0.046976494138612455
321 1 1124.624625 22.500000 0.61605540672181724 0.046976494138612455
321 2 1124.624625 45.000000 0.61605540672181724 0.046976494138612455
321 3 1124.624625 67.500000 0.61605540672181724 0.046976494138612455
322 0 1128.128128 0.000000 0.61430668898829976 0.047302239943904631
322 1 1128.128128 22.500000 0.61430668898829976 0.047302239943904631
322 2 1128.128128 45.000000 0.61430668898829976 0.047302239943904631
322 3 1128.128128 67.500000 0.61430668898829976 0.047302239943904631
323 0 1131.631632 0.000000 0.61368385571963913 0.047957893562555726
323 1 1131.631632 22.500000 0.61368385571963913 0.047957893562555726
323 2 1131.631632 45.000000 0.61368385571963913 0.047957893562555726
323 3 1131.631632 67.500000 0.61368385571963913 0.047957893562555726
324 0 1135.135135 0.000000 0.61429262241000315 0.048844229126353091
324 1 1135.135135 22.500000 0.61429262241000315 0.048844229126353091
324 2 1135.135135 45.000000 0.61429262241000315 0.048844229126353091
324 3 1135.135135 67.500000 0.61429262241000315 0.048844229126353091
325 0 1138.638639 0.000000 0.61602559317783789 0.049821448281137909
325 1 1138.638639 22.500000 0.61602559317783789 0.049821448281137909
325 2 1138.638639 45.000000 0.61602559317783789 0.049821448281137909
325 3 1138.638639 67.500000 0.61602559317783789 0.049821448281137909
326 0 1142.142142 0.000000 0.61857742228731116 0.050731778742260814
326 1 1142.142142 22.500000 0.61857742228731116 0.050731778742260814
326 2 1142.142142 45.000000 0.61857742228731116 0.050731778742260814
326 3 1142.142142 67.500000 0.61857742228731116 0.050731778742260814
327 0 1145.645646 0.000000 0.62149415729284063 0.051425313942751925
327 1 1145.645646 22.500000 0.62149415729284063 0.051425313942751925
327 2 1145.645646 45.000000 0.62149415729284063 0.051425313942751925
327 3 1145.645646 67.500000 0.62149415729284063 0.051425313942751925
328 0 1149.149149 0.000000 0.62425033987315237 0.051784795473899935
328 1 1149.149149 22.500000 0.62425033987315237 0.051784795473899935
328 2 1149.149149 45.000000 0.62425033987315237 0.051784795473899935
328 3 1149.149149 67.500000 0.62425033987315237 0.051784795473899935
329 0 1152.652653 0.000000 0.62634188043279915 0.051745195154704104
329 1 1152.652653 22.500000 0.62634188043279915 0.051745195154704104
329 2 1152.652653 45.000000 0.62634188043279915 0.051745195154704104
329 3 1152.652653 67.500000 0.62634188043279915 0.051745195154704104
330 0 1156.156156 0.000000 0.62737838173423732 0.051304808977797656
330 1 1156.156156 22.500000 0.62737838173423732 0.051304808977797656
330 2 1156.156156 45.000000 0.62737838173423732 0.051304808977797656
330 3 1156.156156 67.500000 0.62737838173423732 0.051304808977797656
331 0 1159.659660 0.000000 0.62715716313105918 0.050525988181826249
331 1 1159.659660 22.500000 0.62715716313105918 0.050525988181826249
331 2 1159.659660 45.000000 0.62715716313105918 0.050525988181826249
331 3 1159.659660 67.500000 0.62715716313105918 0.050525988181826249
332 0 1163.163163 0.000000 0.62570388772171692 0.049525365173834636
332 1 1163.163163 22.500000 0.62570388772171692 0.049525365173834636
332 2 1163.163163 45.000000 0.62570388772171692 0.049525365173834636
332 3 1163.163163 67.500000 0.62570388772171692 0.049525365173834636
333 0 1166.666667 0.000000 0.62327123897070691 0.048455190729778753
333 1 1166.666667 22.500000 0.62327123897070691 0.048455190729778753
333 2 1166.666667 45.000000 0.62327123897070691 0.048455190729778753
333 3 1166.666667 67.500000 0.62327123897070691 0.048455190729778753
334 0 1170.170170 0.000000 0.62029584716777675 0.047478885404650832
334 1 1170.170170 22.500000 0.62029584716777675 0.047478885404650832
334 2 1170.170170 45.000000 0.62029584716777675 0.047478885404650832
334 3 1170.170170 67.500000 0.62029584716777675 0.047478885404650832
335 0 1173.673674 0.000000 0.61732208579209058 0.046744869783714144
335 1 1173.673674 22.500000 0.61732208579209058 0.046744869783714144
335 2 1173.673674 45.000000 0.61732208579209058 0.046744869783714144
335 3 1173.673674 67.500000 0.61732208579209058 0.046744869783714144
336 0 1177.177177 0.000000 0.61490716519318356 0.046363011694307503
336 1 1177.177177 22.500000 0.61490716519318356 0.046363011694307503
336 2 1177.177177 45.000000 0.61490716519318356 0.046363011694307503
336 3 1177.177177 67.500000 0.61490716519318356 0.046363011694307503
337 0 1180.680681 0.000000 0.61352409949343067 0.046387567778520371
337 1 1180.680681 22.500000 0.61352409949343067 0.046387567778520371
337 2 1180.680681 45.000000 0.61352409949343067 0.046387567778520371
337 3 1180.680681 67.500000 0.61352409949343067 0.046387567778520371
338 0 1184.184184 0.000000 0.61347804640427084 0.046809381473560313
338 1 1184.184184 22.500000 0.61347804640427084 0.046809381473560313
338 2 1184.184184 45.000000 0.61347804640427084 0.046809381473560313
338 3 1184.184184 67.500000 0.61347804640427084 0.046809381473560313
339 0 1187.687688 0.000000 0.61484855025021634 0.047558521190852097
339 1 1187.687688 22.500000 0.61484855025021634 0.047558521190852097
339 2 1187.687688 45.000000 0.61484855025021634 0.047558521190852097
339 3 1187.687688 67.500000 0.61484855025021634 0.047558521190852097
340 0 1191.191191 0.000000 0.61746658061446391 0.048516772454328901
340 1 1191.191191 22.500000 0.61746658061446391 0.048516772454328901
340 2 1191.191191 45.000000 0.61746658061446391 0.048516772454328901
340 3 1191.191191 67.500000 0.61746658061446391 0.048516772454328901
341 0 1194.694695 0.000000 0.62093132386247529 0.049537739913650319
341 1 1194.694695 22.500000 0.62093132386247529 0.049537739913650319
341 2 1194.694695 45.000000 0.62093132386247529 0.049537739913650319
341 3 1194.694695 67.500000 0.62093132386247529 0.049537739913650319
342 0 1198.198198 0.000000 0.62466698359446637 0.050471053891710499
342 1 1198.198198 22.500000 0.62466698359446637 0.050471053891710499
342 2 1198.198198 45.000000 0.62466698359446637 0.050471053891710499
342 3 1198.198198 67.500000 0.62466698359446637 0.050471053891710499
343 0 1201.701702 0.000000 0.62801382960949248 0.05118652710603689
343 1 1201.701702 22.500000 0.62801382960949248 0.05118652710603689
343 2 1201.701702 45.000000 0.62801382960949248 0.05118652710603689
343 3 1201.701702 67.500000 0.62801382960949248 0.05118652710603689
344 0 1205.205205 0.000000 0.63034073826169557 0.051594179842110774
344 1 1205.205205 22.500000 0.63034073826169557 0.051594179842110774
344 2 1205.205205 45.000000 0.63034073826169557 0.051594179842110774
344 3 1205.205205 67.500000 0.63034073826169557 0.051594179842110774
345 0 1208.708709 0.000000 0.63116015406020154 0.051656830154663283
345 1 1208.708709 22.500000 0.63116015406020154 0.051656830154663283
345 2 1208.708709 45.000000 0.63116015406020154 0.051656830154663283
345 3 1208.708709 67.500000 0.63116015406020154 0.051656830154663283
346 0 1212.212212 0.000000 0.63022326449137978 0.051393290731193121
346 1 1212.212212 22.500000 0.63022326449137978 0.051393290731193121
346 2 1212.212212 45.000000 0.63022326449137978 0.051393290731193121
346 3 1212.212212 67.500000 0.63022326449137978 0.051393290731193121
347 0 1215.715716 0.000000 0.62757527453377848 0.050871887996025079
347 1 1215.715716 22.500000 0.62757527453377848 0.050871887996025079
347 2 1215.715716 45.000000 0.62757527453377848 0.050871887996025079
347 3 1215.715716 67.500000 0.62757527453377848 0.050871887996025079
348 0 1219.219219 0.000000 0.62355831690396446 0.050195726322441264
348 1 1219.219219 22.500000 0.62355831690396446 0.050195726322441264
348 2 1219.219219 45.000000 0.62355831690396446 0.050195726322441264
348 3 1219.219219 67.500000 0.62355831690396446 0.050195726322441264
349 0 1222.722723 0.000000 0.6187608148020598 0.049482559262289144
349 1 1222.722723 22.500000 0.6187608148020598 0.049482559262289144
349 2 1222.722723 45.000000 0.6187608148020598 0.049482559262289144
349 3 1222.722723 67.500000 0.6187608148020598 0.049482559262289144
350 0 1226.226226 0.000000 0.61392353469404171 0.048843045845361761
350 1 1226.226226 22.500000 0.61392353469404171 0.048843045845361761
350 2 1226.226226 45.000000 0.61392353469404171 0.048843045845361761
350 3 1226.226226 67.500000 0.61392353469404171 0.048843045845361761
351 0 1229.729730 0.000000 0.60982063525060215 0.048361400656536171
351 1 1229.729730 22.500000 0.60982063525060215 0.048361400656536171
351 2 1229.729730 45.000000 0.60982063525060215 0.048361400656536171
351 3 1229.729730 67.500000 0.60982063525060215 0.048361400656536171
352 0 1233.233233 0.000000 0.60713683319446898 0.048081950330786792
352 1 1233.233233 22.500000 0.60713683319446898 0.048081950330786792
352 2 1233.233233 45.000000 0.60713683319446898 0.048081950330786792
352 3 1233.233233 67.500000 0.60713683319446898 0.048081950330786792
353 0 1236.736737 0.000000 0.60635976652574586 0.048003974602391003
353 1 1236.736737 22.500000 0.60635976652574586 0.048003974602391003
353 2 1236.736737 45.000000 0.60635976652574586 0.048003974602391003
353 3 1236.736737 67.500000 0.60635976652574586 0.048003974602391003
354 0 1240.240240 0.000000 0.60770187627333161 0.048085640320344729
354 1 1240.240240 22.500000 0.60770187627333161 0.048085640320344729
354 2 1240.240240 45.000000 0.60770187627333161 0.048085640320344729
354 3 1240.240240 67.500000 0.60770187627333161 0.048085640320344729
355 0 1243.743744 0.000000 0.61106105853732195 0.048256114984037334
355 1 1243.743744 22.500000 0.61106105853732195 0.048256114984037334
355 2 1243.743744 45.000000 0.61106105853732195 0.048256114984037334
355 3 1243.743744 67.500000 0.61106105853732195 0.048256114984037334
356 0 1247.247247 0.000000 0.6160251989205825 0.048433385717778533
356 1 1247.247247 22.500000 0.6160251989205825 0.048433385717778533
356 2 1247.247247 45.000000 0.6160251989205825 0.048433385717778533
356 3 1247.247247 67.500000 0.6160251989205825 0.048433385717778533
357 0 1250.750751 0.000000 0.62192203999671425 0.048544198204652035
357 1 1250.750751 22.500000 0.62192203999671425 0.048544198204652035
357 2 1250.750751 45.000000 0.62192203999671425 0.048544198204652035
357 3 1250.750751 67.500000 0.62192203999671425 0.048544198204652035
358 0 1254.254254 0.000000 0.6279112150085 0.048542078701061163
358 1 1254.254254 22.500000 0.6279112150085 0.048542078701061163
358 2 1254.254254 45.000000 0.6279112150085 0.048542078701061163
358 3 1254.254254 67.500000 0.6279112150085 0.048542078701061163
359 0 1257.757758 0.000000 0.63310874717176824 0.048419705350769567
359 1 1257.757758 22.500000 0.63310874717176824 0.048419705350769567
359 2 1257.757758 45.000000 0.63310874717176824 0.048419705350769567
359 3 1257.757758 67.500000 0.63310874717176824 0.048419705350769567
360 0 1261.261261 0.000000 0.63672660014101734 0.048212911820047784
360 1 1261.261261 22.500000 0.63672660014101734 0.048212911820047784
360 2 1261.261261 45.000000 0.63672660014101734 0.048212911820047784
360 3 1261.261261 67.500000 0.63672660014101734 0.048212911820047784
361 0 1264.764765 0.000000 0.63820353001685304 0.047995165365294822
361 1 1264.764765 22.500000 0.63820353001685304 0.047995165365294822
361 2 1264.764765 45.000000 0.63820353001685304 0.047995165365294822
361 3 1264.764765 67.500000 0.63820353001685304 0.047995165365294822
362 0 1268.268268 0.000000 0.63730175296377289 0.04786318873778752
362 1 1268.268268 22.500000 0.63730175296377289 0.04786318873778752
362 2 1268.268268 45.000000 0.63730175296377289 0.04786318873778752
362 3 1268.268268 67.500000 0.63730175296377289 0.04786318873778752
363 0 1271.771772 0.000000 0.63414886915572644 0.047916160867668596
363 1 1271.771772 22.500000 0.63414886915572644 0.047916160867668596
363 2 1271.771772 45.000000 0.63414886915572644 0.047916160867668596
363 3 1271.771772 67.500000 0.63414886915572644 0.047916160867668596
364 0 1275.275275 0.000000 0.62921558585130066 0.048232306976504789
364 1 1275.275275 22.500000 0.62921558585130066 0.048232306976504789
364 2 1275.275275 45.000000 0.62921558585130066 0.048232306976504789
364 3 1275.275275 67.500000 0.62921558585130066 0.048232306976504789
365 0 1278.778779 0.000000 0.62323391922238025 0.048847407256504029
365 1 1278.778779 22.500000 0.62323391922238025 0.048847407256504029
365 2 1278.778779 45.000000 0.62323391922238025 0.048847407256504029
365 3 1278.778779 67.500000 0.62323391922238025 0.048847407256504029
366 0 1282.282282 0.000000 0.6170732486596977 0.049739657345091233
366 1 1282.282282 22.500000 0.6170732486596977 0.049739657345091233
366 2 1282.282282 45.000000 0.6170732486596977 0.049739657345091233
366 3 1282.282282 67.500000 0.6170732486596977 0.049739657345091233
367 0 1285.785786 0.000000 0.61159905935378667 0.05082438786809676
367 1 1285.785786 22.500000 0.61159905935378667 0.05082438786809676
367 2 1285.785786 45.000000 0.61159905935378667 0.05082438786809676
367 3 1285.785786 67.500000 0.61159905935378667 0.05082438786809676
368 0 1289.289289 0.000000 0.60753995222529511 0.051960527387893245
368 1 1289.289289 22.500000 0.60753995222529511 0.051960527387893245
368 2 1289.289289 45.000000 0.60753995222529511 0.051960527387893245
368 3 1289.289289 67.500000 0.60753995222529511 0.051960527387893245
369 0 1292.792793 0.000000 0.60538368672940845 0.052968636118229821
369 1 1292.792793 22.500000 0.60538368672940845 0.052968636118229821
369 2 1292.792793 45.000000 0.60538368672940845 0.052968636118229821
369 3 1292.792793 67.500000 0.60538368672940845 0.052968636118229821
370 0 1296.296296 0.000000 0.60531544704051854 0.053658197343265372
370 1 1296.296296 22.500000 0.60531544704051854 0.053658197343265372
370 2 1296.296296 45.000000 0.60531544704051854 0.053658197343265372
370 3 1296.296296 67.500000 0.60531544704051854 0.053658197343265372
371 0 1299.799800 0.000000 0.60720393485798996 0.053860008943870184
371 1 1299.799800 22.500000 0.60720393485798996 0.053860008943870184
371 2 1299.799800 45.000000 0.60720393485798996 0.053860008943870184
371 3 1299.799800 67.500000 0.60720393485798996 0.053860008943870184
372 0 1303.303303 0.000000 0.61063468410831445 0.053458311133113563
372 1 1303.303303 22.500000 0.61063468410831445 0.053458311133113563
372 2 1303.303303 45.000000 0.61063468410831445 0.053458311133113563
372 3 1303.303303 67.500000 0.61063468410831445 0.053458311133113563
373 0 1306.806807 0.000000 0.61498497685165232 0.05241696242050127
373 1 1306.806807 22.500000 0.61498497685165232 0.05241696242050127
373 2 1306.806807 45.000000 0.61498497685165232 0.05241696242050127
373 3 1306.806807 67.500000 0.61498497685165232 0.05241696242050127
374 0 1310.310310 0.000000 0.61953000598873775 0.050794633385675775
374 1 1310.310310 22.500000 0.61953000598873775 0.050794633385675775
374 2 1310.310310 45.000000 0.61953000598873775 0.050794633385675775
374 3 1310.310310 67.500000 0.61953000598873775 0.050794633385675775
375 0 1313.813814 0.000000 0.62356508601478422 0.048745559307868017
375 1 1313.813814 22.500000 0.62356508601478422 0.048745559307868017
375 2 1313.813814 45.000000 0.62356508601478422 0.048745559307868017
375 3 1313.813814 67.500000 0.62356508601478422 0.048745559307868017
376 0 1317.317317 0.000000 0.6265246099153764 0.046504648762168289
376 1 1317.317317 22.500000 0.6265246099153764 0.046504648762168289
376 2 1317.317317 45.000000 0.6265246099153764 0.046504648762168289
376 3 1317.317317 67.500000 0.6265246099153764 0.046504648762168289
377 0 1320.820821 0.000000 0.62807689673233491 0.044358328761026584
377 1 1320.820821 22.500000 0.62807689673233491 0.044358328761026584
377 2 1320.820821 45.000000 0.62807689673233491 0.044358328761026584
377 3 1320.820821 67.500000 0.62807689673233491 0.044358328761026584
378 0 1324.324324 0.000000 0.62817673002103069 0.042604989608910598
378 1 1324.324324 22.500000 0.62817673002103069 0.042604989608910598
378 2 1324.324324 45.000000 0.62817673002103069 0.042604989608910598
378 3 1324.324324 67.500000 0.62817673002103069 0.042604989608910598
379 0 1327.827828 0.000000 0.62706458749161087 0.041510845885083809
379 1 1327.827828 22.500000 0.62706458749161087 0.041510845885083809
379 2 1327.827828 45.000000 0.62706458749161087 0.041510845885083809
379 3 1327.827828 67.500000 0.62706458749161087 0.041510845885083809
380 0 1331.331331 0.000000 0.62521185460371853 0.041268098517678702
380 1 1331.331331 22.500000 0.62521185460371853 0.041268098517678702
380 2 1331.331331 45.000000 0.62521185460371853 0.041268098517678702
380 3 1331.331331 67.500000 0.62521185460371853 0.041268098517678702
381 0 1334.834835 0.000000 0.62322201384887421 0.041962247767367941
381 1 1334.834835 22.500000 0.62322201384887421 0.041962247767367941
381 2 1334.834835 45.000000 0.62322201384887421 0.041962247767367941
381 3 1334.834835 67.500000 0.62322201384887421 0.041962247767367941
382 0 1338.338338 0.000000 0.62170619266377625 0.043554227613137188
382 1 1338.338338 22.500000 0.62170619266377625 0.043554227613137188
382 2 1338.338338 45.000000 0.62170619266377625 0.043554227613137188
382 3 1338.338338 67.500000 0.62170619266377625 0.043554227613137188
383 0 1341.841842 0.000000 0.62115588866899152 0.045880859783329161
383 1 1341.841842 22.500000 0.62115588866899152 0.045880859783329161
383 2 1341.841842 45.000000 0.62115588866899152 0.045880859783329161
383 3 1341.841842 67.500000 0.62115588866899152 0.045880859783329161
384 0 1345.345345 0.000000 0.62183593719795582 0.048674284720287217
384 1 1345.345345 22.500000 0.62183593719795582 0.048674284720287217
384 2 1345.345345 45.000000 0.62183593719795582 0.048674284720287217
384 3 1345.345345 67.500000 0.62183593719795582 0.048674284720287217
385 0 1348.848849 0.000000 0.62371753561255439 0.051597965684675506
385 1 1348.848849 22.500000 0.62371753561255439 0.051597965684675506
385 2 1348.848849 45.000000 0.62371753561255439 0.051597965684675506
385 3 1348.848849 67.500000 0.62371753561255439 0.051597965684675506
386 0 1352.352352 0.000000 0.62646518635635018 0.054294082814486597
386 1 1352.352352 22.500000 0.62646518635635018 0.054294082814486597
386 2 1352.352352 45.000000 0.62646518635635018 0.054294082814486597
386 3 1352.352352 67.500000 0.62646518635635018 0.054294082814486597
387 0 1355.855856 0.000000 0.62948319795565355 0.056435108962586251
387 1 1355.855856 22.500000 0.62948319795565355 0.056435108962586251
387 2 1355.855856 45.000000 0.62948319795565355 0.056435108962586251
387 3 1355.855856 67.500000 0.62948319795565355 0.056435108962586251
388 0 1359.359359 0.000000 0.63201722931034987 0.057771452048423134
388 1 1359.359359 22.500000 0.63201722931034987 0.057771452048423134
388 2 1359.359359 45.000000 0.63201722931034987 0.057771452048423134
388 3 1359.359359 67.500000 0.63201722931034987 0.057771452048423134
389 0 1362.862863 0.000000 0.63329528313213657 0.058167449407757039
389 1 1362.862863 22.500000 0.63329528313213657 0.058167449407757039
389 2 1362.862863 45.000000 0.63329528313213657 0.058167449407757039
389 3 1362.862863 67.500000 0.63329528313213657 0.058167449407757039
390 0 1366.366366 0.000000 0.63268276004711199 0.057619687155530258
390 1 1366.366366 22.500000 0.63268276004711199 0.057619687155530258
390 2 1366.366366 45.000000 0.63268276004711199 0.057619687155530258
390 3 1366.366366 67.500000 0.63268276004711199 0.057619687155530258
391 0 1369.869870 0.000000 0.62982075363187084 0.056254356402927197
391 1 1369.869870 22.500000 0.62982075363187084 0.056254356402927197
391 2 1369.869870 45.000000 0.62982075363187084 0.056254356402927197
391 3 1369.869870 67.500000 0.62982075363187084 0.056254356402927197
392 0 1373.373373 0.000000 0.62471835228295547 0.054303730444324239
392 1 1373.373373 22.500000 0.62471835228295547 0.054303730444324239
392 2 1373.373373 45.000000 0.62471835228295547 0.054303730444324239
392 3 1373.373373 67.500000 0.62471835228295547 0.054303730444324239
393 0 1376.876877 0.000000 0.61777895827032059 0.052065315849522016
393 1 1376.876877 22.500000 0.61777895827032059 0.052065315849522016
393 2 1376.876877 45.000000 0.61777895827032059 0.052065315849522016
393 3 1376.876877 67.500000 0.61777895827032059 0.052065315849522016
394 0 1380.380380 0.000000 0.60975530920145904 0.049850224729144341
394 1 1380.380380 22.500000 0.60975530920145904 0.049850224729144341
394 2 1380.380380 45.000000 0.60975530920145904 0.049850224729144341
394 3 1380.380380 67.500000 0.60975530920145904 0.049850224729144341
395 0 1383.883884 0.000000 0.60164348441220117 0.047929323263682537
395 1 1383.883884 22.500000 0.60164348441220117 0.047929323263682537
395 2 1383.883884 45.000000 0.60164348441220117 0.047929323263682537
395 3 1383.883884 67.500000 0.60164348441220117 0.047929323263682537
396 0 1387.387387 0.000000 0.59453782473593919 0.046486366109651088
396 1 1387.387387 22.500000 0.59453782473593919 0.046486366109651088
396 2 1387.387387 45.000000 0.59453782473593919 0.046486366109651088
396 3 1387.387387 67.500000 0.59453782473593919 0.046486366109651088
397 0 1390.890891 0.000000 0.58947339403887078 0.045586470900163725
397 1 1390.890891 22.500000 0.58947339403887078 0.045586470900163725
397 2 1390.890891 45.000000 0.58947339403887078 0.045586470900163725
397 3 1390.890891 67.500000 0.58947339403887078 0.045586470900163725
398 0 1394.394394 0.000000 0.58728052947101561 0.045166007705444669
398 1 1394.394394 22.500000 0.58728052947101561 0.045166007705444669
398 2 1394.394394 45.000000 0.58728052947101561 0.045166007705444669
398 3 1394.394394 67.500000 0.58728052947101561 0.045166007705444669
399 0 1397.897898 0.000000 0.58847001952852884 0.045046597259134492
399 1 1397.897898 22.500000 0.58847001952852884 0.045046597259134492
399 2 1397.897898 45.000000 0.58847001952852884 0.045046597259134492
399 3 1397.897898 67.500000 0.58847001952852884 0.045046597259134492
400 0 1401.401401 0.000000 0.59316111033288565 0.044971942501688213
400 1 1401.401401 22.500000 0.59316111033288565 0.044971942501688213
400 2 1401.401401 45.000000 0.59316111033288565 0.044971942501688213
400 3 1401.401401 67.500000 0.59316111033288565 0.044971942501688213
401 0 1404.904905 0.000000 0.60105998427384433 0.044662287888999175
401 1 1404.904905 22.500000 0.60105998427384433 0.044662287888999175
401 2 1404.904905 45.000000 0.60105998427384433 0.044662287888999175
401 3 1404.904905 67.500000 0.60105998427384433 0.044662287888999175
402 0 1408.408408 0.000000 0.61149312511364062 0.043878053030128934
402 1 1408.408408 22.500000 0.61149312511364062 0.043878053030128934
402 2 1408.408408 45.000000 0.61149312511364062 0.043878053030128934
402 3 1408.408408 67.500000 0.61149312511364062 0.043878053030128934
403 0 1411.911912 0.000000 0.62349580103595459 0.042482176911532513
403 1 1411.911912 22.500000 0.62349580103595459 0.042482176911532513
403 2 1411.911912 45.000000 0.62349580103595459 0.042482176911532513
403 3 1411.911912 67.500000 0.62349580103595459 0.042482176911532513
404 0 1415.415415 0.000000 0.63594873912894034 0.0404903117121704
404 1 1415.415415 22.500000 0.63594873912894034 0.0404903117121704
404 2 1415.415415 45.000000 0.63594873912894034 0.0404903117121704
404 3 1415.415415 67.500000 0.63594873912894034 0.0404903117121704
405 0 1418.918919 0.000000 0.64774615568853455 0.038099350811142345
405 1 1418.918919 22.500000 0.64774615568853455 0.038099350811142345
405 2 1418.918919 45.000000 0.64774615568853455 0.038099350811142345
405 3 1418.918919 67.500000 0.64774615568853455 0.038099350811142345
406 0 1422.422422 0.000000 0.65796860226619169 0.035687719937296546
406 1 1422.422422 22.500000 0.65796860226619169 0.035687719937296546
406 2 1422.422422 45.000000 0.65796860226619169 0.035687719937296546
406 3 1422.422422 67.500000 0.65796860226619169 0.035687719937296546
407 0 1425.925926 0.000000 0.66602880290309219 0.033785000269756796
407 1 1425.925926 22.500000 0.66602880290309219 0.033785000269756796
407 2 1425.925926 45.000000 0.66602880290309219 0.033785000269756796
407 3 1425.925926 67.500000 0.66602880290309219 0.033785000269756796
408 0 1429.429429 0.000000 0.67176073081268861 0.033013181640867285
408 1 1429.429429 22.500000 0.67176073081268861 0.033013181640867285
408 2 1429.429429 45.000000 0.67176073081268861 0.033013181640867285
408 3 1429.429429 67.500000 0.67176073081268861 0.033013181640867285
409 0 1432.932933 0.000000 0.67543136354937872 0.03400644388471212
409 1 1432.932933 22.500000 0.67543136354937872 0.03400644388471212
409 2 1432.932933 45.000000 0.67543136354937872 0.03400644388471212
409 3 1432.932933 67.500000 0.67543136354937872 0.03400644388471212
410 0 1436.436436 0.000000 0.67766757435167191 0.037320112839714065
410 1 1436.436436 22.500000 0.67766757435167191 0.037320112839714065
410 2 1436.436436 45.000000 0.67766757435167191 0.037320112839714065
410 3 1436.436436 67.500000 0.67766757435167191 0.037320112839714065
411 0 1439.939940 0.000000 0.67930332742734778 0.043341722405186502
411 1 1439.939940 22.500000 0.67930332742734778 0.043341722405186502
411 2 1439.939940 45.000000 0.67930332742734778 0.043341722405186502
411 3 1439.939940 67.500000 0.67930332742734778 0.043341722405186502
412 0 1443.443443 0.000000 0.68116258900378457 0.052217531183931139
412 1 1443.443443 22.500000 0.68116258900378457 0.052217531183931139
412 2 1443.443443 45.000000 0.68116258900378457 0.052217531183931139
412 3 1443.443443 67.500000 0.68116258900378457 0.052217531183931139
413 0 1446.946947 0.000000 0.68380231155437221 0.06380626310025847
413 1 1446.946947 22.500000 0.68380231155437221 0.06380626310025847
413 2 1446.946947 45.000000 0.68380231155437221 0.06380626310025847
413 3 1446.946947 67.500000 0.68380231155437221 0.06380626310025847
414 0 1450.450450 0.000000 0.68725055016473224 0.077668439268595471
414 1 1450.450450 22.500000 0.68725055016473224 0.077668439268595471
414 2 1450.450450 45.000000 0.68725055016473224 0.077668439268595471
414 3 1450.450450 67.500000 0.68725055016473224 0.077668439268595471
415 0 1453.953954 0.000000 0.69078852321013395 0.093094898272344143
415 1 1453.953954 22.500000 0.69078852321013395 0.093094898272344143
415 2 1453.953954 45.000000 0.69078852321013395 0.093094898272344143
415 3 1453.953954 67.500000 0.69078852321013395 0.093094898272344143
416 0 1457.457457 0.000000 0.69283831121415107 0.10917263653967357
416 1 1457.457457 22.500000 0.69283831121415107 0.10917263653967357
416 2 1457.457457 45.000000 0.69283831121415107 0.10917263653967357
416 3 1457.457457 67.500000 0.69283831121415107 0.10917263653967357
417 0 1460.960961 0.000000 0.69102034614621877 0.12488073151061174
417 1 1460.960961 22.500000 0.69102034614621877 0.12488073151061174
417 2 1460.960961 45.000000 0.69102034614621877 0.12488073151061174
417 3 1460.960961 67.500000 0.69102034614621877 0.12488073151061174
418 0 1464.464464 0.000000 0.68242575869438937 0.13920463068494679
418 1 1464.464464 22.500000 0.68242575869438937 0.13920463068494679
418 2 1464.464464 45.000000 0.68242575869438937 0.13920463068494679
418 3 1464.464464 67.500000 0.68242575869438937 0.13920463068494679
419 0 1467.967968 0.000000 0.66410253692303245 0.15125417366352992
419 1 1467.967968 22.500000 0.66410253692303245 0.15125417366352992
419 2 1467.967968 45.000000 0.66410253692303245 0.15125417366352992
419 3 1467.967968 67.500000 0.66410253692303245 0.15125417366352992
420 0 1471.471471 0.000000 0.63368797690675349 0.16036981460599947
420 1 1471.471471 22.500000 0.63368797690675349 0.16036981460599947
420 2 1471.471471 45.000000 0.63368797690675349 0.16036981460599947
420 3 1471.471471 67.500000 0.63368797690675349 0.16036981460599947
421 0 1474.974975 0.000000 0.59005335169001705 0.16620279004753297
421 1 1474.974975 22.500000 0.59005335169001705 0.16620279004753297
421 2 1474.974975 45.000000 0.59005335169001705 0.16620279004753297
421 3 1474.974975 67.500000 0.59005335169001705 0.16620279004753297
422 0 1478.478478 0.000000 0.53378799818530986 0.16875827447767272
422 1 1478.478478 22.500000 0.53378799818530986 0.16875827447767272
422 2 1478.478478 45.000000 0.53378799818530986 0.16875827447767272
422 3 1478.478478 67.500000 0.53378799818530986 0.16875827447767272
423 0 1481.981982 0.000000 0.4673627849542652 0.16839542950726349
423 1 1481.981982 22.500000 0.4673627849542652 0.16839542950726349
423 2 1481.981982 45.000000 0.4673627849542652 0.16839542950726349
423 3 1481.981982 67.500000 0.4673627849542652 0.16839542950726349
424 0 1485.485485 0.000000 0.39488402034796155 0.16578399740018807
424 1 1485.485485 22.500000 0.39488402034796155 0.16578399740018807
424 2 1485.485485 45.000000 0.39488402034796155 0.16578399740018807
424 3 1485.485485 67.500000 0.39488402034796155 0.16578399740018807
425 0 1488.988989 0.000000 0.3214615849211952 0.1618229023000555
425 1 1488.988989 22.500000 0.3214615849211952 0.1618229023000555
425 2 1488.988989 45.000000 0.3214615849211952 0.1618229023000555
425 3 1488.988989 67.500000 0.3214615849211952 0.1618229023000555
426 0 1492.492492 0.000000 0.2523327269096729 0.15753137951227211
426 1 1492.492492 22.500000 0.2523327269096729 0.15753137951227211
426 2 1492.492492 45.000000 0.2523327269096729 0.15753137951227211
426 3 1492.492492 67.500000 0.2523327269096729 0.15753137951227211
427 0 1495.995996 0.000000 0.19196236674645598 0.15392674367184248
427 1 1495.995996 22.500000 0.19196236674645598 0.15392674367184248
427 2 1495.995996 45.000000 0.19196236674645598 0.15392674367184248
427 3 1495.995996 67.500000 0.19196236674645598 0.15392674367184248
428 0 1499.499499 0.000000 0.14335027171750644 0.15190453548235111
428 1 1499.499499 22.500000 0.14335027171750644 0.15190453548235111
428 2 1499.499499 45.000000 0.14335027171750644 0.15190453548235111
428 3 1499.499499 67.500000 0.14335027171750644 0.15190453548235111
429 0 1503.003003 0.000000 0.10770927794110845 0.15213624575551257
429 1 1503.003003 22.500000 0.10770927794110845 0.15213624575551257
429 2 1503.003003 45.000000 0.10770927794110845 0.15213624575551257
429 3 1503.003003 67.500000 0.10770927794110845 0.15213624575551257
430 0 1506.506507 0.000000 0.084560494096211788 0.154997210787332
430 1 1506.506507 22.500000 0.084560494096211788 0.154997210787332
430 2 1506.506507 45.000000 0.084560494096211788 0.154997210787332
430 3 1506.506507 67.500000 0.084560494096211788 0.154997210787332
431 0 1510.010010 0.000000 0.072164957128510884 0.16053300527743641
431 1 1510.010010 22.500000 0.072164957128510884 0.16053300527743641
431 2 1510.010010 45.000000 0.072164957128510884 0.16053300527743641
431 3 1510.010010 67.500000 0.072164957128510884 0.16053300527743641
432 0 1513.513514 0.000000 0.068122372044514753 0.16846735983157329
432 1 1513.513514 22.500000 0.068122372044514753 0.16846735983157329
432 2 1513.513514 45.000000 0.068122372044514753 0.16846735983157329
432 3 1513.513514 67.500000 0.068122372044514753 0.16846735983157329
433 0 1517.017017 0.000000 0.069945315810423112 0.17824906586115746
433 1 1517.017017 22.500000 0.069945315810423112 0.17824906586115746
433 2 1517.017017 45.000000 0.069945315810423112 0.17824906586115746
433 3 1517.017017 67.500000 0.069945315810423112 0.17824906586115746
434 0 1520.520521 0.000000 0.07546263613538999 0.1891302872175824
434 1 1520.520521 22.500000 0.07546263613538999 0.1891302872175824
434 2 1520.520521 45.000000 0.07546263613538999 0.1891302872175824
434 3 1520.520521 67.500000 0.07546263613538999 0.1891302872175824
435 0 1524.024024 0.000000 0.082993322758776342 0.2002648650521221
435 1 1524.024024 22.500000 0.082993322758776342 0.2002648650521221
435 2 1524.024024 45.000000 0.082993322758776342 0.2002648650521221
435 3 1524.024024 67.500000 0.082993322758776342 0.2002648650521221
436 0 1527.527528 0.000000 0.091322850644061301 0.2108130756221881
436 1 1527.527528 22.500000 0.091322850644061301 0.2108130756221881
436 2 1527.527528 45.000000 0.091322850644061301 0.2108130756221881
436 3 1527.527528 67.500000 0.091322850644061301 0.2108130756221881
437 0 1531.031031 0.000000 0.099572882830413892 0.22003911408216772
437 1 1531.031031 22.500000 0.099572882830413892 0.22003911408216772
437 2 1531.031031 45.000000 0.099572882830413892 0.22003911408216772
437 3 1531.031031 67.500000 0.099572882830413892 0.22003911408216772
438 0 1534.534535 0.000000 0.10706542179461877 0.22738927716096552
438 1 1534.534535 22.500000 0.10706542179461877 0.22738927716096552
438 2 1534.534535 45.000000 0.10706542179461877 0.22738927716096552
438 3 1534.534535 67.500000 0.10706542179461877 0.22738927716096552
439 0 1538.038038 0.000000 0.11324992266600914 0.23254208061690845
439 1 1538.038038 22.500000 0.11324992266600914 0.23254208061690845
439 2 1538.038038 45.000000 0.11324992266600914 0.23254208061690845
439 3 1538.038038 67.500000 0.11324992266600914 0.23254208061690845
440 0 1541.541542 0.000000 0.11770921917356229 0.23542583771448883
440 1 1541.541542 22.500000 0.11770921917356229 0.23542583771448883
440 2 1541.541542 45.000000 0.11770921917356229 0.23542583771448883
440 3 1541.541542 67.500000 0.11770921917356229 0.23542583771448883
441 0 1545.045045 0.000000 0.12021424999717341 0.2362038820473038
441 1 1545.045045 22.500000 0.12021424999717341 0.2362038820473038
441 2 1545.045045 45.000000 0.12021424999717341 0.2362038820473038
441 3 1545.045045 67.500000 0.12021424999717341 0.2362038820473038
442 0 1548.548549 0.000000 0.12077705282426164 0.2352319593898981
442 1 1548.548549 22.500000 0.12077705282426164 0.2352319593898981
442 2 1548.548549 45.000000 0.12077705282426164 0.2352319593898981
442 3 1548.548549 67.500000 0.12077705282426164 0.2352319593898981
443 0 1552.052052 0.000000 0.11965980838858248 0.23299573703045823
443 1 1552.052052 22.500000 0.11965980838858248 0.23299573703045823
443 2 1552.052052 45.000000 0.11965980838858248 0.23299573703045823
443 3 1552.052052 67.500000 0.11965980838858248 0.23299573703045823
444 0 1555.555556 0.000000 0.11732465773022374 0.23003844994892914
444 1 1555.555556 22.500000 0.11732465773022374 0.23003844994892914
444 2 1555.555556 45.000000 0.11732465773022374 0.23003844994892914
444 3 1555.555556 67.500000 0.11732465773022374 0.23003844994892914
445 0 1559.059059 0.000000 0.11433811744308427 0.2268892096166906
445 1 1559.059059 22.500000 0.11433811744308427 0.2268892096166906
445 2 1559.059059 45.000000 0.11433811744308427 0.2268892096166906
445 3 1559.059059 67.500000 0.11433811744308427 0.2268892096166906
446 0 1562.562563 0.000000 0.11126139728129723 0.22400147543499993
446 1 1562.562563 22.500000 0.11126139728129723 0.22400147543499993
446 2 1562.562563 45.000000 0.11126139728129723 0.22400147543499993
446 3 1562.562563 67.500000 0.11126139728129723 0.22400147543499993
447 0 1566.066066 0.000000 0.10855854193703354 0.22170888922464574
447 1 1566.066066 22.500000 0.10855854193703354 0.22170888922464574
447 2 1566.066066 45.000000 0.10855854193703354 0.22170888922464574
447 3 1566.066066 67.500000 0.10855854193703354 0.22170888922464574
448 0 1569.569570 0.000000 0.1065418967951367 0.22020253215448191
448 1 1569.569570 22.500000 0.1065418967951367 0.22020253215448191
448 2 1569.569570 45.000000 0.1065418967951367 0.22020253215448191
448 3 1569.569570 67.500000 0.1065418967951367 0.22020253215448191
449 0 1573.073073 0.000000 0.10535782069552364 0.21953021137199913
449 1 1573.073073 22.500000 0.10535782069552364 0.21953021137199913
449 2 1573.073073 45.000000 0.10535782069552364 0.21953021137199913
449 3 1573.073073 67.500000 0.10535782069552364 0.21953021137199913
450 0 1576.576577 0.000000 0.10500320852815968 0.21961516113706708
450 1 1576.576577 22.500000 0.10500320852815968 0.21961516113706708
450 2 1576.576577 45.000000 0.10500320852815968 0.21961516113706708
450 3 1576.576577 67.500000 0.10500320852815968 0.21961516113706708
451 0 1580.080080 0.000000 0.10535912436525345 0.22028901729044439
451 1 1580.080080 22.500000 0.10535912436525345 0.22028901729044439
451 2 1580.080080 45.000000 0.10535912436525345 0.22028901729044439
451 3 1580.080080 67.500000 0.10535912436525345 0.22028901729044439
452 0 1583.583584 0.000000 0.10623039020626455 0.22133241924757777
452 1 1583.583584 22.500000 0.10623039020626455 0.22133241924757777
452 2 1583.583584 45.000000 0.10623039020626455 0.22133241924757777
452 3 1583.583584 67.500000 0.10623039020626455 0.22133241924757777
453 0 1587.087087 0.000000 0.10738506780280897 0.22251625153883031
453 1 1587.087087 22.500000 0.10738506780280897 0.22251625153883031
453 2 1587.087087 45.000000 0.10738506780280897 0.22251625153883031
453 3 1587.087087 67.500000 0.10738506780280897 0.22251625153883031
454 0 1590.590591 0.000000 0.10859140714913998 0.22363730469480664
454 1 1590.590591 22.500000 0.10859140714913998 0.22363730469480664
454 2 1590.590591 45.000000 0.10859140714913998 0.22363730469480664
454 3 1590.590591 67.500000 0.10859140714913998 0.22363730469480664
455 0 1594.094094 0.000000 0.10965047589334079 0.22454378853536078
455 1 1594.094094 22.500000 0.10965047589334079 0.22454378853536078
455 2 1594.094094 45.000000 0.10965047589334079 0.22454378853536078
455 3 1594.094094 67.500000 0.10965047589334079 0.22454378853536078
456 0 1597.597598 0.000000 0.11042144165453205 0.22514832150495898
456 1 1597.597598 22.500000 0.11042144165453205 0.22514832150495898
456 2 1597.597598 45.000000 0.11042144165453205 0.22514832150495898
456 3 1597.597598 67.500000 0.11042144165453205 0.22514832150495898
457 0 1601.101101 0.000000 0.11083564956337334 0.22542834122337946
457 1 1601.101101 22.500000 0.11083564956337334 0.22542834122337946
457 2 1601.101101 45.000000 0.11083564956337334 0.22542834122337946
457 3 1601.101101 67.500000 0.11083564956337334 0.22542834122337946
458 0 1604.604605 0.000000 0.11089683553384272 0.22541594027435771
458 1 1604.604605 22.500000 0.11089683553384272 0.22541594027435771
458 2 1604.604605 45.000000 0.11089683553384272 0.22541594027435771
458 3 1604.604605 67.500000 0.11089683553384272 0.22541594027435771
459 0 1608.108108 0.000000 0.11066795051604393 0.22518061102654011
459 1 1608.108108 22.500000 0.11066795051604393 0.22518061102654011
459 2 1608.108108 45.000000 0.11066795051604393 0.22518061102654011
459 3 1608.108108 67.500000 0.11066795051604393 0.22518061102654011
460 0 1611.611612 0.000000 0.11024862580385138 0.22480909223949924
460 1 1611.611612 22.500000 0.11024862580385138 0.22480909223949924
460 2 1611.611612 45.000000 0.11024862580385138 0.22480909223949924
460 3 1611.611612 67.500000 0.11024862580385138 0.22480909223949924
461 0 1615.115115 0.000000 0.10974950162646339 0.22438640472740026
461 1 1615.115115 22.500000 0.10974950162646339 0.22438640472740026
461 2 1615.115115 45.000000 0.10974950162646339 0.22438640472740026
461 3 1615.115115 67.500000 0.10974950162646339 0.22438640472740026
462 0 1618.618619 0.000000 0.10926956200109242 0.22398134461860378
462 1 1618.618619 22.500000 0.10926956200109242 0.22398134461860378
462 2 1618.618619 45.000000 0.10926956200109242 0.22398134461860378
462 3 1618.618619 67.500000 0.10926956200109242 0.22398134461860378
463 0 1622.122122 0.000000 0.10888063840930697 0.22363838872475844
463 1 1622.122122 22.500000 0.10888063840930697 0.22363838872475844
463 2 1622.122122 45.000000 0.10888063840930697 0.22363838872475844
463 3 1622.122122 67.500000 0.10888063840930697 0.22363838872475844
464 0 1625.625626 0.000000 0.10862056410584121 0.2233764453344905
464 1 1625.625626 22.500000 0.10862056410584121 0.2233764453344905
464 2 1625.625626 45.000000 0.10862056410584121 0.2233764453344905
464 3 1625.625626 67.500000 0.10862056410584121 0.2233764453344905
465 0 1629.129129 0.000000 0.10849425737990924 0.22319345749158534
465 1 1629.129129 22.500000 0.10849425737990924 0.22319345749158534
465 2 1629.129129 45.000000 0.10849425737990924 0.22319345749158534
465 3 1629.129129 67.500000 0.10849425737990924 0.22319345749158534
466 0 1632.632633 0.000000 0.10848080483476973 0.22307479526565477
466 1 1632.632633 22.500000 0.10848080483476973 0.22307479526565477
466 2 1632.632633 45.000000 0.10848080483476973 0.22307479526565477
466 3 1632.632633 67.500000 0.10848080483476973 0.22307479526565477
467 0 1636.136136 0.000000 0.10854420874219323 0.22300283325544867
467 1 1636.136136 22.500000 0.10854420874219323 0.22300283325544867
467 2 1636.136136 45.000000 0.10854420874219323 0.22300283325544867
467 3 1636.136136 67.500000 0.10854420874219323 0.22300283325544867
468 0 1639.639640 0.000000 0.10864537213065949 0.22296516117185861
468 1 1639.639640 22.500000 0.10864537213065949 0.22296516117185861
468 2 1639.639640 45.000000 0.10864537213065949 0.22296516117185861
468 3 1639.639640 67.500000 0.10864537213065949 0.22296516117185861
469 0 1643.143143 0.000000 0.10875285292284415 0.22295946261708552
469 1 1643.143143 22.500000 0.10875285292284415 0.22295946261708552
469 2 1643.143143 45.000000 0.10875285292284415 0.22295946261708552
469 3 1643.143143 67.500000 0.10875285292284415 0.22295946261708552
470 0 1646.646647 0.000000 0.10885006203956794 0.22299406318977921
470 1 1646.646647 22.500000 0.10885006203956794 0.22299406318977921
470 2 1646.646647 45.000000 0.10885006203956794 0.22299406318977921
470 3 1646.646647 67.500000 0.10885006203956794 0.22299406318977921
471 0 1650.150150 0.000000 0.10893723959367754 0.22308427117110935
471 1 1650.150150 22.500000 0.10893723959367754 0.22308427117110935
471 2 1650.150150 45.000000 0.10893723959367754 0.22308427117110935
471 3 1650.150150 67.500000 0.10893723959367754 0.22308427117110935
472 0 1653.653654 0.000000 0.10902784434654736 0.22324566972749971
472 1 1653.653654 22.500000 0.10902784434654736 0.22324566972749971
472 2 1653.653654 45.000000 0.10902784434654736 0.22324566972749971
472 3 1653.653654 67.500000 0.10902784434654736 0.22324566972749971
473 0 1657.157157 0.000000 0.10914062294046185 0.22348625408290007
473 1 1657.157157 22.500000 0.10914062294046185 0.22348625408290007
473 2 1657.157157 45.000000 0.10914062294046185 0.22348625408290007
473 3 1657.157157 67.500000 0.10914062294046185 0.22348625408290007
474 0 1660.660661 0.000000 0.10928995523052891 0.22379959440145128
474 1 1660.660661 22.500000 0.10928995523052891 0.22379959440145128
474 2 1660.660661 45.000000 0.10928995523052891 0.22379959440145128
474 3 1660.660661 67.500000 0.10928995523052891 0.22379959440145128
475 0 1664.164164 0.000000 0.10947752750773414 0.224160994245613
475 1 1664.164164 22.500000 0.10947752750773414 0.224160994245613
475 2 1664.164164 45.000000 0.10947752750773414 0.224160994245613
475 3 1664.164164 67.500000 0.10947752750773414 0.224160994245613
476 0 1667.667668 0.000000 0.10968780891843785 0.22452795719784421
476 1 1667.667668 22.500000 0.10968780891843785 0.22452795719784421
476 2 1667.667668 45.000000 0.10968780891843785 0.22452795719784421
476 3 1667.667668 67.500000 0.10968780891843785 0.22452795719784421
477 0 1671.171171 0.000000 0.10988853250996732 0.22484531269273136
477 1 1671.171171 22.500000 0.10988853250996732 0.22484531269273136
477 2 1671.171171 45.000000 0.10988853250996732 0.22484531269273136
477 3 1671.171171 67.500000 0.10988853250996732 0.22484531269273136
478 0 1674.674675 0.000000 0.11003599564690918 0.2250542893233875
478 1 1674.674675 22.500000 0.11003599564690918 0.2250542893233875
478 2 1674.674675 45.000000 0.11003599564690918 0.2250542893233875
478 3 1674.674675 67.500000 0.11003599564690918 0.2250542893233875
479 0 1678.178178 0.000000 0.110083961295417 0.22510388297340106
479 1 1678.178178 22.500000 0.110083961295417 0.22510388297340106
479 2 1678.178178 45.000000 0.110083961295417 0.22510388297340106
479 3 1678.178178 67.500000 0.110083961295417 0.22510388297340106
480 0 1681.681682 0.000000 0.10999438489571731 0.22496224705936496
480 1 1681.681682 22.500000 0.10999438489571731 0.22496224705936496
480 2 1681.681682 45.000000 0.10999438489571731 0.22496224705936496
480 3 1681.681682 67.500000 0.10999438489571731 0.22496224705936496
481 0 1685.185185 0.000000 0.1097479515677518 0.22462566854549679
481 1 1685.185185 22.500000 0.1097479515677518 0.22462566854549679
481 2 1685.185185 45.000000 0.1097479515677518 0.22462566854549679
481 3 1685.185185 67.500000 0.1097479515677518 0.22462566854549679
482 0 1688.688689 0.000000 0.10935230434200077 0.22412303157087038
482 1 1688.688689 22.500000 0.10935230434200077 0.22412303157087038
482 2 1688.688689 45.000000 0.10935230434200077 0.22412303157087038
482 3 1688.688689 67.500000 0.10935230434200077 0.22412303157087038
483 0 1692.192192 0.000000 0.10884590206376218 0.22351445619483135
483 1 1692.192192 22.500000 0.10884590206376218 0.22351445619483135
483 2 1692.192192 45.000000 0.10884590206376218 0.22351445619483135
483 3 1692.192192 67.500000 0.10884590206376218 0.22351445619483135
484 0 1695.695696 0.000000 0.10829589753819015 0.22288388865348896
484 1 1695.695696 22.500000 0.10829589753819015 0.22288388865348896
484 2 1695.695696 45.000000 0.10829589753819015 0.22288388865348896
484 3 1695.695696 67.500000 0.10829589753819015 0.22288388865348896
485 0 1699.199199 0.000000 0.10778947661889587 0.22232660447946073
485 1 1699.199199 22.500000 0.10778947661889587 0.22232660447946073
485 2 1699.199199 45.000000 0.10778947661889587 0.22232660447946073
485 3 1699.199199 67.500000 0.10778947661889587 0.22232660447946073
486 0 1702.702703 0.000000 0.10741965050407187 0.22193363614895839
486 1 1702.702703 22.500000 0.10741965050407187 0.22193363614895839
486 2 1702.702703 45.000000 0.10741965050407187 0.22193363614895839
486 3 1702.702703 67.500000 0.10741965050407187 0.22193363614895839
487 0 1706.206206 0.000000 0.1072680736369281 0.2217758424997508
487 1 1706.206206 22.500000 0.1072680736369281 0.2217758424997508
487 2 1706.206206 45.000000 0.1072680736369281 0.2217758424997508
487 3 1706.206206 67.500000 0.1072680736369281 0.2217758424997508
488 0 1709.709710 0.000000 0.10738843660587907 0.22189054934154029
488 1 1709.709710 22.500000 0.10738843660587907 0.22189054934154029
488 2 1709.709710 45.000000 0.10738843660587907 0.22189054934154029
488 3 1709.709710 67.500000 0.10738843660587907 0.22189054934154029
489 0 1713.213213 0.000000 0.10779394276321505 0.2222733518542683
489 1 1713.213213 22.500000 0.10779394276321505 0.2222733518542683
489 2 1713.213213 45.000000 0.10779394276321505 0.2222733518542683
489 3 1713.213213 67.500000 0.10779394276321505 0.2222733518542683
490 0 1716.716717 0.000000 0.10845138648352358 0.22287682583427532
490 1 1716.716717 22.500000 0.10845138648352358 0.22287682583427532
490 2 1716.716717 45.000000 0.10845138648352358 0.22287682583427532
490 3 1716.716717 67.500000 0.10845138648352358 0.22287682583427532
491 0 1720.220220 0.000000 0.10928290887647715 0.22361669020097669
491 1 1720.220220 22.500000 0.10928290887647715 0.22361669020097669
491 2 1720.220220 45.000000 0.10928290887647715 0.22361669020097669
491 3 1720.220220 67.500000 0.10928290887647715 0.22361669020097669
492 0 1723.723724 0.000000 0.11017519985215632 0.22438461328102033
492 1 1723.723724 22.500000 0.11017519985215632 0.22438461328102033
492 2 1723.723724 45.000000 0.11017519985215632 0.22438461328102033
492 3 1723.723724 67.500000 0.11017519985215632 0.22438461328102033
493 0 1727.227227 0.000000 0.11099502899182517 0.22506560930266165
493 1 1727.227227 22.500000 0.11099502899182517 0.22506560930266165
493 2 1727.227227 45.000000 0.11099502899182517 0.22506560930266165
493 3 1727.227227 67.500000 0.11099502899182517 0.22506560930266165
494 0 1730.730731 0.000000 0.1116093669914392 0.22555706548512972
494 1 1730.730731 22.500000 0.1116093669914392 0.22555706548512972
494 2 1730.730731 45.000000 0.1116093669914392 0.22555706548512972
494 3 1730.730731 67.500000 0.1116093669914392 0.22555706548512972
495 0 1734.234234 0.000000 0.11190763930425901 0.22578605294193874
495 1 1734.234234 22.500000 0.11190763930425901 0.22578605294193874
495 2 1734.234234 45.000000 0.11190763930425901 0.22578605294193874
495 3 1734.234234 67.500000 0.11190763930425901 0.22578605294193874
496 0 1737.737738 0.000000 0.11182269095778496 0.22572179304248929
496 1 1737.737738 22.500000 0.11182269095778496 0.22572179304248929
496 2 1737.737738 45.000000 0.11182269095778496 0.22572179304248929
496 3 1737.737738 67.500000 0.11182269095778496 0.22572179304248929
497 0 1741.241241 0.000000 0.11134620641869437 0.22538095111409917
497 1 1741.241241 22.500000 0.11134620641869437 0.22538095111409917
497 2 1741.241241 45.000000 0.11134620641869437 0.22538095111409917
497 3 1741.241241 67.500000 0.11134620641869437 0.22538095111409917
498 0 1744.744745 0.000000 0.11053437994158641 0.22482467891299879
498 1 1744.744745 22.500000 0.11053437994158641 0.22482467891299879
498 2 1744.744745 45.000000 0.11053437994158641 0.22482467891299879
498 3 1744.744745 67.500000 0.11053437994158641 0.22482467891299879
499 0 1748.248248 0.000000 0.109501199384216 0.22414780686668043
499 1 1748.248248 22.500000 0.109501199384216 0.22414780686668043
499 2 1748.248248 45.000000 0.109501199384216 0.22414780686668043
499 3 1748.248248 67.500000 0.109501199384216 0.22414780686668043
500 0 1751.751752 0.000000 0.10839971201983757 0.2234620291298226
500 1 1751.751752 22.500000 0.10839971201983757 0.2234620291298226
500 2 1751.751752 45.000000 0.10839971201983757 0.2234620291298226
500 3 1751.751752 67.500000 0.10839971201983757 0.2234620291298226
501 0 1755.255255 0.000000 0.1073951010863254 0.22287606146614555
501 1 1755.255255 22.500000 0.1073951010863254 0.22287606146614555
501 2 1755.255255 45.000000 0.1073951010863254 0.22287606146614555
501 3 1755.255255 67.500000 0.1073951010863254 0.22287606146614555
502 0 1758.758759 0.000000 0.10663583414589564 0.22247636580470875
502 1 1758.758759 22.500000 0.10663583414589564 0.22247636580470875
502 2 1758.758759 45.000000 0.10663583414589564 0.22247636580470875
502 3 1758.758759 67.500000 0.10663583414589564 0.22247636580470875
503 0 1762.262262 0.000000 0.10622939381382096 0.22231199895843035
503 1 1762.262262 22.500000 0.10622939381382096 0.22231199895843035
503 2 1762.262262 45.000000 0.10622939381382096 0.22231199895843035
503 3 1762.262262 67.500000 0.10622939381382096 0.22231199895843035
504 0 1765.765766 0.000000 0.10622707640869487 0.22238644618784309
504 1 1765.765766 22.500000 0.10622707640869487 0.22238644618784309
504 2 1765.765766 45.000000 0.10622707640869487 0.22238644618784309
504 3 1765.765766 67.500000 0.10622707640869487 0.22238644618784309
505 0 1769.269269 0.000000 0.10661914758935664 0.22265805460995708
505 1 1769.269269 22.500000 0.10661914758935664 0.22265805460995708
505 2 1769.269269 45.000000 0.10661914758935664 0.22265805460995708
505 3 1769.269269 67.500000 0.10661914758935664 0.22265805460995708
506 0 1772.772773 0.000000 0.10733894794651958 0.22304910302672934
506 1 1772.772773 22.500000 0.10733894794651958 0.22304910302672934
506 2 1772.772773 45.000000 0.10733894794651958 0.22304910302672934
506 3 1772.772773 67.500000 0.10733894794651958 0.22304910302672934
507 0 1776.276276 0.000000 0.10827355673752752 0.22346191739990939
507 1 1776.276276 22.500000 0.10827355673752752 0.22346191739990939
507 2 1776.276276 45.000000 0.10827355673752752 0.22346191739990939
507 3 1776.276276 67.500000 0.10827355673752752 0.22346191739990939
508 0 1779.779780 0.000000 0.10927932748042002 0.22379906613075248
508 1 1779.779780 22.500000 0.10927932748042002 0.22379906613075248
508 2 1779.779780 45.000000 0.10927932748042002 0.22379906613075248
508 3 1779.779780 67.500000 0.10927932748042002 0.22379906613075248
509 0 1783.283283 0.000000 0.11020178188776528 0.22398381020162733
509 1 1783.283283 22.500000 0.11020178188776528 0.22398381020162733
509 2 1783.283283 45.000000 0.11020178188776528 0.22398381020162733
509 3 1783.283283 67.500000 0.11020178188776528 0.22398381020162733
510 0 1786.786787 0.000000 0.11089943024161339 0.22397681666072883
510 1 1786.786787 22.500000 0.11089943024161339 0.22397681666072883
510 2 1786.786787 45.000000 0.11089943024161339 0.22397681666072883
510 3 1786.786787 67.500000 0.11089943024161339 0.22397681666072883
511 0 1790.290290 0.000000 0.11126934845648105 0.22378572415617276
511 1 1790.290290 22.500000 0.11126934845648105 0.22378572415617276
511 2 1790.290290 45.000000 0.11126934845648105 0.22378572415617276
511 3 1790.290290 67.500000 0.11126934845648105 0.22378572415617276
512 0 1793.793794 0.000000 0.11126956045755722 0.22346539435082408
512 1 1793.793794 22.500000 0.11126956045755722 0.22346539435082408
512 2 1793.793794 45.000000 0.11126956045755722 0.22346539435082408
512 3 1793.793794 67.500000 0.11126956045755722 0.22346539435082408
513 0 1797.297297 0.000000 0.11093139249955773 0.22310838551296786
513 1 1797.297297 22.500000 0.11093139249955773 0.22310838551296786
513 2 1797.297297 45.000000 0.11093139249955773 0.22310838551296786
513 3 1797.297297 67.500000 0.11093139249955773 0.22310838551296786
514 0 1800.800801 0.000000 0.1103558791842561 0.22282704490807889
514 1 1800.800801 22.500000 0.1103558791842561 0.22282704490807889
514 2 1800.800801 45.000000 0.1103558791842561 0.22282704490807889
514 3 1800.800801 67.500000 0.1103558791842561 0.22282704490807889
515 0 1804.304304 0.000000 0.10969250818593904 0.22273029501547109
515 1 1804.304304 22.500000 0.10969250818593904 0.22273029501547109
515 2 1804.304304 45.000000 0.10969250818593904 0.22273029501547109
515 3 1804.304304 67.500000 0.10969250818593904 0.22273029501547109
516 0 1807.807808 0.000000 0.10910461640148988 0.22289936558872167
516 1 1807.807808 22.500000 0.10910461640148988 0.22289936558872167
516 2 1807.807808 45.000000 0.10910461640148988 0.22289936558872167
516 3 1807.807808 67.500000 0.10910461640148988 0.22289936558872167
517 0 1811.311311 0.000000 0.10873079892679939 0.22336715908033766
517 1 1811.311311 22.500000 0.10873079892679939 0.22336715908033766
517 2 1811.311311 45.000000 0.10873079892679939 0.22336715908033766
517 3 1811.311311 67.500000 0.10873079892679939 0.22336715908033766
518 0 1814.814815 0.000000 0.10865321325582365 0.22410551700662912
518 1 1814.814815 22.500000 0.10865321325582365 0.22410551700662912
518 2 1814.814815 45.000000 0.10865321325582365 0.22410551700662912
518 3 1814.814815 67.500000 0.10865321325582365 0.22410551700662912
519 0 1818.318318 0.000000 0.10888087505030797 0.22502341724736818
519 1 1818.318318 22.500000 0.10888087505030797 0.22502341724736818
519 2 1818.318318 45.000000 0.10888087505030797 0.22502341724736818
519 3 1818.318318 67.500000 0.10888087505030797 0.22502341724736818
520 0 1821.821822 0.000000 0.10935044685744348 0.22597726579008662
520 1 1821.821822 22.500000 0.10935044685744348 0.22597726579008662
520 2 1821.821822 45.000000 0.10935044685744348 0.22597726579008662
520 3 1821.821822 67.500000 0.10935044685744348 0.22597726579008662
521 0 1825.325325 0.000000 0.10994151153408091 0.22679226262769064
521 1 1825.325325 22.500000 0.10994151153408091 0.22679226262769064
521 2 1825.325325 45.000000 0.10994151153408091 0.22679226262769064
521 3 1825.325325 67.500000 0.10994151153408091 0.22679226262769064
522 0 1828.828829 0.000000 0.11050044249151877 0.22729170359926706
522 1 1828.828829 22.500000 0.11050044249151877 0.22729170359926706
522 2 1828.828829 45.000000 0.11050044249151877 0.22729170359926706
522 3 1828.828829 67.500000 0.11050044249151877 0.22729170359926706
523 0 1832.332332 0.000000 0.11086742540944797 0.22732941665462847
523 1 1832.332332 22.500000 0.11086742540944797 0.22732941665462847
523 2 1832.332332 45.000000 0.11086742540944797 0.22732941665462847
523 3 1832.332332 67.500000 0.11086742540944797 0.22732941665462847
524 0 1835.835836 0.000000 0.11090351071801614 0.22681964690517809
524 1 1835.835836 22.500000 0.11090351071801614 0.22681964690517809
524 2 1835.835836 45.000000 0.11090351071801614 0.22681964690517809
524 3 1835.835836 67.500000 0.11090351071801614 0.22681964690517809
525 0 1839.339339 0.000000 0.11051634561579352 0.22575879934909227
525 1 1839.339339 22.500000 0.11051634561579352 0.22575879934909227
525 2 1839.339339 45.000000 0.11051634561579352 0.22575879934909227
525 3 1839.339339 67.500000 0.11051634561579352 0.22575879934909227
526 0 1842.842843 0.000000 0.10968280874421901 0.2242345545239158
526 1 1842.842843 22.500000 0.10968280874421901 0.2242345545239158
526 2 1842.842843 45.000000 0.10968280874421901 0.2242345545239158
526 3 1842.842843 67.500000 0.10968280874421901 0.2242345545239158
527 0 1846.346346 0.000000 0.10846453428402412 0.22241984427075864
527 1 1846.346346 22.500000 0.10846453428402412 0.22241984427075864
527 2 1846.346346 45.000000 0.10846453428402412 0.22241984427075864
527 3 1846.346346 67.500000 0.10846453428402412 0.22241984427075864
528 0 1849.849850 0.000000 0.10701045436421565 0.22055170465973478
528 1 1849.849850 22.500000 0.10701045436421565 0.22055170465973478
528 2 1849.849850 45.000000 0.10701045436421565 0.22055170465973478
528 3 1849.849850 67.500000 0.10701045436421565 0.22055170465973478
529 0 1853.353353 0.000000 0.10554142954620618 0.21889768939218096
529 1 1853.353353 22.500000 0.10554142954620618 0.21889768939218096
529 2 1853.353353 45.000000 0.10554142954620618 0.21889768939218096
529 3 1853.353353 67.500000 0.10554142954620618 0.21889768939218096
530 0 1856.856857 0.000000 0.10431655131695933 0.21771486380847654
530 1 1856.856857 22.500000 0.10431655131695933 0.21771486380847654
530 2 1856.856857 45.000000 0.10431655131695933 0.21771486380847654
530 3 1856.856857 67.500000 0.10431655131695933 0.21771486380847654
531 0 1860.360360 0.000000 0.10358706878608072 0.21720797716074836
531 1 1860.360360 22.500000 0.10358706878608072 0.21720797716074836
531 2 1860.360360 45.000000 0.10358706878608072 0.21720797716074836
531 3 1860.360360 67.500000 0.10358706878608072 0.21720797716074836
532 0 1863.863864 0.000000 0.103548777735856 0.21749391267171639
532 1 1863.863864 22.500000 0.103548777735856 0.21749391267171639
532 2 1863.863864 45.000000 0.103548777735856 0.21749391267171639
532 3 1863.863864 67.500000 0.103548777735856 0.21749391267171639
533 0 1867.367367 0.000000 0.10430428529872593 0.21857879896942234
533 1 1867.367367 22.500000 0.10430428529872593 0.21857879896942234
533 2 1867.367367 45.000000 0.10430428529872593 0.21857879896942234
533 3 1867.367367 67.500000 0.10430428529872593 0.21857879896942234
534 0 1870.870871 0.000000 0.10584247746939647 0.22035229779936258
534 1 1870.870871 22.500000 0.10584247746939647 0.22035229779936258
534 2 1870.870871 45.000000 0.10584247746939647 0.22035229779936258
534 3 1870.870871 67.500000 0.10584247746939647 0.22035229779936258
535 0 1874.374374 0.000000 0.10803629731495491 0.22260083177234496
535 1 1874.374374 22.500000 0.10803629731495491 0.22260083177234496
535 2 1874.374374 45.000000 0.10803629731495491 0.22260083177234496
535 3 1874.374374 67.500000 0.10803629731495491 0.22260083177234496
536 0 1877.877878 0.000000 0.11065539875983182 0.22503832007703189
536 1 1877.877878 22.500000 0.11065539875983182 0.22503832007703189
536 2 1877.877878 45.000000 0.11065539875983182 0.22503832007703189
536 3 1877.877878 67.500000 0.11065539875983182 0.22503832007703189
537 0 1881.381381 0.000000 0.11338982945396789 0.2273498861861632
537 1 1881.381381 22.500000 0.11338982945396789 0.2273498861861632
537 2 1881.381381 45.000000 0.11338982945396789 0.2273498861861632
537 3 1881.381381 67.500000 0.11338982945396789 0.2273498861861632
538 0 1884.884885 0.000000 0.1158838402261709 0.22924153624417798
538 1 1884.884885 22.500000 0.1158838402261709 0.22924153624417798
538 2 1884.884885 45.000000 0.1158838402261709 0.22924153624417798
538 3 1884.884885 67.500000 0.1158838402261709 0.22924153624417798
539 0 1888.388388 0.000000 0.11778154197764905 0.23048744215617298
539 1 1888.388388 22.500000 0.11778154197764905 0.23048744215617298
539 2 1888.388388 45.000000 0.11778154197764905 0.23048744215617298
539 3 1888.388388 67.500000 0.11778154197764905 0.23048744215617298
540 0 1891.891892 0.000000 0.11878442932978406 0.23096649285455514
540 1 1891.891892 22.500000 0.11878442932978406 0.23096649285455514
540 2 1891.891892 45.000000 0.11878442932978406 0.23096649285455514
540 3 1891.891892 67.500000 0.11878442932978406 0.23096649285455514
541 0 1895.395395 0.000000 0.11871366263645039 0.23068126674747838
541 1 1895.395395 22.500000 0.11871366263645039 0.23068126674747838
541 2 1895.395395 45.000000 0.11871366263645039 0.23068126674747838
541 3 1895.395395 67.500000 0.11871366263645039 0.23068126674747838
542 0 1898.898899 0.000000 0.11756086492370652 0.22975534405681136
542 1 1898.898899 22.500000 0.11756086492370652 0.22975534405681136
542 2 1898.898899 45.000000 0.11756086492370652 0.22975534405681136
542 3 1898.898899 67.500000 0.11756086492370652 0.22975534405681136
543 0 1902.402402 0.000000 0.11550653631080655 0.22840850545562447
543 1 1902.402402 22.500000 0.11550653631080655 0.22840850545562447
543 2 1902.402402 45.000000 0.11550653631080655 0.22840850545562447
543 3 1902.402402 67.500000 0.11550653631080655 0.22840850545562447
544 0 1905.905906 0.000000 0.11289055579715553 0.22691326858566144
544 1 1905.905906 22.500000 0.11289055579715553 0.22691326858566144
544 2 1905.905906 45.000000 0.11289055579715553 0.22691326858566144
544 3 1905.905906 67.500000 0.11289055579715553 0.22691326858566144
545 0 1909.409409 0.000000 0.11013501776412891 0.22553973362593013
545 1 1909.409409 22.500000 0.11013501776412891 0.22553973362593013
545 2 1909.409409 45.000000 0.11013501776412891 0.22553973362593013
545 3 1909.409409 67.500000 0.11013501776412891 0.22553973362593013
546 0 1912.912913 0.000000 0.10763957199505002 0.22449821104934017
546 1 1912.912913 22.500000 0.10763957199505002 0.22449821104934017
546 2 1912.912913 45.000000 0.10763957199505002 0.22449821104934017
546 3 1912.912913 67.500000 0.10763957199505002 0.22449821104934017
547 0 1916.416416 0.000000 0.10568326526514778 0.22389009741560079
547 1 1916.416416 22.500000 0.10568326526514778 0.22389009741560079
547 2 1916.416416 45.000000 0.10568326526514778 0.22389009741560079
547 3 1916.416416 67.500000 0.10568326526514778 0.22389009741560079
548 0 1919.919920 0.000000 0.10436617301030862 0.2236766880942466
548 1 1919.919920 22.500000 0.10436617301030862 0.2236766880942466
548 2 1919.919920 45.000000 0.10436617301030862 0.2236766880942466
548 3 1919.919920 67.500000 0.10436617301030862 0.2236766880942466
549 0 1923.423423 0.000000 0.10360771257518471 0.22367309606898339
549 1 1923.423423 22.500000 0.10360771257518471 0.22367309606898339
549 2 1923.423423 45.000000 0.10360771257518471 0.22367309606898339
549 3 1923.423423 67.500000 0.10360771257518471 0.22367309606898339
550 0 1926.926927 0.000000 0.10319422970804287 0.22357050799264255
550 1 1926.926927 22.500000 0.10319422970804287 0.22357050799264255
550 2 1926.926927 45.000000 0.10319422970804287 0.22357050799264255
550 3 1926.926927 67.500000 0.10319422970804287 0.22357050799264255
551 0 1930.430430 0.000000 0.10284916563887352 0.22298523560317907
551 1 1930.430430 22.500000 0.10284916563887352 0.22298523560317907
551 2 1930.430430 45.000000 0.10284916563887352 0.22298523560317907
551 3 1930.430430 67.500000 0.10284916563887352 0.22298523560317907
552 0 1933.933934 0.000000 0.10229544428553768 0.22152817008735992
552 1 1933.933934 22.500000 0.10229544428553768 0.22152817008735992
552 2 1933.933934 45.000000 0.10229544428553768 0.22152817008735992
552 3 1933.933934 67.500000 0.10229544428553768 0.22152817008735992
553 0 1937.437437 0.000000 0.10129322237932054 0.21888413379540284
553 1 1937.437437 22.500000 0.10129322237932054 0.21888413379540284
553 2 1937.437437 45.000000 0.10129322237932054 0.21888413379540284
553 3 1937.437437 67.500000 0.10129322237932054 0.21888413379540284
554 0 1940.940941 0.000000 0.099657738952967145 0.21488798749440233
554 1 1940.940941 22.500000 0.099657738952967145 0.21488798749440233
554 2 1940.940941 45.000000 0.099657738952967145 0.21488798749440233
554 3 1940.940941 67.500000 0.099657738952967145 0.21488798749440233
555 0 1944.444444 0.000000 0.097277108726452982 0.20958373025857238
555 1 1944.444444 22.500000 0.097277108726452982 0.20958373025857238
555 2 1944.444444 45.000000 0.097277108726452982 0.20958373025857238
555 3 1944.444444 67.500000 0.097277108726452982 0.20958373025857238
556 0 1947.947948 0.000000 0.094147705729373352 0.20325446063801339
556 1 1947.947948 22.500000 0.094147705729373352 0.20325446063801339
556 2 1947.947948 45.000000 0.094147705729373352 0.20325446063801339
556 3 1947.947948 67.500000 0.094147705729373352 0.20325446063801339
557 0 1951.451451 0.000000 0.090425949984027254 0.19641483412762967
557 1 1951.451451 22.500000 0.090425949984027254 0.19641483412762967
557 2 1951.451451 45.000000 0.090425949984027254 0.19641483412762967
557 3 1951.451451 67.500000 0.090425949984027254 0.19641483412762967
558 0 1954.954955 0.000000 0.086472892137141225 0.18976308075177123
558 1 1954.954955 22.500000 0.086472892137141225 0.18976308075177123
558 2 1954.954955 45.000000 0.086472892137141225 0.18976308075177123
558 3 1954.954955 67.500000 0.086472892137141225 0.18976308075177123
559 0 1958.458458 0.000000 0.082859934019752182 0.18409596896920105
559 1 1958.458458 22.500000 0.082859934019752182 0.18409596896920105
559 2 1958.458458 45.000000 0.082859934019752182 0.18409596896920105
559 3 1958.458458 67.500000 0.082859934019752182 0.18409596896920105
560 0 1961.961962 0.000000 0.080321092029668126 0.1801963616045596
560 1 1961.961962 22.500000 0.080321092029668126 0.1801963616045596
560 2 1961.961962 45.000000 0.080321092029668126 0.1801963616045596
560 3 1961.961962 67.500000 0.080321092029668126 0.1801963616045596
561 0 1965.465465 0.000000 0.0796736912527405 0.17870820574714111
561 1 1965.465465 22.500000 0.0796736912527405 0.17870820574714111
561 2 1965.465465 45.000000 0.0796736912527405 0.17870820574714111
561 3 1965.465465 67.500000 0.0796736912527405 0.17870820574714111
562 0 1968.968969 0.000000 0.081763257804917028 0.18001704437011551
562 1 1968.968969 22.500000 0.081763257804917028 0.18001704437011551
562 2 1968.968969 45.000000 0.081763257804917028 0.18001704437011551
562 3 1968.968969 67.500000 0.081763257804917028 0.18001704437011551
563 0 1972.472472 0.000000 0.08749262829846112 0.1841548047618925
563 1 1972.472472 22.500000 0.08749262829846112 0.1841548047618925
563 2 1972.472472 45.000000 0.08749262829846112 0.1841548047618925
563 3 1972.472472 67.500000 0.08749262829846112 0.1841548047618925
564 0 1975.975976 0.000000 0.097955037788910376 0.19074544976485053
564 1 1975.975976 22.500000 0.097955037788910376 0.19074544976485053
564 2 1975.975976 45.000000 0.097955037788910376 0.19074544976485053
564 3 1975.975976 67.500000 0.097955037788910376 0.19074544976485053
565 0 1979.479479 0.000000 0.11461662369707198 0.19900324161446623
565 1 1979.479479 22.500000 0.11461662369707198 0.19900324161446623
565 2 1979.479479 45.000000 0.11461662369707198 0.19900324161446623
565 3 1979.479479 67.500000 0.11461662369707198 0.19900324161446623
566 0 1982.982983 0.000000 0.13942129848835047 0.20778845392872364
566 1 1982.982983 22.500000 0.13942129848835047 0.20778845392872364
566 2 1982.982983 45.000000 0.13942129848835047 0.20778845392872364
566 3 1982.982983 67.500000 0.13942129848835047 0.20778845392872364
567 0 1986.486486 0.000000 0.17466616647372707 0.21571731053384308
567 1 1986.486486 22.500000 0.17466616647372707 0.21571731053384308
567 2 1986.486486 45.000000 0.17466616647372707 0.21571731053384308
567 3 1986.486486 67.500000 0.17466616647372707 0.21571731053384308
568 0 1989.989990 0.000000 0.22254964701618637 0.22131488218253376
568 1 1989.989990 22.500000 0.22254964701618637 0.22131488218253376
568 2 1989.989990 45.000000 0.22254964701618637 0.22131488218253376
568 3 1989.989990 67.500000 0.22254964701618637 0.22131488218253376
569 0 1993.493493 0.000000 0.28442224553507789 0.22319283410256019
569 1 1993.493493 22.500000 0.28442224553507789 0.22319283410256019
569 2 1993.493493 45.000000 0.28442224553507789 0.22319283410256019
569 3 1993.493493 67.500000 0.28442224553507789 0.22319283410256019
570 0 1996.996997 0.000000 0.35992551380290033 0.22022935625217102
570 1 1996.996997 22.500000 0.35992551380290033 0.22022935625217102
570 2 1996.996997 45.000000 0.35992551380290033 0.22022935625217102
570 3 1996.996997 67.500000 0.35992551380290033 0.22022935625217102
571 0 2000.500501 0.000000 0.44631774420634546 0.21172709235575973
571 1 2000.500501 22.500000 0.44631774420634546 0.21172709235575973
571 2 2000.500501 45.000000 0.44631774420634546 0.21172709235575973
571 3 2000.500501 67.500000 0.44631774420634546 0.21172709235575973
572 0 2004.004004 0.000000 0.53829257835739941 0.1975267561713763
572 1 2004.004004 22.500000 0.53829257835739941 0.1975267561713763
572 2 2004.004004 45.000000 0.53829257835739941 0.1975267561713763
572 3 2004.004004 67.500000 0.53829257835739941 0.1975267561713763
573 0 2007.507508 0.000000 0.62847636852234157 0.17805923686322367
573 1 2007.507508 22.500000 0.62847636852234157 0.17805923686322367
573 2 2007.507508 45.000000 0.62847636852234157 0.17805923686322367
573 3 2007.507508 67.500000 0.62847636852234157 0.17805923686322367
574 0 2011.011011 0.000000 0.70857540078795433 0.15432672045596182
574 1 2011.011011 22.500000 0.70857540078795433 0.15432672045596182
574 2 2011.011011 45.000000 0.70857540078795433 0.15432672045596182
574 3 2011.011011 67.500000 0.70857540078795433 0.15432672045596182
575 0 2014.514515 0.000000 0.77091459923355177 0.12781266051753176
575 1 2014.514515 22.500000 0.77091459923355177 0.12781266051753176
575 2 2014.514515 45.000000 0.77091459923355177 0.12781266051753176
575 3 2014.514515 67.500000 0.77091459923355177 0.12781266051753176
576 0 2018.018018 0.000000 0.80995749161675246 0.10033002992622186
576 1 2018.018018 22.500000 0.80995749161675246 0.10033002992622186
576 2 2018.018018 45.000000 0.80995749161675246 0.10033002992622186
576 3 2018.018018 67.500000 0.80995749161675246 0.10033002992622186
577 0 2021.521522 0.000000 0.82338696732855865 0.073825815555466218
577 1 2021.521522 22.500000 0.82338696732855865 0.073825815555466218
577 2 2021.521522 45.000000 0.82338696732855865 0.073825815555466218
577 3 2021.521522 67.500000 0.82338696732855865 0.073825815555466218
578 0 2025.025025 0.000000 0.81246371635346926 0.050165944601205006
578 1 2025.025025 22.500000 0.81246371635346926 0.050165944601205006
578 2 2025.025025 45.000000 0.81246371635346926 0.050165944601205006
578 3 2025.025025 67.500000 0.81246371635346926 0.050165944601205006
579 0 2028.528529 0.000000 0.78160919074496615 0.030927831792149679
579 1 2028.528529 22.500000 0.78160919074496615 0.030927831792149679
579 2 2028.528529 45.000000 0.78160919074496615 0.030927831792149679
579 3 2028.528529 67.500000 0.78160919074496615 0.030927831792149679
580 0 2032.032032 0.000000 0.73739137217441109 0.017227039208910385
580 1 2032.032032 22.500000 0.73739137217441109 0.017227039208910385
580 2 2032.032032 45.000000 0.73739137217441109 0.017227039208910385
580 3 2032.032032 67.500000 0.73739137217441109 0.017227039208910385
581 0 2035.535536 0.000000 0.6872382629996302 0.0096002000643183732
581 1 2035.535536 22.500000 0.6872382629996302 0.0096002000643183732
581 2 2035.535536 45.000000 0.6872382629996302 0.0096002000643183732
581 3 2035.535536 67.500000 0.6872382629996302 0.0096002000643183732
582 0 2039.039039 0.000000 0.63822143890266148 0.007958954270962576
582 1 2039.039039 22.500000 0.63822143890266148 0.007958954270962576
582 2 2039.039039 45.000000 0.63822143890266148 0.007958954270962576
582 3 2039.039039 67.500000 0.63822143890266148 0.007958954270962576
583 0 2042.542543 0.000000 0.59615353806876836 0.011620200981193905
583 1 2042.542543 22.500000 0.59615353806876836 0.011620200981193905
583 2 2042.542543 45.000000 0.59615353806876836 0.011620200981193905
583 3 2042.542543 67.500000 0.59615353806876836 0.011620200981193905
584 0 2046.046046 0.000000 0.56508849254774773 0.01940781317752344
584 1 2046.046046 22.500000 0.56508849254774773 0.01940781317752344
584 2 2046.046046 45.000000 0.56508849254774773 0.01940781317752344
584 3 2046.046046 67.500000 0.56508849254774773 0.01940781317752344
585 0 2049.549550 0.000000 0.54717490844535799 0.029811509413316974
585 1 2049.549550 22.500000 0.54717490844535799 0.029811509413316974
585 2 2049.549550 45.000000 0.54717490844535799 0.029811509413316974
585 3 2049.549550 67.500000 0.54717490844535799 0.029811509413316974
586 0 2053.053053 0.000000 0.54274338216936147 0.041181163418491991
586 1 2053.053053 22.500000 0.54274338216936147 0.041181163418491991
586 2 2053.053053 45.000000 0.54274338216936147 0.041181163418491991
586 3 2053.053053 67.500000 0.54274338216936147 0.041181163418491991
587 0 2056.556557 0.000000 0.55051761698633284 0.051930483460719441
587 1 2056.556557 22.500000 0.55051761698633284 0.051930483460719441
587 2 2056.556557 45.000000 0.55051761698633284 0.051930483460719441
587 3 2056.556557 67.500000 0.55051761698633284 0.051930483460719441
588 0 2060.060060 0.000000 0.56789676825455015 0.06072329491601508
588 1 2060.060060 22.500000 0.56789676825455015 0.06072329491601508
588 2 2060.060060 45.000000 0.56789676825455015 0.06072329491601508
588 3 2060.060060 67.500000 0.56789676825455015 0.06072329491601508
589 0 2063.563564 0.000000 0.59131387801618351 0.066618667634248757
589 1 2063.563564 22.500000 0.59131387801618351 0.066618667634248757
589 2 2063.563564 45.000000 0.59131387801618351 0.066618667634248757
589 3 2063.563564 67.500000 0.59131387801618351 0.066618667634248757
590 0 2067.067067 0.000000 0.61669377101099521 0.069157366971470291
590 1 2067.067067 22.500000 0.61669377101099521 0.069157366971470291
590 2 2067.067067 45.000000 0.61669377101099521 0.069157366971470291
590 3 2067.067067 67.500000 0.61669377101099521 0.069157366971470291
591 0 2070.570571 0.000000 0.64000393347582651 0.068380636908236286
591 1 2070.570571 22.500000 0.64000393347582651 0.068380636908236286
591 2 2070.570571 45.000000 0.64000393347582651 0.068380636908236286
591 3 2070.570571 67.500000 0.64000393347582651 0.068380636908236286
592 0 2074.074074 0.000000 0.65783515717871544 0.064781890816435789
592 1 2074.074074 22.500000 0.65783515717871544 0.064781890816435789
592 2 2074.074074 45.000000 0.65783515717871544 0.064781890816435789
592 3 2074.074074 67.500000 0.65783515717871544 0.064781890816435789
593 0 2077.577578 0.000000 0.66790221474689881 0.059201105385373778
593 1 2077.577578 22.500000 0.66790221474689881 0.059201105385373778
593 2 2077.577578 45.000000 0.66790221474689881 0.059201105385373778
593 3 2077.577578 67.500000 0.66790221474689881 0.059201105385373778
594 0 2081.081081 0.000000 0.66934908634164492 0.052679276127331906
594 1 2081.081081 22.500000 0.66934908634164492 0.052679276127331906
594 2 2081.081081 45.000000 0.66934908634164492 0.052679276127331906
594 3 2081.081081 67.500000 0.66934908634164492 0.052679276127331906
595 0 2084.584585 0.000000 0.66278577905952074 0.046295155395145463
595 1 2084.584585 22.500000 0.66278577905952074 0.046295155395145463
595 2 2084.584585 45.000000 0.66278577905952074 0.046295155395145463
595 3 2084.584585 67.500000 0.66278577905952074 0.046295155395145463
596 0 2088.088088 0.000000 0.65005654410851954 0.041008028418554568
596 1 2088.088088 22.500000 0.65005654410851954 0.041008028418554568
596 2 2088.088088 45.000000 0.65005654410851954 0.041008028418554568
596 3 2088.088088 67.500000 0.65005654410851954 0.041008028418554568
597 0 2091.591592 0.000000 0.63381020686194756 0.037528362899339349
597 1 2091.591592 22.500000 0.63381020686194756 0.037528362899339349
597 2 2091.591592 45.000000 0.63381020686194756 0.037528362899339349
597 3 2091.591592 67.500000 0.63381020686194756 0.037528362899339349
598 0 2095.095095 0.000000 0.61698396185264881 0.036233176420560419
598 1 2095.095095 22.500000 0.61698396185264881 0.036233176420560419
598 2 2095.095095 45.000000 0.61698396185264881 0.036233176420560419
598 3 2095.095095 67.500000 0.61698396185264881 0.036233176420560419
599 0 2098.598599 0.000000 0.60231140457677024 0.037135728741309319
599 1 2098.598599 22.500000 0.60231140457677024 0.037135728741309319
599 2 2098.598599 45.000000 0.60231140457677024 0.037135728741309319
599 3 2098.598599 67.500000 0.60231140457677024 0.037135728741309319
600 0 2102.102102 0.000000 0.5919331803739758 0.039910797809969138
600 1 2102.102102 22.500000 0.5919331803739758 0.039910797809969138
600 2 2102.102102 45.000000 0.5919331803739758 0.039910797809969138
600 3 2102.102102 67.500000 0.5919331803739758 0.039910797809969138
601 0 2105.605606 0.000000 0.5871459360645026 0.043968606565019025
601 1 2105.605606 22.500000 0.5871459360645026 0.043968606565019025
601 2 2105.605606 45.000000 0.5871459360645026 0.043968606565019025
601 3 2105.605606 67.500000 0.5871459360645026 0.043968606565019025
602 0 2109.109109 0.000000 0.58829247581937438 0.048563639387318509
602 1 2109.109109 22.500000 0.58829247581937438 0.048563639387318509
602 2 2109.109109 45.000000 0.58829247581937438 0.048563639387318509
602 3 2109.109109 67.500000 0.58829247581937438 0.048563639387318509
603 0 2112.612613 0.000000 0.59478164734398586 0.052920089220614461
603 1 2112.612613 22.500000 0.59478164734398586 0.052920089220614461
603 2 2112.612613 45.000000 0.59478164734398586 0.052920089220614461
603 3 2112.612613 67.500000 0.59478164734398586 0.052920089220614461
604 0 2116.116116 0.000000 0.60522531806476065 0.056354096009709774
604 1 2116.116116 22.500000 0.60522531806476065 0.056354096009709774
604 2 2116.116116 45.000000 0.60522531806476065 0.056354096009709774
604 3 2116.116116 67.500000 0.60522531806476065 0.056354096009709774
605 0 2119.619620 0.000000 0.61767936525284284 0.058374403211725566
605 1 2119.619620 22.500000 0.61767936525284284 0.058374403211725566
605 2 2119.619620 45.000000 0.61767936525284284 0.058374403211725566
605 3 2119.619620 67.500000 0.61767936525284284 0.058374403211725566
606 0 2123.123123 0.000000 0.62996604957237623 0.058747235822621667
606 1 2123.123123 22.500000 0.62996604957237623 0.058747235822621667
606 2 2123.123123 45.000000 0.62996604957237623 0.058747235822621667
606 3 2123.123123 67.500000 0.62996604957237623 0.058747235822621667
607 0 2126.626627 0.000000 0.64003622181842101 0.057517354292816542
607 1 2126.626627 22.500000 0.64003622181842101 0.057517354292816542
607 2 2126.626627 45.000000 0.64003622181842101 0.057517354292816542
607 3 2126.626627 67.500000 0.64003622181842101 0.057517354292816542
608 0 2130.130130 0.000000 0.64631092255186628 0.054984351267014862
608 1 2130.130130 22.500000 0.64631092255186628 0.054984351267014862
608 2 2130.130130 45.000000 0.64631092255186628 0.054984351267014862
608 3 2130.130130 67.500000 0.64631092255186628 0.054984351267014862
609 0 2133.633634 0.000000 0.647935773841954 0.051640206771103564
609 1 2133.633634 22.500000 0.647935773841954 0.051640206771103564
609 2 2133.633634 45.000000 0.647935773841954 0.051640206771103564
609 3 2133.633634 67.500000 0.647935773841954 0.051640206771103564
610 0 2137.137137 0.000000 0.64489579881153458 0.048079840354468661
610 1 2137.137137 22.500000 0.64489579881153458 0.048079840354468661
610 2 2137.137137 45.000000 0.64489579881153458 0.048079840354468661
610 3 2137.137137 67.500000 0.64489579881153458 0.048079840354468661
611 0 2140.640641 0.000000 0.63797048227715447 0.044900059315019634
611 1 2140.640641 22.500000 0.63797048227715447 0.044900059315019634
611 2 2140.640641 45.000000 0.63797048227715447 0.044900059315019634
611 3 2140.640641 67.500000 0.63797048227715447 0.044900059315019634
612 0 2144.144144 0.000000 0.6285474898876825 0.042603412021423405
612 1 2144.144144 22.500000 0.6285474898876825 0.042603412021423405
612 2 2144.144144 45.000000 0.6285474898876825 0.042603412021423405
612 3 2144.144144 67.500000 0.6285474898876825 0.042603412021423405
613 0 2147.647648 0.000000 0.61834415789985453 0.041521939112136017
613 1 2147.647648 22.500000 0.61834415789985453 0.041521939112136017
613 2 2147.647648 45.000000 0.61834415789985453 0.041521939112136017
613 3 2147.647648 67.500000 0.61834415789985453 0.041521939112136017
614 0 2151.151151 0.000000 0.60909892546384037 0.041772009574778404
614 1 2151.151151 22.500000 0.60909892546384037 0.041772009574778404
614 2 2151.151151 45.000000 0.60909892546384037 0.041772009574778404
614 3 2151.151151 67.500000 0.60909892546384037 0.041772009574778404
615 0 2154.654655 0.000000 0.602289451849504 0.043246016505348608
615 1 2154.654655 22.500000 0.602289451849504 0.043246016505348608
615 2 2154.654655 45.000000 0.602289451849504 0.043246016505348608
615 3 2154.654655 67.500000 0.602289451849504 0.043246016505348608
616 0 2158.158158 0.000000 0.59891722751504894 0.045640600483787208
616 1 2158.158158 22.500000 0.59891722751504894 0.045640600483787208
616 2 2158.158158 45.000000 0.59891722751504894 0.045640600483787208
616 3 2158.158158 67.500000 0.59891722751504894 0.045640600483787208
617 0 2161.661662 0.000000 0.59937973628129237 0.048515256962703007
617 1 2161.661662 22.500000 0.59937973628129237 0.048515256962703007
617 2 2161.661662 45.000000 0.59937973628129237 0.048515256962703007
617 3 2161.661662 67.500000 0.59937973628129237 0.048515256962703007
618 0 2165.165165 0.000000 0.60343728896234794 0.051370577572418301
618 1 2165.165165 22.500000 0.60343728896234794 0.051370577572418301
618 2 2165.165165 45.000000 0.60343728896234794 0.051370577572418301
618 3 2165.165165 67.500000 0.60343728896234794 0.051370577572418301
619 0 2168.668669 0.000000 0.61027322203413914 0.053732661983181031
619 1 2168.668669 22.500000 0.61027322203413914 0.053732661983181031
619 2 2168.668669 45.000000 0.61027322203413914 0.053732661983181031
619 3 2168.668669 67.500000 0.61027322203413914 0.053732661983181031
620 0 2172.172172 0.000000 0.61863935231026612 0.055229781399922309
620 1 2172.172172 22.500000 0.61863935231026612 0.055229781399922309
620 2 2172.172172 45.000000 0.61863935231026612 0.055229781399922309
620 3 2172.172172 67.500000 0.61863935231026612 0.055229781399922309
621 0 2175.675676 0.000000 0.62706913974101264 0.055649169732212997
621 1 2175.675676 22.500000 0.62706913974101264 0.055649169732212997
621 2 2175.675676 45.000000 0.62706913974101264 0.055649169732212997
621 3 2175.675676 67.500000 0.62706913974101264 0.055649169732212997
622 0 2179.179179 0.000000 0.6341283086065822 0.054965497738797997
622 1 2179.179179 22.500000 0.6341283086065822 0.054965497738797997
622 2 2179.179179 45.000000 0.6341283086065822 0.054965497738797997
622 3 2179.179179 67.500000 0.6341283086065822 0.054965497738797997
623 0 2182.682683 0.000000 0.63866085542568762 0.053337493094315194
623 1 2182.682683 22.500000 0.63866085542568762 0.053337493094315194
623 2 2182.682683 45.000000 0.63866085542568762 0.053337493094315194
623 3 2182.682683 67.500000 0.63866085542568762 0.053337493094315194
624 0 2186.186186 0.000000 0.63998396235298638 0.05107447354169016
624 1 2186.186186 22.500000 0.63998396235298638 0.05107447354169016
624 2 2186.186186 45.000000 0.63998396235298638 0.05107447354169016
624 3 2186.186186 67.500000 0.63998396235298638 0.05107447354169016
625 0 2189.689690 0.000000 0.63799302329391094 0.04857939201690082
625 1 2189.689690 22.500000 0.63799302329391094 0.04857939201690082
625 2 2189.689690 45.000000 0.63799302329391094 0.04857939201690082
625 3 2189.689690 67.500000 0.63799302329391094 0.04857939201690082
626 0 2193.193193 0.000000 0.63315730450376839 0.046278586347603817
626 1 2193.193193 22.500000 0.63315730450376839 0.046278586347603817
626 2 2193.193193 45.000000 0.63315730450376839 0.046278586347603817
626 3 2193.193193 67.500000 0.63315730450376839 0.046278586347603817
627 0 2196.696697 0.000000 0.6264117851837232 0.044550240086184273
627 1 2196.696697 22.500000 0.6264117851837232 0.044550240086184273
627 2 2196.696697 45.000000 0.6264117851837232 0.044550240086184273
627 3 2196.696697 67.500000 0.6264117851837232 0.044550240086184273
628 0 2200.200200 0.000000 0.61897296827378356 0.043663358131504126
628 1 2200.200200 22.500000 0.61897296827378356 0.043663358131504126
628 2 2200.200200 45.000000 0.61897296827378356 0.043663358131504126
628 3 2200.200200 67.500000 0.61897296827378356 0.043663358131504126
629 0 2203.703704 0.000000 0.61211908756550015 0.043736938055161989
629 1 2203.703704 22.500000 0.61211908756550015 0.043736938055161989
629 2 2203.703704 45.000000 0.61211908756550015 0.043736938055161989
629 3 2203.703704 67.500000 0.61211908756550015 0.043736938055161989
630 0 2207.207207 0.000000 0.60697605101220853 0.044725381353062449
630 1 2207.207207 22.500000 0.60697605101220853 0.044725381353062449
630 2 2207.207207 45.000000 0.60697605101220853 0.044725381353062449
630 3 2207.207207 67.500000 0.60697605101220853 0.044725381353062449
631 0 2210.710711 0.000000 0.60434247876626424 0.046431678292835607
631 1 2210.710711 22.500000 0.60434247876626424 0.046431678292835607
631 2 2210.710711 45.000000 0.60434247876626424 0.046431678292835607
631 3 2210.710711 67.500000 0.60434247876626424 0.046431678292835607
632 0 2214.214214 0.000000 0.60457563705984574 0.048545279347081013
632 1 2214.214214 22.500000 0.60457563705984574 0.048545279347081013
632 2 2214.214214 45.000000 0.60457563705984574 0.048545279347081013
632 3 2214.214214 67.500000 0.60457563705984574 0.048545279347081013
633 0 2217.717718 0.000000 0.60754937594744851 0.05069759499295691
633 1 2217.717718 22.500000 0.60754937594744851 0.05069759499295691
633 2 2217.717718 45.000000 0.60754937594744851 0.05069759499295691
633 3 2217.717718 67.500000 0.60754937594744851 0.05069759499295691
634 0 2221.221221 0.000000 0.61268675908725745 0.052525375679714256
634 1 2221.221221 22.500000 0.61268675908725745 0.052525375679714256
634 2 2221.221221 45.000000 0.61268675908725745 0.052525375679714256
634 3 2221.221221 67.500000 0.61268675908725745 0.052525375679714256
635 0 2224.724725 0.000000 0.6190625409124132 0.053731219264375699
635 1 2224.724725 22.500000 0.6190625409124132 0.053731219264375699
635 2 2224.724725 45.000000 0.6190625409124132 0.053731219264375699
635 3 2224.724725 67.500000 0.6190625409124132 0.053731219264375699
636 0 2228.228228 0.000000 0.62556198865255219 0.054131250943500478
636 1 2228.228228 22.500000 0.62556198865255219 0.054131250943500478
636 2 2228.228228 45.000000 0.62556198865255219 0.054131250943500478
636 3 2228.228228 67.500000 0.62556198865255219 0.054131250943500478
637 0 2231.731732 0.000000 0.63107255553684016 0.05368243843826595
637 1 2231.731732 22.500000 0.63107255553684016 0.05368243843826595
637 2 2231.731732 45.000000 0.63107255553684016 0.05368243843826595
637 3 2231.731732 67.500000 0.63107255553684016 0.05368243843826595
638 0 2235.235235 0.000000 0.63467613883470275 0.052485599429203167
638 1 2235.235235 22.500000 0.63467613883470275 0.052485599429203167
638 2 2235.235235 45.000000 0.63467613883470275 0.052485599429203167
638 3 2235.235235 67.500000 0.63467613883470275 0.052485599429203167
639 0 2238.738739 0.000000 0.63580622714818325 0.050764303795294674
639 1 2238.738739 22.500000 0.63580622714818325 0.050764303795294674
639 2 2238.738739 45.000000 0.63580622714818325 0.050764303795294674
639 3 2238.738739 67.500000 0.63580622714818325 0.050764303795294674
640 0 2242.242242 0.000000 0.63433930741146893 0.048823870594026667
640 1 2242.242242 22.500000 0.63433930741146893 0.048823870594026667
640 2 2242.242242 45.000000 0.63433930741146893 0.048823870594026667
640 3 2242.242242 67.500000 0.63433930741146893 0.048823870594026667
641 0 2245.745746 0.000000 0.63060340888899413 0.046997852087100001
641 1 2245.745746 22.500000 0.63060340888899413 0.046997852087100001
641 2 2245.745746 45.000000 0.63060340888899413 0.046997852087100001
641 3 2245.745746 67.500000 0.63060340888899413 0.046997852087100001
642 0 2249.249249 0.000000 0.62530488620446778 0.045591277409425424
642 1 2249.249249 22.500000 0.62530488620446778 0.045591277409425424
642 2 2249.249249 45.000000 0.62530488620446778 0.045591277409425424
642 3 2249.249249 67.500000 0.62530488620446778 0.045591277409425424
643 0 2252.752753 0.000000 0.61939172388669994 0.044830219314332329
643 1 2252.752753 22.500000 0.61939172388669994 0.044830219314332329
643 2 2252.752753 45.000000 0.61939172388669994 0.044830219314332329
643 3 2252.752753 67.500000 0.61939172388669994 0.044830219314332329
644 0 2256.256256 0.000000 0.61388271727092047 0.044825941275403555
644 1 2256.256256 22.500000 0.61388271727092047 0.044825941275403555
644 2 2256.256256 45.000000 0.61388271727092047 0.044825941275403555
644 3 2256.256256 67.500000 0.61388271727092047 0.044825941275403555
645 0 2259.759760 0.000000 0.60969470702846706 0.045559236139755627
645 1 2259.759760 22.500000 0.60969470702846706 0.045559236139755627
645 2 2259.759760 45.000000 0.60969470702846706 0.045559236139755627
645 3 2259.759760 67.500000 0.60969470702846706 0.045559236139755627
646 0 2263.263263 0.000000 0.60749587710627739 0.046887054330972136
646 1 2263.263263 22.500000 0.60749587710627739 0.046887054330972136
646 2 2263.263263 45.000000 0.60749587710627739 0.046887054330972136
646 3 2263.263263 67.500000 0.60749587710627739 0.046887054330972136
647 0 2266.766767 0.000000 0.60760526486407573 0.048569744535867848
647 1 2266.766767 22.500000 0.60760526486407573 0.048569744535867848
647 2 2266.766767 45.000000 0.60760526486407573 0.048569744535867848
647 3 2266.766767 67.500000 0.60760526486407573 0.048569744535867848
648 0 2270.270270 0.000000 0.60995021734764399 0.05031382719036262
648 1 2270.270270 22.500000 0.60995021734764399 0.05031382719036262
648 2 2270.270270 45.000000 0.60995021734764399 0.05031382719036262
648 3 2270.270270 67.500000 0.60995021734764399 0.05031382719036262
649 0 2273.773774 0.000000 0.61408594745363532 0.051822748443574471
649 1 2273.773774 22.500000 0.61408594745363532 0.051822748443574471
649 2 2273.773774 45.000000 0.61408594745363532 0.051822748443574471
649 3 2273.773774 67.500000 0.61408594745363532 0.051822748443574471
650 0 2277.277277 0.000000 0.61927415199200508 0.05284690961238038
650 1 2277.277277 22.500000 0.61927415199200508 0.05284690961238038
650 2 2277.277277 45.000000 0.61927415199200508 0.05284690961238038
650 3 2277.277277 67.500000 0.61927415199200508 0.05284690961238038
651 0 2280.780781 0.000000 0.62460985116942591 0.053224595872188557
651 1 2280.780781 22.500000 0.62460985116942591 0.053224595872188557
651 2 2280.780781 45.000000 0.62460985116942591 0.053224595872188557
651 3 2280.780781 67.500000 0.62460985116942591 0.053224595872188557
652 0 2284.284284 0.000000 0.62917725272342329 0.052907149181812746
652 1 2284.284284 22.500000 0.62917725272342329 0.052907149181812746
652 2 2284.284284 45.000000 0.62917725272342329 0.052907149181812746
652 3 2284.284284 67.500000 0.62917725272342329 0.052907149181812746
653 0 2287.787788 0.000000 0.63220838153589565 0.05196452529110368
653 1 2287.787788 22.500000 0.63220838153589565 0.05196452529110368
653 2 2287.787788 45.000000 0.63220838153589565 0.05196452529110368
653 3 2287.787788 67.500000 0.63220838153589565 0.05196452529110368
654 0 2291.291291 0.000000 0.63321538157816437 0.050570752240926387
654 1 2291.291291 22.500000 0.63321538157816437 0.050570752240926387
654 2 2291.291291 45.000000 0.63321538157816437 0.050570752240926387
654 3 2291.291291 67.500000 0.63321538157816437 0.050570752240926387
655 0 2294.794795 0.000000 0.63207109678432272 0.048972190626150811
655 1 2294.794795 22.500000 0.63207109678432272 0.048972190626150811
655 2 2294.794795 45.000000 0.63207109678432272 0.048972190626150811
655 3 2294.794795 67.500000 0.63207109678432272 0.048972190626150811
656 0 2298.298298 0.000000 0.6290228336806255 0.04744431819095915
656 1 2298.298298 22.500000 0.6290228336806255 0.04744431819095915
656 2 2298.298298 45.000000 0.6290228336806255 0.04744431819095915
656 3 2298.298298 67.500000 0.6290228336806255 0.04744431819095915
657 0 2301.801802 0.000000 0.62463847508048276 0.046244562877219578
657 1 2301.801802 22.500000 0.62463847508048276 0.046244562877219578
657 2 2301.801802 45.000000 0.62463847508048276 0.046244562877219578
657 3 2301.801802 67.500000 0.62463847508048276 0.046244562877219578
658 0 2305.305305 0.000000 0.61969808369398449 0.045569209351855516
658 1 2305.305305 22.500000 0.61969808369398449 0.045569209351855516
658 2 2305.305305 45.000000 0.61969808369398449 0.045569209351855516
658 3 2305.305305 67.500000 0.61969808369398449 0.045569209351855516
659 0 2308.808809 0.000000 0.61505383789230927 0.045521547732813389
659 1 2308.808809 22.500000 0.61505383789230927 0.045521547732813389
659 2 2308.808809 45.000000 0.61505383789230927 0.045521547732813389
659 3 2308.808809 67.500000 0.61505383789230927 0.045521547732813389
660 0 2312.312312 0.000000 0.61148460546328398 0.046096391416343904
660 1 2312.312312 22.500000 0.61148460546328398 0.046096391416343904
660 2 2312.312312 45.000000 0.61148460546328398 0.046096391416343904
660 3 2312.312312 67.500000 0.61148460546328398 0.046096391416343904
661 0 2315.815816 0.000000 0.6095692240758529 0.04718323027876084
661 1 2315.815816 22.500000 0.6095692240758529 0.04718323027876084
661 2 2315.815816 45.000000 0.6095692240758529 0.04718323027876084
661 3 2315.815816 67.500000 0.6095692240758529 0.04718323027876084
662 0 2319.319319 0.000000 0.60959683271487453 0.04858710258749252
662 1 2319.319319 22.500000 0.60959683271487453 0.04858710258749252
662 2 2319.319319 45.000000 0.60959683271487453 0.04858710258749252
662 3 2319.319319 67.500000 0.60959683271487453 0.04858710258749252
663 0 2322.822823 0.000000 0.61152573278442468 0.050063304390931374
663 1 2322.822823 22.500000 0.61152573278442468 0.050063304390931374
663 2 2322.822823 45.000000 0.61152573278442468 0.050063304390931374
663 3 2322.822823 67.500000 0.61152573278442468 0.050063304390931374
664 0 2326.326326 0.000000 0.61499550539656467 0.051359802441256125
664 1 2326.326326 22.500000 0.61499550539656467 0.051359802441256125
664 2 2326.326326 45.000000 0.61499550539656467 0.051359802441256125
664 3 2326.326326 67.500000 0.61499550539656467 0.051359802441256125
665 0 2329.829830 0.000000 0.61939044666963206 0.05226004034868606
665 1 2329.829830 22.500000 0.61939044666963206 0.05226004034868606
665 2 2329.829830 45.000000 0.61939044666963206 0.05226004034868606
665 3 2329.829830 67.500000 0.61939044666963206 0.05226004034868606
666 0 2333.333333 0.000000 0.62394532550786208 0.052618904561488211
666 1 2333.333333 22.500000 0.62394532550786208 0.052618904561488211
666 2 2333.333333 45.000000 0.62394532550786208 0.052618904561488211
666 3 2333.333333 67.500000 0.62394532550786208 0.052618904561488211
667 0 2336.836837 0.000000 0.62787722338910412 0.05238591003886757
667 1 2336.836837 22.500000 0.62787722338910412 0.05238591003886757
667 2 2336.836837 45.000000 0.62787722338910412 0.05238591003886757
667 3 2336.836837 67.500000 0.62787722338910412 0.05238591003886757
668 0 2340.340340 0.000000 0.63052124354066708 0.051611934635650669
668 1 2340.340340 22.500000 0.63052124354066708 0.051611934635650669
668 2 2340.340340 45.000000 0.63052124354066708 0.051611934635650669
668 3 2340.340340 67.500000 0.63052124354066708 0.051611934635650669
669 0 2343.843844 0.000000 0.63144542737200238 0.050438676217523654
669 1 2343.843844 22.500000 0.63144542737200238 0.050438676217523654
669 2 2343.843844 45.000000 0.63144542737200238 0.050438676217523654
669 3 2343.843844 67.500000 0.63144542737200238 0.050438676217523654
670 0 2347.347347 0.000000 0.63052308062754292 0.049072937863313237
670 1 2347.347347 22.500000 0.63052308062754292 0.049072937863313237
670 2 2347.347347 45.000000 0.63052308062754292 0.049072937863313237
670 3 2347.347347 67.500000 0.63052308062754292 0.049072937863313237
671 0 2350.850851 0.000000 0.62794899222447387 0.04775036902096523
671 1 2350.850851 22.500000 0.62794899222447387 0.04775036902096523
671 2 2350.850851 45.000000 0.62794899222447387 0.04775036902096523
671 3 2350.850851 67.500000 0.62794899222447387 0.04775036902096523
672 0 2354.354354 0.000000 0.62419773668523337 0.046694986649275863
672 1 2354.354354 22.500000 0.62419773668523337 0.046694986649275863
672 2 2354.354354 45.000000 0.62419773668523337 0.046694986649275863
672 3 2354.354354 67.500000 0.62419773668523337 0.046694986649275863
673 0 2357.857858 0.000000 0.61993403860850838 0.046081399149278876
673 1 2357.857858 22.500000 0.61993403860850838 0.046081399149278876
673 2 2357.857858 45.000000 0.61993403860850838 0.046081399149278876
673 3 2357.857858 67.500000 0.61993403860850838 0.046081399149278876
674 0 2361.361361 0.000000 0.6158937986335733 0.046006075722517276
674 1 2361.361361 22.500000 0.6158937986335733 0.046006075722517276
674 2 2361.361361 45.000000 0.6158937986335733 0.046006075722517276
674 3 2361.361361 67.500000 0.6158937986335733 0.046006075722517276
675 0 2364.864865 0.000000 0.61275804248215704 0.046472363107065234
675 1 2364.864865 22.500000 0.61275804248215704 0.046472363107065234
675 2 2364.864865 45.000000 0.61275804248215704 0.046472363107065234
675 3 2364.864865 67.500000 0.61275804248215704 0.046472363107065234
676 0 2368.368368 0.000000 0.61104091863005128 0.047391545488841197
676 1 2368.368368 22.500000 0.61104091863005128 0.047391545488841197
676 2 2368.368368 45.000000 0.61104091863005128 0.047391545488841197
676 3 2368.368368 67.500000 0.61104091863005128 0.047391545488841197
677 0 2371.871872 0.000000 0.61100850362719428 0.048599490808243689
677 1 2371.871872 22.500000 0.61100850362719428 0.048599490808243689
677 2 2371.871872 45.000000 0.61100850362719428 0.048599490808243689
677 3 2371.871872 67.500000 0.61100850362719428 0.048599490808243689
678 0 2375.375375 0.000000 0.61263940720410759 0.049885798080687868
678 1 2375.375375 22.500000 0.61263940720410759 0.049885798080687868
678 2 2375.375375 45.000000 0.61263940720410759 0.049885798080687868
678 3 2375.375375 67.500000 0.61263940720410759 0.049885798080687868
679 0 2378.878879 0.000000 0.61563212000039369 0.051030297394171975
679 1 2378.878879 22.500000 0.61563212000039369 0.051030297394171975
679 2 2378.878879 45.000000 0.61563212000039369 0.051030297394171975
679 3 2378.878879 67.500000 0.61563212000039369 0.051030297394171975
680 0 2382.382382 0.000000 0.61945789788599148 0.051840595922052798
680 1 2382.382382 22.500000 0.61945789788599148 0.051840595922052798
680 2 2382.382382 45.000000 0.61945789788599148 0.051840595922052798
680 3 2382.382382 67.500000 0.61945789788599148 0.051840595922052798
681 0 2385.885886 0.000000 0.62345153988168611 0.052184290415462603
681 1 2385.885886 22.500000 0.62345153988168611 0.052184290415462603
681 2 2385.885886 45.000000 0.62345153988168611 0.052184290415462603
681 3 2385.885886 67.500000 0.62345153988168611 0.052184290415462603
682 0 2389.389389 0.000000 0.62692597935548822 0.052010473918495212
682 1 2389.389389 22.500000 0.62692597935548822 0.052010473918495212
682 2 2389.389389 45.000000 0.62692597935548822 0.052010473918495212
682 3 2389.389389 67.500000 0.62692597935548822 0.052010473918495212
683 0 2392.892893 0.000000 0.62929138758856717 0.051357064306965836
683 1 2392.892893 22.500000 0.62929138758856717 0.051357064306965836
683 2 2392.892893 45.000000 0.62929138758856717 0.051357064306965836
683 3 2392.892893 67.500000 0.62929138758856717 0.051357064306965836
684 0 2396.396396 0.000000 0.63015729985012103 0.050342939347338633
684 1 2396.396396 22.500000 0.63015729985012103 0.050342939347338633
684 2 2396.396396 45.000000 0.63015729985012103 0.050342939347338633
684 3 2396.396396 67.500000 0.63015729985012103 0.050342939347338633
685 0 2399.899900 0.000000 0.62939857262579813 0.049146453086755082
685 1 2399.899900 22.500000 0.62939857262579813 0.049146453086755082
685 2 2399.899900 45.000000 0.62939857262579813 0.049146453086755082
685 3 2399.899900 67.500000 0.62939857262579813 0.049146453086755082
686 0 2403.403403 0.000000 0.62717288336814647 0.047974191398134733
686 1 2403.403403 22.500000 0.62717288336814647 0.047974191398134733
686 2 2403.403403 45.000000 0.62717288336814647 0.047974191398134733
686 3 2403.403403 67.500000 0.62717288336814647 0.047974191398134733
687 0 2406.906907 0.000000 0.6238874128623153 0.047025418952138368
687 1 2406.906907 22.500000 0.6238874128623153 0.047025418952138368
687 2 2406.906907 45.000000 0.6238874128623153 0.047025418952138368
687 3 2406.906907 67.500000 0.6238874128623153 0.047025418952138368
688 0 2410.410410 0.000000 0.62012257000358628 0.046458316503089167
688 1 2410.410410 22.500000 0.62012257000358628 0.046458316503089167
688 2 2410.410410 45.000000 0.62012257000358628 0.046458316503089167
688 3 2410.410410 67.500000 0.62012257000358628 0.046458316503089167
689 0 2413.913914 0.000000 0.61652838871955673 0.046363711059477036
689 1 2413.913914 22.500000 0.61652838871955673 0.046363711059477036
689 2 2413.913914 45.000000 0.61652838871955673 0.046363711059477036
689 3 2413.913914 67.500000 0.61652838871955673 0.046363711059477036
690 0 2417.417417 0.000000 0.61371291400289474 0.046750644966915902
690 1 2417.417417 22.500000 0.61371291400289474 0.046750644966915902
690 2 2417.417417 45.000000 0.61371291400289474 0.046750644966915902
690 3 2417.417417 67.500000 0.61371291400289474 0.046750644966915902
691 0 2420.920921 0.000000 0.61214144191918951 0.047546057083410323
691 1 2420.920921 22.500000 0.61214144191918951 0.047546057083410323
691 2 2420.920921 45.000000 0.61214144191918951 0.047546057083410323
691 3 2420.920921 67.500000 0.61214144191918951 0.047546057083410323
692 0 2424.424424 0.000000 0.61206203839115025 0.048608421628090884
692 1 2424.424424 22.500000 0.61206203839115025 0.048608421628090884
692 2 2424.424424 45.000000 0.61206203839115025 0.048608421628090884
692 3 2424.424424 67.500000 0.61206203839115025 0.048608421628090884
693 0 2427.927928 0.000000 0.61346780841761606 0.049752824289816172
693 1 2427.927928 22.500000 0.61346780841761606 0.049752824289816172
693 2 2427.927928 45.000000 0.61346780841761606 0.049752824289816172
693 3 2427.927928 67.500000 0.61346780841761606 0.049752824289816172
694 0 2431.431431 0.000000 0.61610092034756891 0.050783050742453775
694 1 2431.431431 22.500000 0.61610092034756891 0.050783050742453775
694 2 2431.431431 45.000000 0.61610092034756891 0.050783050742453775
694 3 2431.431431 67.500000 0.61610092034756891 0.050783050742453775
695 0 2434.934935 0.000000 0.61949770177827279 0.051525135947507211
695 1 2434.934935 22.500000 0.61949770177827279 0.051525135947507211
695 2 2434.934935 45.000000 0.61949770177827279 0.051525135947507211
695 3 2434.934935 67.500000 0.61949770177827279 0.051525135947507211
696 0 2438.438438 0.000000 0.62306820079487035 0.051856653501639316
696 1 2438.438438 22.500000 0.62306820079487035 0.051856653501639316
696 2 2438.438438 45.000000 0.62306820079487035 0.051856653501639316
696 3 2438.438438 67.500000 0.62306820079487035 0.051856653501639316
697 0 2441.941942 0.000000 0.6261977825238495 0.051726828059231691
697 1 2441.941942 22.500000 0.6261977825238495 0.051726828059231691
697 2 2441.941942 45.000000 0.6261977825238495 0.051726828059231691
697 3 2441.941942 67.500000 0.6261977825238495 0.051726828059231691
698 0 2445.445445 0.000000 0.62835365684464461 0.051164180749455446
698 1 2445.445445 22.500000 0.62835365684464461 0.051164180749455446
698 2 2445.445445 45.000000 0.62835365684464461 0.051164180749455446
698 3 2445.445445 67.500000 0.62835365684464461 0.051164180749455446
699 0 2448.948949 0.000000 0.62917722732730241 0.050270580314154406
699 1 2448.948949 22.500000 0.62917722732730241 0.050270580314154406
699 2 2448.948949 45.000000 0.62917722732730241 0.050270580314154406
699 3 2448.948949 67.500000 0.62917722732730241 0.050270580314154406
700 0 2452.452452 0.000000 0.62854503815916141 0.049202897292701081
700 1 2452.452452 22.500000 0.62854503815916141 0.049202897292701081
700 2 2452.452452 45.000000 0.62854503815916141 0.049202897292701081
700 3 2452.452452 67.500000 0.62854503815916141 0.049202897292701081
701 0 2455.955956 0.000000 0.62658699870568457 0.048145548458301914
701 1 2455.955956 22.500000 0.62658699870568457 0.048145548458301914
701 2 2455.955956 45.000000 0.62658699870568457 0.048145548458301914
701 3 2455.955956 67.500000 0.62658699870568457 0.048145548458301914
702 0 2459.459459 0.000000 0.62365918953755761 0.047278722435217718
702 1 2459.459459 22.500000 0.62365918953755761 0.047278722435217718
702 2 2459.459459 45.000000 0.62365918953755761 0.047278722435217718
702 3 2459.459459 67.500000 0.62365918953755761 0.047278722435217718
703 0 2462.962963 0.000000 0.62027759749910272 0.046747747604401264
703 1 2462.962963 22.500000 0.62027759749910272 0.046747747604401264
703 2 2462.962963 45.000000 0.62027759749910272 0.046747747604401264
703 3 2462.962963 67.500000 0.62027759749910272 0.046747747604401264
704 0 2466.466466 0.000000 0.61702621942956037 0.046638797250524305
704 1 2466.466466 22.500000 0.61702621942956037 0.046638797250524305
704 2 2466.466466 45.000000 0.61702621942956037 0.046638797250524305
704 3 2466.466466 67.500000 0.61702621942956037 0.046638797250524305
705 0 2469.969970 0.000000 0.61445661546086505 0.046964981790853212
705 1 2469.969970 22.500000 0.61445661546086505 0.046964981790853212
705 2 2469.969970 45.000000 0.61445661546086505 0.046964981790853212
705 3 2469.969970 67.500000 0.61445661546086505 0.046964981790853212
706 0 2473.473473 0.000000 0.61299599354257306 0.047665059609450076
706 1 2473.473473 22.500000 0.61299599354257306 0.047665059609450076
706 2 2473.473473 45.000000 0.61299599354257306 0.047665059609450076
706 3 2473.473473 67.500000 0.61299599354257306 0.047665059609450076
707 0 2476.976977 0.000000 0.61287813378608891 0.048614823855799773
707 1 2476.976977 22.500000 0.61287813378608891 0.048614823855799773
707 2 2476.976977 45.000000 0.61287813378608891 0.048614823855799773
707 3 2476.976977 67.500000 0.61287813378608891 0.048614823855799773
708 0 2480.480480 0.000000 0.61410713318800025 0.049649066286901099
708 1 2480.480480 22.500000 0.61410713318800025 0.049649066286901099
708 2 2480.480480 45.000000 0.61410713318800025 0.049649066286901099
708 3 2480.480480 67.500000 0.61410713318800025 0.049649066286901099
709 0 2483.983984 0.000000 0.61645896778164577 0.050590246844657356
709 1 2483.983984 22.500000 0.61645896778164577 0.050590246844657356
709 2 2483.983984 45.000000 0.61645896778164577 0.050590246844657356
709 3 2483.983984 67.500000 0.61645896778164577 0.050590246844657356
710 0 2487.487487 0.000000 0.61952058256516274 0.051278905454006797
710 1 2487.487487 22.500000 0.61952058256516274 0.051278905454006797
710 2 2487.487487 45.000000 0.61952058256516274 0.051278905454006797
710 3 2487.487487 67.500000 0.61952058256516274 0.051278905454006797
711 0 2490.990991 0.000000 0.62276072545273942 0.051600617652725382
711 1 2490.990991 22.500000 0.62276072545273942 0.051600617652725382
711 2 2490.990991 45.000000 0.62276072545273942 0.051600617652725382
711 3 2490.990991 67.500000 0.62276072545273942 0.051600617652725382
712 0 2494.494494 0.000000 0.62562139913185244 0.051504947524215604
712 1 2494.494494 22.500000 0.62562139913185244 0.051504947524215604
712 2 2494.494494 45.000000 0.62562139913185244 0.051504947524215604
712 3 2494.494494 67.500000 0.62562139913185244 0.051504947524215604
713 0 2497.997998 0.000000 0.62761454348083989 0.051013268449614679
713 1 2497.997998 22.500000 0.62761454348083989 0.051013268449614679
713 2 2497.997998 45.000000 0.62761454348083989 0.051013268449614679
713 3 2497.997998 67.500000 0.62761454348083989 0.051013268449614679
714 0 2501.501502 0.000000 0.62840668771526464 0.050214254364193682
714 1 2501.501502 22.500000 0.62840668771526464 0.050214254364193682
714 2 2501.501502 45.000000 0.62840668771526464 0.050214254364193682
714 3 2501.501502 67.500000 0.62840668771526464 0.050214254364193682
715 0 2505.005005 0.000000 0.62787588294029184 0.049247956905615453
715 1 2505.005005 22.500000 0.62787588294029184 0.049247956905615453
715 2 2505.005005 45.000000 0.62787588294029184 0.049247956905615453
715 3 2505.005005 67.500000 0.62787588294029184 0.049247956905615453
716 0 2508.508509 0.000000 0.6261303703484502 0.048281315770256961
716 1 2508.508509 22.500000 0.6261303703484502 0.048281315770256961
716 2 2508.508509 45.000000 0.6261303703484502 0.048281315770256961
716 3 2508.508509 67.500000 0.6261303703484502 0.048281315770256961
717 0 2512.012012 0.000000 0.62348606927028682 0.047479374394226836
717 1 2512.012012 22.500000 0.62348606927028682 0.047479374394226836
717 2 2512.012012 45.000000 0.62348606927028682 0.047479374394226836
717 3 2512.012012 67.500000 0.62348606927028682 0.047479374394226836
718 0 2515.515516 0.000000 0.62040810115055567 0.046977154373138715
718 1 2515.515516 22.500000 0.62040810115055567 0.046977154373138715
718 2 2515.515516 45.000000 0.62040810115055567 0.046977154373138715
718 3 2515.515516 67.500000 0.62040810115055567 0.046977154373138715
719 0 2519.019019 0.000000 0.61742810897411882 0.046856972552711852
719 1 2519.019019 22.500000 0.61742810897411882 0.046856972552711852
719 2 2519.019019 45.000000 0.61742810897411882 0.046856972552711852
719 3 2519.019019 67.500000 0.61742810897411882 0.046856972552711852
720 0 2522.522523 0.000000 0.61505269918665395 0.047135003035868046
720 1 2522.522523 22.500000 0.61505269918665395 0.047135003035868046
720 2 2522.522523 45.000000 0.61505269918665395 0.047135003035868046
720 3 2522.522523 67.500000 0.61505269918665395 0.047135003035868046
721 0 2526.026026 0.000000 0.61367864913870618 0.047759268682744278
721 1 2526.026026 22.500000 0.61367864913870618 0.047759268682744278
721 2 2526.026026 45.000000 0.61367864913870618 0.047759268682744278
721 3 2526.026026 67.500000 0.61367864913870618 0.047759268682744278
722 0 2529.529530 0.000000 0.61352825075552142 0.048619275404190254
722 1 2529.529530 22.500000 0.61352825075552142 0.048619275404190254
722 2 2529.529530 45.000000 0.61352825075552142 0.048619275404190254
722 3 2529.529530 67.500000 0.61352825075552142 0.048619275404190254
723 0 2533.033033 0.000000 0.61461432778962299 0.049565517023020103
723 1 2533.033033 22.500000 0.61461432778962299 0.049565517023020103
723 2 2533.033033 45.000000 0.61461432778962299 0.049565517023020103
723 3 2533.033033 67.500000 0.61461432778962299 0.049565517023020103
724 0 2536.536537 0.000000 0.61673988581697148 0.050435416723017899
724 1 2536.536537 22.500000 0.61673988581697148 0.050435416723017899
724 2 2536.536537 45.000000 0.61673988581697148 0.050435416723017899
724 3 2536.536537 67.500000 0.61673988581697148 0.050435416723017899
725 0 2540.040040 0.000000 0.61953241505223156 0.051081212362388273
725 1 2540.040040 22.500000 0.61953241505223156 0.051081212362388273
725 2 2540.040040 45.000000 0.61953241505223156 0.051081212362388273
725 3 2540.040040 67.500000 0.61953241505223156 0.051081212362388273
726 0 2543.543544 0.000000 0.62250773279621119 0.051395010813683834
726 1 2543.543544 22.500000 0.62250773279621119 0.051395010813683834
726 2 2543.543544 45.000000 0.62250773279621119 0.051395010813683834
726 3 2543.543544 67.500000 0.62250773279621119 0.051395010813683834
727 0 2547.047047 0.000000 0.62515329687921672 0.051326770619628599
727 1 2547.047047 22.500000 0.62515329687921672 0.051326770619628599
727 2 2547.047047 45.000000 0.62515329687921672 0.051326770619628599
727 3 2547.047047 67.500000 0.62515329687921672 0.051326770619628599
728 0 2550.550551 0.000000 0.62701698130252426 0.050892222930208834
728 1 2550.550551 22.500000 0.62701698130252426 0.050892222930208834
728 2 2550.550551 45.000000 0.62701698130252426 0.050892222930208834
728 3 2550.550551 67.500000 0.62701698130252426 0.050892222930208834
729 0 2554.054054 0.000000 0.62778552911030905 0.050169487345742184
729 1 2554.054054 22.500000 0.62778552911030905 0.050169487345742184
729 2 2554.054054 45.000000 0.62778552911030905 0.050169487345742184
729 3 2554.054054 67.500000 0.62778552911030905 0.050169487345742184
730 0 2557.557558 0.000000 0.62733821841715975 0.049285079288094683
730 1 2557.557558 22.500000 0.62733821841715975 0.049285079288094683
730 2 2557.557558 45.000000 0.62733821841715975 0.049285079288094683
730 3 2557.557558 67.500000 0.62733821841715975 0.049285079288094683
731 0 2561.061061 0.000000 0.62576582719392704 0.048391806476057252
731 1 2561.061061 22.500000 0.62576582719392704 0.048391806476057252
731 2 2561.061061 45.000000 0.62576582719392704 0.048391806476057252
731 3 2561.061061 67.500000 0.62576582719392704 0.048391806476057252
732 0 2564.564565 0.000000 0.62335182851130611 0.047642408731733581
732 1 2564.564565 22.500000 0.62335182851130611 0.047642408731733581
732 2 2564.564565 45.000000 0.62335182851130611 0.047642408731733581
732 3 2564.564565 67.500000 0.62335182851130611 0.047642408731733581
733 0 2568.068068 0.000000 0.62052015395887217 0.047163481217714874
733 1 2568.068068 22.500000 0.62052015395887217 0.047163481217714874
733 2 2568.068068 45.000000 0.62052015395887217 0.047163481217714874
733 3 2568.068068 67.500000 0.62052015395887217 0.047163481217714874
734 0 2571.571572 0.000000 0.61775995583027599 0.047034126344348302
734 1 2571.571572 22.500000 0.61775995583027599 0.047034126344348302
734 2 2571.571572 45.000000 0.61775995583027599 0.047034126344348302
734 3 2571.571572 67.500000 0.61775995583027599 0.047034126344348302
735 0 2575.075075 0.000000 0.61554128393967211 0.047272928088648303
735 1 2575.075075 22.500000 0.61554128393967211 0.047272928088648303
735 2 2575.075075 45.000000 0.61554128393967211 0.047272928088648303
735 3 2575.075075 67.500000 0.61554128393967211 0.047272928088648303
736 0 2578.578579 0.000000 0.6142361376536517 0.047835387029126424
736 1 2578.578579 22.500000 0.6142361376536517 0.047835387029126424
736 2 2578.578579 45.000000 0.6142361376536517 0.047835387029126424
736 3 2578.578579 67.500000 0.6142361376536517 0.047835387029126424
737 0 2582.082082 0.000000 0.61405747010697442 0.048622149046731365
737 1 2582.082082 22.500000 0.61405747010697442 0.048622149046731365
737 2 2582.082082 45.000000 0.61405747010697442 0.048622149046731365
737 3 2582.082082 67.500000 0.61405747010697442 0.048622149046731365
738 0 2585.585586 0.000000 0.61502528929295253 0.049496516469962518
738 1 2585.585586 22.500000 0.61502528929295253 0.049496516469962518
738 2 2585.585586 45.000000 0.61502528929295253 0.049496516469962518
738 3 2585.585586 67.500000 0.61502528929295253 0.049496516469962518
739 0 2589.089089 0.000000 0.6169647659370614 0.050308162098900815
739 1 2589.089089 22.500000 0.6169647659370614 0.050308162098900815
739 2 2589.089089 45.000000 0.6169647659370614 0.050308162098900815
739 3 2589.089089 67.500000 0.6169647659370614 0.050308162098900815
740 0 2592.592593 0.000000 0.61953662049668801 0.050918938612932764
740 1 2592.592593 22.500000 0.61953662049668801 0.050918938612932764
740 2 2592.592593 45.000000 0.61953662049668801 0.050918938612932764
740 3 2592.592593 67.500000 0.61953662049668801 0.050918938612932764
741 0 2596.096096 0.000000 0.62229523487466354 0.051226358301738648
741 1 2596.096096 22.500000 0.62229523487466354 0.051226358301738648
741 2 2596.096096 45.000000 0.62229523487466354 0.051226358301738648
741 3 2596.096096 67.500000 0.62229523487466354 0.051226358301738648
742 0 2599.599600 0.000000 0.62476529585046603 0.051180758143379981
742 1 2599.599600 22.500000 0.62476529585046603 0.051180758143379981
742 2 2599.599600 45.000000 0.62476529585046603 0.051180758143379981
742 3 2599.599600 67.500000 0.62476529585046603 0.051180758143379981
743 0 2603.103103 0.000000 0.62652409223349448 0.05079328072219539
743 1 2603.103103 22.500000 0.62652409223349448 0.05079328072219539
743 2 2603.103103 45.000000 0.62652409223349448 0.05079328072219539
743 3 2603.103103 67.500000 0.62652409223349448 0.05079328072219539
744 0 2606.606607 0.000000 0.62727488392040165 0.050133395757957597
744 1 2606.606607 22.500000 0.62727488392040165 0.050133395757957597
744 2 2606.606607 45.000000 0.62727488392040165 0.050133395757957597
744 3 2606.606607 67.500000 0.62727488392040165 0.050133395757957597
745 0 2610.110110 0.000000 0.62689787662991425 0.049316483782988946
745 1 2610.110110 22.500000 0.62689787662991425 0.049316483782988946
745 2 2610.110110 45.000000 0.62689787662991425 0.049316483782988946
745 3 2610.110110 67.500000 0.62689787662991425 0.049316483782988946
746 0 2613.613614 0.000000 0.62546940651070271 0.048483694503603854
746 1 2613.613614 22.500000 0.62546940651070271 0.048483694503603854
746 2 2613.613614 45.000000 0.62546940651070271 0.048483694503603854
746 3 2613.613614 67.500000 0.62546940651070271 0.048483694503603854
747 0 2617.117117 0.000000 0.62324615396460281 0.047777590250973175
747 1 2617.117117 22.500000 0.62324615396460281 0.047777590250973175
747 2 2617.117117 45.000000 0.62324615396460281 0.047777590250973175
747 3 2617.117117 67.500000 0.62324615396460281 0.047777590250973175
748 0 2620.620621 0.000000 0.62061802208419015 0.047317771958585178
748 1 2620.620621 22.500000 0.62061802208419015 0.047317771958585178
748 2 2620.620621 45.000000 0.62061802208419015 0.047317771958585178
748 3 2620.620621 67.500000 0.62061802208419015 0.047317771958585178
749 0 2624.124124 0.000000 0.61803903309731933 0.047180649715464137
749 1 2624.124124 22.500000 0.61803903309731933 0.047180649715464137
749 2 2624.124124 45.000000 0.61803903309731933 0.047180649715464137
749 3 2624.124124 67.500000 0.61803903309731933 0.047180649715464137
750 0 2627.627628 0.000000 0.61594899982244944 0.047386774729432431
750 1 2627.627628 22.500000 0.61594899982244944 0.047386774729432431
750 2 2627.627628 45.000000 0.61594899982244944 0.047386774729432431
750 3 2627.627628 67.500000 0.61594899982244944 0.047386774729432431
751 0 2631.131131 0.000000 0.61469944580256786 0.047897827999247314
751 1 2631.131131 22.500000 0.61469944580256786 0.047897827999247314
751 2 2631.131131 45.000000 0.61469944580256786 0.047897827999247314
751 3 2631.131131 67.500000 0.61469944580256786 0.047897827999247314
752 0 2634.634635 0.000000 0.61449567431690755 0.048623693721967252
752 1 2634.634635 22.500000 0.61449567431690755 0.048623693721967252
752 2 2634.634635 45.000000 0.61449567431690755 0.048623693721967252
752 3 2634.634635 67.500000 0.61449567431690755 0.048623693721967252
753 0 2638.138138 0.000000 0.61536378590881402 0.049438319946825876
753 1 2638.138138 22.500000 0.61536378590881402 0.049438319946825876
753 2 2638.138138 45.000000 0.61536378590881402 0.049438319946825876
753 3 2638.138138 67.500000 0.61536378590881402 0.049438319946825876
754 0 2641.641642 0.000000 0.61714750326932344 0.050201580123137336
754 1 2641.641642 22.500000 0.61714750326932344 0.050201580123137336
754 2 2641.641642 45.000000 0.61714750326932344 0.050201580123137336
754 3 2641.641642 67.500000 0.61714750326932344 0.050201580123137336
755 0 2645.145145 0.000000 0.61953528734485697 0.050783348930458098
755 1 2645.145145 22.500000 0.61953528734485697 0.050783348930458098
755 2 2645.145145 45.000000 0.61953528734485697 0.050783348930458098
755 3 2645.145145 67.500000 0.61953528734485697 0.050783348930458098
756 0 2648.648649 0.000000 0.62211366435668225 0.051085660551378302
756 1 2648.648649 22.500000 0.62211366435668225 0.051085660551378302
756 2 2648.648649 45.000000 0.62211366435668225 0.051085660551378302
756 3 2648.648649 67.500000 0.62211366435668225 0.051085660551378302
757 0 2652.152152 0.000000 0.62443830817849788 0.051059180610739989
757 1 2652.152152 22.500000 0.62443830817849788 0.051059180610739989
757 2 2652.152152 45.000000 0.62443830817849788 0.051059180610739989
757 3 2652.152152 67.500000 0.62443830817849788 0.051059180610739989
758 0 2655.655656 0.000000 0.62611094371168652 0.050711226338325609
758 1 2655.655656 22.500000 0.62611094371168652 0.050711226338325609
758 2 2655.655656 45.000000 0.62611094371168652 0.050711226338325609
758 3 2655.655656 67.500000 0.62611094371168652 0.050711226338325609
759 0 2659.159159 0.000000 0.62684848699223794 0.050104036442544318
759 1 2659.159159 22.500000 0.62684848699223794 0.050104036442544318
759 2 2659.159159 45.000000 0.62684848699223794 0.050104036442544318
759 3 2659.159159 67.500000 0.62684848699223794 0.050104036442544318
760 0 2662.662663 0.000000 0.62653178107609453 0.049343668434166689
760 1 2662.662663 22.500000 0.62653178107609453 0.049343668434166689
760 2 2662.662663 45.000000 0.62653178107609453 0.049343668434166689
760 3 2662.662663 67.500000 0.62653178107609453 0.049343668434166689
761 0 2666.166166 0.000000 0.62522496267557548 0.048561498851148126
761 1 2666.166166 22.500000 0.62522496267557548 0.048561498851148126
761 2 2666.166166 45.000000 0.62522496267557548 0.048561498851148126
761 3 2666.166166 67.500000 0.62522496267557548 0.048561498851148126
762 0 2669.669670 0.000000 0.62316219110321391 0.047891548943378985
762 1 2669.669670 22.500000 0.62316219110321391 0.047891548943378985
762 2 2669.669670 45.000000 0.62316219110321391 0.047891548943378985
762 3 2669.669670 67.500000 0.62316219110321391 0.047891548943378985
763 0 2673.173173 0.000000 0.62070479946132906 0.04744754489053455
763 1 2673.173173 22.500000 0.62070479946132906 0.04744754489053455
763 2 2673.173173 45.000000 0.62070479946132906 0.04744754489053455
763 3 2673.173173 67.500000 0.62070479946132906 0.04744754489053455
764 0 2676.676677 0.000000 0.61827733072564883 0.047303634947596311
764 1 2676.676677 22.500000 0.61827733072564883 0.047303634947596311
764 2 2676.676677 45.000000 0.61827733072564883 0.047303634947596311
764 3 2676.676677 67.500000 0.61827733072564883 0.047303634947596311
765 0 2680.180180 0.000000 0.61629424811564515 0.047482029249002806
765 1 2680.180180 22.500000 0.61629424811564515 0.047482029249002806
765 2 2680.180180 45.000000 0.61629424811564515 0.047482029249002806
765 3 2680.180180 67.500000 0.61629424811564515 0.047482029249002806
766 0 2683.683684 0.000000 0.61508995920454046 0.047949618885874047
766 1 2683.683684 22.500000 0.61508995920454046 0.047949618885874047
766 2 2683.683684 45.000000 0.61508995920454046 0.047949618885874047
766 3 2683.683684 67.500000 0.61508995920454046 0.047949618885874047
767 0 2687.187187 0.000000 0.61486347297512978 0.048624080185845839
767 1 2687.187187 22.500000 0.61486347297512978 0.048624080185845839
767 2 2687.187187 45.000000 0.61486347297512978 0.048624080185845839
767 3 2687.187187 67.500000 0.61486347297512978 0.048624080185845839
768 0 2690.690691 0.000000 0.61564618742913413 0.049388345379589256
768 1 2690.690691 22.500000 0.61564618742913413 0.049388345379589256
768 2 2690.690691 45.000000 0.61564618742913413 0.049388345379589256
768 3 2690.690691 67.500000 0.61564618742913413 0.049388345379589256
769 0 2694.194194 0.000000 0.61729761859827748 0.050110900064884813
769 1 2694.194194 22.500000 0.61729761859827748 0.050110900064884813
769 2 2694.194194 45.000000 0.61729761859827748 0.050110900064884813
769 3 2694.194194 67.500000 0.61729761859827748 0.050110900064884813
770 0 2697.697698 0.000000 0.61952973662985278 0.050668392104038278
770 1 2697.697698 22.500000 0.61952973662985278 0.050668392104038278
770 2 2697.697698 45.000000 0.61952973662985278 0.050668392104038278
770 3 2697.697698 67.500000 0.61952973662985278 0.050668392104038278
771 0 2701.201201 0.000000 0.62195623705739855 0.050966668984972908
771 1 2701.201201 22.500000 0.62195623705739855 0.050966668984972908
771 2 2701.201201 45.000000 0.62195623705739855 0.050966668984972908
771 3 2701.201201 67.500000 0.62195623705739855 0.050966668984972908
772 0 2704.704705 0.000000 0.62415892154014452 0.050956659310622827
772 1 2704.704705 22.500000 0.62415892154014452 0.050956659310622827
772 2 2704.704705 45.000000 0.62415892154014452 0.050956659310622827
772 3 2704.704705 67.500000 0.62415892154014452 0.050956659310622827
773 0 2708.208208 0.000000 0.6257600522836797 0.050642422820692132
773 1 2708.208208 22.500000 0.6257600522836797 0.050642422820692132
773 2 2708.208208 45.000000 0.6257600522836797 0.050642422820692132
773 3 2708.208208 67.500000 0.6257600522836797 0.050642422820692132
774 0 2711.711712 0.000000 0.62648793434686278 0.050080052310104914
774 1 2711.711712 22.500000 0.62648793434686278 0.050080052310104914
774 2 2711.711712 45.000000 0.62648793434686278 0.050080052310104914
774 3 2711.711712 67.500000 0.62648793434686278 0.050080052310104914
775 0 2715.215215 0.000000 0.62622377585743727 0.049367684436930598
775 1 2715.215215 22.500000 0.62622377585743727 0.049367684436930598
775 2 2715.215215 45.000000 0.62622377585743727 0.049367684436930598
775 3 2715.215215 67.500000 0.62622377585743727 0.049367684436930598
776 0 2718.718719 0.000000 0.62502122153462447 0.048628394272401947
776 1 2718.718719 22.500000 0.62502122153462447 0.048628394272401947
776 2 2718.718719 45.000000 0.62502122153462447 0.048628394272401947
776 3 2718.718719 67.500000 0.62502122153462447 0.048628394272401947
777 0 2722.222222 0.000000 0.62309521840556359 0.047988951648816315
777 1 2722.222222 22.500000 0.62309521840556359 0.047988951648816315
777 2 2722.222222 45.000000 0.62309521840556359 0.047988951648816315
777 3 2722.222222 67.500000 0.62309521840556359 0.047988951648816315
778 0 2725.725726 0.000000 0.6207827922816862 0.047558102685208492
778 1 2725.725726 22.500000 0.6207827922816862 0.047558102685208492
778 2 2725.725726 45.000000 0.6207827922816862 0.047558102685208492
778 3 2725.725726 67.500000 0.6207827922816862 0.047558102685208492
779 0 2729.229229 0.000000 0.6184834487583305 0.047408094048170361
779 1 2729.229229 22.500000 0.6184834487583305 0.047408094048170361
779 2 2729.229229 45.000000 0.6184834487583305 0.047408094048170361
779 3 2729.229229 67.500000 0.6184834487583305 0.047408094048170361
780 0 2732.732733 0.000000 0.61659016904651642 0.047562575905429609
780 1 2732.732733 22.500000 0.61659016904651642 0.047562575905429609
780 2 2732.732733 45.000000 0.61659016904651642 0.047562575905429609
780 3 2732.732733 67.500000 0.61659016904651642 0.047562575905429609
781 0 2736.236236 0.000000 0.61542292754233441 0.047992906158852391
781 1 2736.236236 22.500000 0.61542292754233441 0.047992906158852391
781 2 2736.236236 45.000000 0.61542292754233441 0.047992906158852391
781 3 2736.236236 67.500000 0.61542292754233441 0.047992906158852391
782 0 2739.739740 0.000000 0.61517554864351742 0.048623427496748549
782 1 2739.739740 22.500000 0.61517554864351742 0.048623427496748549
782 2 2739.739740 45.000000 0.61517554864351742 0.048623427496748549
782 3 2739.739740 67.500000 0.61517554864351742 0.048623427496748549
783 0 2743.243243 0.000000 0.61588413664833308 0.049344750471532292
783 1 2743.243243 22.500000 0.61588413664833308 0.049344750471532292
783 2 2743.243243 45.000000 0.61588413664833308 0.049344750471532292
783 3 2743.243243 67.500000 0.61588413664833308 0.049344750471532292
784 0 2746.746747 0.000000 0.61742184717139226 0.050032713703471274
784 1 2746.746747 22.500000 0.61742184717139226 0.050032713703471274
784 2 2746.746747 45.000000 0.61742184717139226 0.050032713703471274
784 3 2746.746747 67.500000 0.61742184717139226 0.050032713703471274
785 0 2750.250250 0.000000 0.61952082539601705 0.050569737974164197
785 1 2750.250250 22.500000 0.61952082539601705 0.050569737974164197
785 2 2750.250250 45.000000 0.61952082539601705 0.050569737974164197
785 3 2750.250250 67.500000 0.61952082539601705 0.050569737974164197
786 0 2753.753754 0.000000 0.62181799575164787 0.050864904643472889
786 1 2753.753754 22.500000 0.62181799575164787 0.050864904643472889
786 2 2753.753754 45.000000 0.62181799575164787 0.050864904643472889
786 3 2753.753754 67.500000 0.62181799575164787 0.050864904643472889
787 0 2757.257257 0.000000 0.62391742164218855 0.050869332564977325
787 1 2757.257257 22.500000 0.62391742164218855 0.050869332564977325
787 2 2757.257257 45.000000 0.62391742164218855 0.050869332564977325
787 3 2757.257257 67.500000 0.62391742164218855 0.050869332564977325
788 0 2760.760761 0.000000 0.62545878314380488 0.050584255455744166
788 1 2760.760761 22.500000 0.62545878314380488 0.050584255455744166
788 2 2760.760761 45.000000 0.62545878314380488 0.050584255455744166
788 3 2760.760761 67.500000 0.62545878314380488 0.050584255455744166
789 0 2764.264264 0.000000 0.62617993952023177 0.050060467977496755
789 1 2764.264264 22.500000 0.62617993952023177 0.050060467977496755
789 2 2764.264264 45.000000 0.62617993952023177 0.050060467977496755
789 3 2764.264264 67.500000 0.62617993952023177 0.050060467977496755
790 0 2767.767768 0.000000 0.62596221076018366 0.049389294144800935
790 1 2767.767768 22.500000 0.62596221076018366 0.049389294144800935
790 2 2767.767768 45.000000 0.62596221076018366 0.049389294144800935
790 3 2767.767768 67.500000 0.62596221076018366 0.049389294144800935
791 0 2771.271271 0.000000 0.62485007657082781 0.048686680682905409
791 1 2771.271271 22.500000 0.62485007657082781 0.048686680682905409
791 2 2771.271271 45.000000 0.62485007657082781 0.048686680682905409
791 3 2771.271271 67.500000 0.62485007657082781 0.048686680682905409
792 0 2774.774775 0.000000 0.62304188817571848 0.048073183141820144
792 1 2774.774775 22.500000 0.62304188817571848 0.048073183141820144
792 2 2774.774775 45.000000 0.62304188817571848 0.048073183141820144
792 3 2774.774775 67.500000 0.62304188817571848 0.048073183141820144
793 0 2778.278278 0.000000 0.62085376155010552 0.047653296632179563
793 1 2778.278278 22.500000 0.62085376155010552 0.047653296632179563
793 2 2778.278278 45.000000 0.62085376155010552 0.047653296632179563
793 3 2778.278278 67.500000 0.62085376155010552 0.047653296632179563
794 0 2781.781782 0.000000 0.618663727346634 0.047497672230688626
794 1 2781.781782 22.500000 0.618663727346634 0.047497672230688626
794 2 2781.781782 45.000000 0.618663727346634 0.047497672230688626
794 3 2781.781782 67.500000 0.618663727346634 0.047497672230688626
795 0 2785.285285 0.000000 0.6168464064895729 0.047631243092830004
795 1 2785.285285 22.500000 0.6168464064895729 0.047631243092830004
795 2 2785.285285 45.000000 0.6168464064895729 0.047631243092830004
795 3 2785.285285 67.500000 0.6168464064895729 0.047631243092830004
796 0 2788.788789 0.000000 0.61570952445619043 0.048029253489078834
796 1 2788.788789 22.500000 0.61570952445619043 0.048029253489078834
796 2 2788.788789 45.000000 0.61570952445619043 0.048029253489078834
796 3 2788.788789 67.500000 0.61570952445619043 0.048029253489078834
797 0 2792.292292 0.000000 0.61544264647050984 0.048621818960961877
797 1 2792.292292 22.500000 0.61544264647050984 0.048621818960961877
797 2 2792.292292 45.000000 0.61544264647050984 0.048621818960961877
797 3 2792.292292 67.500000 0.61544264647050984 0.048621818960961877
798 0 2795.795796 0.000000 0.61608613754443653 0.049306182156484427
798 1 2795.795796 22.500000 0.61608613754443653 0.049306182156484427
798 2 2795.795796 45.000000 0.61608613754443653 0.049306182156484427
798 3 2795.795796 67.500000 0.61608613754443653 0.049306182156484427
799 0 2799.299299 0.000000 0.61752508020149632 0.04996451757565059
799 1 2799.299299 22.500000 0.61752508020149632 0.04996451757565059
799 2 2799.299299 45.000000 0.61752508020149632 0.04996451757565059
799 3 2799.299299 67.500000 0.61752508020149632 0.04996451757565059
800 0 2802.802803 0.000000 0.61950911806736919 0.050484202716959685
800 1 2802.802803 22.500000 0.61950911806736919 0.050484202716959685
800 2 2802.802803 45.000000 0.61950911806736919 0.050484202716959685
800 3 2802.802803 67.500000 0.61950911806736919 0.050484202716959685
801 0 2806.306306 0.000000 0.62169522464262017 0.050777070611472443
801 1 2806.306306 22.500000 0.62169522464262017 0.050777070611472443
801 2 2806.306306 45.000000 0.62169522464262017 0.050777070611472443
801 3 2806.306306 67.500000 0.62169522464262017 0.050777070611472443
802 0 2809.809810 0.000000 0.62370659112832427 0.050794354940672595
802 1 2809.809810 22.500000 0.62370659112832427 0.050794354940672595
802 2 2809.809810 45.000000 0.62370659112832427 0.050794354940672595
802 3 2809.809810 67.500000 0.62370659112832427 0.050794354940672595
803 0 2813.313313 0.000000 0.62519777229364781 0.050534796552257837
803 1 2813.313313 22.500000 0.62519777229364781 0.050534796552257837
803 2 2813.313313 45.000000 0.62519777229364781 0.050534796552257837
803 3 2813.313313 67.500000 0.62519777229364781 0.050534796552257837
804 0 2816.816817 0.000000 0.6259146684456055 0.050044566141772016
804 1 2816.816817 22.500000 0.6259146684456055 0.050044566141772016
804 2 2816.816817 45.000000 0.6259146684456055 0.050044566141772016
804 3 2816.816817 67.500000 0.6259146684456055 0.050044566141772016
805 0 2820.320320 0.000000 0.62573847534232763 0.049409066660645734
805 1 2820.320320 22.500000 0.62573847534232763 0.049409066660645734
805 2 2820.320320 45.000000 0.62573847534232763 0.049409066660645734
805 3 2820.320320 67.500000 0.62573847534232763 0.049409066660645734
806 0 2823.823824 0.000000 0.62470555590710386 0.048738068299215877
806 1 2823.823824 22.500000 0.62470555590710386 0.048738068299215877
806 2 2823.823824 45.000000 0.62470555590710386 0.048738068299215877
806 3 2823.823824 67.500000 0.62470555590710386 0.048738068299215877
807 0 2827.327327 0.000000 0.62299977074769664 0.0481467611459091
807 1 2827.327327 22.500000 0.62299977074769664 0.0481467611459091
807 2 2827.327327 45.000000 0.62299977074769664 0.0481467611459091
807 3 2827.327327 67.500000 0.62299977074769664 0.0481467611459091
808 0 2830.830831 0.000000 0.62091908147057817 0.04773599370727389
808 1 2830.830831 22.500000 0.62091908147057817 0.04773599370727389
808 2 2830.830831 45.000000 0.62091908147057817 0.04773599370727389
808 3 2830.830831 67.500000 0.62091908147057817 0.04773599370727389
809 0 2834.334334 0.000000 0.61882295104948426 0.047575085230740284
809 1 2834.334334 22.500000 0.61882295104948426 0.047575085230740284
809 2 2834.334334 45.000000 0.61882295104948426 0.047575085230740284
809 3 2834.334334 67.500000 0.61882295104948426 0.047575085230740284
810 0 2837.837838 0.000000 0.61707020392350176 0.047690139076574198
810 1 2837.837838 22.500000 0.61707020392350176 0.047690139076574198
810 2 2837.837838 45.000000 0.61707020392350176 0.047690139076574198
810 3 2837.837838 67.500000 0.61707020392350176 0.047690139076574198
811 0 2841.341341 0.000000 0.61595812621999546 0.048059825494813566
811 1 2841.341341 22.500000 0.61595812621999546 0.048059825494813566
811 2 2841.341341 45.000000 0.61595812621999546 0.048059825494813566
811 3 2841.341341 67.500000 0.61595812621999546 0.048059825494813566
812 0 2844.844845 0.000000 0.61567280930276291 0.048619312065435065
812 1 2844.844845 22.500000 0.61567280930276291 0.048619312065435065
812 2 2844.844845 45.000000 0.61567280930276291 0.048619312065435065
812 3 2844.844845 67.500000 0.61567280930276291 0.048619312065435065
813 0 2848.348348 0.000000 0.6162585407122575 0.049271621421510481
813 1 2848.348348 22.500000 0.6162585407122575 0.049271621421510481
813 2 2848.348348 45.000000 0.6162585407122575 0.049271621421510481
813 3 2848.348348 67.500000 0.6162585407122575 0.049271621421510481
814 0 2851.851852 0.000000 0.61761094711059117 0.049904428634652116
814 1 2851.851852 22.500000 0.61761094711059117 0.049904428634652116
814 2 2851.851852 45.000000 0.61761094711059117 0.049904428634652116
814 3 2851.851852 67.500000 0.61761094711059117 0.049904428634652116
815 0 2855.355355 0.000000 0.61949498743713893 0.050409390875716262
815 1 2855.355355 22.500000 0.61949498743713893 0.050409390875716262
815 2 2855.355355 45.000000 0.61949498743713893 0.050409390875716262
815 3 2855.355355 67.500000 0.61949498743713893 0.050409390875716262
816 0 2858.858859 0.000000 0.62158507631059723 0.050700685065286195
816 1 2858.858859 22.500000 0.62158507631059723 0.050700685065286195
816 2 2858.858859 45.000000 0.62158507631059723 0.050700685065286195
816 3 2858.858859 67.500000 0.62158507631059723 0.050700685065286195
817 0 2862.362362 0.000000 0.62352095012834419 0.050729583676456441
817 1 2862.362362 22.500000 0.62352095012834419 0.050729583676456441
817 2 2862.362362 45.000000 0.62352095012834419 0.050729583676456441
817 3 2862.362362 67.500000 0.62352095012834419 0.050729583676456441
818 0 2865.865866 0.000000 0.62496993002454371 0.050492594989173356
818 1 2865.865866 22.500000 0.62496993002454371 0.050492594989173356
818 2 2865.865866 45.000000 0.62496993002454371 0.050492594989173356
818 3 2865.865866 67.500000 0.62496993002454371 0.050492594989173356
819 0 2869.369369 0.000000 0.62568468782665509 0.050031809751444979
819 1 2869.369369 22.500000 0.62568468782665509 0.050031809751444979
819 2 2869.369369 45.000000 0.62568468782665509 0.050031809751444979
819 3 2869.369369 67.500000 0.62568468782665509 0.050031809751444979
820 0 2872.872873 0.000000 0.62554607315893862 0.049427438111696323
820 1 2872.872873 22.500000 0.62554607315893862 0.049427438111696323
820 2 2872.872873 45.000000 0.62554607315893862 0.049427438111696323
820 3 2872.872873 67.500000 0.62554607315893862 0.049427438111696323
821 0 2876.376376 0.000000 0.62458317084257675 0.048783857940216363
821 1 2876.376376 22.500000 0.62458317084257675 0.048783857940216363
821 2 2876.376376 45.000000 0.62458317084257675 0.048783857940216363
821 3 2876.376376 67.500000 0.62458317084257675 0.048783857940216363
822 0 2879.879880 0.000000 0.62296706976342009 0.048211599415029477
822 1 2879.879880 22.500000 0.62296706976342009 0.048211599415029477
822 2 2879.879880 45.000000 0.62296706976342009 0.048211599415029477
822 3 2879.879880 67.500000 0.62296706976342009 0.048211599415029477
823 0 2883.383383 0.000000 0.62097984601515599 0.047808373372843868
823 1 2883.383383 22.500000 0.62097984601515599 0.047808373372843868
823 2 2883.383383 45.000000 0.62097984601515599 0.047808373372843868
823 3 2883.383383 67.500000 0.62097984601515599 0.047808373372843868
824 0 2886.886887 0.000000 0.61896480410296828 0.047642397865816123
824 1 2886.886887 22.500000 0.61896480410296828 0.047642397865816123
824 2 2886.886887 45.000000 0.61896480410296828 0.047642397865816123
824 3 2886.886887 67.500000 0.61896480410296828 0.047642397865816123
825 0 2890.390390 0.000000 0.61726711046591176 0.047740866353535957
825 1 2890.390390 22.500000 0.61726711046591176 0.047740866353535957
825 2 2890.390390 45.000000 0.61726711046591176 0.047740866353535957
825 3 2890.390390 67.500000 0.61726711046591176 0.047740866353535957
826 0 2893.893894 0.000000 0.61617513496985632 0.048085505332792308
826 1 2893.893894 22.500000 0.61617513496985632 0.048085505332792308
826 2 2893.893894 45.000000 0.61617513496985632 0.048085505332792308
826 3 2893.893894 67.500000 0.61617513496985632 0.048085505332792308
827 0 2897.397397 0.000000 0.6158721727376526 0.048615944846771217
827 1 2897.397397 22.500000 0.6158721727376526 0.048615944846771217
827 2 2897.397397 45.000000 0.6158721727376526 0.048615944846771217
827 3 2897.397397 67.500000 0.6158721727376526 0.048615944846771217
828 0 2900.900901 0.000000 0.61640617726520186 0.049240283538877549
828 1 2900.900901 22.500000 0.61640617726520186 0.049240283538877549
828 2 2900.900901 45.000000 0.61640617726520186 0.049240283538877549
828 3 2900.900901 67.500000 0.61640617726520186 0.049240283538877549
829 0 2904.404404 0.000000 0.61768218879702919 0.049851001029988774
829 1 2904.404404 22.500000 0.61768218879702919 0.049851001029988774
829 2 2904.404404 45.000000 0.61768218879702919 0.049851001029988774
829 3 2904.404404 67.500000 0.61768218879702919 0.049851001029988774
830 0 2907.907908 0.000000 0.61947867631467091 0.050343464186281869
830 1 2907.907908 22.500000 0.61947867631467091 0.050343464186281869
830 2 2907.907908 45.000000 0.61947867631467091 0.050343464186281869
830 3 2907.907908 67.500000 0.61947867631467091 0.050343464186281869
831 0 2911.411411 0.000000 0.62148532589151517 0.050633843778905716
831 1 2911.411411 22.500000 0.62148532589151517 0.050633843778905716
831 2 2911.411411 45.000000 0.62148532589151517 0.050633843778905716
831 3 2911.411411 67.500000 0.62148532589151517 0.050633843778905716
832 0 2914.914915 0.000000 0.62335625938916073 0.050673375300692214
832 1 2914.914915 22.500000 0.62335625938916073 0.050673375300692214
832 2 2914.914915 45.000000 0.62335625938916073 0.050673375300692214
832 3 2914.914915 67.500000 0.62335625938916073 0.050673375300692214
833 0 2918.418418 0.000000 0.62476978977566811 0.050456539433959252
833 1 2918.418418 22.500000 0.62476978977566811 0.050456539433959252
833 2 2918.418418 45.000000 0.62476978977566811 0.050456539433959252
833 3 2918.418418 67.500000 0.62476978977566811 0.050456539433959252
834 0 2921.921922 0.000000 0.62548427813592589 0.050021791333641395
834 1 2921.921922 22.500000 0.62548427813592589 0.050021791333641395
834 2 2921.921922 45.000000 0.62548427813592589 0.050021791333641395
834 3 2921.921922 67.500000 0.62548427813592589 0.050021791333641395
835 0 2925.425425 0.000000 0.62538001713549907 0.049444751028359116
835 1 2925.425425 22.500000 0.62538001713549907 0.049444751028359116
835 2 2925.425425 45.000000 0.62538001713549907 0.049444751028359116
835 3 2925.425425 67.500000 0.62538001713549907 0.049444751028359116
836 0 2928.928929 0.000000 0.62447949104258693 0.048825059005954755
836 1 2928.928929 22.500000 0.62447949104258693 0.048825059005954755
836 2 2928.928929 45.000000 0.62447949104258693 0.048825059005954755
836 3 2928.928929 67.500000 0.62447949104258693 0.048825059005954755
837 0 2932.432432 0.000000 0.6229424382580202 0.048269180216027822
837 1 2932.432432 22.500000 0.6229424382580202 0.048269180216027822
837 2 2932.432432 45.000000 0.6229424382580202 0.048269180216027822
837 3 2932.432432 67.500000 0.6229424382580202 0.048269180216027822
838 0 2935.935936 0.000000 0.62103694256911057 0.047872122552202023
838 1 2935.935936 22.500000 0.62103694256911057 0.047872122552202023
838 2 2935.935936 45.000000 0.62103694256911057 0.047872122552202023
838 3 2935.935936 67.500000 0.62103694256911057 0.047872122552202023
839 0 2939.439439 0.000000 0.61909217405247596 0.047701207384672734
839 1 2939.439439 22.500000 0.61909217405247596 0.047701207384672734
839 2 2939.439439 45.000000 0.61909217405247596 0.047701207384672734
839 3 2939.439439 67.500000 0.61909217405247596 0.047701207384672734
840 0 2942.942943 0.000000 0.61744145018330188 0.047784663011518735
840 1 2942.942943 22.500000 0.61744145018330188 0.047784663011518735
840 2 2942.942943 45.000000 0.61744145018330188 0.047784663011518735
840 3 2942.942943 67.500000 0.61744145018330188 0.047784663011518735
841 0 2946.446446 0.000000 0.61636552548868284 0.04810697237374599
841 1 2946.446446 22.500000 0.61636552548868284 0.04810697237374599
841 2 2946.446446 45.000000 0.61636552548868284 0.04810697237374599
841 3 2946.446446 67.500000 0.61636552548868284 0.04810697237374599
842 0 2949.949950 0.000000 0.6160454930054089 0.048611740062608773
842 1 2949.949950 22.500000 0.6160454930054089 0.048611740062608773
842 2 2949.949950 45.000000 0.6160454930054089 0.048611740062608773
842 3 2949.949950 67.500000 0.6160454930054089 0.048611740062608773
843 0 2953.453453 0.000000 0.6165327793544263 0.049211551825057848
843 1 2953.453453 22.500000 0.6165327793544263 0.049211551825057848
843 2 2953.453453 45.000000 0.6165327793544263 0.049211551825057848
843 3 2953.453453 67.500000 0.6165327793544263 0.049211551825057848
844 0 2956.956957 0.000000 0.61774090437646589 0.049803104269408489
844 1 2956.956957 22.500000 0.61774090437646589 0.049803104269408489
844 2 2956.956957 45.000000 0.61774090437646589 0.049803104269408489
844 3 2956.956957 67.500000 0.61774090437646589 0.049803104269408489
845 0 2960.460460 0.000000 0.61946033625105046 0.050284987580535616
845 1 2960.460460 22.500000 0.61946033625105046 0.050284987580535616
845 2 2960.460460 45.000000 0.61946033625105046 0.050284987580535616
845 3 2960.460460 67.500000 0.61946033625105046 0.050284987580535616
846 0 2963.963964 0.000000 0.62139420430687442 0.050575061638112651
846 1 2963.963964 22.500000 0.62139420430687442 0.050575061638112651
846 2 2963.963964 45.000000 0.62139420430687442 0.050575061638112651
846 3 2963.963964 67.500000 0.62139420430687442 0.050575061638112651
847 0 2967.467467 0.000000 0.62320918551842663 0.050624449675342513
847 1 2967.467467 22.500000 0.62320918551842663 0.050624449675342513
847 2 2967.467467 45.000000 0.62320918551842663 0.050624449675342513
847 3 2967.467467 67.500000 0.62320918551842663 0.050624449675342513
848 0 2970.970971 0.000000 0.62459307005661613 0.050425766763161371
848 1 2970.970971 22.500000 0.62459307005661613 0.050425766763161371
848 2 2970.970971 45.000000 0.62459307005661613 0.050425766763161371
848 3 2970.970971 67.500000 0.62459307005661613 0.050425766763161371
849 0 2974.474474 0.000000 0.62530897160483212 0.050014199042888126
849 1 2974.474474 22.500000 0.62530897160483212 0.050014199042888126
849 2 2974.474474 45.000000 0.62530897160483212 0.050014199042888126
849 3 2974.474474 67.500000 0.62530897160483212 0.050014199042888126
850 0 2977.977978 0.000000 0.62523642314837014 0.049461280875632486
850 1 2977.977978 22.500000 0.62523642314837014 0.049461280875632486
850 2 2977.977978 45.000000 0.62523642314837014 0.049461280875632486
850 3 2977.977978 67.500000 0.62523642314837014 0.049461280875632486
851 0 2981.481481 0.000000 0.62439185948914788 0.048862468988376352
851 1 2981.481481 22.500000 0.62439185948914788 0.048862468988376352
851 2 2981.481481 45.000000 0.62439185948914788 0.048862468988376352
851 3 2981.481481 67.500000 0.62439185948914788 0.048862468988376352
852 0 2984.984985 0.000000 0.6229248564325659 0.048320670740222345
852 1 2984.984985 22.500000 0.6229248564325659 0.048320670740222345
852 2 2984.984985 45.000000 0.6229248564325659 0.048320670740222345
852 3 2984.984985 67.500000 0.6229248564325659 0.048320670740222345
853 0 2988.488488 0.000000 0.62109110406324752 0.047928567426992162
853 1 2988.488488 22.500000 0.62109110406324752 0.047928567426992162
853 2 2988.488488 45.000000 0.62109110406324752 0.047928567426992162
853 3 2988.488488 67.500000 0.62109110406324752 0.047928567426992162
854 0 2991.991992 0.000000 0.61920735981118447 0.047752767598041937
854 1 2991.991992 22.500000 0.61920735981118447 0.047752767598041937
854 2 2991.991992 45.000000 0.61920735981118447 0.047752767598041937
854 3 2991.991992 67.500000 0.61920735981118447 0.047752767598041937
855 0 2995.495495 0.000000 0.61759664260109859 0.047822498569215777
855 1 2995.495495 22.500000 0.61759664260109859 0.047822498569215777
855 2 2995.495495 45.000000 0.61759664260109859 0.047822498569215777
855 3 2995.495495 67.500000 0.61759664260109859 0.047822498569215777
856 0 2998.998999 0.000000 0.61653321827256991 0.048124754917492817
856 1 2998.998999 22.500000 0.61653321827256991 0.048124754917492817
856 2 2998.998999 45.000000 0.61653321827256991 0.048124754917492817
856 3 2998.998999 67.500000 0.61653321827256991 0.048124754917492817
857 0 3002.502503 0.000000 0.6161965069372356 0.048606707958741044
857 1 3002.502503 22.500000 0.6161965069372356 0.048606707958741044
857 2 3002.502503 45.000000 0.6161965069372356 0.048606707958741044
857 3 3002.502503 67.500000 0.6161965069372356 0.048606707958741044
858 0 3006.006006 0.000000 0.61664126661460794 0.049184932409982972
858 1 3006.006006 22.500000 0.61664126661460794 0.049184932409982972
858 2 3006.006006 45.000000 0.61664126661460794 0.049184932409982972
858 3 3006.006006 67.500000 0.61664126661460794 0.049184932409982972
859 0 3009.509510 0.000000 0.61778871861764184 0.049759839959491507
859 1 3009.509510 22.500000 0.61778871861764184 0.049759839959491507
859 2 3009.509510 45.000000 0.61778871861764184 0.049759839959491507
859 3 3009.509510 67.500000 0.61778871861764184 0.049759839959491507
860 0 3013.013013 0.000000 0.61944005241949218 0.050232823816640348
860 1 3013.013013 22.500000 0.61944005241949218 0.050232823816640348
860 2 3013.013013 45.000000 0.61944005241949218 0.050232823816640348
860 3 3013.013013 67.500000 0.61944005241949218 0.050232823816640348
861 0 3016.516517 0.000000 0.62131028220313123 0.050523164054017217
861 1 3016.516517 22.500000 0.62131028220313123 0.050523164054017217
861 2 3016.516517 45.000000 0.62131028220313123 0.050523164054017217
861 3 3016.516517 67.500000 0.62131028220313123 0.050523164054017217
862 0 3020.020020 0.000000 0.62307706962746934 0.05058179672857565
862 1 3020.020020 22.500000 0.62307706962746934 0.05058179672857565
862 2 3020.020020 45.000000 0.62307706962746934 0.05058179672857565
862 3 3020.020020 67.500000 0.62307706962746934 0.05058179672857565
863 0 3023.523524 0.000000 0.62443637216616699 0.050399599178250584
863 1 3023.523524 22.500000 0.62443637216616699 0.050399599178250584
863 2 3023.523524 45.000000 0.62443637216616699 0.050399599178250584
863 3 3023.523524 67.500000 0.62443637216616699 0.050399599178250584
864 0 3027.027027 0.000000 0.62515523363207304 0.050008793372713765
864 1 3027.027027 22.500000 0.62515523363207304 0.050008793372713765
864 2 3027.027027 45.000000 0.62515523363207304 0.050008793372713765
864 3 3027.027027 67.500000 0.62515523363207304 0.050008793372713765
865 0 3030.530531 0.000000 0.62511222996668514 0.049477254441315843
865 1 3030.530531 22.500000 0.62511222996668514 0.049477254441315843
865 2 3030.530531 45.000000 0.62511222996668514 0.049477254441315843
865 3 3030.530531 67.500000 0.62511222996668514 0.049477254441315843
866 0 3034.034034 0.000000 0.62431819645232767 0.048896728469253567
866 1 3034.034034 22.500000 0.62431819645232767 0.048896728469253567
866 2 3034.034034 45.000000 0.62431819645232767 0.048896728469253567
866 3 3034.034034 67.500000 0.62431819645232767 0.048896728469253567
867 0 3037.537538 0.000000 0.62291354844080671 0.048367003687525494
867 1 3037.537538 22.500000 0.62291354844080671 0.048367003687525494
867 2 3037.537538 45.000000 0.62291354844080671 0.048367003687525494
867 3 3037.537538 67.500000 0.62291354844080671 0.048367003687525494
868 0 3041.041041 0.000000 0.62114294669907588 0.047978764768287004
868 1 3041.041041 22.500000 0.62114294669907588 0.047978764768287004
868 2 3041.041041 45.000000 0.62114294669907588 0.047978764768287004
868 3 3041.041041 67.500000 0.62114294669907588 0.047978764768287004
869 0 3044.544545 0.000000 0.61931221764536903 0.047798074987271594
869 1 3044.544545 22.500000 0.61931221764536903 0.047798074987271594
869 2 3044.544545 45.000000 0.61931221764536903 0.047798074987271594
869 3 3044.544545 67.500000 0.61931221764536903 0.047798074987271594
870 0 3048.048048 0.000000 0.61773542680424309 0.047855140514552981
870 1 3048.048048 22.500000 0.61773542680424309 0.047855140514552981
870 2 3048.048048 45.000000 0.61773542680424309 0.047855140514552981
870 3 3048.048048 67.500000 0.61773542680424309 0.047855140514552981
871 0 3051.551552 0.000000 0.61668134007424213 0.04813926678562621
871 1 3051.551552 22.500000 0.61668134007424213 0.04813926678562621
871 2 3051.551552 45.000000 0.61668134007424213 0.04813926678562621
871 3 3051.551552 67.500000 0.61668134007424213 0.04813926678562621
872 0 3055.055055 0.000000 0.61632818316030502 0.04860084808514413
872 1 3055.055055 22.500000 0.61632818316030502 0.04860084808514413
872 2 3055.055055 45.000000 0.61632818316030502 0.04860084808514413
872 3 3055.055055 67.500000 0.61632818316030502 0.04860084808514413
873 0 3058.558559 0.000000 0.61673394578239016 0.049160022553128534
873 1 3058.558559 22.500000 0.61673394578239016 0.049160022553128534
873 2 3058.558559 45.000000 0.61673394578239016 0.049160022553128534
873 3 3058.558559 67.500000 0.61673394578239016 0.049160022553128534
874 0 3062.062062 0.000000 0.61782689813558467 0.049720483512125171
874 1 3062.062062 22.500000 0.61782689813558467 0.049720483512125171
874 2 3062.062062 45.000000 0.61782689813558467 0.049720483512125171
874 3 3062.062062 67.500000 0.61782689813558467 0.049720483512125171
875 0 3065.565566 0.000000 0.61941785985845577 0.050186059659778542
875 1 3065.565566 22.500000 0.61941785985845577 0.050186059659778542
875 2 3065.565566 45.000000 0.61941785985845577 0.050186059659778542
875 3 3065.565566 67.500000 0.61941785985845577 0.050186059659778542
876 0 3069.069069 0.000000 0.62123238734210451 0.050477210831085438
876 1 3069.069069 22.500000 0.62123238734210451 0.050477210831085438
876 2 3069.069069 45.000000 0.62123238734210451 0.050477210831085438
876 3 3069.069069 67.500000 0.62123238734210451 0.050477210831085438
877 0 3072.572573 0.000000 0.62295776383992574 0.050544611021143444
877 1 3072.572573 22.500000 0.62295776383992574 0.050544611021143444
877 2 3072.572573 45.000000 0.62295776383992574 0.050544611021143444
877 3 3072.572573 67.500000 0.62295776383992574 0.050544611021143444
878 0 3076.076076 0.000000 0.62429696698162951 0.050377500087131578
878 1 3076.076076 22.500000 0.62429696698162951 0.050377500087131578
878 2 3076.076076 45.000000 0.62429696698162951 0.050377500087131578
878 3 3076.076076 67.500000 0.62429696698162951 0.050377500087131578
879 0 3079.579580 0.000000 0.6250202382758121 0.050005390885232967
879 1 3079.579580 22.500000 0.6250202382758121 0.050005390885232967
879 2 3079.579580 45.000000 0.6250202382758121 0.050005390885232967
879 3 3079.579580 67.500000 0.6250202382758121 0.050005390885232967
880 0 3083.083083 0.000000 0.62500500210128951 0.049492862938872353
880 1 3083.083083 22.500000 0.62500500210128951 0.049492862938872353
880 2 3083.083083 45.000000 0.62500500210128951 0.049492862938872353
880 3 3083.083083 67.500000 0.62500500210128951 0.049492862938872353
881 0 3086.586587 0.000000 0.62425686182770468 0.048928360077526774
881 1 3086.586587 22.500000 0.62425686182770468 0.048928360077526774
881 2 3086.586587 45.000000 0.62425686182770468 0.048928360077526774
881 3 3086.586587 67.500000 0.62425686182770468 0.048928360077526774
882 0 3090.090090 0.000000 0.62290792459984545 0.048408934333682707
882 1 3090.090090 22.500000 0.62290792459984545 0.048408934333682707
882 2 3090.090090 45.000000 0.62290792459984545 0.048408934333682707
882 3 3090.090090 67.500000 0.62290792459984545 0.048408934333682707
883 0 3093.593594 0.000000 0.62119299782804704 0.048023566640168588
883 1 3093.593594 22.500000 0.62119299782804704 0.048023566640168588
883 2 3093.593594 45.000000 0.62119299782804704 0.048023566640168588
883 3 3093.593594 67.500000 0.62119299782804704 0.048023566640168588
884 0 3097.097097 0.000000 0.61940826577425012 0.047837929734397655
884 1 3097.097097 22.500000 0.61940826577425012 0.047837929734397655
884 2 3097.097097 45.000000 0.61940826577425012 0.047837929734397655
884 3 3097.097097 67.500000 0.61940826577425012 0.047837929734397655
885 0 3100.600601 0.000000 0.61786002138197993 0.04788320146653656
885 1 3100.600601 22.500000 0.61786002138197993 0.04788320146653656
885 2 3100.600601 45.000000 0.61786002138197993 0.04788320146653656
885 3 3100.600601 67.500000 0.61786002138197993 0.04788320146653656
886 0 3104.104104 0.000000 0.61681240957606531 0.048150833213396645
886 1 3104.104104 22.500000 0.61681240957606531 0.048150833213396645
886 2 3104.104104 45.000000 0.61681240957606531 0.048150833213396645
886 3 3104.104104 67.500000 0.61681240957606531 0.048150833213396645
887 0 3107.607608 0.000000 0.61644290090089915 0.048594150441679709
887 1 3107.607608 22.500000 0.61644290090089915 0.048594150441679709
887 2 3107.607608 45.000000 0.61644290090089915 0.048594150441679709
887 3 3107.607608 67.500000 0.61644290090089915 0.048594150441679709
888 0 3111.111111 0.000000 0.61681265252970696 0.049136487911774093
888 1 3111.111111 22.500000 0.61681265252970696 0.049136487911774093
888 2 3111.111111 45.000000 0.61681265252970696 0.049136487911774093
888 3 3111.111111 67.500000 0.61681265252970696 0.049136487911774093
889 0 3114.614615 0.000000 0.61785643353248698 0.049684442415124097
889 1 3114.614615 22.500000 0.61785643353248698 0.049684442415124097
889 2 3114.614615 45.000000 0.61785643353248698 0.049684442415124097
889 3 3114.614615 67.500000 0.61785643353248698 0.049684442415124097
890 0 3118.118118 0.000000 0.61939375412651576 0.050143953047619483
890 1 3118.118118 22.500000 0.61939375412651576 0.050143953047619483
890 2 3118.118118 45.000000 0.61939375412651576 0.050143953047619483
890 3 3118.118118 67.500000 0.61939375412651576 0.050143953047619483
891 0 3121.621622 0.000000 0.6211595445695216 0.050436441666978922
891 1 3121.621622 22.500000 0.6211595445695216 0.050436441666978922
891 2 3121.621622 45.000000 0.6211595445695216 0.050436441666978922
891 3 3121.621622 67.500000 0.6211595445695216 0.050436441666978922
892 0 3125.125125 0.000000 0.62284951345209794 0.050512244902043278
892 1 3125.125125 22.500000 0.62284951345209794 0.050512244902043278
892 2 3125.125125 45.000000 0.62284951345209794 0.050512244902043278
892 3 3125.125125 67.500000 0.62284951345209794 0.050512244902043278
893 0 3128.628629 0.000000 0.62417264165094 0.050359042544492
893 1 3128.628629 22.500000 0.62417264165094 0.050359042544492
893 2 3128.628629 45.000000 0.62417264165094 0.050359042544492
893 3 3128.628629 67.500000 0.62417264165094 0.050359042544492
894 0 3132.132132 0.000000 0.62490170704460091 0.050003852651084105
894 1 3132.132132 22.500000 0.62490170704460091 0.050003852651084105
894 2 3132.132132 45.000000 0.62490170704460091 0.050003852651084105
894 3 3132.132132 67.500000 0.62490170704460091 0.050003852651084105
895 0 3135.635636 0.000000 0.62491278845624887 0.049508271571360174
895 1 3135.635636 22.500000 0.62491278845624887 0.049508271571360174
895 2 3135.635636 45.000000 0.62491278845624887 0.049508271571360174
895 3 3135.635636 67.500000 0.62491278845624887 0.049508271571360174
896 0 3139.139139 0.000000 0.6242065567520616 0.04895779667104827
896 1 3139.139139 22.500000 0.6242065567520616 0.04895779667104827
896 2 3139.139139 45.000000 0.6242065567520616 0.04895779667104827
896 3 3139.139139 67.500000 0.6242065567520616 0.04895779667104827
897 0 3142.642643 0.000000 0.62290754064319365 0.048447081769549663
897 1 3142.642643 22.500000 0.62290754064319365 0.048447081769549663
897 2 3142.642643 45.000000 0.62290754064319365 0.048447081769549663
897 3 3142.642643 67.500000 0.62290754064319365 0.048447081769549663
898 0 3146.146146 0.000000 0.62124171701279651 0.048063667151938196
898 1 3146.146146 22.500000 0.62124171701279651 0.048063667151938196
898 2 3146.146146 45.000000 0.62124171701279651 0.048063667151938196
898 3 3146.146146 67.500000 0.62124171701279651 0.048063667151938196
899 0 3149.649650 0.000000 0.61949676076788829 0.04787297981987685
899 1 3149.649650 22.500000 0.61949676076788829 0.04787297981987685
899 2 3149.649650 45.000000 0.61949676076788829 0.04787297981987685
899 3 3149.649650 67.500000 0.61949676076788829 0.04787297981987685
900 0 3153.153153 0.000000 0.61797224069584344 0.047907173238966566
900 1 3153.153153 22.500000 0.61797224069584344 0.047907173238966566
900 2 3153.153153 45.000000 0.61797224069584344 0.047907173238966566
900 3 3153.153153 67.500000 0.61797224069584344 0.047907173238966566
901 0 3156.656657 0.000000 0.61692847207927681 0.048159709506718551
901 1 3156.656657 22.500000 0.61692847207927681 0.048159709506718551
901 2 3156.656657 45.000000 0.61692847207927681 0.048159709506718551
901 3 3156.656657 67.500000 0.61692847207927681 0.048159709506718551
902 0 3160.160160 0.000000 0.61654257946908619 0.048586596191342729
902 1 3160.160160 22.500000 0.61654257946908619 0.048586596191342729
902 2 3160.160160 45.000000 0.61654257946908619 0.048586596191342729
902 3 3160.160160 67.500000 0.61654257946908619 0.048586596191342729
903 0 3163.663664 0.000000 0.61687885391932884 0.049114045923286144
903 1 3163.663664 22.500000 0.61687885391932884 0.049114045923286144
903 2 3163.663664 45.000000 0.61687885391932884 0.049114045923286144
903 3 3163.663664 67.500000 0.61687885391932884 0.049114045923286144
904 0 3167.167167 0.000000 0.6178780983515656 0.049651225813645561
904 1 3167.167167 22.500000 0.6178780983515656 0.049651225813645561
904 2 3167.167167 45.000000 0.6178780983515656 0.049651225813645561
904 3 3167.167167 67.500000 0.6178780983515656 0.049651225813645561
905 0 3170.670671 0.000000 0.61936769822378357 0.050105894600605168
905 1 3170.670671 22.500000 0.61936769822378357 0.050105894600605168
905 2 3170.670671 45.000000 0.61936769822378357 0.050105894600605168
905 3 3170.670671 67.500000 0.61936769822378357 0.050105894600605168
906 0 3174.174174 0.000000 0.62109093133281779 0.050400236459586259
906 1 3174.174174 22.500000 0.62109093133281779 0.050400236459586259
906 2 3174.174174 45.000000 0.62109093133281779 0.050400236459586259
906 3 3174.174174 67.500000 0.62109093133281779 0.050400236459586259
907 0 3177.677678 0.000000 0.62275087046743649 0.050484174406710922
907 1 3177.677678 22.500000 0.62275087046743649 0.050484174406710922
907 2 3177.677678 45.000000 0.62275087046743649 0.050484174406710922
907 3 3177.677678 67.500000 0.62275087046743649 0.050484174406710922
908 0 3181.181181 0.000000 0.62406158745632945 0.050343886311818901
908 1 3181.181181 22.500000 0.62406158745632945 0.050343886311818901
908 2 3181.181181 45.000000 0.62406158745632945 0.050343886311818901
908 3 3181.181181 67.500000 0.62406158745632945 0.050343886311818901
909 0 3184.684685 0.000000 0.62479779121442147 0.050004075921665322
909 1 3184.684685 22.500000 0.62479779121442147 0.050004075921665322
909 2 3184.684685 45.000000 0.62479779121442147 0.050004075921665322
909 3 3184.684685 67.500000 0.62479779121442147 0.050004075921665322
910 0 3188.188188 0.000000 0.62483401936794236 0.049523626645130332
910 1 3188.188188 22.500000 0.62483401936794236 0.049523626645130332
910 2 3188.188188 45.000000 0.62483401936794236 0.049523626645130332
910 3 3188.188188 67.500000 0.62483401936794236 0.049523626645130332
911 0 3191.691692 0.000000 0.62416625223366373 0.048985402063689648
911 1 3191.691692 22.500000 0.62416625223366373 0.048985402063689648
911 2 3191.691692 45.000000 0.62416625223366373 0.048985402063689648
911 3 3191.691692 67.500000 0.62416625223366373 0.048985402063689648
912 0 3195.195195 0.000000 0.62291206864831994 0.048481959172537933
912 1 3195.195195 22.500000 0.62291206864831994 0.048481959172537933
912 2 3195.195195 45.000000 0.62291206864831994 0.048481959172537933
912 3 3195.195195 67.500000 0.62291206864831994 0.048481959172537933
913 0 3198.698699 0.000000 0.62128951226794693 0.048099636743985125
913 1 3198.698699 22.500000 0.62128951226794693 0.048099636743985125
913 2 3198.698699 45.000000 0.62128951226794693 0.048099636743985125
913 3 3198.698699 67.500000 0.62128951226794693 0.048099636743985125
914 0 3202.202202 0.000000 0.61957875431239384 0.047903753329474608
914 1 3202.202202 22.500000 0.61957875431239384 0.047903753329474608
914 2 3202.202202 45.000000 0.61957875431239384 0.047903753329474608
914 3 3202.202202 67.500000 0.61957875431239384 0.047903753329474608
915 0 3205.705706 0.000000 0.61807358077444019 0.047927451748246364
915 1 3205.705706 22.500000 0.61807358077444019 0.047927451748246364
915 2 3205.705706 45.000000 0.61807358077444019 0.047927451748246364
915 3 3205.705706 67.500000 0.61807358077444019 0.047927451748246364
916 0 3209.209209 0.000000 0.61703119873600099 0.048166094602862947
916 1 3209.209209 22.500000 0.61703119873600099 0.048166094602862947
916 2 3209.209209 45.000000 0.61703119873600099 0.048166094602862947
916 3 3209.209209 67.500000 0.61703119873600099 0.048166094602862947
917 0 3212.712713 0.000000 0.6166287734374073 0.048578158011417849
917 1 3212.712713 22.500000 0.6166287734374073 0.048578158011417849
917 2 3212.712713 45.000000 0.6166287734374073 0.048578158011417849
917 3 3212.712713 67.500000 0.6166287734374073 0.048578158011417849
918 0 3216.216216 0.000000 0.61693372347410569 0.049092453405263234
918 1 3216.216216 22.500000 0.61693372347410569 0.049092453405263234
918 2 3216.216216 45.000000 0.61693372347410569 0.049092453405263234
918 3 3216.216216 67.500000 0.61693372347410569 0.049092453405263234
919 0 3219.719720 0.000000 0.61789249193561635 0.049620421970574667
919 1 3219.719720 22.500000 0.61789249193561635 0.049620421970574667
919 2 3219.719720 45.000000 0.61789249193561635 0.049620421970574667
919 3 3219.719720 67.500000 0.61789249193561635 0.049620421970574667
920 0 3223.223223 0.000000 0.61933962700487333 0.050071379178960075
920 1 3223.223223 22.500000 0.61933962700487333 0.050071379178960075
920 2 3223.223223 45.000000 0.61933962700487333 0.050071379178960075
920 3 3223.223223 67.500000 0.61933962700487333 0.050071379178960075
921 0 3226.726727 0.000000 0.62102584417745843 0.050368086038628995
921 1 3226.726727 22.500000 0.62102584417745843 0.050368086038628995
921 2 3226.726727 45.000000 0.62102584417745843 0.050368086038628995
921 3 3226.726727 67.500000 0.62102584417745843 0.050368086038628995
922 0 3230.230230 0.000000 0.62266062919455434 0.050459974186212751
922 1 3230.230230 22.500000 0.62266062919455434 0.050459974186212751
922 2 3230.230230 45.000000 0.62266062919455434 0.050459974186212751
922 3 3230.230230 67.500000 0.62266062919455434 0.050459974186212751
923 0 3233.733734 0.000000 0.62396231661611701 0.050331761099221599
923 1 3233.733734 22.500000 0.62396231661611701 0.050331761099221599
923 2 3233.733734 45.000000 0.62396231661611701 0.050331761099221599
923 3 3233.733734 67.500000 0.62396231661611701 0.050331761099221599
924 0 3237.237237 0.000000 0.62470698474174036 0.050005988224638913
924 1 3237.237237 22.500000 0.62470698474174036 0.050005988224638913
924 2 3237.237237 45.000000 0.62470698474174036 0.050005988224638913
924 3 3237.237237 67.500000 0.62470698474174036 0.050005988224638913
925 0 3240.740741 0.000000 0.62476743062944584 0.049539061113042918
925 1 3240.740741 22.500000 0.62476743062944584 0.049539061113042918
925 2 3240.740741 45.000000 0.62476743062944584 0.049539061113042918
925 3 3240.740741 67.500000 0.62476743062944584 0.049539061113042918
926 0 3244.244244 0.000000 0.62413513675723586 0.04901148663565176
926 1 3244.244244 22.500000 0.62413513675723586 0.04901148663565176
926 2 3244.244244 45.000000 0.62413513675723586 0.04901148663565176
926 3 3244.244244 67.500000 0.62413513675723586 0.04901148663565176
927 0 3247.747748 0.000000 0.62292127611259107 0.048513996438226056
927 1 3247.747748 22.500000 0.62292127611259107 0.048513996438226056
927 2 3247.747748 45.000000 0.62292127611259107 0.048513996438226056
927 3 3247.747748 67.500000 0.62292127611259107 0.048513996438226056
928 0 3251.251251 0.000000 0.62133675278493283 0.04813194771107427
928 1 3251.251251 22.500000 0.62133675278493283 0.04813194771107427
928 2 3251.251251 45.000000 0.62133675278493283 0.04813194771107427
928 3 3251.251251 67.500000 0.62133675278493283 0.04813194771107427
929 0 3254.754755 0.000000 0.61965513596312305 0.047930682399981765
929 1 3254.754755 22.500000 0.61965513596312305 0.047930682399981765
929 2 3254.754755 45.000000 0.61965513596312305 0.047930682399981765
929 3 3254.754755 67.500000 0.61965513596312305 0.047930682399981765
930 0 3258.258258 0.000000 0.61816528356787437 0.047944355347089115
930 1 3258.258258 22.500000 0.61816528356787437 0.047944355347089115
930 2 3258.258258 45.000000 0.61816528356787437 0.047944355347089115
930 3 3258.258258 67.500000 0.61816528356787437 0.047944355347089115
931 0 3261.761762 0.000000 0.61712196051708335 0.048170140864309673
931 1 3261.761762 22.500000 0.61712196051708335 0.048170140864309673
931 2 3261.761762 45.000000 0.61712196051708335 0.048170140864309673
931 3 3261.761762 67.500000 0.61712196051708335 0.048170140864309673
932 0 3265.265265 0.000000 0.61670274336239861 0.048568799984850156
932 1 3265.265265 22.500000 0.61670274336239861 0.048568799984850156
932 2 3265.265265 45.000000 0.61670274336239861 0.048568799984850156
932 3 3265.265265 67.500000 0.61670274336239861 0.048568799984850156
933 0 3268.768769 0.000000 0.61697819670977438 0.049071496922223339
933 1 3268.768769 22.500000 0.61697819670977438 0.049071496922223339
933 2 3268.768769 45.000000 0.61697819670977438 0.049071496922223339
933 3 3268.768769 67.500000 0.61697819670977438 0.049071496922223339
934 0 3272.272272 0.000000 0.61790007080088905 0.049591681099090887
934 1 3272.272272 22.500000 0.61790007080088905 0.049591681099090887
934 2 3272.272272 45.000000 0.61790007080088905 0.049591681099090887
934 3 3272.272272 67.500000 0.61790007080088905 0.049591681099090887
935 0 3275.775776 0.000000 0.61930944981825886 0.050039984386658944
935 1 3275.775776 22.500000 0.61930944981825886 0.050039984386658944
935 2 3275.775776 45.000000 0.61930944981825886 0.050039984386658944
935 3 3275.775776 67.500000 0.61930944981825886 0.050039984386658944
936 0 3279.279279 0.000000 0.62096367313283518 0.050339570171070692
936 1 3279.279279 22.500000 0.62096367313283518 0.050339570171070692
936 2 3279.279279 45.000000 0.62096367313283518 0.050339570171070692
936 3 3279.279279 67.500000 0.62096367313283518 0.050339570171070692
937 0 3282.782783 0.000000 0.62257777770196199 0.05043929879302627
937 1 3282.782783 22.500000 0.62257777770196199 0.05043929879302627
937 2 3282.782783 45.000000 0.62257777770196199 0.05043929879302627
937 3 3282.782783 67.500000 0.62257777770196199 0.05043929879302627
938 0 3286.286286 0.000000 0.62387359991147651 0.050322454216696795
938 1 3286.286286 22.500000 0.62387359991147651 0.050322454216696795
938 2 3286.286286 45.000000 0.62387359991147651 0.050322454216696795
938 3 3286.286286 67.500000 0.62387359991147651 0.050322454216696795
939 0 3289.789790 0.000000 0.62462805923585274 0.050009543270420072
939 1 3289.789790 22.500000 0.62462805923585274 0.050009543270420072
939 2 3289.789790 45.000000 0.62462805923585274 0.050009543270420072
939 3 3289.789790 67.500000 0.62462805923585274 0.050009543270420072
940 0 3293.293293 0.000000 0.62471200702012553 0.049554699150516406
940 1 3293.293293 22.500000 0.62471200702012553 0.049554699150516406
940 2 3293.293293 45.000000 0.62471200702012553 0.049554699150516406
940 3 3293.293293 67.500000 0.62471200702012553 0.049554699150516406
941 0 3296.796797 0.000000 0.62411257765825268 0.04903631949929927
941 1 3296.796797 22.500000 0.62411257765825268 0.04903631949929927
941 2 3296.796797 45.000000 0.62411257765825268 0.04903631949929927
941 3 3296.796797 67.500000 0.62411257765825268 0.04903631949929927
942 0 3300.300300 0.000000 0.62293501100636017 0.048543557598637516
942 1 3300.300300 22.500000 0.62293501100636017 0.048543557598637516
942 2 3300.300300 45.000000 0.62293501100636017 0.048543557598637516
942 3 3300.300300 67.500000 0.62293501100636017 0.048543557598637516
943 0 3303.803804 0.000000 0.62138377920241461 0.048160993720634815
943 1 3303.803804 22.500000 0.62138377920241461 0.048160993720634815
943 2 3303.803804 45.000000 0.62138377920241461 0.048160993720634815
943 3 3303.803804 67.500000 0.62138377920241461 0.048160993720634815
944 0 3307.307307 0.000000 0.61972666582022684 0.047954121435791912
944 1 3307.307307 22.500000 0.61972666582022684 0.047954121435791912
944 2 3307.307307 45.000000 0.61972666582022684 0.047954121435791912
944 3 3307.307307 67.500000 0.61972666582022684 0.047954121435791912
945 0 3310.810811 0.000000 0.61824838554530182 0.047958138676804735
945 1 3310.810811 22.500000 0.61824838554530182 0.047958138676804735
945 2 3310.810811 45.000000 0.61824838554530182 0.047958138676804735
945 3 3310.810811 67.500000 0.61824838554530182 0.047958138676804735
946 0 3314.314314 0.000000 0.6172018838243184 0.04817196135335805
946 1 3314.314314 22.500000 0.6172018838243184 0.04817196135335805
946 2 3314.314314 45.000000 0.6172018838243184 0.04817196135335805
946 3 3314.314314 67.500000 0.6172018838243184 0.04817196135335805
947 0 3317.817818 0.000000 0.61676550865862301 0.048558477280534702
947 1 3317.817818 22.500000 0.61676550865862301 0.048558477280534702
947 2 3317.817818 45.000000 0.61676550865862301 0.048558477280534702
947 3 3317.817818 67.500000 0.61676550865862301 0.048558477280534702
948 0 3321.321321 0.000000 0.61701301232346017 0.049050985183221575
948 1 3321.321321 22.500000 0.61701301232346017 0.049050985183221575
948 2 3321.321321 45.000000 0.61701301232346017 0.049050985183221575
948 3 3321.321321 67.500000 0.61701301232346017 0.049050985183221575
949 0 3324.824825 0.000000 0.61790117146775547 0.049564702018253214
949 1 3324.824825 22.500000 0.61790117146775547 0.049564702018253214
949 2 3324.824825 45.000000 0.61790117146775547 0.049564702018253214
949 3 3324.824825 67.500000 0.61790117146775547 0.049564702018253214
950 0 3328.328328 0.000000 0.61927705164425284 0.050011353949438689
950 1 3328.328328 22.500000 0.61927705164425284 0.050011353949438689
950 2 3328.328328 45.000000 0.61927705164425284 0.050011353949438689
950 3 3328.328328 67.500000 0.61927705164425284 0.050011353949438689
951 0 3331.831832 0.000000 0.62090388164402899 0.050314340597981899
951 1 3331.831832 22.500000 0.62090388164402899 0.050314340597981899
951 2 3331.831832 45.000000 0.62090388164402899 0.050314340597981899
951 3 3331.831832 67.500000 0.62090388164402899 0.050314340597981899
952 0 3335.335335 0.000000 0.62250146067099665 0.05042186826873251
952 1 3335.335335 22.500000 0.62250146067099665 0.05042186826873251
952 2 3335.335335 45.000000 0.62250146067099665 0.05042186826873251
952 3 3335.335335 67.500000 0.62250146067099665 0.05042186826873251
953 0 3338.838839 0.000000 0.6237944194116134 0.050315801069430968
953 1 3338.838839 22.500000 0.6237944194116134 0.050315801069430968
953 2 3338.838839 45.000000 0.6237944194116134 0.050315801069430968
953 3 3338.838839 67.500000 0.6237944194116134 0.050315801069430968
954 0 3342.342342 0.000000 0.62456001502725 0.050014717794375767
954 1 3342.342342 22.500000 0.62456001502725 0.050014717794375767
954 2 3342.342342 45.000000 0.62456001502725 0.050014717794375767
954 3 3342.342342 67.500000 0.62456001502725 0.050014717794375767
955 0 3345.845846 0.000000 0.62466694016757895 0.04957065965391718
955 1 3345.845846 22.500000 0.62466694016757895 0.04957065965391718
955 2 3345.845846 45.000000 0.62466694016757895 0.04957065965391718
955 3 3345.845846 67.500000 0.62466694016757895 0.04957065965391718
956 0 3349.349349 0.000000 0.62409809272780525 0.049060137820654937
956 1 3349.349349 22.500000 0.62409809272780525 0.049060137820654937
956 2 3349.349349 45.000000 0.62409809272780525 0.049060137820654937
956 3 3349.349349 67.500000 0.62409809272780525 0.049060137820654937
957 0 3352.852853 0.000000 0.62295319142242933 0.048570954174178969
957 1 3352.852853 22.500000 0.62295319142242933 0.048570954174178969
957 2 3352.852853 45.000000 0.62295319142242933 0.048570954174178969
957 3 3352.852853 67.500000 0.62295319142242933 0.048570954174178969
958 0 3356.356356 0.000000 0.62143091233200798 0.048187104782887145
958 1 3356.356356 22.500000 0.62143091233200798 0.048187104782887145
958 2 3356.356356 45.000000 0.62143091233200798 0.048187104782887145
958 3 3356.356356 67.500000 0.62143091233200798 0.048187104782887145
959 0 3359.859860 0.000000 0.61979400006823426 0.047974361098946067
959 1 3359.859860 22.500000 0.61979400006823426 0.047974361098946067
959 2 3359.859860 45.000000 0.61979400006823426 0.047974361098946067
959 3 3359.859860 67.500000 0.61979400006823426 0.047974361098946067
960 0 3363.363363 0.000000 0.61832375502481796 0.04796900334281317
960 1 3363.363363 22.500000 0.61832375502481796 0.04796900334281317
960 2 3363.363363 45.000000 0.61832375502481796 0.04796900334281317
960 3 3363.363363 67.500000 0.61832375502481796 0.04796900334281317
961 0 3366.866867 0.000000 0.61727189278665073 0.048171635511128019
961 1 3366.866867 22.500000 0.61727189278665073 0.048171635511128019
961 2 3366.866867 45.000000 0.61727189278665073 0.048171635511128019
961 3 3366.866867 67.500000 0.61727189278665073 0.048171635511128019
962 0 3370.370370 0.000000 0.61681788744494115 0.04854713606943481
962 1 3370.370370 22.500000 0.61681788744494115 0.04854713606943481
962 2 3370.370370 45.000000 0.61681788744494115 0.04854713606943481
962 3 3370.370370 67.500000 0.61681788744494115 0.04854713606943481
963 0 3373.873874 0.000000 0.61703874283841487 0.049030743441331966
963 1 3373.873874 22.500000 0.61703874283841487 0.049030743441331966
963 2 3373.873874 45.000000 0.61703874283841487 0.049030743441331966
963 3 3373.873874 67.500000 0.61703874283841487 0.049030743441331966
964 0 3377.377377 0.000000 0.61789602692832035 0.049539222214806104
964 1 3377.377377 22.500000 0.61789602692832035 0.049539222214806104
964 2 3377.377377 45.000000 0.61789602692832035 0.049539222214806104
964 3 3377.377377 67.500000 0.61789602692832035 0.049539222214806104
965 0 3380.880881 0.000000 0.6192422929802075 0.049985185313689041
965 1 3380.880881 22.500000 0.6192422929802075 0.049985185313689041
965 2 3380.880881 45.000000 0.6192422929802075 0.049985185313689041
965 3 3380.880881 67.500000 0.6192422929802075 0.049985185313689041
966 0 3384.384384 0.000000 0.62084599038818011 0.050292108393286954
966 1 3384.384384 22.500000 0.62084599038818011 0.050292108393286954
966 2 3384.384384 45.000000 0.62084599038818011 0.050292108393286954
966 3 3384.384384 67.500000 0.62084599038818011 0.050292108393286954
967 0 3387.887888 0.000000 0.62243095041623364 0.050407457438338465
967 1 3387.887888 22.500000 0.62243095041623364 0.050407457438338465
967 2 3387.887888 45.000000 0.62243095041623364 0.050407457438338465
967 3 3387.887888 67.500000 0.62243095041623364 0.050407457438338465
968 0 3391.391391 0.000000 0.62372393208774168 0.050311678143594149
968 1 3391.391391 22.500000 0.62372393208774168 0.050311678143594149
968 2 3391.391391 45.000000 0.62372393208774168 0.050311678143594149
968 3 3391.391391 67.500000 0.62372393208774168 0.050311678143594149
969 0 3394.894895 0.000000 0.62450204387368746 0.050021509283069018
969 1 3394.894895 22.500000 0.62450204387368746 0.050021509283069018
969 2 3394.894895 45.000000 0.62450204387368746 0.050021509283069018
969 3 3394.894895 67.500000 0.62450204387368746 0.050021509283069018
970 0 3398.398398 0.000000 0.6246315967737518 0.049587058894434731
970 1 3398.398398 22.500000 0.6246315967737518 0.049587058894434731
970 2 3398.398398 45.000000 0.6246315967737518 0.049587058894434731
970 3 3398.398398 67.500000 0.6246315967737518 0.049587058894434731
971 0 3401.901902 0.000000 0.62409132919140509 0.049083153725831039
971 1 3401.901902 22.500000 0.62409132919140509 0.049083153725831039
971 2 3401.901902 45.000000 0.62409132919140509 0.049083153725831039
971 3 3401.901902 67.500000 0.62409132919140509 0.049083153725831039
972 0 3405.405405 0.000000 0.62297579848274065 0.048596454944153024
972 1 3405.405405 22.500000 0.62297579848274065 0.048596454944153024
972 2 3405.405405 45.000000 0.62297579848274065 0.048596454944153024
972 3 3405.405405 67.500000 0.62297579848274065 0.048596454944153024
973 0 3408.908909 0.000000 0.62147846065398316 0.048210558050992669
973 1 3408.908909 22.500000 0.62147846065398316 0.048210558050992669
973 2 3408.908909 45.000000 0.62147846065398316 0.048210558050992669
973 3 3408.908909 67.500000 0.62147846065398316 0.048210558050992669
974 0 3412.412412 0.000000 0.61985771121001965 0.047991638194321166
974 1 3412.412412 22.500000 0.61985771121001965 0.047991638194321166
974 2 3412.412412 45.000000 0.61985771121001965 0.047991638194321166
974 3 3412.412412 67.500000 0.61985771121001965 0.047991638194321166
975 0 3415.915916 0.000000 0.61839212120948817 0.047977105173882643
975 1 3415.915916 22.500000 0.61839212120948817 0.047977105173882643
975 2 3415.915916 45.000000 0.61839212120948817 0.047977105173882643
975 3 3415.915916 67.500000 0.61839212120948817 0.047977105173882643
976 0 3419.419419 0.000000 0.61733274182571807 0.048169212605271537
976 1 3419.419419 22.500000 0.61733274182571807 0.048169212605271537
976 2 3419.419419 45.000000 0.61733274182571807 0.048169212605271537
976 3 3419.419419 67.500000 0.61733274182571807 0.048169212605271537
977 0 3422.922923 0.000000 0.61686052696245608 0.048534712691369657
977 1 3422.922923 22.500000 0.61686052696245608 0.048534712691369657
977 2 3422.922923 45.000000 0.61686052696245608 0.048534712691369657
977 3 3422.922923 67.500000 0.61686052696245608 0.048534712691369657
978 0 3426.426426 0.000000 0.61705581775364382 0.049010608685949385
978 1 3426.426426 22.500000 0.61705581775364382 0.049010608685949385
978 2 3426.426426 45.000000 0.61705581775364382 0.049010608685949385
978 3 3426.426426 67.500000 0.61705581775364382 0.049010608685949385
979 0 3429.929930 0.000000 0.61788477880450254 0.049515010065342438
979 1 3429.929930 22.500000 0.61788477880450254 0.049515010065342438
979 2 3429.929930 45.000000 0.61788477880450254 0.049515010065342438
979 3 3429.929930 67.500000 0.61788477880450254 0.049515010065342438
980 0 3433.433433 0.000000 0.61920500927236677 0.049961220402807899
980 1 3433.433433 22.500000 0.61920500927236677 0.049961220402807899
980 2 3433.433433 45.000000 0.61920500927236677 0.049961220402807899
980 3 3433.433433 67.500000 0.61920500927236677 0.049961220402807899
981 0 3436.936937 0.000000 0.6207895644790421 0.050272634978600308
981 1 3436.936937 22.500000 0.6207895644790421 0.050272634978600308
981 2 3436.936937 45.000000 0.6207895644790421 0.050272634978600308
981 3 3436.936937 67.500000 0.6207895644790421 0.050272634978600308
982 0 3440.440440 0.000000 0.62236562445086641 0.050395888816784903
982 1 3440.440440 22.500000 0.62236562445086641 0.050395888816784903
982 2 3440.440440 45.000000 0.62236562445086641 0.050395888816784903
982 3 3440.440440 67.500000 0.62236562445086641 0.050395888816784903
983 0 3443.943944 0.000000 0.62366144190650208 0.050309999059591638
983 1 3443.943944 22.500000 0.62366144190650208 0.050309999059591638
983 2 3443.943944 45.000000 0.62366144190650208 0.050309999059591638
983 3 3443.943944 67.500000 0.62366144190650208 0.050309999059591638
984 0 3447.447447 0.000000 0.62445350054680071 0.050029935837635729
984 1 3447.447447 22.500000 0.62445350054680071 0.050029935837635729
984 2 3447.447447 45.000000 0.62445350054680071 0.050029935837635729
984 3 3447.447447 67.500000 0.62445350054680071 0.050029935837635729
985 0 3450.950951 0.000000 0.62460549455602543 0.049604014158526624
985 1 3450.950951 22.500000 0.62460549455602543 0.049604014158526624
985 2 3450.950951 45.000000 0.62460549455602543 0.049604014158526624
985 3 3450.950951 67.500000 0.62460549455602543 0.049604014158526624
986 0 3454.454454 0.000000 0.6240920479130595 0.049105561008726116
986 1 3454.454454 22.500000 0.6240920479130595 0.049105561008726116
986 2 3454.454454 45.000000 0.6240920479130595 0.049105561008726116
986 3 3454.454454 67.500000 0.6240920479130595 0.049105561008726116
987 0 3457.957958 0.000000 0.62300287112194952 0.048620294472876413
987 1 3457.957958 22.500000 0.62300287112194952 0.048620294472876413
987 2 3457.957958 45.000000 0.62300287112194952 0.048620294472876413
987 3 3457.957958 67.500000 0.62300287112194952 0.048620294472876413
988 0 3461.461461 0.000000 0.62152672608045689 0.048231586606921929
988 1 3461.461461 22.500000 0.62152672608045689 0.048231586606921929
988 2 3461.461461 45.000000 0.62152672608045689 0.048231586606921929
988 3 3461.461461 67.500000 0.62152672608045689 0.048231586606921929
989 0 3464.964965 0.000000 0.61991830331979669 0.04800614312552165
989 1 3464.964965 22.500000 0.61991830331979669 0.04800614312552165
989 2 3464.964965 45.000000 0.61991830331979669 0.04800614312552165
989 3 3464.964965 67.500000 0.61991830331979669 0.04800614312552165
990 0 3468.468468 0.000000 0.61845409589662059 0.047982559006274836
990 1 3468.468468 22.500000 0.61845409589662059 0.047982559006274836
990 2 3468.468468 45.000000 0.61845409589662059 0.047982559006274836
990 3 3468.468468 67.500000 0.61845409589662059 0.047982559006274836
991 0 3471.971972 0.000000 0.61738503982884174 0.048164712979526778
991 1 3471.971972 22.500000 0.61738503982884174 0.048164712979526778
991 2 3471.971972 45.000000 0.61738503982884174 0.048164712979526778
991 3 3471.971972 67.500000 0.61738503982884174 0.048164712979526778
992 0 3475.475475 0.000000 0.61689392597322801 0.048521131130138201
992 1 3475.475475 22.500000 0.61689392597322801 0.048521131130138201
992 2 3475.475475 45.000000 0.61689392597322801 0.048521131130138201
992 3 3475.475475 67.500000 0.61689392597322801 0.048521131130138201
993 0 3478.978979 0.000000 0.61706454040890679 0.04899042376082504
993 1 3478.978979 22.500000 0.61706454040890679 0.04899042376082504
993 2 3478.978979 45.000000 0.61706454040890679 0.04899042376082504
993 3 3478.978979 67.500000 0.61706454040890679 0.04899042376082504
994 0 3482.482482 0.000000 0.61786748601927854 0.049491856592461483
994 1 3482.482482 22.500000 0.61786748601927854 0.049491856592461483
994 2 3482.482482 45.000000 0.61786748601927854 0.049491856592461483
994 3 3482.482482 67.500000 0.61786748601927854 0.049491856592461483
995 0 3485.985986 0.000000 0.61916501025297688 0.04993923640770797
995 1 3485.985986 22.500000 0.61916501025297688 0.04993923640770797
995 2 3485.985986 45.000000 0.61916501025297688 0.04993923640770797
995 3 3485.985986 67.500000 0.61916501025297688 0.04993923640770797
996 0 3489.489489 0.000000 0.62073420400004786 0.050255723503193475
996 1 3489.489489 22.500000 0.62073420400004786 0.050255723503193475
996 2 3489.489489 45.000000 0.62073420400004786 0.050255723503193475
996 3 3489.489489 67.500000 0.62073420400004786 0.050255723503193475
997 0 3492.992993 0.000000 0.62230494927050584 0.050387026027603476
997 1 3492.992993 22.500000 0.62230494927050584 0.050387026027603476
997 2 3492.992993 45.000000 0.62230494927050584 0.050387026027603476
997 3 3492.992993 67.500000 0.62230494927050584 0.050387026027603476
998 0 3496.496496 0.000000 0.6236063800272531 0.05031071113080951
998 1 3496.496496 22.500000 0.6236063800272531 0.05031071113080951
998 2 3496.496496 45.000000 0.6236063800272531 0.05031071113080951
998 3 3496.496496 67.500000 0.6236063800272531 0.05031071113080951
999 0 3500.000000 0.000000 0.62441388310503798 0.05004003644748125
999 1 3500.000000 22.500000 0.62441388310503798 0.05004003644748125
999 2 3500.000000 45.000000 0.62441388310503798 0.05004003644748125
999 3 3500.000000 67.500000 0.62441388310503798 0.05004003644748125
