# Nx=1000 Ny=4 Lx=3500.0 Ly=67.5 lambda=13.50
# i j x_nm y_nm |E|^2 Re(Ey)
0 0 0.000000 0.000000 0.62956625893635532 0.071401753089816722
0 1 0.000000 22.500000 0.62956625893635532 0.071401753089816722
0 2 0.000000 45.000000 0.62956625893635532 0.071401753089816722
0 3 0.000000 67.500000 0.62956625893635532 0.071401753089816722
1 0 3.503504 0.000000 0.62920795624535131 0.072155335971353443
1 1 3.503504 22.500000 0.62920795624535131 0.072155335971353443
1 2 3.503504 45.000000 0.62920795624535131 0.072155335971353443
1 3 3.503504 67.500000 0.62920795624535131 0.072155335971353443
2 0 7.007007 0.000000 0.62817994458202664 0.072741633586394017
2 1 7.007007 22.500000 0.62817994458202664 0.072741633586394017
2 2 7.007007 45.000000 0.62817994458202664 0.072741633586394017
2 3 7.007007 67.500000 0.62817994458202664 0.072741633586394017
3 0 10.510511 0.000000 0.6266592552021707 0.073059703654569999
3 1 10.510511 22.500000 0.6266592552021707 0.073059703654569999
3 2 10.510511 45.000000 0.6266592552021707 0.073059703654569999
3 3 10.510511 67.500000 0.6266592552021707 0.073059703654569999
4 0 14.014014 0.000000 0.62490779316571254 0.07305468473540945
4 1 14.014014 22.500000 0.62490779316571254 0.07305468473540945
4 2 14.014014 45.000000 0.62490779316571254 0.07305468473540945
4 3 14.014014 67.500000 0.62490779316571254 0.07305468473540945
5 0 17.517518 0.000000 0.62322694406947921 0.072727256437576437
5 1 17.517518 22.500000 0.62322694406947921 0.072727256437576437
5 2 17.517518 45.000000 0.62322694406947921 0.072727256437576437
5 3 17.517518 67.500000 0.62322694406947921 0.072727256437576437
6 0 21.021021 0.000000 0.62190565191688163 0.072133554121399879
6 1 21.021021 22.500000 0.62190565191688163 0.072133554121399879
6 2 21.021021 45.000000 0.62190565191688163 0.072133554121399879
6 3 21.021021 67.500000 0.62190565191688163 0.072133554121399879
7 0 24.524525 0.000000 0.62117095992029214 0.071375547337117901
7 1 24.524525 22.500000 0.62117095992029214 0.071375547337117901
7 2 24.524525 45.000000 0.62117095992029214 0.071375547337117901
7 3 24.524525 67.500000 0.62117095992029214 0.071375547337117901
8 0 28.028028 0.000000 0.6211493473598706 0.070583530708719755
8 1 28.028028 22.500000 0.6211493473598706 0.070583530708719755
8 2 28.028028 45.000000 0.6211493473598706 0.070583530708719755
8 3 28.028028 67.500000 0.6211493473598706 0.070583530708719755
9 0 31.531532 0.000000 0.62184521962334083 0.06989373299608069
9 1 31.531532 22.500000 0.62184521962334083 0.06989373299608069
9 2 31.531532 45.000000 0.62184521962334083 0.06989373299608069
9 3 31.531532 67.500000 0.62184521962334083 0.06989373299608069
10 0 35.035035 0.000000 0.62314003760098424 0.06942489123388175
10 1 35.035035 22.500000 0.62314003760098424 0.06942489123388175
10 2 35.035035 45.000000 0.62314003760098424 0.06942489123388175
10 3 35.035035 67.500000 0.62314003760098424 0.06942489123388175
11 0 38.538539 0.000000 0.62481225152969666 0.069257817254098353
11 1 38.538539 22.500000 0.62481225152969666 0.069257817254098353
11 2 38.538539 45.000000 0.62481225152969666 0.069257817254098353
11 3 38.538539 67.500000 0.62481225152969666 0.069257817254098353
12 0 42.042042 0.000000 0.6265748553409809 0.0694214721154119
12 1 42.042042 22.500000 0.6265748553409809 0.0694214721154119
12 2 42.042042 45.000000 0.6265748553409809 0.0694214721154119
12 3 42.042042 67.500000 0.6265748553409809 0.0694214721154119
13 0 45.545546 0.000000 0.62812442517412559 0.069887947494314567
13 1 45.545546 22.500000 0.62812442517412559 0.069887947494314567
13 2 45.545546 45.000000 0.62812442517412559 0.069887947494314567
13 3 45.545546 67.500000 0.62812442517412559 0.069887947494314567
14 0 49.049049 0.000000 0.62919340377433253 0.070577223428015576
14 1 49.049049 22.500000 0.62919340377433253 0.070577223428015576
14 2 49.049049 45.000000 0.62919340377433253 0.070577223428015576
14 3 49.049049 67.500000 0.62919340377433253 0.070577223428015576
15 0 52.552553 0.000000 0.62959658209710712 0.071370891575298648
15 1 52.552553 22.500000 0.62959658209710712 0.071370891575298648
15 2 52.552553 45.000000 0.62959658209710712 0.071370891575298648
15 3 52.552553 67.500000 0.62959658209710712 0.071370891575298648
16 0 56.056056 0.000000 0.62926351153542948 0.072132491080211678
16 1 56.056056 22.500000 0.62926351153542948 0.072132491080211678
16 2 56.056056 45.000000 0.62926351153542948 0.072132491080211678
16 3 56.056056 67.500000 0.62926351153542948 0.072132491080211678
17 0 59.559560 0.000000 0.6282509582451955 0.072730965358575456
17 1 59.559560 22.500000 0.6282509582451955 0.072730965358575456
17 2 59.559560 45.000000 0.6282509582451955 0.072730965358575456
17 3 59.559560 67.500000 0.6282509582451955 0.072730965358575456
18 0 63.063063 0.000000 0.62673310020481787 0.073063208736738938
18 1 63.063063 22.500000 0.62673310020481787 0.073063208736738938
18 2 63.063063 45.000000 0.62673310020481787 0.073063208736738938
18 3 63.063063 67.500000 0.62673310020481787 0.073063208736738938
19 0 66.566567 0.000000 0.62497124538299753 0.073071825051927303
19 1 66.566567 22.500000 0.62497124538299753 0.073071825051927303
19 2 66.566567 45.000000 0.62497124538299753 0.073071825051927303
19 3 66.566567 67.500000 0.62497124538299753 0.073071825051927303
20 0 70.070070 0.000000 0.62326854931058828 0.072755040310464786
20 1 70.070070 22.500000 0.62326854931058828 0.072755040310464786
20 2 70.070070 45.000000 0.62326854931058828 0.072755040310464786
20 3 70.070070 67.500000 0.62326854931058828 0.072755040310464786
21 0 73.573574 0.000000 0.62191778007324172 0.072167057901321011
21 1 73.573574 22.500000 0.62191778007324172 0.072167057901321011
21 2 73.573574 45.000000 0.62191778007324172 0.072167057901321011
21 3 73.573574 67.500000 0.62191778007324172 0.072167057901321011
22 0 77.077077 0.000000 0.62115118578143647 0.071408786686736878
22 1 77.077077 22.500000 0.62115118578143647 0.071408786686736878
22 2 77.077077 45.000000 0.62115118578143647 0.071408786686736878
22 3 77.077077 67.500000 0.62115118578143647 0.071408786686736878
23 0 80.580581 0.000000 0.62110091934372813 0.070610527569150136
23 1 80.580581 22.500000 0.62110091934372813 0.070610527569150136
23 2 80.580581 45.000000 0.62110091934372813 0.070610527569150136
23 3 80.580581 67.500000 0.62110091934372813 0.070610527569150136
24 0 84.084084 0.000000 0.62177653360102836 0.06990958832934055
24 1 84.084084 22.500000 0.62177653360102836 0.06990958832934055
24 2 84.084084 45.000000 0.62177653360102836 0.06990958832934055
24 3 84.084084 67.500000 0.62177653360102836 0.06990958832934055
25 0 87.587588 0.000000 0.62306319895301698 0.069426671442813018
25 1 87.587588 22.500000 0.62306319895301698 0.069426671442813018
25 2 87.587588 45.000000 0.62306319895301698 0.069426671442813018
25 3 87.587588 67.500000 0.62306319895301698 0.069426671442813018
26 0 91.091091 0.000000 0.62474096247784372 0.069245094322013076
26 1 91.091091 22.500000 0.62474096247784372 0.069245094322013076
26 2 91.091091 45.000000 0.62474096247784372 0.069245094322013076
26 3 91.091091 67.500000 0.62474096247784372 0.069245094322013076
27 0 94.594595 0.000000 0.62652198549402005 0.06939641844217069
27 1 94.594595 22.500000 0.62652198549402005 0.06939641844217069
27 2 94.594595 45.000000 0.62652198549402005 0.06939641844217069
27 3 94.594595 67.500000 0.62652198549402005 0.06939641844217069
28 0 98.098098 0.000000 0.62809969054156445 0.069854965423787746
28 1 98.098098 22.500000 0.62809969054156445 0.069854965423787746
28 2 98.098098 45.000000 0.62809969054156445 0.069854965423787746
28 3 98.098098 67.500000 0.62809969054156445 0.069854965423787746
29 0 101.601602 0.000000 0.62920157581005121 0.07054217256314696
29 1 101.601602 22.500000 0.62920157581005121 0.07054217256314696
29 2 101.601602 45.000000 0.62920157581005121 0.07054217256314696
29 3 101.601602 67.500000 0.62920157581005121 0.07054217256314696
30 0 105.105105 0.000000 0.62963656573393101 0.071340049346712314
30 1 105.105105 22.500000 0.62963656573393101 0.071340049346712314
30 2 105.105105 45.000000 0.62963656573393101 0.071340049346712314
30 3 105.105105 67.500000 0.62963656573393101 0.071340049346712314
31 0 108.608609 0.000000 0.6293284780895696 0.072111430680628003
31 1 108.608609 22.500000 0.6293284780895696 0.072111430680628003
31 2 108.608609 45.000000 0.6293284780895696 0.072111430680628003
31 3 108.608609 67.500000 0.6293284780895696 0.072111430680628003
32 0 112.112112 0.000000 0.62832952271460696 0.072723551236445666
32 1 112.112112 22.500000 0.62832952271460696 0.072723551236445666
32 2 112.112112 45.000000 0.62832952271460696 0.072723551236445666
32 3 112.112112 67.500000 0.62832952271460696 0.072723551236445666
33 0 115.615616 0.000000 0.6268113338914213 0.07307089026886017
33 1 115.615616 22.500000 0.6268113338914213 0.07307089026886017
33 2 115.615616 45.000000 0.6268113338914213 0.07307089026886017
33 3 115.615616 67.500000 0.6268113338914213 0.07307089026886017
34 0 119.119119 0.000000 0.6250351573799231 0.073093357036347062
34 1 119.119119 22.500000 0.6250351573799231 0.073093357036347062
34 2 119.119119 45.000000 0.6250351573799231 0.073093357036347062
34 3 119.119119 67.500000 0.6250351573799231 0.073093357036347062
35 0 122.622623 0.000000 0.62330658695798091 0.072786683589276077
35 1 122.622623 22.500000 0.62330658695798091 0.072786683589276077
35 2 122.622623 45.000000 0.62330658695798091 0.072786683589276077
35 3 122.622623 67.500000 0.62330658695798091 0.072786683589276077
36 0 126.126126 0.000000 0.62192290217129043 0.072203228016461604
36 1 126.126126 22.500000 0.62192290217129043 0.072203228016461604
36 2 126.126126 45.000000 0.62192290217129043 0.072203228016461604
36 3 126.126126 67.500000 0.62192290217129043 0.072203228016461604
37 0 129.629630 0.000000 0.6211221457432704 0.071443038158405664
37 1 129.629630 22.500000 0.6211221457432704 0.071443038158405664
37 2 129.629630 45.000000 0.6211221457432704 0.071443038158405664
37 3 129.629630 67.500000 0.6211221457432704 0.071443038158405664
38 0 133.133133 0.000000 0.62104253672271559 0.070636700533418709
38 1 133.133133 22.500000 0.62104253672271559 0.070636700533418709
38 2 133.133133 45.000000 0.62104253672271559 0.070636700533418709
38 3 133.133133 67.500000 0.62104253672271559 0.070636700533418709
39 0 136.636637 0.000000 0.62169890420390617 0.0699229138808804
39 1 136.636637 22.500000 0.62169890420390617 0.0699229138808804
39 2 136.636637 45.000000 0.62169890420390617 0.0699229138808804
39 3 136.636637 67.500000 0.62169890420390617 0.0699229138808804
40 0 140.140140 0.000000 0.62297996994295857 0.069424637752885432
40 1 140.140140 22.500000 0.62297996994295857 0.069424637752885432
40 2 140.140140 45.000000 0.62297996994295857 0.069424637752885432
40 3 140.140140 67.500000 0.62297996994295857 0.069424637752885432
41 0 143.643644 0.000000 0.62466695652302218 0.069227916698579833
41 1 143.643644 22.500000 0.62466695652302218 0.069227916698579833
41 2 143.643644 45.000000 0.62466695652302218 0.069227916698579833
41 3 143.643644 67.500000 0.62466695652302218 0.069227916698579833
42 0 147.147147 0.000000 0.62647057585945987 0.069367025916109118
42 1 147.147147 22.500000 0.62647057585945987 0.069367025916109118
42 2 147.147147 45.000000 0.62647057585945987 0.069367025916109118
42 3 147.147147 67.500000 0.62647057585945987 0.069367025916109118
43 0 150.650651 0.000000 0.62808038655863296 0.069818502029725116
43 1 150.650651 22.500000 0.62808038655863296 0.069818502029725116
43 2 150.650651 45.000000 0.62808038655863296 0.069818502029725116
43 3 150.650651 67.500000 0.62808038655863296 0.069818502029725116
44 0 154.154154 0.000000 0.62921825864093595 0.070505098106749195
44 1 154.154154 22.500000 0.62921825864093595 0.070505098106749195
44 2 154.154154 45.000000 0.62921825864093595 0.070505098106749195
44 3 154.154154 67.500000 0.62921825864093595 0.070505098106749195
45 0 157.657658 0.000000 0.629686711666952 0.071308996678736289
45 1 157.657658 22.500000 0.629686711666952 0.071308996678736289
45 2 157.657658 45.000000 0.629686711666952 0.071308996678736289
45 3 157.657658 67.500000 0.629686711666952 0.071308996678736289
46 0 161.161161 0.000000 0.62940353235400814 0.072092021338111253
46 1 161.161161 22.500000 0.62940353235400814 0.072092021338111253
46 2 161.161161 45.000000 0.62940353235400814 0.072092021338111253
46 3 161.161161 67.500000 0.62940353235400814 0.072092021338111253
47 0 164.664665 0.000000 0.62841637237739956 0.072719380541660106
47 1 164.664665 22.500000 0.62841637237739956 0.072719380541660106
47 2 164.664665 45.000000 0.62841637237739956 0.072719380541660106
47 3 164.664665 67.500000 0.62841637237739956 0.072719380541660106
48 0 168.168168 0.000000 0.62689461894060539 0.073082864649346074
48 1 168.168168 22.500000 0.62689461894060539 0.073082864649346074
48 2 168.168168 45.000000 0.62689461894060539 0.073082864649346074
48 3 168.168168 67.500000 0.62689461894060539 0.073082864649346074
49 0 171.671672 0.000000 0.62510000074791183 0.073119505167920651
49 1 171.671672 22.500000 0.62510000074791183 0.073119505167920651
49 2 171.671672 45.000000 0.62510000074791183 0.073119505167920651
49 3 171.671672 67.500000 0.62510000074791183 0.073119505167920651
50 0 175.175175 0.000000 0.62334125002030516 0.0728224795775409
50 1 175.175175 22.500000 0.62334125002030516 0.0728224795775409
50 2 175.175175 45.000000 0.62334125002030516 0.0728224795775409
50 3 175.175175 67.500000 0.62334125002030516 0.0728224795775409
51 0 178.678679 0.000000 0.62192089311597987 0.072242373877525787
51 1 178.678679 22.500000 0.62192089311597987 0.072242373877525787
51 2 178.678679 45.000000 0.62192089311597987 0.072242373877525787
51 3 178.678679 67.500000 0.62192089311597987 0.072242373877525787
52 0 182.182182 0.000000 0.6210834128264372 0.071478570467035915
52 1 182.182182 22.500000 0.6210834128264372 0.071478570467035915
52 2 182.182182 45.000000 0.6210834128264372 0.071478570467035915
52 3 182.182182 67.500000 0.6210834128264372 0.071478570467035915
53 0 185.685686 0.000000 0.62097354071527266 0.070662227025460475
53 1 185.685686 22.500000 0.62097354071527266 0.070662227025460475
53 2 185.685686 45.000000 0.62097354071527266 0.070662227025460475
53 3 185.685686 67.500000 0.62097354071527266 0.070662227025460475
54 0 189.189189 0.000000 0.62161155353987729 0.069933760758235056
54 1 189.189189 22.500000 0.62161155353987729 0.069933760758235056
54 2 189.189189 45.000000 0.62161155353987729 0.069933760758235056
54 3 189.189189 67.500000 0.62161155353987729 0.069933760758235056
55 0 192.692693 0.000000 0.62288958998308219 0.069418702215164149
55 1 192.692693 22.500000 0.62288958998308219 0.069418702215164149
55 2 192.692693 45.000000 0.62288958998308219 0.069418702215164149
55 3 192.692693 67.500000 0.62288958998308219 0.069418702215164149
56 0 196.196196 0.000000 0.62458962698102671 0.069206069725962979
56 1 196.196196 22.500000 0.62458962698102671 0.069206069725962979
56 2 196.196196 45.000000 0.62458962698102671 0.069206069725962979
56 3 196.196196 67.500000 0.62458962698102671 0.069206069725962979
57 0 199.699700 0.000000 0.62642028611653422 0.069332988911988774
57 1 199.699700 22.500000 0.62642028611653422 0.069332988911988774
57 2 199.699700 45.000000 0.62642028611653422 0.069332988911988774
57 3 199.699700 67.500000 0.62642028611653422 0.069332988911988774
58 0 203.203203 0.000000 0.62806650672957087 0.069778213884021861
58 1 203.203203 22.500000 0.62806650672957087 0.069778213884021861
58 2 203.203203 45.000000 0.62806650672957087 0.069778213884021861
58 3 203.203203 67.500000 0.62806650672957087 0.069778213884021861
59 0 206.706707 0.000000 0.62924378860577879 0.070465680162641153
59 1 206.706707 22.500000 0.62924378860577879 0.070465680162641153
59 2 206.706707 45.000000 0.62924378860577879 0.070465680162641153
59 3 206.706707 67.500000 0.62924378860577879 0.070465680162641153
60 0 210.210210 0.000000 0.62974764641638825 0.071277495784046602
60 1 210.210210 22.500000 0.62974764641638825 0.071277495784046602
60 2 210.210210 45.000000 0.62974764641638825 0.071277495784046602
60 3 210.210210 67.500000 0.62974764641638825 0.071277495784046602
61 0 213.713714 0.000000 0.62948948477103628 0.072074152529582394
61 1 213.713714 22.500000 0.62948948477103628 0.072074152529582394
61 2 213.713714 45.000000 0.62948948477103628 0.072074152529582394
61 3 213.713714 67.500000 0.62948948477103628 0.072074152529582394
62 0 217.217217 0.000000 0.62851235988951359 0.072718493279893354
62 1 217.217217 22.500000 0.62851235988951359 0.072718493279893354
62 2 217.217217 45.000000 0.62851235988951359 0.072718493279893354
62 3 217.217217 67.500000 0.62851235988951359 0.072718493279893354
63 0 220.720721 0.000000 0.62698369810111787 0.073099319083905323
63 1 220.720721 22.500000 0.62698369810111787 0.073099319083905323
63 2 220.720721 45.000000 0.62698369810111787 0.073099319083905323
63 3 220.720721 67.500000 0.62698369810111787 0.073099319083905323
64 0 224.224224 0.000000 0.62516627309113837 0.07315057392075211
64 1 224.224224 22.500000 0.62516627309113837 0.07315057392075211
64 2 224.224224 45.000000 0.62516627309113837 0.07315057392075211
64 3 224.224224 67.500000 0.62516627309113837 0.07315057392075211
65 0 227.727728 0.000000 0.62337269712903598 0.072862798266006334
65 1 227.727728 22.500000 0.62337269712903598 0.072862798266006334
65 2 227.727728 45.000000 0.62337269712903598 0.072862798266006334
65 3 227.727728 67.500000 0.62337269712903598 0.072862798266006334
66 0 231.231231 0.000000 0.62191153749024597 0.072284866235365841
66 1 231.231231 22.500000 0.62191153749024597 0.072284866235365841
66 2 231.231231 45.000000 0.62191153749024597 0.072284866235365841
66 3 231.231231 67.500000 0.62191153749024597 0.072284866235365841
67 0 234.734735 0.000000 0.62103442839167389 0.071515688709970174
67 1 234.734735 22.500000 0.62103442839167389 0.071515688709970174
67 2 234.734735 45.000000 0.62103442839167389 0.071515688709970174
67 3 234.734735 67.500000 0.62103442839167389 0.071515688709970174
68 0 238.238238 0.000000 0.62089312194434365 0.070687290312847692
68 1 238.238238 22.500000 0.62089312194434365 0.070687290312847692
68 2 238.238238 45.000000 0.62089312194434365 0.070687290312847692
68 3 238.238238 67.500000 0.62089312194434365 0.070687290312847692
69 0 241.741742 0.000000 0.62151356065919461 0.069942154776874238
69 1 241.741742 22.500000 0.62151356065919461 0.069942154776874238
69 2 241.741742 45.000000 0.62151356065919461 0.069942154776874238
69 3 241.741742 67.500000 0.62151356065919461 0.069942154776874238
70 0 245.245245 0.000000 0.62279118902312058 0.069408724978017561
70 1 245.245245 22.500000 0.62279118902312058 0.069408724978017561
70 2 245.245245 45.000000 0.62279118902312058 0.069408724978017561
70 3 245.245245 67.500000 0.62279118902312058 0.069408724978017561
71 0 248.748749 0.000000 0.62450831240328852 0.069179269164660176
71 1 248.748749 22.500000 0.62450831240328852 0.069179269164660176
71 2 248.748749 45.000000 0.62450831240328852 0.069179269164660176
71 3 248.748749 67.500000 0.62450831240328852 0.069179269164660176
72 0 252.252252 0.000000 0.62637078818190561 0.069293926420181493
72 1 252.252252 22.500000 0.62637078818190561 0.069293926420181493
72 2 252.252252 45.000000 0.62637078818190561 0.069293926420181493
72 3 252.252252 67.500000 0.62637078818190561 0.069293926420181493
73 0 255.755756 0.000000 0.62805812482671275 0.069733689218048345
73 1 255.755756 22.500000 0.62805812482671275 0.069733689218048345
73 2 255.755756 45.000000 0.62805812482671275 0.069733689218048345
73 3 255.755756 67.500000 0.62805812482671275 0.069733689218048345
74 0 259.259259 0.000000 0.62927863949004048 0.070423549193493279
74 1 259.259259 22.500000 0.62927863949004048 0.070423549193493279
74 2 259.259259 45.000000 0.62927863949004048 0.070423549193493279
74 3 259.259259 67.500000 0.62927863949004048 0.070423549193493279
75 0 262.762763 0.000000 0.62982016986567246 0.071245286411907069
75 1 262.762763 22.500000 0.62982016986567246 0.071245286411907069
75 2 262.762763 45.000000 0.62982016986567246 0.071245286411907069
75 3 262.762763 67.500000 0.62982016986567246 0.071245286411907069
76 0 266.266266 0.000000 0.62958732677632978 0.072057722276061081
76 1 266.266266 22.500000 0.62958732677632978 0.072057722276061081
76 2 266.266266 45.000000 0.62958732677632978 0.072057722276061081
76 3 266.266266 67.500000 0.62958732677632978 0.072057722276061081
77 0 269.769770 0.000000 0.62861849597817265 0.072720967490879779
77 1 269.769770 22.500000 0.62861849597817265 0.072720967490879779
77 2 269.769770 45.000000 0.62861849597817265 0.072720967490879779
77 3 269.769770 67.500000 0.62861849597817265 0.072720967490879779
78 0 273.273273 0.000000 0.62707942174899634 0.073120501642770203
78 1 273.273273 22.500000 0.62707942174899634 0.073120501642770203
78 2 273.273273 45.000000 0.62707942174899634 0.073120501642770203
78 3 273.273273 67.500000 0.62707942174899634 0.073120501642770203
79 0 276.776777 0.000000 0.62523450957850202 0.073186940751881674
79 1 276.776777 22.500000 0.62523450957850202 0.073186940751881674
79 2 276.776777 45.000000 0.62523450957850202 0.073186940751881674
79 3 276.776777 67.500000 0.62523450957850202 0.073186940751881674
80 0 280.280280 0.000000 0.62340104626756676 0.07290808178435991
80 1 280.280280 22.500000 0.62340104626756676 0.07290808178435991
80 2 280.280280 45.000000 0.62340104626756676 0.07290808178435991
80 3 280.280280 67.500000 0.62340104626756676 0.07290808178435991
81 0 283.783784 0.000000 0.62189450596051865 0.072331134141808862
81 1 283.783784 22.500000 0.62189450596051865 0.072331134141808862
81 2 283.783784 45.000000 0.62189450596051865 0.072331134141808862
81 3 283.783784 67.500000 0.62189450596051865 0.072331134141808862
82 0 287.287287 0.000000 0.62097446406954548 0.071554731684192519
82 1 287.287287 22.500000 0.62097446406954548 0.071554731684192519
82 2 287.287287 45.000000 0.62097446406954548 0.071554731684192519
82 3 287.287287 67.500000 0.62097446406954548 0.071554731684192519
83 0 290.790791 0.000000 0.62080027276460814 0.070712076146151159
83 1 290.790791 22.500000 0.62080027276460814 0.070712076146151159
83 2 290.790791 45.000000 0.62080027276460814 0.070712076146151159
83 3 290.790791 67.500000 0.62080027276460814 0.070712076146151159
84 0 294.294294 0.000000 0.62140381053991156 0.069948091787246147
84 1 294.294294 22.500000 0.62140381053991156 0.069948091787246147
84 2 294.294294 45.000000 0.62140381053991156 0.069948091787246147
84 3 294.294294 67.500000 0.62140381053991156 0.069948091787246147
85 0 297.797798 0.000000 0.62268373997094939 0.06939450825672891
85 1 297.797798 22.500000 0.62268373997094939 0.06939450825672891
85 2 297.797798 45.000000 0.62268373997094939 0.06939450825672891
85 3 297.797798 67.500000 0.62268373997094939 0.06939450825672891
86 0 301.301301 0.000000 0.62442225873861879 0.0691471544086215
86 1 301.301301 22.500000 0.62442225873861879 0.0691471544086215
86 2 301.301301 45.000000 0.62442225873861879 0.0691471544086215
86 3 301.301301 67.500000 0.62442225873861879 0.0691471544086215
87 0 304.804805 0.000000 0.62632174298641219 0.069249375671503119
87 1 304.804805 22.500000 0.62632174298641219 0.069249375671503119
87 2 304.804805 45.000000 0.62632174298641219 0.069249375671503119
87 3 304.804805 67.500000 0.62632174298641219 0.069249375671503119
88 0 308.308308 0.000000 0.62805538894623758 0.069684443463622209
88 1 308.308308 22.500000 0.62805538894623758 0.069684443463622209
88 2 308.308308 45.000000 0.62805538894623758 0.069684443463622209
88 3 308.308308 67.500000 0.62805538894623758 0.069684443463622209
89 0 311.811812 0.000000 0.62932343386416756 0.070378285014473921
89 1 311.811812 22.500000 0.62932343386416756 0.070378285014473921
89 2 311.811812 45.000000 0.62932343386416756 0.070378285014473921
89 3 311.811812 67.500000 0.62932343386416756 0.070378285014473921
90 0 315.315315 0.000000 0.62990528120514544 0.071212089514523944
90 1 315.315315 22.500000 0.62990528120514544 0.071212089514523944
90 2 315.315315 45.000000 0.62990528120514544 0.071212089514523944
90 3 315.315315 67.500000 0.62990528120514544 0.071212089514523944
91 0 318.818819 0.000000 0.62969826642921722 0.072042646071627053
91 1 318.818819 22.500000 0.62969826642921722 0.072042646071627053
91 2 318.818819 45.000000 0.62969826642921722 0.072042646071627053
91 3 318.818819 67.500000 0.62969826642921722 0.072042646071627053
92 0 322.322322 0.000000 0.62873598843557221 0.072726933183256057
92 1 322.322322 22.500000 0.62873598843557221 0.072726933183256057
92 2 322.322322 45.000000 0.62873598843557221 0.072726933183256057
92 3 322.322322 67.500000 0.62873598843557221 0.072726933183256057
93 0 325.825826 0.000000 0.62718278360664426 0.073146739027400251
93 1 325.825826 22.500000 0.62718278360664426 0.073146739027400251
93 2 325.825826 45.000000 0.62718278360664426 0.073146739027400251
93 3 325.825826 67.500000 0.62718278360664426 0.073146739027400251
94 0 329.329329 0.000000 0.625305309576764 0.073229075707262059
94 1 329.329329 22.500000 0.625305309576764 0.073229075707262059
94 2 329.329329 45.000000 0.625305309576764 0.073229075707262059
94 3 329.329329 67.500000 0.625305309576764 0.073229075707262059
95 0 332.832833 0.000000 0.62342638831844421 0.072958863296501822
95 1 332.832833 22.500000 0.62342638831844421 0.072958863296501822
95 2 332.832833 45.000000 0.62342638831844421 0.072958863296501822
95 3 332.832833 67.500000 0.62342638831844421 0.072958863296501822
96 0 336.336336 0.000000 0.6218693542047008 0.072381680412989299
96 1 336.336336 22.500000 0.6218693542047008 0.072381680412989299
96 2 336.336336 45.000000 0.6218693542047008 0.072381680412989299
96 3 336.336336 67.500000 0.6218693542047008 0.072381680412989299
97 0 339.839840 0.000000 0.62090260722307056 0.071596081473815007
97 1 339.839840 22.500000 0.62090260722307056 0.071596081473815007
97 2 339.839840 45.000000 0.62090260722307056 0.071596081473815007
97 3 339.839840 67.500000 0.62090260722307056 0.071596081473815007
98 0 343.343343 0.000000 0.62069376286030531 0.070736774737825817
98 1 343.343343 22.500000 0.62069376286030531 0.070736774737825817
98 2 343.343343 45.000000 0.62069376286030531 0.070736774737825817
98 3 343.343343 67.500000 0.62069376286030531 0.070736774737825817
99 0 346.846847 0.000000 0.6212809652123279 0.069951531363928315
99 1 346.846847 22.500000 0.6212809652123279 0.069951531363928315
99 2 346.846847 45.000000 0.6212809652123279 0.069951531363928315
99 3 346.846847 67.500000 0.6212809652123279 0.069951531363928315
100 0 350.350350 0.000000 0.62256603156050216 0.069375782284688159
100 1 350.350350 22.500000 0.62256603156050216 0.069375782284688159
100 2 350.350350 45.000000 0.62256603156050216 0.069375782284688159
100 3 350.350350 67.500000 0.62256603156050216 0.069375782284688159
101 0 353.853854 0.000000 0.62433059986176309 0.069109268464593102
101 1 353.853854 22.500000 0.62433059986176309 0.069109268464593102
101 2 353.853854 45.000000 0.62433059986176309 0.069109268464593102
101 3 353.853854 67.500000 0.62433059986176309 0.069109268464593102
102 0 357.357357 0.000000 0.62627279317741602 0.069198768899548263
102 1 357.357357 22.500000 0.62627279317741602 0.069198768899548263
102 2 357.357357 45.000000 0.62627279317741602 0.069198768899548263
102 3 357.357357 67.500000 0.62627279317741602 0.069198768899548263
103 0 360.860861 0.000000 0.62805852860133415 0.069629896138325403
103 1 360.860861 22.500000 0.62805852860133415 0.069629896138325403
103 2 360.860861 45.000000 0.62805852860133415 0.069629896138325403
103 3 360.860861 67.500000 0.62805852860133415 0.069629896138325403
104 0 364.364364 0.000000 0.62937896398276316 0.070329397206754407
104 1 364.364364 22.500000 0.62937896398276316 0.070329397206754407
104 2 364.364364 45.000000 0.62937896398276316 0.070329397206754407
104 3 364.364364 67.500000 0.62937896398276316 0.070329397206754407
105 0 367.867868 0.000000 0.63000421025122666 0.071177594107488792
105 1 367.867868 22.500000 0.63000421025122666 0.071177594107488792
105 2 367.867868 45.000000 0.63000421025122666 0.071177594107488792
105 3 367.867868 67.500000 0.63000421025122666 0.071177594107488792
106 0 371.371371 0.000000 0.62982376450215305 0.072028852133302637
106 1 371.371371 22.500000 0.62982376450215305 0.072028852133302637
106 2 371.371371 45.000000 0.62982376450215305 0.072028852133302637
106 3 371.371371 67.500000 0.62982376450215305 0.072028852133302637
107 0 374.874875 0.000000 0.6288662760613144 0.072736576598649336
107 1 374.874875 22.500000 0.6288662760613144 0.072736576598649336
107 2 374.874875 45.000000 0.6288662760613144 0.072736576598649336
107 3 374.874875 67.500000 0.6288662760613144 0.072736576598649336
108 0 378.378378 0.000000 0.62729494562907939 0.073178449026457773
108 1 378.378378 22.500000 0.62729494562907939 0.073178449026457773
108 2 378.378378 45.000000 0.62729494562907939 0.073178449026457773
108 3 378.378378 67.500000 0.62729494562907939 0.073178449026457773
109 0 381.881882 0.000000 0.62537934689321506 0.073277559912192036
109 1 381.881882 22.500000 0.62537934689321506 0.073277559912192036
109 2 381.881882 45.000000 0.62537934689321506 0.073277559912192036
109 3 381.881882 67.500000 0.62537934689321506 0.073277559912192036
110 0 385.385385 0.000000 0.62344877949786748 0.073015788374369506
110 1 385.385385 22.500000 0.62344877949786748 0.073015788374369506
110 2 385.385385 45.000000 0.62344877949786748 0.073015788374369506
110 3 385.385385 67.500000 0.62344877949786748 0.073015788374369506
111 0 388.888889 0.000000 0.62183549748063449 0.072437102260687905
111 1 388.888889 22.500000 0.62183549748063449 0.072437102260687905
111 2 388.888889 45.000000 0.62183549748063449 0.072437102260687905
111 3 388.888889 67.500000 0.62183549748063449 0.072437102260687905
112 0 392.392392 0.000000 0.62081772084408482 0.071640179849707747
112 1 392.392392 22.500000 0.62081772084408482 0.071640179849707747
112 2 392.392392 45.000000 0.62081772084408482 0.071640179849707747
112 3 392.392392 67.500000 0.62081772084408482 0.071640179849707747
113 0 395.895896 0.000000 0.62057209049521256 0.070761590178156197
113 1 395.895896 22.500000 0.62057209049521256 0.070761590178156197
113 2 395.895896 45.000000 0.62057209049521256 0.070761590178156197
113 3 395.895896 67.500000 0.62057209049521256 0.070761590178156197
114 0 399.399399 0.000000 0.62114341429773023 0.069952397708152578
114 1 399.399399 22.500000 0.62114341429773023 0.069952397708152578
114 2 399.399399 45.000000 0.62114341429773023 0.069952397708152578
114 3 399.399399 67.500000 0.62114341429773023 0.069952397708152578
115 0 402.902903 0.000000 0.62243662673501332 0.069352197676753213
115 1 402.902903 22.500000 0.62243662673501332 0.069352197676753213
115 2 402.902903 45.000000 0.62243662673501332 0.069352197676753213
115 3 402.902903 67.500000 0.62243662673501332 0.069352197676753213
116 0 406.406406 0.000000 0.6242323315147067 0.06906504327849608
116 1 406.406406 22.500000 0.6242323315147067 0.06906504327849608
116 2 406.406406 45.000000 0.6242323315147067 0.06906504327849608
116 3 406.406406 67.500000 0.6242323315147067 0.06906504327849608
117 0 409.909910 0.000000 0.62622355808463159 0.069141414415416089
117 1 409.909910 22.500000 0.62622355808463159 0.069141414415416089
117 2 409.909910 45.000000 0.62622355808463159 0.069141414415416089
117 3 409.909910 67.500000 0.62622355808463159 0.069141414415416089
118 0 413.413413 0.000000 0.62806787283136323 0.06956935125964607
118 1 413.413413 22.500000 0.62806787283136323 0.06956935125964607
118 2 413.413413 45.000000 0.62806787283136323 0.06956935125964607
118 3 413.413413 67.500000 0.62806787283136323 0.06956935125964607
119 0 416.916917 0.000000 0.62944623123514287 0.07027630863603325
119 1 416.916917 22.500000 0.62944623123514287 0.07027630863603325
119 2 416.916917 45.000000 0.62944623123514287 0.07027630863603325
119 3 416.916917 67.500000 0.62944623123514287 0.07027630863603325
120 0 420.420420 0.000000 0.63011847262036269 0.071141447153071358
120 1 420.420420 22.500000 0.63011847262036269 0.071141447153071358
120 2 420.420420 45.000000 0.63011847262036269 0.071141447153071358
120 3 420.420420 67.500000 0.63011847262036269 0.071141447153071358
121 0 423.923924 0.000000 0.62996559675705421 0.072016279799119509
121 1 423.923924 22.500000 0.62996559675705421 0.072016279799119509
121 2 423.923924 45.000000 0.62996559675705421 0.072016279799119509
121 3 423.923924 67.500000 0.62996559675705421 0.072016279799119509
122 0 427.427427 0.000000 0.6290110878247499 0.072750147741119181
122 1 427.427427 22.500000 0.6290110878247499 0.072750147741119181
122 2 427.427427 45.000000 0.6290110878247499 0.072750147741119181
122 3 427.427427 67.500000 0.6290110878247499 0.072750147741119181
123 0 430.930931 0.000000 0.62741728399730112 0.073216156100660998
123 1 430.930931 22.500000 0.62741728399730112 0.073216156100660998
123 2 430.930931 45.000000 0.62741728399730112 0.073216156100660998
123 3 430.930931 67.500000 0.62741728399730112 0.073216156100660998
124 0 434.434434 0.000000 0.62545739448698712 0.073333106584507493
124 1 434.434434 22.500000 0.62545739448698712 0.073333106584507493
124 2 434.434434 45.000000 0.62545739448698712 0.073333106584507493
124 3 434.434434 67.500000 0.62545739448698712 0.073333106584507493
125 0 437.937938 0.000000 0.62346824008635759 0.073079637687809729
125 1 437.937938 22.500000 0.62346824008635759 0.073079637687809729
125 2 437.937938 45.000000 0.62346824008635759 0.073079637687809729
125 3 437.937938 67.500000 0.62346824008635759 0.073079637687809729
126 0 441.441441 0.000000 0.62179218299117345 0.072498111427397524
126 1 441.441441 22.500000 0.62179218299117345 0.072498111427397524
126 2 441.441441 45.000000 0.62179218299117345 0.072498111427397524
126 3 441.441441 67.500000 0.62179218299117345 0.072498111427397524
127 0 444.944945 0.000000 0.62071839365427395 0.071687541893394963
127 1 444.944945 22.500000 0.62071839365427395 0.071687541893394963
127 2 444.944945 45.000000 0.62071839365427395 0.071687541893394963
127 3 444.944945 67.500000 0.62071839365427395 0.071687541893394963
128 0 448.448448 0.000000 0.62043341835880217 0.070786744600488352
128 1 448.448448 22.500000 0.62043341835880217 0.070786744600488352
128 2 448.448448 45.000000 0.62043341835880217 0.070786744600488352
128 3 448.448448 67.500000 0.62043341835880217 0.070786744600488352
129 0 451.951952 0.000000 0.62098920727536144 0.069950572995961899
129 1 451.951952 22.500000 0.62098920727536144 0.069950572995961899
129 2 451.951952 45.000000 0.62098920727536144 0.069950572995961899
129 3 451.951952 67.500000 0.62098920727536144 0.069950572995961899
130 0 455.455455 0.000000 0.62229380295585313 0.069323308508016671
130 1 455.455455 22.500000 0.62229380295585313 0.069323308508016671
130 2 455.455455 45.000000 0.62229380295585313 0.069323308508016671
130 3 455.455455 67.500000 0.62229380295585313 0.069323308508016671
131 0 458.958959 0.000000 0.62412627027499323 0.06901377498557007
131 1 458.958959 22.500000 0.62412627027499323 0.06901377498557007
131 2 458.958959 45.000000 0.62412627027499323 0.06901377498557007
131 3 458.958959 67.500000 0.62412627027499323 0.06901377498557007
132 0 462.462462 0.000000 0.62617361908742952 0.0690764680095622
132 1 462.462462 22.500000 0.62617361908742952 0.0690764680095622
132 2 462.462462 45.000000 0.62617361908742952 0.0690764680095622
132 3 462.462462 67.500000 0.62617361908742952 0.0690764680095622
133 0 465.965966 0.000000 0.62808386535030536 0.069501969774171987
133 1 465.965966 22.500000 0.62808386535030536 0.069501969774171987
133 2 465.965966 45.000000 0.62808386535030536 0.069501969774171987
133 3 465.965966 67.500000 0.62808386535030536 0.069501969774171987
134 0 469.469469 0.000000 0.62952648930890431 0.07021833384839285
134 1 469.469469 22.500000 0.62952648930890431 0.07021833384839285
134 2 469.469469 45.000000 0.62952648930890431 0.07021833384839285
134 3 469.469469 67.500000 0.62952648930890431 0.07021833384839285
135 0 472.972973 0.000000 0.63024993409150221 0.071103242047461462
135 1 472.972973 22.500000 0.63024993409150221 0.071103242047461462
135 2 472.972973 45.000000 0.63024993409150221 0.071103242047461462
135 3 472.972973 67.500000 0.63024993409150221 0.071103242047461462
136 0 476.476476 0.000000 0.63012592867214223 0.07200488064632829
136 1 476.476476 22.500000 0.63012592867214223 0.07200488064632829
136 2 476.476476 45.000000 0.63012592867214223 0.07200488064632829
136 3 476.476476 67.500000 0.63012592867214223 0.07200488064632829
137 0 479.979980 0.000000 0.62917251492433746 0.072767974559288198
137 1 479.979980 22.500000 0.62917251492433746 0.072767974559288198
137 2 479.979980 45.000000 0.62917251492433746 0.072767974559288198
137 3 479.979980 67.500000 0.62917251492433746 0.072767974559288198
138 0 483.483483 0.000000 0.62755144557161657 0.073260516785351185
138 1 483.483483 22.500000 0.62755144557161657 0.073260516785351185
138 2 483.483483 45.000000 0.62755144557161657 0.073260516785351185
138 3 483.483483 67.500000 0.62755144557161657 0.073260516785351185
139 0 486.986987 0.000000 0.62554035480368475 0.073396593763864315
139 1 486.986987 22.500000 0.62554035480368475 0.073396593763864315
139 2 486.986987 45.000000 0.62554035480368475 0.073396593763864315
139 3 486.986987 67.500000 0.62554035480368475 0.073396593763864315
140 0 490.490490 0.000000 0.62348475249517055 0.073151361714772864
140 1 490.490490 22.500000 0.62348475249517055 0.073151361714772864
140 2 490.490490 45.000000 0.62348475249517055 0.073151361714772864
140 3 490.490490 67.500000 0.62348475249517055 0.073151361714772864
141 0 493.993994 0.000000 0.62173845508625292 0.072565564958797249
141 1 493.993994 22.500000 0.62173845508625292 0.072565564958797249
141 2 493.993994 45.000000 0.62173845508625292 0.072565564958797249
141 3 493.993994 67.500000 0.62173845508625292 0.072565564958797249
142 0 497.497497 0.000000 0.62060287764103195 0.071738777356607539
142 1 497.497497 22.500000 0.62060287764103195 0.071738777356607539
142 2 497.497497 45.000000 0.62060287764103195 0.071738777356607539
142 3 497.497497 67.500000 0.62060287764103195 0.071738777356607539
143 0 501.001001 0.000000 0.62027549368499124 0.070812486075342962
143 1 501.001001 22.500000 0.62027549368499124 0.070812486075342962
143 2 501.001001 45.000000 0.62027549368499124 0.070812486075342962
143 3 501.001001 67.500000 0.62027549368499124 0.070812486075342962
144 0 504.504505 0.000000 0.62081596987377541 0.069945889945055864
144 1 504.504505 22.500000 0.62081596987377541 0.069945889945055864
144 2 504.504505 45.000000 0.62081596987377541 0.069945889945055864
144 3 504.504505 67.500000 0.62081596987377541 0.069945889945055864
145 0 508.008008 0.000000 0.62213547975720018 0.069288550295150936
145 1 508.008008 22.500000 0.62213547975720018 0.069288550295150936
145 2 508.008008 45.000000 0.62213547975720018 0.069288550295150936
145 3 508.008008 67.500000 0.62213547975720018 0.069288550295150936
146 0 511.511512 0.000000 0.62401100582641378 0.068954590622653952
146 1 511.511512 22.500000 0.62401100582641378 0.068954590622653952
146 2 511.511512 45.000000 0.62401100582641378 0.068954590622653952
146 3 511.511512 67.500000 0.62401100582641378 0.068954590622653952
147 0 515.015015 0.000000 0.62612250637246214 0.069002893803113863
147 1 515.015015 22.500000 0.62612250637246214 0.069002893803113863
147 2 515.015015 45.000000 0.62612250637246214 0.069002893803113863
147 3 515.015015 67.500000 0.62612250637246214 0.069002893803113863
148 0 518.518519 0.000000 0.62810708985359054 0.069426731178008558
148 1 518.518519 22.500000 0.62810708985359054 0.069426731178008558
148 2 518.518519 45.000000 0.62810708985359054 0.069426731178008558
148 3 518.518519 67.500000 0.62810708985359054 0.069426731178008558
149 0 522.022022 0.000000 0.62962130537583938 0.070154648193638272
149 1 522.022022 22.500000 0.62962130537583938 0.070154648193638272
149 2 522.022022 45.000000 0.62962130537583938 0.070154648193638272
149 3 522.022022 67.500000 0.62962130537583938 0.070154648193638272
150 0 525.525526 0.000000 0.6304008984138133 0.071062500905229101
150 1 525.525526 22.500000 0.6304008984138133 0.071062500905229101
150 2 525.525526 45.000000 0.6304008984138133 0.071062500905229101
150 3 525.525526 67.500000 0.6304008984138133 0.071062500905229101
151 0 529.029029 0.000000 0.6303074154025502 0.071994617484461843
151 1 529.029029 22.500000 0.6303074154025502 0.071994617484461843
151 2 529.029029 45.000000 0.6303074154025502 0.071994617484461843
151 3 529.029029 67.500000 0.6303074154025502 0.071994617484461843
152 0 532.532533 0.000000 0.62935310563589975 0.072790479381899115
152 1 532.532533 22.500000 0.62935310563589975 0.072790479381899115
152 2 532.532533 45.000000 0.62935310563589975 0.072790479381899115
152 3 532.532533 67.500000 0.62935310563589975 0.072790479381899115
153 0 536.036036 0.000000 0.62769942059792871 0.073312351254919611
153 1 536.036036 22.500000 0.62769942059792871 0.073312351254919611
153 2 536.036036 45.000000 0.62769942059792871 0.073312351254919611
153 3 536.036036 67.500000 0.62769942059792871 0.073312351254919611
154 0 539.539540 0.000000 0.62562929662712341 0.073469105938277657
154 1 539.539540 22.500000 0.62562929662712341 0.073469105938277657
154 2 539.539540 45.000000 0.62562929662712341 0.073469105938277657
154 3 539.539540 67.500000 0.62562929662712341 0.073469105938277657
155 0 543.043043 0.000000 0.62349825441880269 0.073232125401273801
155 1 543.043043 22.500000 0.62349825441880269 0.073232125401273801
155 2 543.043043 45.000000 0.62349825441880269 0.073232125401273801
155 3 543.043043 67.500000 0.62349825441880269 0.073232125401273801
156 0 546.546547 0.000000 0.62167310429468381 0.072640505074236708
156 1 546.546547 22.500000 0.62167310429468381 0.072640505074236708
156 2 546.546547 45.000000 0.62167310429468381 0.072640505074236708
156 3 546.546547 67.500000 0.62167310429468381 0.072640505074236708
157 0 550.050050 0.000000 0.62046900026377472 0.071794618478025943
157 1 550.050050 22.500000 0.62046900026377472 0.071794618478025943
157 2 550.050050 45.000000 0.62046900026377472 0.071794618478025943
157 3 550.050050 67.500000 0.62046900026377472 0.071794618478025943
158 0 553.553554 0.000000 0.6200955376331454 0.07083909897420318
158 1 553.553554 22.500000 0.6200955376331454 0.07083909897420318
158 2 553.553554 45.000000 0.6200955376331454 0.07083909897420318
158 3 553.553554 67.500000 0.6200955376331454 0.07083909897420318
159 0 557.057057 0.000000 0.62062078917044838 0.069938122218974733
159 1 557.057057 22.500000 0.62062078917044838 0.069938122218974733
159 2 557.057057 45.000000 0.62062078917044838 0.069938122218974733
159 3 557.057057 67.500000 0.62062078917044838 0.069938122218974733
160 0 560.560561 0.000000 0.62195911965568462 0.069247211383148849
160 1 560.560561 22.500000 0.62195911965568462 0.069247211383148849
160 2 560.560561 45.000000 0.62195911965568462 0.069247211383148849
160 3 560.560561 67.500000 0.62195911965568462 0.069247211383148849
161 0 564.064064 0.000000 0.62388483592137889 0.068886404856529734
161 1 564.064064 22.500000 0.62388483592137889 0.068886404856529734
161 2 564.064064 45.000000 0.62388483592137889 0.068886404856529734
161 3 564.064064 67.500000 0.62388483592137889 0.068886404856529734
162 0 567.567568 0.000000 0.62606968106938521 0.068919413456005635
162 1 567.567568 22.500000 0.62606968106938521 0.068919413456005635
162 2 567.567568 45.000000 0.62606968106938521 0.068919413456005635
162 3 567.567568 67.500000 0.62606968106938521 0.068919413456005635
163 0 571.071071 0.000000 0.62813830473810395 0.069342383966991925
163 1 571.071071 22.500000 0.62813830473810395 0.069342383966991925
163 2 571.071071 45.000000 0.62813830473810395 0.069342383966991925
163 3 571.071071 67.500000 0.62813830473810395 0.069342383966991925
164 0 574.574575 0.000000 0.62973264371635962 0.070084248415069605
164 1 574.574575 22.500000 0.62973264371635962 0.070084248415069605
164 2 574.574575 45.000000 0.62973264371635962 0.070084248415069605
164 3 574.574575 67.500000 0.62973264371635962 0.070084248415069605
165 0 578.078078 0.000000 0.63057422725371004 0.071018652748301533
165 1 578.078078 22.500000 0.63057422725371004 0.071018652748301533
165 2 578.078078 45.000000 0.63057422725371004 0.071018652748301533
165 3 578.078078 67.500000 0.63057422725371004 0.071018652748301533
166 0 581.581582 0.000000 0.6305133384148307 0.07198546478287815
166 1 581.581582 22.500000 0.6305133384148307 0.07198546478287815
166 2 581.581582 45.000000 0.6305133384148307 0.07198546478287815
166 3 581.581582 67.500000 0.6305133384148307 0.07198546478287815
167 0 585.085085 0.000000 0.62955599520372951 0.072818202463347581
167 1 585.085085 22.500000 0.62955599520372951 0.072818202463347581
167 2 585.085085 45.000000 0.62955599520372951 0.072818202463347581
167 3 585.085085 67.500000 0.62955599520372951 0.072818202463347581
168 0 588.588589 0.000000 0.62786364272651141 0.07337268679325927
168 1 588.588589 22.500000 0.62786364272651141 0.07337268679325927
168 2 588.588589 45.000000 0.62786364272651141 0.07337268679325927
168 3 588.588589 67.500000 0.62786364272651141 0.07337268679325927
169 0 592.092092 0.000000 0.62572550656992565 0.073551990569576731
169 1 592.092092 22.500000 0.62572550656992565 0.073551990569576731
169 2 592.092092 45.000000 0.62572550656992565 0.073551990569576731
169 3 592.092092 67.500000 0.62572550656992565 0.073551990569576731
170 0 595.595596 0.000000 0.62350863107306531 0.073323368258334826
170 1 595.595596 22.500000 0.62350863107306531 0.073323368258334826
170 2 595.595596 45.000000 0.62350863107306531 0.073323368258334826
170 3 595.595596 67.500000 0.62350863107306531 0.073323368258334826
171 0 599.099099 0.000000 0.62159459963219343 0.072724212308675609
171 1 599.099099 22.500000 0.62159459963219343 0.072724212308675609
171 2 599.099099 45.000000 0.62159459963219343 0.072724212308675609
171 3 599.099099 67.500000 0.62159459963219343 0.072724212308675609
172 0 602.602603 0.000000 0.62031404661291312 0.07185595642226314
172 1 602.602603 22.500000 0.62031404661291312 0.07185595642226314
172 2 602.602603 45.000000 0.62031404661291312 0.07185595642226314
172 3 602.602603 67.500000 0.62031404661291312 0.07185595642226314
173 0 606.106106 0.000000 0.61989009618572788 0.070866916497016486
173 1 606.106106 22.500000 0.61989009618572788 0.070866916497016486
173 2 606.106106 45.000000 0.61989009618572788 0.070866916497016486
173 3 606.106106 67.500000 0.61989009618572788 0.070866916497016486
174 0 609.609610 0.000000 0.62040005831596301 0.069926969760431626
174 1 609.609610 22.500000 0.62040005831596301 0.069926969760431626
174 2 609.609610 45.000000 0.62040005831596301 0.069926969760431626
174 3 609.609610 67.500000 0.62040005831596301 0.069926969760431626
175 0 613.113113 0.000000 0.62176159394654695 0.069198392478552959
175 1 613.113113 22.500000 0.62176159394654695 0.069198392478552959
175 2 613.113113 45.000000 0.62176159394654695 0.069198392478552959
175 3 613.113113 67.500000 0.62176159394654695 0.069198392478552959
176 0 616.616617 0.000000 0.62374567805450465 0.06880785974354181
176 1 616.616617 22.500000 0.62374567805450465 0.06880785974354181
176 2 616.616617 45.000000 0.62374567805450465 0.06880785974354181
176 3 616.616617 67.500000 0.62374567805450465 0.06880785974354181
177 0 620.120120 0.000000 0.62601451071640846 0.068824435946142515
177 1 620.120120 22.500000 0.62601451071640846 0.068824435946142515
177 2 620.120120 45.000000 0.62601451071640846 0.068824435946142515
177 3 620.120120 67.500000 0.62601451071640846 0.068824435946142515
178 0 623.623624 0.000000 0.62817848984136704 0.069247377425801671
178 1 623.623624 22.500000 0.62817848984136704 0.069247377425801671
178 2 623.623624 45.000000 0.62817848984136704 0.069247377425801671
178 3 623.623624 67.500000 0.62817848984136704 0.069247377425801671
179 0 627.127127 0.000000 0.62986297886214793 0.070005898610166803
179 1 627.127127 22.500000 0.62986297886214793 0.070005898610166803
179 2 627.127127 45.000000 0.62986297886214793 0.070005898610166803
179 3 627.127127 67.500000 0.62986297886214793 0.070005898610166803
180 0 630.630631 0.000000 0.63077350273083954 0.070971003826702406
180 1 630.630631 22.500000 0.63077350273083954 0.070971003826702406
180 2 630.630631 45.000000 0.63077350273083954 0.070971003826702406
180 3 630.630631 67.500000 0.63077350273083954 0.070971003826702406
181 0 634.134134 0.000000 0.63074779074702547 0.071977409677956586
181 1 634.134134 22.500000 0.63074779074702547 0.071977409677956586
181 2 634.134134 45.000000 0.63074779074702547 0.071977409677956586
181 3 634.134134 67.500000 0.63074779074702547 0.071977409677956586
182 0 637.637638 0.000000 0.62978508191665628 0.072851834852982522
182 1 637.637638 22.500000 0.62978508191665628 0.072851834852982522
182 2 637.637638 45.000000 0.62978508191665628 0.072851834852982522
182 3 637.637638 67.500000 0.62978508191665628 0.072851834852982522
183 0 641.141141 0.000000 0.62804712434657151 0.073442818115509234
183 1 641.141141 22.500000 0.62804712434657151 0.073442818115509234
183 2 641.141141 45.000000 0.62804712434657151 0.073442818115509234
183 3 641.141141 67.500000 0.62804712434657151 0.073442818115509234
184 0 644.644645 0.000000 0.62583055816953337 0.073646936406346591
184 1 644.644645 22.500000 0.62583055816953337 0.073646936406346591
184 2 644.644645 45.000000 0.62583055816953337 0.073646936406346591
184 3 644.644645 67.500000 0.62583055816953337 0.073646936406346591
185 0 648.148148 0.000000 0.62351570336603135 0.073426887603510363
185 1 648.148148 22.500000 0.62351570336603135 0.073426887603510363
185 2 648.148148 45.000000 0.62351570336603135 0.073426887603510363
185 3 648.148148 67.500000 0.62351570336603135 0.073426887603510363
186 0 651.651652 0.000000 0.62150099489288679 0.07281827916971062
186 1 651.651652 22.500000 0.62150099489288679 0.07281827916971062
186 2 651.651652 45.000000 0.62150099489288679 0.07281827916971062
186 3 651.651652 67.500000 0.62150099489288679 0.07281827916971062
187 0 655.155155 0.000000 0.6201345971938701 0.071923891891435943
187 1 655.155155 22.500000 0.6201345971938701 0.071923891891435943
187 2 655.155155 45.000000 0.6201345971938701 0.071923891891435943
187 3 655.155155 67.500000 0.6201345971938701 0.071923891891435943
188 0 658.658659 0.000000 0.61965483530419618 0.070896338257269764
188 1 658.658659 22.500000 0.61965483530419618 0.070896338257269764
188 2 658.658659 45.000000 0.61965483530419618 0.070896338257269764
188 3 658.658659 67.500000 0.61965483530419618 0.070896338257269764
189 0 662.162162 0.000000 0.62014926349383392 0.069912038769550253
189 1 662.162162 22.500000 0.62014926349383392 0.069912038769550253
189 2 662.162162 45.000000 0.62014926349383392 0.069912038769550253
189 3 662.162162 67.500000 0.62014926349383392 0.069912038769550253
190 0 665.665666 0.000000 0.62153899892613507 0.069140950893086625
190 1 665.665666 22.500000 0.62153899892613507 0.069140950893086625
190 2 665.665666 45.000000 0.62153899892613507 0.069140950893086625
190 3 665.665666 67.500000 0.62153899892613507 0.069140950893086625
191 0 669.169169 0.000000 0.6235909491202537 0.068717241521646918
191 1 669.169169 22.500000 0.6235909491202537 0.068717241521646918
191 2 669.169169 45.000000 0.6235909491202537 0.068717241521646918
191 3 669.169169 67.500000 0.6235909491202537 0.068717241521646918
192 0 672.672673 0.000000 0.62595623709449943 0.068715960426546402
192 1 672.672673 22.500000 0.62595623709449943 0.068715960426546402
192 2 672.672673 45.000000 0.62595623709449943 0.068715960426546402
192 3 672.672673 67.500000 0.62595623709449943 0.068715960426546402
193 0 676.176176 0.000000 0.62822891283571947 0.069139767144816761
193 1 676.176176 22.500000 0.62822891283571947 0.069139767144816761
193 2 676.176176 45.000000 0.62822891283571947 0.069139767144816761
193 3 676.176176 67.500000 0.62822891283571947 0.069139767144816761
194 0 679.679680 0.000000 0.63001545386388302 0.069918055282060076
194 1 679.679680 22.500000 0.63001545386388302 0.069918055282060076
194 2 679.679680 45.000000 0.63001545386388302 0.069918055282060076
194 3 679.679680 67.500000 0.63001545386388302 0.069918055282060076
195 0 683.183183 0.000000 0.63100325403046797 0.070918696385435104
195 1 683.183183 22.500000 0.63100325403046797 0.070918696385435104
195 2 683.183183 45.000000 0.63100325403046797 0.070918696385435104
195 3 683.183183 67.500000 0.63100325403046797 0.070918696385435104
196 0 686.686687 0.000000 0.63101593497766706 0.071970453308492333
196 1 686.686687 22.500000 0.63101593497766706 0.071970453308492333
196 2 686.686687 45.000000 0.63101593497766706 0.071970453308492333
196 3 686.686687 67.500000 0.63101593497766706 0.071970453308492333
197 0 690.190190 0.000000 0.63004527208893202 0.072892264012609717
197 1 690.190190 22.500000 0.63004527208893202 0.072892264012609717
197 2 690.190190 45.000000 0.63004527208893202 0.072892264012609717
197 3 690.190190 67.500000 0.63004527208893202 0.072892264012609717
198 0 693.693694 0.000000 0.62825364463929334 0.073524391209678436
198 1 693.693694 22.500000 0.62825364463929334 0.073524391209678436
198 2 693.693694 45.000000 0.62825364463929334 0.073524391209678436
198 3 693.693694 67.500000 0.62825364463929334 0.073524391209678436
199 0 697.197197 0.000000 0.62594640744005015 0.07375608243382166
199 1 697.197197 22.500000 0.62594640744005015 0.07375608243382166
199 2 697.197197 45.000000 0.62594640744005015 0.07375608243382166
199 3 697.197197 67.500000 0.62594640744005015 0.07375608243382166
200 0 700.700701 0.000000 0.62351921039128688 0.073544954440972352
200 1 700.700701 22.500000 0.62351921039128688 0.073544954440972352
200 2 700.700701 45.000000 0.62351921039128688 0.073544954440972352
200 3 700.700701 67.500000 0.62351921039128688 0.073544954440972352
201 0 704.204204 0.000000 0.62138979666065042 0.072924712691884871
201 1 704.204204 22.500000 0.62138979666065042 0.072924712691884871
201 2 704.204204 45.000000 0.62138979666065042 0.072924712691884871
201 3 704.204204 67.500000 0.62138979666065042 0.072924712691884871
202 0 707.707708 0.000000 0.61992630005075378 0.07199980551140156
202 1 707.707708 22.500000 0.61992630005075378 0.07199980551140156
202 2 707.707708 45.000000 0.61992630005075378 0.07199980551140156
202 3 707.707708 67.500000 0.61992630005075378 0.07199980551140156
203 0 711.211211 0.000000 0.61938425329565039 0.070927854476766389
203 1 711.211211 22.500000 0.61938425329565039 0.070927854476766389
203 2 711.211211 45.000000 0.61938425329565039 0.070927854476766389
203 3 711.211211 67.500000 0.61938425329565039 0.070927854476766389
204 0 714.714715 0.000000 0.61986268472826689 0.069892813215498575
204 1 714.714715 22.500000 0.61986268472826689 0.069892813215498575
204 2 714.714715 45.000000 0.61986268472826689 0.069892813215498575
204 3 714.714715 67.500000 0.61986268472826689 0.069892813215498575
205 0 718.218218 0.000000 0.62128639771746419 0.069073421920088723
205 1 718.218218 22.500000 0.62128639771746419 0.069073421920088723
205 2 718.218218 45.000000 0.62128639771746419 0.069073421920088723
205 3 718.218218 67.500000 0.62128639771746419 0.069073421920088723
206 0 721.721722 0.000000 0.62341739637826077 0.068612363418500064
206 1 721.721722 22.500000 0.62341739637826077 0.068612363418500064
206 2 721.721722 45.000000 0.62341739637826077 0.068612363418500064
206 3 721.721722 67.500000 0.62341739637826077 0.068612363418500064
207 0 725.225225 0.000000 0.62589393134362559 0.068591439432324292
207 1 725.225225 22.500000 0.62589393134362559 0.068591439432324292
207 2 725.225225 45.000000 0.62589393134362559 0.068591439432324292
207 3 725.225225 67.500000 0.62589393134362559 0.068591439432324292
208 0 728.728729 0.000000 0.62829122338938181 0.069017081987075485
208 1 728.728729 22.500000 0.62829122338938181 0.069017081987075485
208 2 728.728729 45.000000 0.62829122338938181 0.069017081987075485
208 3 728.728729 67.500000 0.62829122338938181 0.069017081987075485
209 0 732.232232 0.000000 0.63019410433945311 0.069818761892071049
209 1 732.232232 22.500000 0.63019410433945311 0.069818761892071049
209 2 732.232232 45.000000 0.63019410433945311 0.069818761892071049
209 3 732.232232 67.500000 0.63019410433945311 0.069818761892071049
210 0 735.735736 0.000000 0.63126927832502377 0.070860650890918503
210 1 735.735736 22.500000 0.63126927832502377 0.070860650890918503
210 2 735.735736 45.000000 0.63126927832502377 0.070860650890918503
210 3 735.735736 67.500000 0.63126927832502377 0.070860650890918503
211 0 739.239239 0.000000 0.63132436882515097 0.071964613323013862
211 1 739.239239 22.500000 0.63132436882515097 0.071964613323013862
211 2 739.239239 45.000000 0.63132436882515097 0.071964613323013862
211 3 739.239239 67.500000 0.63132436882515097 0.071964613323013862
212 0 742.742743 0.000000 0.63034282753189674 0.072940639128632703
212 1 742.742743 22.500000 0.63034282753189674 0.072940639128632703
212 2 742.742743 45.000000 0.63034282753189674 0.072940639128632703
212 3 742.742743 67.500000 0.63034282753189674 0.072940639128632703
213 0 746.246246 0.000000 0.62848801649186015 0.073619522951246963
213 1 746.246246 22.500000 0.62848801649186015 0.073619522951246963
213 2 746.246246 45.000000 0.62848801649186015 0.073619522951246963
213 3 746.246246 67.500000 0.62848801649186015 0.073619522951246963
214 0 749.749750 0.000000 0.6260755285036721 0.0738821732257611
214 1 749.749750 22.500000 0.6260755285036721 0.0738821732257611
214 2 749.749750 45.000000 0.6260755285036721 0.0738821732257611
214 3 749.749750 67.500000 0.6260755285036721 0.0738821732257611
215 0 753.253253 0.000000 0.62351878427060503 0.073680478716414394
215 1 753.253253 22.500000 0.62351878427060503 0.073680478716414394
215 2 753.253253 45.000000 0.62351878427060503 0.073680478716414394
215 3 753.253253 67.500000 0.62351878427060503 0.073680478716414394
216 0 756.756757 0.000000 0.62125777602341337 0.073046080711595518
216 1 756.756757 22.500000 0.62125777602341337 0.073046080711595518
216 2 756.756757 45.000000 0.62125777602341337 0.073046080711595518
216 3 756.756757 67.500000 0.62125777602341337 0.073046080711595518
217 0 760.260260 0.000000 0.61968354554420424 0.072085458165794064
217 1 760.260260 22.500000 0.61968354554420424 0.072085458165794064
217 2 760.260260 45.000000 0.61968354554420424 0.072085458165794064
217 3 760.260260 67.500000 0.61968354554420424 0.072085458165794064
218 0 763.763764 0.000000 0.61907126995987061 0.070962080219394846
218 1 763.763764 22.500000 0.61907126995987061 0.070962080219394846
218 2 763.763764 45.000000 0.61907126995987061 0.070962080219394846
218 3 763.763764 67.500000 0.61907126995987061 0.070962080219394846
219 0 767.267267 0.000000 0.61953296813031611 0.069868613531631624
219 1 767.267267 22.500000 0.61953296813031611 0.069868613531631624
219 2 767.267267 45.000000 0.61953296813031611 0.069868613531631624
219 3 767.267267 67.500000 0.61953296813031611 0.069868613531631624
220 0 770.770771 0.000000 0.6209974508724514 0.068993905491420565
220 1 770.770771 22.500000 0.6209974508724514 0.068993905491420565
220 2 770.770771 45.000000 0.6209974508724514 0.068993905491420565
220 3 770.770771 67.500000 0.6209974508724514 0.068993905491420565
221 0 774.274274 0.000000 0.6232208555882468 0.068490396746437046
221 1 774.274274 22.500000 0.6232208555882468 0.068490396746437046
221 2 774.274274 45.000000 0.6232208555882468 0.068490396746437046
221 3 774.274274 67.500000 0.6232208555882468 0.068490396746437046
222 0 777.777778 0.000000 0.6258264302717268 0.068447581605199009
222 1 777.777778 22.500000 0.6258264302717268 0.068447581605199009
222 2 777.777778 45.000000 0.6258264302717268 0.068447581605199009
222 3 777.777778 67.500000 0.6258264302717268 0.068447581605199009
223 0 781.281281 0.000000 0.62836758956143068 0.068876132073230387
223 1 781.281281 22.500000 0.62836758956143068 0.068876132073230387
223 2 781.281281 45.000000 0.62836758956143068 0.068876132073230387
223 3 781.281281 67.500000 0.62836758956143068 0.068876132073230387
224 0 784.784785 0.000000 0.63040418227953821 0.069705496538302922
224 1 784.784785 22.500000 0.63040418227953821 0.069705496538302922
224 2 784.784785 45.000000 0.63040418227953821 0.069705496538302922
224 3 784.784785 67.500000 0.63040418227953821 0.069705496538302922
225 0 788.288288 0.000000 0.63157910479019108 0.070795482568360393
225 1 788.288288 22.500000 0.63157910479019108 0.070795482568360393
225 2 788.288288 45.000000 0.63157910479019108 0.070795482568360393
225 3 788.288288 67.500000 0.63157910479019108 0.070795482568360393
226 0 791.791792 0.000000 0.63168165420960332 0.071959927721787692
226 1 791.791792 22.500000 0.63168165420960332 0.071959927721787692
226 2 791.791792 45.000000 0.63168165420960332 0.071959927721787692
226 3 791.791792 67.500000 0.63168165420960332 0.071959927721787692
227 0 795.295295 0.000000 0.63068586881010313 0.072998466150666075
227 1 795.295295 22.500000 0.63068586881010313 0.072998466150666075
227 2 795.295295 45.000000 0.63068586881010313 0.072998466150666075
227 3 795.295295 67.500000 0.63068586881010313 0.072998466150666075
228 0 798.798799 0.000000 0.62875647329115647 0.073730975222065592
228 1 798.798799 22.500000 0.62875647329115647 0.073730975222065592
228 2 798.798799 45.000000 0.62875647329115647 0.073730975222065592
228 3 798.798799 67.500000 0.62875647329115647 0.073730975222065592
229 0 802.302302 0.000000 0.62622110994515501 0.074028785327121316
229 1 802.302302 22.500000 0.62622110994515501 0.074028785327121316
229 2 802.302302 45.000000 0.62622110994515501 0.074028785327121316
229 3 802.302302 67.500000 0.62622110994515501 0.074028785327121316
230 0 805.805806 0.000000 0.62351391270530643 0.073837250431214529
230 1 805.805806 22.500000 0.62351391270530643 0.073837250431214529
230 2 805.805806 45.000000 0.62351391270530643 0.073837250431214529
230 3 805.805806 67.500000 0.62351391270530643 0.073837250431214529
231 0 809.309309 0.000000 0.62110069337878004 0.073185725561235287
231 1 809.309309 22.500000 0.62110069337878004 0.073185725561235287
231 2 809.309309 45.000000 0.62110069337878004 0.073185725561235287
231 3 809.309309 67.500000 0.62110069337878004 0.073185725561235287
232 0 812.812813 0.000000 0.61939899106616125 0.072183137740223724
232 1 812.812813 22.500000 0.61939899106616125 0.072183137740223724
232 2 812.812813 45.000000 0.61939899106616125 0.072183137740223724
232 3 812.812813 67.500000 0.61939899106616125 0.072183137740223724
233 0 816.316316 0.000000 0.61870662568781309 0.070999805440397412
233 1 816.316316 22.500000 0.61870662568781309 0.070999805440397412
233 2 816.316316 45.000000 0.61870662568781309 0.070999805440397412
233 3 816.316316 67.500000 0.61870662568781309 0.070999805440397412
234 0 819.819820 0.000000 0.61915049964794266 0.069838535822188907
234 1 819.819820 22.500000 0.61915049964794266 0.069838535822188907
234 2 819.819820 45.000000 0.61915049964794266 0.069838535822188907
234 3 819.819820 67.500000 0.61915049964794266 0.069838535822188907
235 0 823.323323 0.000000 0.62066387505405385 0.068899899349972774
235 1 823.323323 22.500000 0.62066387505405385 0.068899899349972774
235 2 823.323323 45.000000 0.62066387505405385 0.068899899349972774
235 3 823.323323 67.500000 0.62066387505405385 0.068899899349972774
236 0 826.826827 0.000000 0.62299589650787579 0.068347621982046441
236 1 826.826827 22.500000 0.62299589650787579 0.068347621982046441
236 2 826.826827 45.000000 0.62299589650787579 0.068347621982046441
236 3 826.826827 67.500000 0.62299589650787579 0.068347621982046441
237 0 830.330330 0.000000 0.62575224379551142 0.068280060544865059
237 1 830.330330 22.500000 0.62575224379551142 0.068280060544865059
237 2 830.330330 45.000000 0.62575224379551142 0.068280060544865059
237 3 830.330330 67.500000 0.62575224379551142 0.068280060544865059
238 0 833.833834 0.000000 0.62846090033599533 0.068712724980986781
238 1 833.833834 22.500000 0.62846090033599533 0.068712724980986781
238 2 833.833834 45.000000 0.62846090033599533 0.068712724980986781
238 3 833.833834 67.500000 0.62846090033599533 0.068712724980986781
239 0 837.337337 0.000000 0.63065263587500919 0.069574946513010563
239 1 837.337337 22.500000 0.63065263587500919 0.069574946513010563
239 2 837.337337 45.000000 0.63065263587500919 0.069574946513010563
239 3 837.337337 67.500000 0.63065263587500919 0.069574946513010563
240 0 840.840841 0.000000 0.63194268268799236 0.070721377769890709
240 1 840.840841 22.500000 0.63194268268799236 0.070721377769890709
240 2 840.840841 45.000000 0.63194268268799236 0.070721377769890709
240 3 840.840841 67.500000 0.63194268268799236 0.070721377769890709
241 0 844.344344 0.000000 0.63209910269493075 0.071956460783026976
241 1 844.344344 22.500000 0.63209910269493075 0.071956460783026976
241 2 844.344344 45.000000 0.63209910269493075 0.071956460783026976
241 3 844.344344 67.500000 0.63209910269493075 0.071956460783026976
242 0 847.847848 0.000000 0.63108512328096833 0.073067749503045315
242 1 847.847848 22.500000 0.63108512328096833 0.073067749503045315
242 2 847.847848 45.000000 0.63108512328096833 0.073067749503045315
242 3 847.847848 67.500000 0.63108512328096833 0.073067749503045315
243 0 851.351351 0.000000 0.62906724446720208 0.073862414795549475
243 1 851.351351 22.500000 0.62906724446720208 0.073862414795549475
243 2 851.351351 45.000000 0.62906724446720208 0.073862414795549475
243 3 851.351351 67.500000 0.62906724446720208 0.073862414795549475
244 0 854.854855 0.000000 0.62638734704665866 0.074200665647477404
244 1 854.854855 22.500000 0.62638734704665866 0.074200665647477404
244 2 854.854855 45.000000 0.62638734704665866 0.074200665647477404
244 3 854.854855 67.500000 0.62638734704665866 0.074200665647477404
245 0 858.358358 0.000000 0.62350388233426446 0.07402030062897344
245 1 858.358358 22.500000 0.62350388233426446 0.07402030062897344
245 2 858.358358 45.000000 0.62350388233426446 0.07402030062897344
245 3 858.358358 67.500000 0.62350388233426446 0.07402030062897344
246 0 861.861862 0.000000 0.62091288601669103 0.073348084506140165
246 1 861.861862 22.500000 0.62091288601669103 0.073348084506140165
246 2 861.861862 45.000000 0.62091288601669103 0.073348084506140165
246 3 861.861862 67.500000 0.62091288601669103 0.073348084506140165
247 0 865.365365 0.000000 0.61906284820688728 0.072295879462370261
247 1 865.365365 22.500000 0.61906284820688728 0.072295879462370261
247 2 865.365365 45.000000 0.61906284820688728 0.072295879462370261
247 3 865.365365 67.500000 0.61906284820688728 0.072295879462370261
248 0 868.868869 0.000000 0.61827797904747439 0.071042070084709447
248 1 868.868869 22.500000 0.61827797904747439 0.071042070084709447
248 2 868.868869 45.000000 0.61827797904747439 0.071042070084709447
248 3 868.868869 67.500000 0.61827797904747439 0.071042070084709447
249 0 872.372372 0.000000 0.6187024632077387 0.069801359848457742
249 1 872.372372 22.500000 0.6187024632077387 0.069801359848457742
249 2 872.372372 45.000000 0.6187024632077387 0.069801359848457742
249 3 872.372372 67.500000 0.6187024632077387 0.069801359848457742
250 0 875.875876 0.000000 0.62027462775197928 0.068788046578256573
250 1 875.875876 22.500000 0.62027462775197928 0.068788046578256573
250 2 875.875876 45.000000 0.62027462775197928 0.068788046578256573
250 3 875.875876 67.500000 0.62027462775197928 0.068788046578256573
251 0 879.379379 0.000000 0.62273528848731852 0.068179051502798668
251 1 879.379379 22.500000 0.62273528848731852 0.068179051502798668
251 2 879.379379 45.000000 0.62273528848731852 0.068179051502798668
251 3 879.379379 67.500000 0.62273528848731852 0.068179051502798668
252 0 882.882883 0.000000 0.62566941618142446 0.068083072786380816
252 1 882.882883 22.500000 0.62566941618142446 0.068083072786380816
252 2 882.882883 45.000000 0.62566941618142446 0.068083072786380816
252 3 882.882883 67.500000 0.62566941618142446 0.068083072786380816
253 0 886.386386 0.000000 0.6285750743325168 0.068521234111809382
253 1 886.386386 22.500000 0.6285750743325168 0.068521234111809382
253 2 886.386386 45.000000 0.6285750743325168 0.068521234111809382
253 3 886.386386 67.500000 0.6285750743325168 0.068521234111809382
254 0 889.889890 0.000000 0.63094884037314991 0.069422664834300291
254 1 889.889890 22.500000 0.63094884037314991 0.069422664834300291
254 2 889.889890 45.000000 0.63094884037314991 0.069422664834300291
254 3 889.889890 67.500000 0.63094884037314991 0.069422664834300291
255 0 893.393393 0.000000 0.63237343078557895 0.070635905373100744
255 1 893.393393 22.500000 0.63237343078557895 0.070635905373100744
255 2 893.393393 45.000000 0.63237343078557895 0.070635905373100744
255 3 893.393393 67.500000 0.63237343078557895 0.070635905373100744
256 0 896.896897 0.000000 0.63259197530687905 0.071954312403830364
256 1 896.896897 22.500000 0.63259197530687905 0.071954312403830364
256 2 896.896897 45.000000 0.63259197530687905 0.071954312403830364
256 3 896.896897 67.500000 0.63259197530687905 0.071954312403830364
257 0 900.400400 0.000000 0.63155506963681074 0.073151209712081805
257 1 900.400400 22.500000 0.63155506963681074 0.073151209712081805
257 2 900.400400 45.000000 0.63155506963681074 0.073151209712081805
257 3 900.400400 67.500000 0.63155506963681074 0.073151209712081805
258 0 903.903904 0.000000 0.62943143743490049 0.074018813029992594
258 1 903.903904 22.500000 0.62943143743490049 0.074018813029992594
258 2 903.903904 45.000000 0.62943143743490049 0.074018813029992594
258 3 903.903904 67.500000 0.62943143743490049 0.074018813029992594
259 0 907.407407 0.000000 0.62657989000822023 0.074404252877447924
259 1 907.407407 22.500000 0.62657989000822023 0.074404252877447924
259 2 907.407407 45.000000 0.62657989000822023 0.074404252877447924
259 3 907.407407 67.500000 0.62657989000822023 0.074404252877447924
260 0 910.910911 0.000000 0.62348769084306288 0.074236458734218747
260 1 910.910911 22.500000 0.62348769084306288 0.074236458734218747
260 2 910.910911 45.000000 0.62348769084306288 0.074236458734218747
260 3 910.910911 67.500000 0.62348769084306288 0.074236458734218747
261 0 914.414414 0.000000 0.62068663160628368 0.073539185477324506
261 1 914.414414 22.500000 0.62068663160628368 0.073539185477324506
261 2 914.414414 45.000000 0.62068663160628368 0.073539185477324506
261 3 914.414414 67.500000 0.62068663160628368 0.073539185477324506
262 0 917.917918 0.000000 0.61866178112816506 0.072427807441603653
262 1 917.917918 22.500000 0.61866178112816506 0.072427807441603653
262 2 917.917918 45.000000 0.61866178112816506 0.072427807441603653
262 3 917.917918 67.500000 0.61866178112816506 0.072427807441603653
263 0 921.421421 0.000000 0.61776850978322329 0.071090280613574697
263 1 921.421421 22.500000 0.61776850978322329 0.071090280613574697
263 2 921.421421 45.000000 0.61776850978322329 0.071090280613574697
263 3 921.421421 67.500000 0.61776850978322329 0.071090280613574697
264 0 924.924925 0.000000 0.6181713799786277 0.069755405492177652
264 1 924.924925 22.500000 0.6181713799786277 0.069755405492177652
264 2 924.924925 45.000000 0.6181713799786277 0.069755405492177652
264 3 924.924925 67.500000 0.6181713799786277 0.069755405492177652
265 0 928.428428 0.000000 0.61981464059365043 0.06865374123009596
265 1 928.428428 22.500000 0.61981464059365043 0.06865374123009596
265 2 928.428428 45.000000 0.61981464059365043 0.06865374123009596
265 3 928.428428 67.500000 0.61981464059365043 0.06865374123009596
266 0 931.931932 0.000000 0.62242916913401447 0.067977839061926393
266 1 931.931932 22.500000 0.62242916913401447 0.067977839061926393
266 2 931.931932 45.000000 0.62242916913401447 0.067977839061926393
266 3 931.931932 67.500000 0.62242916913401447 0.067977839061926393
267 0 935.435435 0.000000 0.62557531136214062 0.067848644375034656
267 1 935.435435 22.500000 0.62557531136214062 0.067848644375034656
267 2 935.435435 45.000000 0.62557531136214062 0.067848644375034656
267 3 935.435435 67.500000 0.62557531136214062 0.067848644375034656
268 0 938.938939 0.000000 0.62871554581996014 0.068293920028376837
268 1 938.938939 22.500000 0.62871554581996014 0.068293920028376837
268 2 938.938939 45.000000 0.62871554581996014 0.068293920028376837
268 3 938.938939 67.500000 0.62871554581996014 0.068293920028376837
269 0 942.442442 0.000000 0.63130574826055985 0.069242528976409409
269 1 942.442442 22.500000 0.63130574826055985 0.069242528976409409
269 2 942.442442 45.000000 0.63130574826055985 0.069242528976409409
269 3 942.442442 67.500000 0.63130574826055985 0.069242528976409409
270 0 945.945946 0.000000 0.63288989160266307 0.070535718920538587
270 1 945.945946 22.500000 0.63288989160266307 0.070535718920538587
270 2 945.945946 45.000000 0.63288989160266307 0.070535718920538587
270 3 945.945946 67.500000 0.63288989160266307 0.070535718920538587
271 0 949.449449 0.000000 0.63318137757112936 0.071953633027671146
271 1 949.449449 22.500000 0.63318137757112936 0.071953633027671146
271 2 949.449449 45.000000 0.63318137757112936 0.071953633027671146
271 3 949.449449 67.500000 0.63318137757112936 0.071953633027671146
272 0 952.952953 0.000000 0.6321157492436692 0.073252629061636904
272 1 952.952953 22.500000 0.6321157492436692 0.073252629061636904
272 2 952.952953 45.000000 0.6321157492436692 0.073252629061636904
272 3 952.952953 67.500000 0.6321157492436692 0.073252629061636904
273 0 956.456456 0.000000 0.62986443599031183 0.07420708215229263
273 1 956.456456 22.500000 0.62986443599031183 0.07420708215229263
273 2 956.456456 45.000000 0.62986443599031183 0.07420708215229263
273 3 956.456456 67.500000 0.62986443599031183 0.07420708215229263
274 0 959.959960 0.000000 0.62680655564182297 0.074648509575237887
274 1 959.959960 22.500000 0.62680655564182297 0.074648509575237887
274 2 959.959960 45.000000 0.62680655564182297 0.074648509575237887
274 3 959.959960 67.500000 0.62680655564182297 0.074648509575237887
275 0 963.463463 0.000000 0.62346390599214385 0.074495244189739102
275 1 963.463463 22.500000 0.62346390599214385 0.074495244189739102
275 2 963.463463 45.000000 0.62346390599214385 0.074495244189739102
275 3 963.463463 67.500000 0.62346390599214385 0.074495244189739102
276 0 966.966967 0.000000 0.62041113099617173 0.073767442162341684
276 1 966.966967 22.500000 0.62041113099617173 0.073767442162341684
276 2 966.966967 45.000000 0.62041113099617173 0.073767442162341684
276 3 966.966967 67.500000 0.62041113099617173 0.073767442162341684
277 0 970.470470 0.000000 0.61817714292983483 0.072584683848067461
277 1 970.470470 22.500000 0.61817714292983483 0.072584683848067461
277 2 970.470470 45.000000 0.61817714292983483 0.072584683848067461
277 3 970.470470 67.500000 0.61817714292983483 0.072584683848067461
278 0 973.973974 0.000000 0.61715467754706865 0.071146397815313567
278 1 973.973974 22.500000 0.61715467754706865 0.071146397815313567
278 2 973.973974 45.000000 0.61715467754706865 0.071146397815313567
278 3 973.973974 67.500000 0.61715467754706865 0.071146397815313567
279 0 977.477477 0.000000 0.617532759576363 0.069698300626235415
279 1 977.477477 22.500000 0.617532759576363 0.069698300626235415
279 2 977.477477 45.000000 0.617532759576363 0.069698300626235415
279 3 977.477477 67.500000 0.617532759576363 0.069698300626235415
280 0 980.980981 0.000000 0.61926277805744001 0.068490488968885974
280 1 980.980981 22.500000 0.61926277805744001 0.068490488968885974
280 2 980.980981 45.000000 0.61926277805744001 0.068490488968885974
280 3 980.980981 67.500000 0.61926277805744001 0.068490488968885974
281 0 984.484484 0.000000 0.62206370233235486 0.067734319839324472
281 1 984.484484 22.500000 0.62206370233235486 0.067734319839324472
281 2 984.484484 45.000000 0.62206370233235486 0.067734319839324472
281 3 984.484484 67.500000 0.62206370233235486 0.067734319839324472
282 0 987.987988 0.000000 0.62546626813742101 0.067565500548111695
282 1 987.987988 22.500000 0.62546626813742101 0.067565500548111695
282 2 987.987988 45.000000 0.62546626813742101 0.067565500548111695
282 3 987.987988 67.500000 0.62546626813742101 0.067565500548111695
283 0 991.491491 0.000000 0.62889005939138298 0.068019821112751705
283 1 991.491491 22.500000 0.62889005939138298 0.068019821112751705
283 2 991.491491 45.000000 0.62889005939138298 0.068019821112751705
283 3 991.491491 67.500000 0.62889005939138298 0.068019821112751705
284 0 994.994995 0.000000 0.63174177012840316 0.069025853604960219
284 1 994.994995 22.500000 0.63174177012840316 0.069025853604960219
284 2 994.994995 45.000000 0.63174177012840316 0.069025853604960219
284 3 994.994995 67.500000 0.63174177012840316 0.069025853604960219
285 0 998.498498 0.000000 0.63351844229746246 0.070416066953895878
285 1 998.498498 22.500000 0.63351844229746246 0.070416066953895878
285 2 998.498498 45.000000 0.63351844229746246 0.070416066953895878
285 3 998.498498 67.500000 0.63351844229746246 0.070416066953895878
286 0 1002.002002 0.000000 0.63389737253511058 0.071954648244766883
286 1 1002.002002 22.500000 0.63389737253511058 0.071954648244766883
286 2 1002.002002 45.000000 0.63389737253511058 0.071954648244766883
286 3 1002.002002 67.500000 0.63389737253511058 0.071954648244766883
287 0 1005.505506 0.000000 0.63279574901677949 0.073377423136532088
287 1 1005.505506 22.500000 0.63279574901677949 0.073377423136532088
287 2 1005.505506 45.000000 0.63279574901677949 0.073377423136532088
287 3 1005.505506 67.500000 0.63279574901677949 0.073377423136532088
288 0 1009.009009 0.000000 0.63038820870097945 0.0744371305033215
288 1 1009.009009 22.500000 0.63038820870097945 0.0744371305033215
288 2 1009.009009 45.000000 0.63038820870097945 0.0744371305033215
288 3 1009.009009 67.500000 0.63038820870097945 0.0744371305033215
289 0 1012.512513 0.000000 0.62707850466798409 0.07494630631808108
289 1 1012.512513 22.500000 0.62707850466798409 0.07494630631808108
289 2 1012.512513 45.000000 0.62707850466798409 0.07494630631808108
289 3 1012.512513 67.500000 0.62707850466798409 0.07494630631808108
290 0 1016.016016 0.000000 0.6234304306913625 0.07481035422328372
290 1 1016.016016 22.500000 0.6234304306913625 0.07481035422328372
290 2 1016.016016 45.000000 0.6234304306913625 0.07481035422328372
290 3 1016.016016 67.500000 0.6234304306913625 0.07481035422328372
291 0 1019.519520 0.000000 0.62007081464570435 0.074044984821513393
291 1 1019.519520 22.500000 0.62007081464570435 0.074044984821513393
291 2 1019.519520 45.000000 0.62007081464570435 0.074044984821513393
291 3 1019.519520 67.500000 0.62007081464570435 0.074044984821513393
292 0 1023.023023 0.000000 0.61758203223792629 0.072774831074127438
292 1 1023.023023 22.500000 0.61758203223792629 0.072774831074127438
292 2 1023.023023 45.000000 0.61758203223792629 0.072774831074127438
292 3 1023.023023 67.500000 0.61758203223792629 0.072774831074127438
293 0 1026.526527 0.000000 0.61640247135203308 0.071213253303038307
293 1 1026.526527 22.500000 0.61640247135203308 0.071213253303038307
293 2 1026.526527 45.000000 0.61640247135203308 0.071213253303038307
293 3 1026.526527 67.500000 0.61640247135203308 0.071213253303038307
294 0 1030.030030 0.000000 0.6167511586332014 0.069626589109103798
294 1 1030.030030 22.500000 0.6167511586332014 0.069626589109103798
294 2 1030.030030 45.000000 0.6167511586332014 0.069626589109103798
294 3 1030.030030 67.500000 0.6167511586332014 0.069626589109103798
295 0 1033.533534 0.000000 0.61858840261161241 0.068288823475262564
295 1 1033.533534 22.500000 0.61858840261161241 0.068288823475262564
295 2 1033.533534 45.000000 0.61858840261161241 0.068288823475262564
295 3 1033.533534 67.500000 0.61858840261161241 0.068288823475262564
296 0 1037.037037 0.000000 0.62161881503952787 0.067434378013836976
296 1 1037.037037 22.500000 0.62161881503952787 0.067434378013836976
296 2 1037.037037 45.000000 0.62161881503952787 0.067434378013836976
296 3 1037.037037 67.500000 0.62161881503952787 0.067434378013836976
297 0 1040.540541 0.000000 0.62533702143359682 0.067217137058181956
297 1 1040.540541 22.500000 0.62533702143359682 0.067217137058181956
297 2 1040.540541 45.000000 0.62533702143359682 0.067217137058181956
297 3 1040.540541 67.500000 0.62533702143359682 0.067217137058181956
298 0 1044.044044 0.000000 0.62911002921355208 0.067682854150610122
298 1 1044.044044 22.500000 0.62911002921355208 0.067682854150610122
298 2 1044.044044 45.000000 0.62911002921355208 0.067682854150610122
298 3 1044.044044 67.500000 0.62911002921355208 0.067682854150610122
299 0 1047.547548 0.000000 0.6322839939821161 0.068759866016175189
299 1 1047.547548 22.500000 0.6322839939821161 0.068759866016175189
299 2 1047.547548 45.000000 0.6322839939821161 0.068759866016175189
299 3 1047.547548 67.500000 0.6322839939821161 0.068759866016175189
300 0 1051.051051 0.000000 0.63429794721906485 0.070269948426878476
300 1 1051.051051 22.500000 0.63429794721906485 0.070269948426878476
300 2 1051.051051 45.000000 0.63429794721906485 0.070269948426878476
300 3 1051.051051 67.500000 0.63429794721906485 0.070269948426878476
301 0 1054.554555 0.000000 0.63478433964287517 0.071957700765775706
301 1 1054.554555 22.500000 0.63478433964287517 0.071957700765775706
301 2 1054.554555 45.000000 0.63478433964287517 0.071957700765775706
301 3 1054.554555 67.500000 0.63478433964287517 0.071957700765775706
302 0 1058.058058 0.000000 0.63363735205557281 0.073533632438564728
302 1 1058.058058 22.500000 0.63363735205557281 0.073533632438564728
302 2 1058.058058 45.000000 0.63363735205557281 0.073533632438564728
302 3 1058.058058 67.500000 0.63363735205557281 0.073533632438564728
303 0 1061.561562 0.000000 0.63103530705492028 0.074723700560863748
303 1 1061.561562 22.500000 0.63103530705492028 0.074723700560863748
303 2 1061.561562 45.000000 0.63103530705492028 0.074723700560863748
303 3 1061.561562 67.500000 0.63103530705492028 0.074723700560863748
304 0 1065.065065 0.000000 0.62741228683660455 0.075316841781861654
304 1 1065.065065 22.500000 0.62741228683660455 0.075316841781861654
304 2 1065.065065 45.000000 0.62741228683660455 0.075316841781861654
304 3 1065.065065 67.500000 0.62741228683660455 0.075316841781861654
305 0 1068.568569 0.000000 0.62338409303920217 0.075202275055993403
305 1 1068.568569 22.500000 0.62338409303920217 0.075202275055993403
305 2 1068.568569 45.000000 0.62338409303920217 0.075202275055993403
305 3 1068.568569 67.500000 0.62338409303920217 0.075202275055993403
306 0 1072.072072 0.000000 0.61964238097513746 0.074390005187178782
306 1 1072.072072 22.500000 0.61964238097513746 0.074390005187178782
306 2 1072.072072 45.000000 0.61964238097513746 0.074390005187178782
306 3 1072.072072 67.500000 0.61964238097513746 0.074390005187178782
307 0 1075.575576 0.000000 0.61683612941389032 0.073010763305155338
307 1 1075.575576 22.500000 0.61683612941389032 0.073010763305155338
307 2 1075.575576 45.000000 0.61683612941389032 0.073010763305155338
307 3 1075.575576 67.500000 0.61683612941389032 0.073010763305155338
308 0 1079.079079 0.000000 0.61546080759862098 0.071295112559657009
308 1 1079.079079 22.500000 0.61546080759862098 0.071295112559657009
308 2 1079.079079 45.000000 0.61546080759862098 0.071295112559657009
308 3 1079.079079 67.500000 0.61546080759862098 0.071295112559657009
309 0 1082.582583 0.000000 0.6157732186214826 0.069535033600634247
309 1 1082.582583 22.500000 0.6157732186214826 0.069535033600634247
309 2 1082.582583 45.000000 0.6157732186214826 0.069535033600634247
309 3 1082.582583 67.500000 0.6157732186214826 0.069535033600634247
310 0 1086.086086 0.000000 0.61774528624853198 0.068034369117424359
310 1 1086.086086 22.500000 0.61774528624853198 0.068034369117424359
310 2 1086.086086 45.000000 0.61774528624853198 0.068034369117424359
310 3 1086.086086 67.500000 0.61774528624853198 0.068034369117424359
311 0 1089.589590 0.000000 0.62106417374804435 0.06705651545959794
311 1 1089.589590 22.500000 0.62106417374804435 0.06705651545959794
311 2 1089.589590 45.000000 0.62106417374804435 0.06705651545959794
311 3 1089.589590 67.500000 0.62106417374804435 0.06705651545959794
312 0 1093.093093 0.000000 0.62517967781954509 0.066778342024659973
312 1 1093.093093 22.500000 0.62517967781954509 0.066778342024659973
312 2 1093.093093 45.000000 0.62517967781954509 0.066778342024659973
312 3 1093.093093 67.500000 0.62517967781954509 0.066778342024659973
313 0 1096.596597 0.000000 0.62939299412626715 0.067258374006932034
313 1 1096.596597 22.500000 0.62939299412626715 0.067258374006932034
313 2 1096.596597 45.000000 0.62939299412626715 0.067258374006932034
313 3 1096.596597 67.500000 0.62939299412626715 0.067258374006932034
314 0 1100.100100 0.000000 0.63297400832126116 0.068424932218565132
314 1 1100.100100 22.500000 0.63297400832126116 0.068424932218565132
314 2 1100.100100 45.000000 0.63297400832126116 0.068424932218565132
314 3 1100.100100 67.500000 0.63297400832126116 0.068424932218565132
315 0 1103.603604 0.000000 0.63528820290244115 0.070086568023717127
315 1 1103.603604 22.500000 0.63528820290244115 0.070086568023717127
315 2 1103.603604 45.000000 0.63528820290244115 0.070086568023717127
315 3 1103.603604 67.500000 0.63528820290244115 0.070086568023717127
316 0 1107.107107 0.000000 0.63591073908569673 0.071963324622124
316 1 1107.107107 22.500000 0.63591073908569673 0.071963324622124
316 2 1107.107107 45.000000 0.63591073908569673 0.071963324622124
316 3 1107.107107 67.500000 0.63591073908569673 0.071963324622124
317 0 1110.610611 0.000000 0.6347059592672839 0.073733746187332763
317 1 1110.610611 22.500000 0.6347059592672839 0.073733746187332763
317 2 1110.610611 45.000000 0.6347059592672839 0.073733746187332763
317 3 1110.610611 67.500000 0.6347059592672839 0.073733746187332763
318 0 1114.114114 0.000000 0.63185620790956709 0.075089767389742643
318 1 1114.114114 22.500000 0.63185620790956709 0.075089767389742643
318 2 1114.114114 45.000000 0.63185620790956709 0.075089767389742643
318 3 1114.114114 67.500000 0.63185620790956709 0.075089767389742643
319 0 1117.617618 0.000000 0.62783361256270787 0.075790139340715726
319 1 1117.617618 22.500000 0.62783361256270787 0.075790139340715726
319 2 1117.617618 45.000000 0.62783361256270787 0.075790139340715726
319 3 1117.617618 67.500000 0.62783361256270787 0.075790139340715726
320 0 1121.121121 0.000000 0.62331989055160897 0.075703157425026119
320 1 1121.121121 22.500000 0.62331989055160897 0.075703157425026119
320 2 1121.121121 45.000000 0.62331989055160897 0.075703157425026119
320 3 1121.121121 67.500000 0.62331989055160897 0.075703157425026119
321 0 1124.624625 0.000000 0.61908929787718736 0.07483115687958207
321 1 1124.624625 22.500000 0.61908929787718736 0.07483115687958207
321 2 1124.624625 45.000000 0.61908929787718736 0.07483115687958207
321 3 1124.624625 67.500000 0.61908929787718736 0.07483115687958207
322 0 1128.128128 0.000000 0.61587606802912842 0.073312265130122775
322 1 1128.128128 22.500000 0.61587606802912842 0.073312265130122775
322 2 1128.128128 45.000000 0.61587606802912842 0.073312265130122775
322 3 1128.128128 67.500000 0.61587606802912842 0.073312265130122775
323 0 1131.631632 0.000000 0.61424916611901859 0.071398746347209954
323 1 1131.631632 22.500000 0.61424916611901859 0.071398746347209954
323 2 1131.631632 45.000000 0.61424916611901859 0.071398746347209954
323 3 1131.631632 67.500000 0.61424916611901859 0.071398746347209954
324 0 1135.135135 0.000000 0.61451456886514977 0.069415294925698715
324 1 1135.135135 22.500000 0.61451456886514977 0.069415294925698715
324 2 1135.135135 45.000000 0.61451456886514977 0.069415294925698715
324 3 1135.135135 67.500000 0.61451456886514977 0.069415294925698715
325 0 1138.638639 0.000000 0.61666010543747363 0.06770414210351075
325 1 1138.638639 22.500000 0.61666010543747363 0.06770414210351075
325 2 1138.638639 45.000000 0.61666010543747363 0.06770414210351075
325 3 1138.638639 67.500000 0.61666010543747363 0.06770414210351075
326 0 1142.142142 0.000000 0.62035155057597358 0.066566222686761822
326 1 1142.142142 22.500000 0.62035155057597358 0.066566222686761822
326 2 1142.142142 45.000000 0.62035155057597358 0.066566222686761822
326 3 1142.142142 67.500000 0.62035155057597358 0.066566222686761822
327 0 1145.645646 0.000000 0.62498177749827732 0.066208479327671335
327 1 1145.645646 22.500000 0.62498177749827732 0.066208479327671335
327 2 1145.645646 45.000000 0.62498177749827732 0.066208479327671335
327 3 1145.645646 67.500000 0.62498177749827732 0.066208479327671335
328 0 1149.149149 0.000000 0.62976735898338809 0.066706492216407745
328 1 1149.149149 22.500000 0.62976735898338809 0.066706492216407745
328 2 1149.149149 45.000000 0.62976735898338809 0.066706492216407745
328 3 1149.149149 67.500000 0.62976735898338809 0.066706492216407745
329 0 1152.652653 0.000000 0.63387917806928584 0.067989137203203459
329 1 1152.652653 22.500000 0.63387917806928584 0.067989137203203459
329 2 1152.652653 45.000000 0.63387917806928584 0.067989137203203459
329 3 1152.652653 67.500000 0.63387917806928584 0.067989137203203459
330 0 1156.156156 0.000000 0.63658636766265364 0.069848295929869617
330 1 1156.156156 22.500000 0.63658636766265364 0.069848295929869617
330 2 1156.156156 45.000000 0.63658636766265364 0.069848295929869617
330 3 1156.156156 67.500000 0.63658636766265364 0.069848295929869617
331 0 1159.659660 0.000000 0.63738820350693026 0.071972379792590913
331 1 1159.659660 22.500000 0.63738820350693026 0.071972379792590913
331 2 1159.659660 45.000000 0.63738820350693026 0.071972379792590913
331 3 1159.659660 67.500000 0.63738820350693026 0.071972379792590913
332 0 1163.163163 0.000000 0.63610860569365546 0.073998307831926763
332 1 1163.163163 22.500000 0.63610860569365546 0.073998307831926763
332 2 1163.163163 45.000000 0.63610860569365546 0.073998307831926763
332 3 1163.163163 67.500000 0.63610860569365546 0.073998307831926763
333 0 1166.666667 0.000000 0.63293382069455906 0.075573307366348749
333 1 1166.666667 22.500000 0.63293382069455906 0.075573307366348749
333 2 1166.666667 45.000000 0.63293382069455906 0.075573307366348749
333 3 1166.666667 67.500000 0.63293382069455906 0.075573307366348749
334 0 1170.170170 0.000000 0.62838485186363602 0.076416061871802526
334 1 1170.170170 22.500000 0.62838485186363602 0.076416061871802526
334 2 1170.170170 45.000000 0.62838485186363602 0.076416061871802526
334 3 1170.170170 67.500000 0.62838485186363602 0.076416061871802526
335 0 1173.673674 0.000000 0.62322950344311467 0.076366654841013765
335 1 1173.673674 22.500000 0.62322950344311467 0.076366654841013765
335 2 1173.673674 45.000000 0.62322950344311467 0.076366654841013765
335 3 1173.673674 67.500000 0.62322950344311467 0.076366654841013765
336 0 1177.177177 0.000000 0.6183508063145744 0.075416495260769614
336 1 1177.177177 22.500000 0.6183508063145744 0.075416495260769614
336 2 1177.177177 45.000000 0.6183508063145744 0.075416495260769614
336 3 1177.177177 67.500000 0.6183508063145744 0.075416495260769614
337 0 1180.680681 0.000000 0.61459605992136157 0.073712693943145224
337 1 1180.680681 22.500000 0.61459605992136157 0.073712693943145224
337 2 1180.680681 45.000000 0.61459605992136157 0.073712693943145224
337 3 1180.680681 67.500000 0.61459605992136157 0.073712693943145224
338 0 1184.184184 0.000000 0.61263256427566326 0.071535654336753282
338 1 1184.184184 22.500000 0.61263256427566326 0.071535654336753282
338 2 1184.184184 45.000000 0.61263256427566326 0.071535654336753282
338 3 1184.184184 67.500000 0.61263256427566326 0.071535654336753282
339 0 1187.687688 0.000000 0.61283315786049464 0.06925322785539971
339 1 1187.687688 22.500000 0.61283315786049464 0.06925322785539971
339 2 1187.687688 45.000000 0.61283315786049464 0.06925322785539971
339 3 1187.687688 67.500000 0.61283315786049464 0.06925322785539971
340 0 1191.191191 0.000000 0.61520887090097209 0.067258880386891345
340 1 1191.191191 22.500000 0.61520887090097209 0.067258880386891345
340 2 1191.191191 45.000000 0.61520887090097209 0.067258880386891345
340 3 1191.191191 67.500000 0.61520887090097209 0.067258880386891345
341 0 1194.694695 0.000000 0.6193990919396215 0.065904211350550385
341 1 1194.694695 22.500000 0.6193990919396215 0.065904211350550385
341 2 1194.694695 45.000000 0.6193990919396215 0.065904211350550385
341 3 1194.694695 67.500000 0.6193990919396215 0.065904211350550385
342 0 1198.198198 0.000000 0.62472229799042989 0.065437340142681641
342 1 1198.198198 22.500000 0.62472229799042989 0.065437340142681641
342 2 1198.198198 45.000000 0.62472229799042989 0.065437340142681641
342 3 1198.198198 67.500000 0.62472229799042989 0.065437340142681641
343 0 1201.701702 0.000000 0.63028235369592012 0.065957892935423923
343 1 1201.701702 22.500000 0.63028235369592012 0.065957892935423923
343 2 1201.701702 45.000000 0.63028235369592012 0.065957892935423923
343 3 1201.701702 67.500000 0.63028235369592012 0.065957892935423923
344 0 1205.205205 0.000000 0.63511644952253321 0.067396681993791063
344 1 1205.205205 22.500000 0.63511644952253321 0.067396681993791063
344 2 1205.205205 45.000000 0.63511644952253321 0.067396681993791063
344 3 1205.205205 67.500000 0.63511644952253321 0.067396681993791063
345 0 1208.708709 0.000000 0.63836187499363817 0.06952408657534144
345 1 1208.708709 22.500000 0.63836187499363817 0.06952408657534144
345 2 1208.708709 45.000000 0.63836187499363817 0.06952408657534144
345 3 1208.708709 67.500000 0.63836187499363817 0.06952408657534144
346 0 1212.212212 0.000000 0.63941238797589661 0.071986290716681361
346 1 1212.212212 22.500000 0.63941238797589661 0.071986290716681361
346 2 1212.212212 45.000000 0.63941238797589661 0.071986290716681361
346 3 1212.212212 67.500000 0.63941238797589661 0.071986290716681361
347 0 1215.715716 0.000000 0.63803386097743908 0.074363725490028135
347 1 1215.715716 22.500000 0.63803386097743908 0.074363725490028135
347 2 1215.715716 45.000000 0.63803386097743908 0.074363725490028135
347 3 1215.715716 67.500000 0.63803386097743908 0.074363725490028135
348 0 1219.219219 0.000000 0.63441498723461487 0.076242126603762755
348 1 1219.219219 22.500000 0.63441498723461487 0.076242126603762755
348 2 1219.219219 45.000000 0.63441498723461487 0.076242126603762755
348 3 1219.219219 67.500000 0.63441498723461487 0.076242126603762755
349 0 1222.722723 0.000000 0.62914148136459125 0.077284244966702248
349 1 1222.722723 22.500000 0.62914148136459125 0.077284244966702248
349 2 1222.722723 45.000000 0.62914148136459125 0.077284244966702248
349 3 1222.722723 67.500000 0.62914148136459125 0.077284244966702248
350 0 1226.226226 0.000000 0.62309814422478105 0.077289877047154676
350 1 1226.226226 22.500000 0.62309814422478105 0.077289877047154676
350 2 1226.226226 45.000000 0.62309814422478105 0.077289877047154676
350 3 1226.226226 67.500000 0.62309814422478105 0.077289877047154676
351 0 1229.729730 0.000000 0.6173177391189032 0.076233619076102238
351 1 1229.729730 22.500000 0.6173177391189032 0.076233619076102238
351 2 1229.729730 45.000000 0.6173177391189032 0.076233619076102238
351 3 1229.729730 67.500000 0.6173177391189032 0.076233619076102238
352 0 1233.233233 0.000000 0.61280488781381059 0.074273341682010843
352 1 1233.233233 22.500000 0.61280488781381059 0.074273341682010843
352 2 1233.233233 45.000000 0.61280488781381059 0.074273341682010843
352 3 1233.233233 67.500000 0.61280488781381059 0.074273341682010843
353 0 1236.736737 0.000000 0.61036553669297555 0.071727254286569911
353 1 1236.736737 22.500000 0.61036553669297555 0.071727254286569911
353 2 1236.736737 45.000000 0.61036553669297555 0.071727254286569911
353 3 1236.736737 67.500000 0.61036553669297555 0.071727254286569911
354 0 1240.240240 0.000000 0.61046904712715067 0.069022775440450476
354 1 1240.240240 22.500000 0.61046904712715067 0.069022775440450476
354 2 1240.240240 45.000000 0.61046904712715067 0.069022775440450476
354 3 1240.240240 67.500000 0.61046904712715067 0.069022775440450476
355 0 1243.743744 0.000000 0.61316324636773689 0.066625341806127822
355 1 1243.743744 22.500000 0.61316324636773689 0.066625341806127822
355 2 1243.743744 45.000000 0.61316324636773689 0.066625341806127822
355 3 1243.743744 67.500000 0.61316324636773689 0.066625341806127822
356 0 1247.247247 0.000000 0.61805515916462128 0.064958924049489344
356 1 1247.247247 22.500000 0.61805515916462128 0.064958924049489344
356 2 1247.247247 45.000000 0.61805515916462128 0.064958924049489344
356 3 1247.247247 67.500000 0.61805515916462128 0.064958924049489344
357 0 1250.750751 0.000000 0.62436237236208025 0.064331721734647962
357 1 1250.750751 22.500000 0.62436237236208025 0.064331721734647962
357 2 1250.750751 45.000000 0.62436237236208025 0.064331721734647962
357 3 1250.750751 67.500000 0.62436237236208025 0.064331721734647962
358 0 1254.254254 0.000000 0.6310313419485668 0.064879945776231962
358 1 1254.254254 22.500000 0.6310313419485668 0.064879945776231962
358 2 1254.254254 45.000000 0.6310313419485668 0.064879945776231962
358 3 1254.254254 67.500000 0.6310313419485668 0.064879945776231962
359 0 1257.757758 0.000000 0.63690862874801835 0.066539809610511494
359 1 1257.757758 22.500000 0.63690862874801835 0.066539809610511494
359 2 1257.757758 45.000000 0.63690862874801835 0.066539809610511494
359 3 1257.757758 67.500000 0.63690862874801835 0.066539809610511494
360 0 1261.261261 0.000000 0.64093979992710048 0.069053262708258178
360 1 1261.261261 22.500000 0.64093979992710048 0.069053262708258178
360 2 1261.261261 45.000000 0.64093979992710048 0.069053262708258178
360 3 1261.261261 67.500000 0.64093979992710048 0.069053262708258178
361 0 1264.764765 0.000000 0.64236150205373266 0.072007352724573426
361 1 1264.764765 22.500000 0.64236150205373266 0.072007352724573426
361 2 1264.764765 45.000000 0.64236150205373266 0.072007352724573426
361 3 1264.764765 67.500000 0.64236150205373266 0.072007352724573426
362 0 1268.268268 0.000000 0.64084908952266273 0.07490133377782271
362 1 1268.268268 22.500000 0.64084908952266273 0.07490133377782271
362 2 1268.268268 45.000000 0.64084908952266273 0.07490133377782271
362 3 1268.268268 67.500000 0.64084908952266273 0.07490133377782271
363 0 1271.771772 0.000000 0.63658817633793319 0.077230729421514197
363 1 1271.771772 22.500000 0.63658817633793319 0.077230729421514197
363 2 1271.771772 45.000000 0.63658817633793319 0.077230729421514197
363 3 1271.771772 67.500000 0.63658817633793319 0.077230729421514197
364 0 1275.275275 0.000000 0.63025337625222333 0.078574368501832192
364 1 1275.275275 22.500000 0.63025337625222333 0.078574368501832192
364 2 1275.275275 45.000000 0.63025337625222333 0.078574368501832192
364 3 1275.275275 67.500000 0.63025337625222333 0.078574368501832192
365 0 1278.778779 0.000000 0.62289738037858167 0.078669527609354695
365 1 1278.778779 22.500000 0.62289738037858167 0.078669527609354695
365 2 1278.778779 45.000000 0.62289738037858167 0.078669527609354695
365 3 1278.778779 67.500000 0.62289738037858167 0.078669527609354695
366 0 1282.282282 0.000000 0.61577226403497276 0.077461945068362861
366 1 1282.282282 22.500000 0.61577226403497276 0.077461945068362861
366 2 1282.282282 45.000000 0.61577226403497276 0.077461945068362861
366 3 1282.282282 67.500000 0.61577226403497276 0.077461945068362861
367 0 1285.785786 0.000000 0.61011701960876752 0.07512140597915376
367 1 1285.785786 22.500000 0.61011701960876752 0.07512140597915376
367 2 1285.785786 45.000000 0.61011701960876752 0.07512140597915376
367 3 1285.785786 67.500000 0.61011701960876752 0.07512140597915376
368 0 1289.289289 0.000000 0.60694842209182509 0.072019226792961896
368 1 1289.289289 22.500000 0.60694842209182509 0.072019226792961896
368 2 1289.289289 45.000000 0.60694842209182509 0.072019226792961896
368 3 1289.289289 67.500000 0.60694842209182509 0.072019226792961896
369 0 1292.792793 0.000000 0.606887915937809 0.068670379042766114
369 1 1292.792793 22.500000 0.606887915937809 0.068670379042766114
369 2 1292.792793 45.000000 0.606887915937809 0.068670379042766114
369 3 1292.792793 67.500000 0.606887915937809 0.068670379042766114
370 0 1296.296296 0.000000 0.61004904632569446 0.065649116462163162
370 1 1296.296296 22.500000 0.61004904632569446 0.065649116462163162
370 2 1296.296296 45.000000 0.61004904632569446 0.065649116462163162
370 3 1296.296296 67.500000 0.61004904632569446 0.065649116462163162
371 0 1299.799800 0.000000 0.61600144659321132 0.063491759335386352
371 1 1299.799800 22.500000 0.61600144659321132 0.063491759335386352
371 2 1299.799800 45.000000 0.61600144659321132 0.063491759335386352
371 3 1299.799800 67.500000 0.61600144659321132 0.063491759335386352
372 0 1303.303303 0.000000 0.62381948111250052 0.062602894009100851
372 1 1303.303303 22.500000 0.62381948111250052 0.062602894009100851
372 2 1303.303303 45.000000 0.62381948111250052 0.062602894009100851
372 3 1303.303303 67.500000 0.62381948111250052 0.062602894009100851
373 0 1306.806807 0.000000 0.63221475419832074 0.063181160228480901
373 1 1306.806807 22.500000 0.63221475419832074 0.063181160228480901
373 2 1306.806807 45.000000 0.63221475419832074 0.063181160228480901
373 3 1306.806807 67.500000 0.63221475419832074 0.063181160228480901
374 0 1310.310310 0.000000 0.63973974750428197 0.065177961328085773
374 1 1310.310310 22.500000 0.63973974750428197 0.065177961328085773
374 2 1310.310310 45.000000 0.63973974750428197 0.065177961328085773
374 3 1310.310310 67.500000 0.63973974750428197 0.065177961328085773
375 0 1313.813814 0.000000 0.64503494148549778 0.068297242510189315
375 1 1313.813814 22.500000 0.64503494148549778 0.068297242510189315
375 2 1313.813814 45.000000 0.64503494148549778 0.068297242510189315
375 3 1313.813814 67.500000 0.64503494148549778 0.068297242510189315
376 0 1317.317317 0.000000 0.64707759308200585 0.072037749011370666
376 1 1317.317317 22.500000 0.64707759308200585 0.072037749011370666
376 2 1317.317317 45.000000 0.64707759308200585 0.072037749011370666
376 3 1317.317317 67.500000 0.64707759308200585 0.072037749011370666
377 0 1320.820821 0.000000 0.64538300639534685 0.075771990923232543
377 1 1320.820821 22.500000 0.64538300639534685 0.075771990923232543
377 2 1320.820821 45.000000 0.64538300639534685 0.075771990923232543
377 3 1320.820821 67.500000 0.64538300639534685 0.075771990923232543
378 0 1324.324324 0.000000 0.64011394089046658 0.078849704683549515
378 1 1324.324324 22.500000 0.64011394089046658 0.078849704683549515
378 2 1324.324324 45.000000 0.64011394089046658 0.078849704683549515
378 3 1324.324324 67.500000 0.64011394089046658 0.078849704683549515
379 0 1327.827828 0.000000 0.63207173327422606 0.080709022179110482
379 1 1327.827828 22.500000 0.63207173327422606 0.080709022179110482
379 2 1327.827828 45.000000 0.63207173327422606 0.080709022179110482
379 3 1327.827828 67.500000 0.63207173327422606 0.080709022179110482
380 0 1331.331331 0.000000 0.62256901200179426 0.080976667366918512
380 1 1331.331331 22.500000 0.62256901200179426 0.080976667366918512
380 2 1331.331331 45.000000 0.62256901200179426 0.080976667366918512
380 3 1331.331331 67.500000 0.62256901200179426 0.080976667366918512
381 0 1334.834835 0.000000 0.61320987029906404 0.079539701668335197
381 1 1334.834835 22.500000 0.61320987029906404 0.079539701668335197
381 2 1334.834835 45.000000 0.61320987029906404 0.079539701668335197
381 3 1334.834835 67.500000 0.61320987029906404 0.079539701668335197
382 0 1338.338338 0.000000 0.60562060409463259 0.076575531510535588
382 1 1338.338338 22.500000 0.60562060409463259 0.076575531510535588
382 2 1338.338338 45.000000 0.60562060409463259 0.076575531510535588
382 3 1338.338338 67.500000 0.60562060409463259 0.076575531510535588
383 0 1341.841842 0.000000 0.60117860988050176 0.072533468885410152
383 1 1341.841842 22.500000 0.60117860988050176 0.072533468885410152
383 2 1341.841842 45.000000 0.60117860988050176 0.072533468885410152
383 3 1341.841842 67.500000 0.60117860988050176 0.072533468885410152
384 0 1345.345345 0.000000 0.600780799649828 0.068069075523735964
384 1 1345.345345 22.500000 0.600780799649828 0.068069075523735964
384 2 1345.345345 45.000000 0.600780799649828 0.068069075523735964
384 3 1345.345345 67.500000 0.600780799649828 0.068069075523735964
385 0 1348.848849 0.000000 0.60468199884558127 0.063940540178709426
385 1 1348.848849 22.500000 0.60468199884558127 0.063940540178709426
385 2 1348.848849 45.000000 0.60468199884558127 0.063940540178709426
385 3 1348.848849 67.500000 0.60468199884558127 0.063940540178709426
386 0 1352.352352 0.000000 0.61242404025871866 0.060883098968677267
386 1 1352.352352 22.500000 0.61242404025871866 0.060883098968677267
386 2 1352.352352 45.000000 0.61242404025871866 0.060883098968677267
386 3 1352.352352 67.500000 0.61242404025871866 0.060883098968677267
387 0 1355.855856 0.000000 0.62286930694139309 0.059481838811155562
387 1 1355.855856 22.500000 0.62286930694139309 0.059481838811155562
387 2 1355.855856 45.000000 0.62286930694139309 0.059481838811155562
387 3 1355.855856 67.500000 0.62286930694139309 0.059481838811155562
388 0 1359.359359 0.000000 0.6343450710221239 0.060064316552659015
388 1 1359.359359 22.500000 0.6343450710221239 0.060064316552659015
388 2 1359.359359 45.000000 0.6343450710221239 0.060064316552659015
388 3 1359.359359 67.500000 0.6343450710221239 0.060064316552659015
389 0 1362.862863 0.000000 0.64489199196483005 0.062631983777245284
389 1 1362.862863 22.500000 0.64489199196483005 0.062631983777245284
389 2 1362.862863 45.000000 0.64489199196483005 0.062631983777245284
389 3 1362.862863 67.500000 0.64489199196483005 0.062631983777245284
390 0 1366.366366 0.000000 0.65258943943861492 0.066843706181672055
390 1 1366.366366 22.500000 0.65258943943861492 0.066843706181672055
390 2 1366.366366 45.000000 0.65258943943861492 0.066843706181672055
390 3 1366.366366 67.500000 0.65258943943861492 0.066843706181672055
391 0 1369.869870 0.000000 0.65590616294483117 0.072056530425354551
391 1 1369.869870 22.500000 0.65590616294483117 0.072056530425354551
391 2 1369.869870 45.000000 0.65590616294483117 0.072056530425354551
391 3 1369.869870 67.500000 0.65590616294483117 0.072056530425354551
392 0 1373.373373 0.000000 0.65400718539879543 0.077419532969832491
392 1 1373.373373 22.500000 0.65400718539879543 0.077419532969832491
392 2 1373.373373 45.000000 0.65400718539879543 0.077419532969832491
392 3 1373.373373 67.500000 0.65400718539879543 0.077419532969832491
393 0 1376.876877 0.000000 0.64694724289698458 0.082007574404308239
393 1 1376.876877 22.500000 0.64694724289698458 0.082007574404308239
393 2 1376.876877 45.000000 0.64694724289698458 0.082007574404308239
393 3 1376.876877 67.500000 0.64694724289698458 0.082007574404308239
394 0 1380.380380 0.000000 0.63570231808605671 0.084974570359475671
394 1 1380.380380 22.500000 0.63570231808605671 0.084974570359475671
394 2 1380.380380 45.000000 0.63570231808605671 0.084974570359475671
394 3 1380.380380 67.500000 0.63570231808605671 0.084974570359475671
395 0 1383.883884 0.000000 0.62202864514164957 0.085701726101170217
395 1 1383.883884 22.500000 0.62202864514164957 0.085701726101170217
395 2 1383.883884 45.000000 0.62202864514164957 0.085701726101170217
395 3 1383.883884 67.500000 0.62202864514164957 0.085701726101170217
396 0 1387.387387 0.000000 0.60817947804673478 0.083915863759727732
396 1 1387.387387 22.500000 0.60817947804673478 0.083915863759727732
396 2 1387.387387 45.000000 0.60817947804673478 0.083915863759727732
396 3 1387.387387 67.500000 0.60817947804673478 0.083915863759727732
397 0 1390.890891 0.000000 0.59653869103282997 0.079756700488290228
397 1 1390.890891 22.500000 0.59653869103282997 0.079756700488290228
397 2 1390.890891 45.000000 0.59653869103282997 0.079756700488290228
397 3 1390.890891 67.500000 0.59653869103282997 0.079756700488290228
398 0 1394.394394 0.000000 0.58923811221564604 0.073779266847290748
398 1 1394.394394 22.500000 0.58923811221564604 0.073779266847290748
398 2 1394.394394 45.000000 0.58923811221564604 0.073779266847290748
398 3 1394.394394 67.500000 0.58923811221564604 0.073779266847290748
399 0 1397.897898 0.000000 0.58781461657439438 0.066887545460415143
399 1 1397.897898 22.500000 0.58781461657439438 0.066887545460415143
399 2 1397.897898 45.000000 0.58781461657439438 0.066887545460415143
399 3 1397.897898 67.500000 0.58781461657439438 0.066887545460415143
400 0 1401.401401 0.000000 0.59294475466539176 0.060206370913155532
400 1 1401.401401 22.500000 0.59294475466539176 0.060206370913155532
400 2 1401.401401 45.000000 0.59294475466539176 0.060206370913155532
400 3 1401.401401 67.500000 0.59294475466539176 0.060206370913155532
401 0 1404.904905 0.000000 0.6042818269817144 0.054908950065626794
401 1 1404.904905 22.500000 0.6042818269817144 0.054908950065626794
401 2 1404.904905 45.000000 0.6042818269817144 0.054908950065626794
401 3 1404.904905 67.500000 0.6042818269817144 0.054908950065626794
402 0 1408.408408 0.000000 0.62041826905572595 0.052025367349759086
402 1 1408.408408 22.500000 0.62041826905572595 0.052025367349759086
402 2 1408.408408 45.000000 0.62041826905572595 0.052025367349759086
402 3 1408.408408 67.500000 0.62041826905572595 0.052025367349759086
403 0 1411.911912 0.000000 0.63899900996481207 0.052261771567608799
403 1 1411.911912 22.500000 0.63899900996481207 0.052261771567608799
403 2 1411.911912 45.000000 0.63899900996481207 0.052261771567608799
403 3 1411.911912 67.500000 0.63899900996481207 0.052261771567608799
404 0 1415.415415 0.000000 0.65700543933318256 0.055859772637658144
404 1 1415.415415 22.500000 0.65700543933318256 0.055859772637658144
404 2 1415.415415 45.000000 0.65700543933318256 0.055859772637658144
404 3 1415.415415 67.500000 0.65700543933318256 0.055859772637658144
405 0 1418.918919 0.000000 0.67120327057137852 0.062520762281130557
405 1 1418.918919 22.500000 0.67120327057137852 0.062520762281130557
405 2 1418.918919 45.000000 0.67120327057137852 0.062520762281130557
405 3 1418.918919 67.500000 0.67120327057137852 0.062520762281130557
406 0 1422.422422 0.000000 0.67870161958206598 0.071410988298634168
406 1 1422.422422 22.500000 0.67870161958206598 0.071410988298634168
406 2 1422.422422 45.000000 0.67870161958206598 0.071410988298634168
406 3 1422.422422 67.500000 0.67870161958206598 0.071410988298634168
407 0 1425.925926 0.000000 0.67752127763314196 0.081251487432247457
407 1 1425.925926 22.500000 0.67752127763314196 0.081251487432247457
407 2 1425.925926 45.000000 0.67752127763314196 0.081251487432247457
407 3 1425.925926 67.500000 0.67752127763314196 0.081251487432247457
408 0 1429.429429 0.000000 0.66704260520294489 0.090484125790629685
408 1 1429.429429 22.500000 0.66704260520294489 0.090484125790629685
408 2 1429.429429 45.000000 0.66704260520294489 0.090484125790629685
408 3 1429.429429 67.500000 0.66704260520294489 0.090484125790629685
409 0 1432.932933 0.000000 0.64821787894388005 0.097492944232887999
409 1 1432.932933 22.500000 0.64821787894388005 0.097492944232887999
409 2 1432.932933 45.000000 0.64821787894388005 0.097492944232887999
409 3 1432.932933 67.500000 0.64821787894388005 0.097492944232887999
410 0 1436.436436 0.000000 0.62349108553208554 0.10085062813891567
410 1 1436.436436 22.500000 0.62349108553208554 0.10085062813891567
410 2 1436.436436 45.000000 0.62349108553208554 0.10085062813891567
410 3 1436.436436 67.500000 0.62349108553208554 0.10085062813891567
411 0 1439.939940 0.000000 0.59644917745417447 0.099554729747641443
411 1 1439.939940 22.500000 0.59644917745417447 0.099554729747641443
411 2 1439.939940 45.000000 0.59644917745417447 0.099554729747641443
411 3 1439.939940 67.500000 0.59644917745417447 0.099554729747641443
412 0 1443.443443 0.000000 0.57129780778080219 0.093218183371288871
412 1 1443.443443 22.500000 0.57129780778080219 0.093218183371288871
412 2 1443.443443 45.000000 0.57129780778080219 0.093218183371288871
412 3 1443.443443 67.500000 0.57129780778080219 0.093218183371288871
413 0 1446.946947 0.000000 0.55228085497079837 0.082183836247826728
413 1 1446.946947 22.500000 0.55228085497079837 0.082183836247826728
413 2 1446.946947 45.000000 0.55228085497079837 0.082183836247826728
413 3 1446.946947 67.500000 0.55228085497079837 0.082183836247826728
414 0 1450.450450 0.000000 0.54313793893732121 0.067542546811837717
414 1 1450.450450 22.500000 0.54313793893732121 0.067542546811837717
414 2 1450.450450 45.000000 0.54313793893732121 0.067542546811837717
414 3 1450.450450 67.500000 0.54313793893732121 0.067542546811837717
415 0 1453.953954 0.000000 0.54663756899139981 0.051047542454493368
415 1 1453.953954 22.500000 0.54663756899139981 0.051047542454493368
415 2 1453.953954 45.000000 0.54663756899139981 0.051047542454493368
415 3 1453.953954 67.500000 0.54663756899139981 0.051047542454493368
416 0 1457.457457 0.000000 0.56417438352556215 0.034932322468623989
416 1 1457.457457 22.500000 0.56417438352556215 0.034932322468623989
416 2 1457.457457 45.000000 0.56417438352556215 0.034932322468623989
416 3 1457.457457 67.500000 0.56417438352556215 0.034932322468623989
417 0 1460.960961 0.000000 0.59541265991206893 0.021653329245859231
417 1 1460.960961 22.500000 0.59541265991206893 0.021653329245859231
417 2 1460.960961 45.000000 0.59541265991206893 0.021653329245859231
417 3 1460.960961 67.500000 0.59541265991206893 0.021653329245859231
418 0 1464.464464 0.000000 0.63800439383664875 0.013589843263003418
418 1 1464.464464 22.500000 0.63800439383664875 0.013589843263003418
418 2 1464.464464 45.000000 0.63800439383664875 0.013589843263003418
418 3 1464.464464 67.500000 0.63800439383664875 0.013589843263003418
419 0 1467.967968 0.000000 0.68748258408128426 0.012740404183842487
419 1 1467.967968 22.500000 0.68748258408128426 0.012740404183842487
419 2 1467.967968 45.000000 0.68748258408128426 0.012740404183842487
419 3 1467.967968 67.500000 0.68748258408128426 0.012740404183842487
420 0 1471.471471 0.000000 0.7374777675227796 0.020456463086320122
420 1 1471.471471 22.500000 0.7374777675227796 0.020456463086320122
420 2 1471.471471 45.000000 0.7374777675227796 0.020456463086320122
420 3 1471.471471 67.500000 0.7374777675227796 0.020456463086320122
421 0 1474.974975 0.000000 0.78037959758208886 0.037249656363438924
421 1 1474.974975 22.500000 0.78037959758208886 0.037249656363438924
421 2 1474.974975 45.000000 0.78037959758208886 0.037249656363438924
421 3 1474.974975 67.500000 0.78037959758208886 0.037249656363438924
422 0 1478.478478 0.000000 0.80844919776532209 0.062699618909853205
422 1 1478.478478 22.500000 0.80844919776532209 0.062699618909853205
422 2 1478.478478 45.000000 0.80844919776532209 0.062699618909853205
422 3 1478.478478 67.500000 0.80844919776532209 0.062699618909853205
423 0 1481.981982 0.000000 0.81521459429202126 0.095475935287730157
423 1 1481.981982 22.500000 0.81521459429202126 0.095475935287730157
423 2 1481.981982 45.000000 0.81521459429202126 0.095475935287730157
423 3 1481.981982 67.500000 0.81521459429202126 0.095475935287730157
424 0 1485.485485 0.000000 0.79682286606430686 0.13347253828872369
424 1 1485.485485 22.500000 0.79682286606430686 0.13347253828872369
424 2 1485.485485 45.000000 0.79682286606430686 0.13347253828872369
424 3 1485.485485 67.500000 0.79682286606430686 0.13347253828872369
425 0 1488.988989 0.000000 0.7529587336683875 0.17403776854056904
425 1 1488.988989 22.500000 0.7529587336683875 0.17403776854056904
425 2 1488.988989 45.000000 0.7529587336683875 0.17403776854056904
425 3 1488.988989 67.500000 0.7529587336683875 0.17403776854056904
426 0 1492.492492 0.000000 0.68701796187251996 0.21427054098530768
426 1 1492.492492 22.500000 0.68701796187251996 0.21427054098530768
426 2 1492.492492 45.000000 0.68701796187251996 0.21427054098530768
426 3 1492.492492 67.500000 0.68701796187251996 0.21427054098530768
427 0 1495.995996 0.000000 0.60543294588551211 0.25134441659101769
427 1 1495.995996 22.500000 0.60543294588551211 0.25134441659101769
427 2 1495.995996 45.000000 0.60543294588551211 0.25134441659101769
427 3 1495.995996 67.500000 0.60543294588551211 0.25134441659101769
428 0 1499.499499 0.000000 0.5163146019617797 0.28281804034995162
428 1 1499.499499 22.500000 0.5163146019617797 0.28281804034995162
428 2 1499.499499 45.000000 0.5163146019617797 0.28281804034995162
428 3 1499.499499 67.500000 0.5163146019617797 0.28281804034995162
429 0 1503.003003 0.000000 0.42779550937779542 0.30689279695124883
429 1 1503.003003 22.500000 0.42779550937779542 0.30689279695124883
429 2 1503.003003 45.000000 0.42779550937779542 0.30689279695124883
429 3 1503.003003 67.500000 0.42779550937779542 0.30689279695124883
430 0 1506.506507 0.000000 0.3465451966095448 0.32258624471078512
430 1 1506.506507 22.500000 0.3465451966095448 0.32258624471078512
430 2 1506.506507 45.000000 0.3465451966095448 0.32258624471078512
430 3 1506.506507 67.500000 0.3465451966095448 0.32258624471078512
431 0 1510.010010 0.000000 0.27684575027863911 0.32980175026100822
431 1 1510.010010 22.500000 0.27684575027863911 0.32980175026100822
431 2 1510.010010 45.000000 0.27684575027863911 0.32980175026100822
431 3 1510.010010 67.500000 0.27684575027863911 0.32980175026100822
432 0 1513.513514 0.000000 0.22040132350137837 0.32928901794692966
432 1 1513.513514 22.500000 0.22040132350137837 0.32928901794692966
432 2 1513.513514 45.000000 0.22040132350137837 0.32928901794692966
432 3 1513.513514 67.500000 0.22040132350137837 0.32928901794692966
433 0 1517.017017 0.000000 0.17679875099856387 0.32250483190965484
433 1 1517.017017 22.500000 0.17679875099856387 0.32250483190965484
433 2 1517.017017 45.000000 0.17679875099856387 0.32250483190965484
433 3 1517.017017 67.500000 0.17679875099856387 0.32250483190965484
434 0 1520.520521 0.000000 0.14434056347176538 0.31139624065227889
434 1 1520.520521 22.500000 0.14434056347176538 0.31139624065227889
434 2 1520.520521 45.000000 0.14434056347176538 0.31139624065227889
434 3 1520.520521 67.500000 0.14434056347176538 0.31139624065227889
435 0 1524.024024 0.000000 0.12090540193205357 0.29813784263810544
435 1 1524.024024 22.500000 0.12090540193205357 0.29813784263810544
435 2 1524.024024 45.000000 0.12090540193205357 0.29813784263810544
435 3 1524.024024 67.500000 0.12090540193205357 0.29813784263810544
436 0 1527.527528 0.000000 0.1045626583308899 0.2848595529441712
436 1 1527.527528 22.500000 0.1045626583308899 0.2848595529441712
436 2 1527.527528 45.000000 0.1045626583308899 0.2848595529441712
436 3 1527.527528 67.500000 0.1045626583308899 0.2848595529441712
437 0 1531.031031 0.000000 0.093827884113942939 0.27340073390524372
437 1 1531.031031 22.500000 0.093827884113942939 0.27340073390524372
437 2 1531.031031 45.000000 0.093827884113942939 0.27340073390524372
437 3 1531.031031 67.500000 0.093827884113942939 0.27340073390524372
438 0 1534.534535 0.000000 0.08761274441373082 0.26512111536956928
438 1 1534.534535 22.500000 0.08761274441373082 0.26512111536956928
438 2 1534.534535 45.000000 0.08761274441373082 0.26512111536956928
438 3 1534.534535 67.500000 0.08761274441373082 0.26512111536956928
439 0 1538.038038 0.000000 0.085027080896294571 0.26078948132307539
439 1 1538.038038 22.500000 0.085027080896294571 0.26078948132307539
439 2 1538.038038 45.000000 0.085027080896294571 0.26078948132307539
439 3 1538.038038 67.500000 0.085027080896294571 0.26078948132307539
440 0 1541.541542 0.000000 0.085200088752978229 0.26055917450801458
440 1 1541.541542 22.500000 0.085200088752978229 0.26055917450801458
440 2 1541.541542 45.000000 0.085200088752978229 0.26055917450801458
440 3 1541.541542 67.500000 0.085200088752978229 0.26055917450801458
441 0 1545.045045 0.000000 0.087219952550142574 0.26402689012916536
441 1 1545.045045 22.500000 0.087219952550142574 0.26402689012916536
441 2 1545.045045 45.000000 0.087219952550142574 0.26402689012916536
441 3 1545.045045 67.500000 0.087219952550142574 0.26402689012916536
442 0 1548.548549 0.000000 0.09019599061340329 0.27035984028872106
442 1 1548.548549 22.500000 0.09019599061340329 0.27035984028872106
442 2 1548.548549 45.000000 0.09019599061340329 0.27035984028872106
442 3 1548.548549 67.500000 0.09019599061340329 0.27035984028872106
443 0 1552.052052 0.000000 0.093376968487254408 0.27846776907395754
443 1 1552.052052 22.500000 0.093376968487254408 0.27846776907395754
443 2 1552.052052 45.000000 0.093376968487254408 0.27846776907395754
443 3 1552.052052 67.500000 0.093376968487254408 0.27846776907395754
444 0 1555.555556 0.000000 0.096243110972455428 0.28719160184643955
444 1 1555.555556 22.500000 0.096243110972455428 0.28719160184643955
444 2 1555.555556 45.000000 0.096243110972455428 0.28719160184643955
444 3 1555.555556 67.500000 0.096243110972455428 0.28719160184643955
445 0 1559.059059 0.000000 0.098523080649131969 0.29548021040688655
445 1 1559.059059 22.500000 0.098523080649131969 0.29548021040688655
445 2 1559.059059 45.000000 0.098523080649131969 0.29548021040688655
445 3 1559.059059 67.500000 0.098523080649131969 0.29548021040688655
446 0 1562.562563 0.000000 0.10014103507868437 0.3025306799165155
446 1 1562.562563 22.500000 0.10014103507868437 0.3025306799165155
446 2 1562.562563 45.000000 0.10014103507868437 0.3025306799165155
446 3 1562.562563 67.500000 0.10014103507868437 0.3025306799165155
447 0 1566.066066 0.000000 0.10113797350833872 0.30787476334523073
447 1 1566.066066 22.500000 0.10113797350833872 0.30787476334523073
447 2 1566.066066 45.000000 0.10113797350833872 0.30787476334523073
447 3 1566.066066 67.500000 0.10113797350833872 0.30787476334523073
448 0 1569.569570 0.000000 0.10161582921127121 0.31140362091043461
448 1 1569.569570 22.500000 0.10161582921127121 0.31140362091043461
448 2 1569.569570 45.000000 0.10161582921127121 0.31140362091043461
448 3 1569.569570 67.500000 0.10161582921127121 0.31140362091043461
449 0 1573.073073 0.000000 0.10172560444193357 0.31333292363989845
449 1 1573.073073 22.500000 0.10172560444193357 0.31333292363989845
449 2 1573.073073 45.000000 0.10172560444193357 0.31333292363989845
449 3 1573.073073 67.500000 0.10172560444193357 0.31333292363989845
450 0 1576.576577 0.000000 0.10168378561751155 0.31411939912298137
450 1 1576.576577 22.500000 0.10168378561751155 0.31411939912298137
450 2 1576.576577 45.000000 0.10168378561751155 0.31411939912298137
450 3 1576.576577 67.500000 0.10168378561751155 0.31411939912298137
451 0 1580.080080 0.000000 0.10177897876730693 0.31434658935769566
451 1 1580.080080 22.500000 0.10177897876730693 0.31434658935769566
451 2 1580.080080 45.000000 0.10177897876730693 0.31434658935769566
451 3 1580.080080 67.500000 0.10177897876730693 0.31434658935769566
452 0 1583.583584 0.000000 0.10233618995095616 0.31460107391257497
452 1 1583.583584 22.500000 0.10233618995095616 0.31460107391257497
452 2 1583.583584 45.000000 0.10233618995095616 0.31460107391257497
452 3 1583.583584 67.500000 0.10233618995095616 0.31460107391257497
453 0 1587.087087 0.000000 0.10363443566558267 0.31536032893110499
453 1 1587.087087 22.500000 0.10363443566558267 0.31536032893110499
453 2 1587.087087 45.000000 0.10363443566558267 0.31536032893110499
453 3 1587.087087 67.500000 0.10363443566558267 0.31536032893110499
454 0 1590.590591 0.000000 0.10580604920845843 0.31690996159813822
454 1 1590.590591 22.500000 0.10580604920845843 0.31690996159813822
454 2 1590.590591 45.000000 0.10580604920845843 0.31690996159813822
454 3 1590.590591 67.500000 0.10580604920845843 0.31690996159813822
455 0 1594.094094 0.000000 0.10876331810323081 0.31930201343750031
455 1 1594.094094 22.500000 0.10876331810323081 0.31930201343750031
455 2 1594.094094 45.000000 0.10876331810323081 0.31930201343750031
455 3 1594.094094 67.500000 0.10876331810323081 0.31930201343750031
456 0 1597.597598 0.000000 0.11219018861319512 0.32235847337969947
456 1 1597.597598 22.500000 0.11219018861319512 0.32235847337969947
456 2 1597.597598 45.000000 0.11219018861319512 0.32235847337969947
456 3 1597.597598 67.500000 0.11219018861319512 0.32235847337969947
457 0 1601.101101 0.000000 0.11560873586372519 0.32571637576518708
457 1 1601.101101 22.500000 0.11560873586372519 0.32571637576518708
457 2 1601.101101 45.000000 0.11560873586372519 0.32571637576518708
457 3 1601.101101 67.500000 0.11560873586372519 0.32571637576518708
458 0 1604.604605 0.000000 0.11849764692429095 0.32890414195772766
458 1 1604.604605 22.500000 0.11849764692429095 0.32890414195772766
458 2 1604.604605 45.000000 0.11849764692429095 0.32890414195772766
458 3 1604.604605 67.500000 0.11849764692429095 0.32890414195772766
459 0 1608.108108 0.000000 0.1204198572182813 0.33143418911046613
459 1 1608.108108 22.500000 0.1204198572182813 0.33143418911046613
459 2 1608.108108 45.000000 0.1204198572182813 0.33143418911046613
459 3 1608.108108 67.500000 0.1204198572182813 0.33143418911046613
460 0 1611.611612 0.000000 0.12111730837371167 0.33289492207172366
460 1 1611.611612 22.500000 0.12111730837371167 0.33289492207172366
460 2 1611.611612 45.000000 0.12111730837371167 0.33289492207172366
460 3 1611.611612 67.500000 0.12111730837371167 0.33289492207172366
461 0 1615.115115 0.000000 0.12054934598390003 0.33302621772100255
461 1 1615.115115 22.500000 0.12054934598390003 0.33302621772100255
461 2 1615.115115 45.000000 0.12054934598390003 0.33302621772100255
461 3 1615.115115 67.500000 0.12054934598390003 0.33302621772100255
462 0 1618.618619 0.000000 0.11887583853664541 0.33176609815539698
462 1 1618.618619 22.500000 0.11887583853664541 0.33176609815539698
462 2 1618.618619 45.000000 0.11887583853664541 0.33176609815539698
462 3 1618.618619 67.500000 0.11887583853664541 0.33176609815539698
463 0 1622.122122 0.000000 0.1164039922579771 0.32926175331330809
463 1 1622.122122 22.500000 0.1164039922579771 0.32926175331330809
463 2 1622.122122 45.000000 0.1164039922579771 0.32926175331330809
463 3 1622.122122 67.500000 0.1164039922579771 0.32926175331330809
464 0 1625.625626 0.000000 0.11352237043214179 0.32584442250099621
464 1 1625.625626 22.500000 0.11352237043214179 0.32584442250099621
464 2 1625.625626 45.000000 0.11352237043214179 0.32584442250099621
464 3 1625.625626 67.500000 0.11352237043214179 0.32584442250099621
465 0 1629.129129 0.000000 0.11063863842379983 0.32197378380227232
465 1 1629.129129 22.500000 0.11063863842379983 0.32197378380227232
465 2 1629.129129 45.000000 0.11063863842379983 0.32197378380227232
465 3 1629.129129 67.500000 0.11063863842379983 0.32197378380227232
466 0 1632.632633 0.000000 0.10812670779212297 0.31816241832063857
466 1 1632.632633 22.500000 0.10812670779212297 0.31816241832063857
466 2 1632.632633 45.000000 0.10812670779212297 0.31816241832063857
466 3 1632.632633 67.500000 0.10812670779212297 0.31816241832063857
467 0 1636.136136 0.000000 0.10628210758019765 0.31489384553204919
467 1 1636.136136 22.500000 0.10628210758019765 0.31489384553204919
467 2 1636.136136 45.000000 0.10628210758019765 0.31489384553204919
467 3 1636.136136 67.500000 0.10628210758019765 0.31489384553204919
468 0 1639.639640 0.000000 0.10528483292154175 0.31254816148801334
468 1 1639.639640 22.500000 0.10528483292154175 0.31254816148801334
468 2 1639.639640 45.000000 0.10528483292154175 0.31254816148801334
468 3 1639.639640 67.500000 0.10528483292154175 0.31254816148801334
469 0 1643.143143 0.000000 0.10517405382996972 0.31134746269752689
469 1 1643.143143 22.500000 0.10517405382996972 0.31134746269752689
469 2 1643.143143 45.000000 0.10517405382996972 0.31134746269752689
469 3 1643.143143 67.500000 0.10517405382996972 0.31134746269752689
470 0 1646.646647 0.000000 0.10584314270321814 0.31132941191945707
470 1 1646.646647 22.500000 0.10584314270321814 0.31132941191945707
470 2 1646.646647 45.000000 0.10584314270321814 0.31132941191945707
470 3 1646.646647 67.500000 0.10584314270321814 0.31132941191945707
471 0 1650.150150 0.000000 0.10706185707940859 0.31235221909792937
471 1 1650.150150 22.500000 0.10706185707940859 0.31235221909792937
471 2 1650.150150 45.000000 0.10706185707940859 0.31235221909792937
471 3 1650.150150 67.500000 0.10706185707940859 0.31235221909792937
472 0 1653.653654 0.000000 0.10852482335227882 0.31412887534490103
472 1 1653.653654 22.500000 0.10852482335227882 0.31412887534490103
472 2 1653.653654 45.000000 0.10852482335227882 0.31412887534490103
472 3 1653.653654 67.500000 0.10852482335227882 0.31412887534490103
473 0 1657.157157 0.000000 0.10991568679329083 0.31628361953163153
473 1 1657.157157 22.500000 0.10991568679329083 0.31628361953163153
473 2 1657.157157 45.000000 0.10991568679329083 0.31628361953163153
473 3 1657.157157 67.500000 0.10991568679329083 0.31628361953163153
474 0 1660.660661 0.000000 0.11097000302080048 0.31842013394708796
474 1 1660.660661 22.500000 0.11097000302080048 0.31842013394708796
474 2 1660.660661 45.000000 0.11097000302080048 0.31842013394708796
474 3 1660.660661 67.500000 0.11097000302080048 0.31842013394708796
475 0 1664.164164 0.000000 0.11152072094471036 0.32018939567879334
475 1 1664.164164 22.500000 0.11152072094471036 0.32018939567879334
475 2 1664.164164 45.000000 0.11152072094471036 0.32018939567879334
475 3 1664.164164 67.500000 0.11152072094471036 0.32018939567879334
476 0 1667.667668 0.000000 0.11151739206748038 0.32134565041169616
476 1 1667.667668 22.500000 0.11151739206748038 0.32134565041169616
476 2 1667.667668 45.000000 0.11151739206748038 0.32134565041169616
476 3 1667.667668 67.500000 0.11151739206748038 0.32134565041169616
477 0 1671.171171 0.000000 0.11101991865684292 0.3217814587568526
477 1 1671.171171 22.500000 0.11101991865684292 0.3217814587568526
477 2 1671.171171 45.000000 0.11101991865684292 0.3217814587568526
477 3 1671.171171 67.500000 0.11101991865684292 0.3217814587568526
478 0 1674.674675 0.000000 0.11017474434577201 0.3215367026112339
478 1 1674.674675 22.500000 0.11017474434577201 0.3215367026112339
478 2 1674.674675 45.000000 0.11017474434577201 0.3215367026112339
478 3 1674.674675 67.500000 0.11017474434577201 0.3215367026112339
479 0 1678.178178 0.000000 0.10918304828036209 0.32078111109939073
479 1 1678.178178 22.500000 0.10918304828036209 0.32078111109939073
479 2 1678.178178 45.000000 0.10918304828036209 0.32078111109939073
479 3 1678.178178 67.500000 0.10918304828036209 0.32078111109939073
480 0 1681.681682 0.000000 0.10826743562859167 0.31977445191412956
480 1 1681.681682 22.500000 0.10826743562859167 0.31977445191412956
480 2 1681.681682 45.000000 0.10826743562859167 0.31977445191412956
480 3 1681.681682 67.500000 0.10826743562859167 0.31977445191412956
481 0 1685.185185 0.000000 0.10763919490508111 0.31881225463889584
481 1 1685.185185 22.500000 0.10763919490508111 0.31881225463889584
481 2 1685.185185 45.000000 0.10763919490508111 0.31881225463889584
481 3 1685.185185 67.500000 0.10763919490508111 0.31881225463889584
482 0 1688.688689 0.000000 0.10746600282739069 0.31816717961102425
482 1 1688.688689 22.500000 0.10746600282739069 0.31816717961102425
482 2 1688.688689 45.000000 0.10746600282739069 0.31816717961102425
482 3 1688.688689 67.500000 0.10746600282739069 0.31816717961102425
483 0 1692.192192 0.000000 0.10784145117050253 0.3180365801020808
483 1 1692.192192 22.500000 0.10784145117050253 0.3180365801020808
483 2 1692.192192 45.000000 0.10784145117050253 0.3180365801020808
483 3 1692.192192 67.500000 0.10784145117050253 0.3180365801020808
484 0 1695.695696 0.000000 0.10876147388785547 0.31850540691871138
484 1 1695.695696 22.500000 0.10876147388785547 0.31850540691871138
484 2 1695.695696 45.000000 0.10876147388785547 0.31850540691871138
484 3 1695.695696 67.500000 0.10876147388785547 0.31850540691871138
485 0 1699.199199 0.000000 0.11011542111184448 0.31953066584450573
485 1 1699.199199 22.500000 0.11011542111184448 0.31953066584450573
485 2 1699.199199 45.000000 0.11011542111184448 0.31953066584450573
485 3 1699.199199 67.500000 0.11011542111184448 0.31953066584450573
486 0 1702.702703 0.000000 0.11169837928441696 0.32094970688382801
486 1 1702.702703 22.500000 0.11169837928441696 0.32094970688382801
486 2 1702.702703 45.000000 0.11169837928441696 0.32094970688382801
486 3 1702.702703 67.500000 0.11169837928441696 0.32094970688382801
487 0 1706.206206 0.000000 0.11324591394294067 0.32251040149793914
487 1 1706.206206 22.500000 0.11324591394294067 0.32251040149793914
487 2 1706.206206 45.000000 0.11324591394294067 0.32251040149793914
487 3 1706.206206 67.500000 0.11324591394294067 0.32251040149793914
488 0 1709.709710 0.000000 0.11448491841588837 0.32391748210976812
488 1 1709.709710 22.500000 0.11448491841588837 0.32391748210976812
488 2 1709.709710 45.000000 0.11448491841588837 0.32391748210976812
488 3 1709.709710 67.500000 0.11448491841588837 0.32391748210976812
489 0 1713.213213 0.000000 0.11518826318329682 0.32488661456355944
489 1 1713.213213 22.500000 0.11518826318329682 0.32488661456355944
489 2 1713.213213 45.000000 0.11518826318329682 0.32488661456355944
489 3 1713.213213 67.500000 0.11518826318329682 0.32488661456355944
490 0 1716.716717 0.000000 0.11521934559763929 0.32519658574268562
490 1 1716.716717 22.500000 0.11521934559763929 0.32519658574268562
490 2 1716.716717 45.000000 0.11521934559763929 0.32519658574268562
490 3 1716.716717 67.500000 0.11521934559763929 0.32519658574268562
491 0 1720.220220 0.000000 0.1145560847547458 0.32473048216663292
491 1 1720.220220 22.500000 0.1145560847547458 0.32473048216663292
491 2 1720.220220 45.000000 0.1145560847547458 0.32473048216663292
491 3 1720.220220 67.500000 0.1145560847547458 0.32473048216663292
492 0 1723.723724 0.000000 0.11329060489792829 0.32349878684830308
492 1 1723.723724 22.500000 0.11329060489792829 0.32349878684830308
492 2 1723.723724 45.000000 0.11329060489792829 0.32349878684830308
492 3 1723.723724 67.500000 0.11329060489792829 0.32349878684830308
493 0 1727.227227 0.000000 0.11160773784547615 0.32164054408696363
493 1 1727.227227 22.500000 0.11160773784547615 0.32164054408696363
493 2 1727.227227 45.000000 0.11160773784547615 0.32164054408696363
493 3 1727.227227 67.500000 0.11160773784547615 0.32164054408696363
494 0 1730.730731 0.000000 0.10974991058967777 0.31940255817314844
494 1 1730.730731 22.500000 0.10974991058967777 0.31940255817314844
494 2 1730.730731 45.000000 0.10974991058967777 0.31940255817314844
494 3 1730.730731 67.500000 0.10974991058967777 0.31940255817314844
495 0 1734.234234 0.000000 0.10797698280091071 0.31710033806569227
495 1 1734.234234 22.500000 0.10797698280091071 0.31710033806569227
495 2 1734.234234 45.000000 0.10797698280091071 0.31710033806569227
495 3 1734.234234 67.500000 0.10797698280091071 0.31710033806569227
496 0 1737.737738 0.000000 0.10652796668986178 0.31506753997552639
496 1 1737.737738 22.500000 0.10652796668986178 0.31506753997552639
496 2 1737.737738 45.000000 0.10652796668986178 0.31506753997552639
496 3 1737.737738 67.500000 0.10652796668986178 0.31506753997552639
497 0 1741.241241 0.000000 0.10558904151142245 0.31360249311913102
497 1 1741.241241 22.500000 0.10558904151142245 0.31360249311913102
497 2 1741.241241 45.000000 0.10558904151142245 0.31360249311913102
497 3 1741.241241 67.500000 0.10558904151142245 0.31360249311913102
498 0 1744.744745 0.000000 0.10527035903570443 0.31292073771648565
498 1 1744.744745 22.500000 0.10527035903570443 0.31292073771648565
498 2 1744.744745 45.000000 0.10527035903570443 0.31292073771648565
498 3 1744.744745 67.500000 0.10527035903570443 0.31292073771648565
499 0 1748.248248 0.000000 0.10559329331173092 0.31312133562823863
499 1 1748.248248 22.500000 0.10559329331173092 0.31312133562823863
499 2 1748.248248 45.000000 0.10559329331173092 0.31312133562823863
499 3 1748.248248 67.500000 0.10559329331173092 0.31312133562823863
500 0 1751.751752 0.000000 0.10648948103747966 0.31417226713378654
500 1 1751.751752 22.500000 0.10648948103747966 0.31417226713378654
500 2 1751.751752 45.000000 0.10648948103747966 0.31417226713378654
500 3 1751.751752 67.500000 0.10648948103747966 0.31417226713378654
501 0 1755.255255 0.000000 0.10781232746801109 0.31591694728062525
501 1 1755.255255 22.500000 0.10781232746801109 0.31591694728062525
501 2 1755.255255 45.000000 0.10781232746801109 0.31591694728062525
501 3 1755.255255 67.500000 0.10781232746801109 0.31591694728062525
502 0 1758.758759 0.000000 0.10936010313952899 0.31810035655560887
502 1 1758.758759 22.500000 0.10936010313952899 0.31810035655560887
502 2 1758.758759 45.000000 0.10936010313952899 0.31810035655560887
502 3 1758.758759 67.500000 0.10936010313952899 0.31810035655560887
503 0 1762.262262 0.000000 0.11090756684960583 0.32041008625558032
503 1 1762.262262 22.500000 0.11090756684960583 0.32041008625558032
503 2 1762.262262 45.000000 0.11090756684960583 0.32041008625558032
503 3 1762.262262 67.500000 0.11090756684960583 0.32041008625558032
504 0 1765.765766 0.000000 0.1122410269953065 0.32252527677323062
504 1 1765.765766 22.500000 0.1122410269953065 0.32252527677323062
504 2 1765.765766 45.000000 0.1122410269953065 0.32252527677323062
504 3 1765.765766 67.500000 0.1122410269953065 0.32252527677323062
505 0 1769.269269 0.000000 0.11319074896658535 0.32416534217709303
505 1 1769.269269 22.500000 0.11319074896658535 0.32416534217709303
505 2 1769.269269 45.000000 0.11319074896658535 0.32416534217709303
505 3 1769.269269 67.500000 0.11319074896658535 0.32416534217709303
506 0 1772.772773 0.000000 0.11365505117249826 0.32513067169525123
506 1 1772.772773 22.500000 0.11365505117249826 0.32513067169525123
506 2 1772.772773 45.000000 0.11365505117249826 0.32513067169525123
506 3 1772.772773 67.500000 0.11365505117249826 0.32513067169525123
507 0 1776.276276 0.000000 0.11361214325511089 0.32532908409265343
507 1 1776.276276 22.500000 0.11361214325511089 0.32532908409265343
507 2 1776.276276 45.000000 0.11361214325511089 0.32532908409265343
507 3 1776.276276 67.500000 0.11361214325511089 0.32532908409265343
508 0 1779.779780 0.000000 0.11311819154681961 0.32478437498414237
508 1 1779.779780 22.500000 0.11311819154681961 0.32478437498414237
508 2 1779.779780 45.000000 0.11311819154681961 0.32478437498414237
508 3 1779.779780 67.500000 0.11311819154681961 0.32478437498414237
509 0 1783.283283 0.000000 0.11229262909771705 0.32362637423143803
509 1 1783.283283 22.500000 0.11229262909771705 0.32362637423143803
509 2 1783.283283 45.000000 0.11229262909771705 0.32362637423143803
509 3 1783.283283 67.500000 0.11229262909771705 0.32362637423143803
510 0 1786.786787 0.000000 0.11129390102550123 0.32206498350239249
510 1 1786.786787 22.500000 0.11129390102550123 0.32206498350239249
510 2 1786.786787 45.000000 0.11129390102550123 0.32206498350239249
510 3 1786.786787 67.500000 0.11129390102550123 0.32206498350239249
511 0 1790.290290 0.000000 0.11029037209779635 0.32035317835499361
511 1 1790.290290 22.500000 0.11029037209779635 0.32035317835499361
511 2 1790.290290 45.000000 0.11029037209779635 0.32035317835499361
511 3 1790.290290 67.500000 0.11029037209779635 0.32035317835499361
512 0 1793.793794 0.000000 0.10943182740912577 0.31874553076790152
512 1 1793.793794 22.500000 0.10943182740912577 0.31874553076790152
512 2 1793.793794 45.000000 0.10943182740912577 0.31874553076790152
512 3 1793.793794 67.500000 0.10943182740912577 0.31874553076790152
513 0 1797.297297 0.000000 0.10882670453921958 0.31745920907835579
513 1 1797.297297 22.500000 0.10882670453921958 0.31745920907835579
513 2 1797.297297 45.000000 0.10882670453921958 0.31745920907835579
513 3 1797.297297 67.500000 0.10882670453921958 0.31745920907835579
514 0 1800.800801 0.000000 0.10852885413139285 0.31664362460897472
514 1 1800.800801 22.500000 0.10852885413139285 0.31664362460897472
514 2 1800.800801 45.000000 0.10852885413139285 0.31664362460897472
514 3 1800.800801 67.500000 0.10852885413139285 0.31664362460897472
515 0 1804.304304 0.000000 0.10853544555502358 0.31636310511033161
515 1 1804.304304 22.500000 0.10853544555502358 0.31636310511033161
515 2 1804.304304 45.000000 0.10853544555502358 0.31636310511033161
515 3 1804.304304 67.500000 0.10853544555502358 0.31636310511033161
516 0 1807.807808 0.000000 0.1087951495355219 0.31659453735155185
516 1 1807.807808 22.500000 0.1087951495355219 0.31659453735155185
516 2 1807.807808 45.000000 0.1087951495355219 0.31659453735155185
516 3 1807.807808 67.500000 0.1087951495355219 0.31659453735155185
517 0 1811.311311 0.000000 0.10922365615482232 0.31723928562633052
517 1 1811.311311 22.500000 0.10922365615482232 0.31723928562633052
517 2 1811.311311 45.000000 0.10922365615482232 0.31723928562633052
517 3 1811.311311 67.500000 0.10922365615482232 0.31723928562633052
518 0 1814.814815 0.000000 0.10972251493358487 0.31814632589669212
518 1 1814.814815 22.500000 0.10972251493358487 0.31814632589669212
518 2 1814.814815 45.000000 0.10972251493358487 0.31814632589669212
518 3 1814.814815 67.500000 0.10972251493358487 0.31814632589669212
519 0 1818.318318 0.000000 0.11019739134690767 0.3191418358044526
519 1 1818.318318 22.500000 0.11019739134690767 0.3191418358044526
519 2 1818.318318 45.000000 0.11019739134690767 0.3191418358044526
519 3 1818.318318 67.500000 0.11019739134690767 0.3191418358044526
520 0 1821.821822 0.000000 0.11057281503019747 0.32005971251611631
520 1 1821.821822 22.500000 0.11057281503019747 0.32005971251611631
520 2 1821.821822 45.000000 0.11057281503019747 0.32005971251611631
520 3 1821.821822 67.500000 0.11057281503019747 0.32005971251611631
521 0 1825.325325 0.000000 0.1108017675679568 0.32076773982884438
521 1 1825.325325 22.500000 0.1108017675679568 0.32076773982884438
521 2 1825.325325 45.000000 0.1108017675679568 0.32076773982884438
521 3 1825.325325 67.500000 0.1108017675679568 0.32076773982884438
522 0 1828.828829 0.000000 0.11086952128214891 0.3211852936860139
522 1 1828.828829 22.500000 0.11086952128214891 0.3211852936860139
522 2 1828.828829 45.000000 0.11086952128214891 0.3211852936860139
522 3 1828.828829 67.500000 0.11086952128214891 0.3211852936860139
523 0 1832.332332 0.000000 0.11079184019728058 0.32129030073802811
523 1 1832.332332 22.500000 0.11079184019728058 0.32129030073802811
523 2 1832.332332 45.000000 0.11079184019728058 0.32129030073802811
523 3 1832.332332 67.500000 0.11079184019728058 0.32129030073802811
524 0 1835.835836 0.000000 0.11060817920936411 0.32111527961659148
524 1 1835.835836 22.500000 0.11060817920936411 0.32111527961659148
524 2 1835.835836 45.000000 0.11060817920936411 0.32111527961659148
524 3 1835.835836 67.500000 0.11060817920936411 0.32111527961659148
525 0 1839.339339 0.000000 0.11037114304724674 0.32073429451162655
525 1 1839.339339 22.500000 0.11037114304724674 0.32073429451162655
525 2 1839.339339 45.000000 0.11037114304724674 0.32073429451162655
525 3 1839.339339 67.500000 0.11037114304724674 0.32073429451162655
526 0 1842.842843 0.000000 0.11013424428291715 0.32024417023517465
526 1 1842.842843 22.500000 0.11013424428291715 0.32024417023517465
526 2 1842.842843 45.000000 0.11013424428291715 0.32024417023517465
526 3 1842.842843 67.500000 0.11013424428291715 0.32024417023517465
527 0 1846.346346 0.000000 0.10994063390015071 0.31974409793411079
527 1 1846.346346 22.500000 0.10994063390015071 0.31974409793411079
527 2 1846.346346 45.000000 0.10994063390015071 0.31974409793411079
527 3 1846.346346 67.500000 0.10994063390015071 0.31974409793411079
528 0 1849.849850 0.000000 0.1098154984959137 0.31931769265922949
528 1 1849.849850 22.500000 0.1098154984959137 0.31931769265922949
528 2 1849.849850 45.000000 0.1098154984959137 0.31931769265922949
528 3 1849.849850 67.500000 0.1098154984959137 0.31931769265922949
529 0 1853.353353 0.000000 0.10976393363038187 0.31902070649977027
529 1 1853.353353 22.500000 0.10976393363038187 0.31902070649977027
529 2 1853.353353 45.000000 0.10976393363038187 0.31902070649977027
529 3 1853.353353 67.500000 0.10976393363038187 0.31902070649977027
530 0 1856.856857 0.000000 0.10977447809708538 0.31887616303280469
530 1 1856.856857 22.500000 0.10977447809708538 0.31887616303280469
530 2 1856.856857 45.000000 0.10977447809708538 0.31887616303280469
530 3 1856.856857 67.500000 0.10977447809708538 0.31887616303280469
531 0 1860.360360 0.000000 0.10982673563893169 0.31887697594916542
531 1 1860.360360 22.500000 0.10982673563893169 0.31887697594916542
531 2 1860.360360 45.000000 0.10982673563893169 0.31887697594916542
531 3 1860.360360 67.500000 0.10982673563893169 0.31887697594916542
532 0 1863.863864 0.000000 0.10990034759706667 0.31899450508985683
532 1 1863.863864 22.500000 0.10990034759706667 0.31899450508985683
532 2 1863.863864 45.000000 0.10990034759706667 0.31899450508985683
532 3 1863.863864 67.500000 0.10990034759706667 0.31899450508985683
533 0 1867.367367 0.000000 0.1099824462034311 0.31919031651342034
533 1 1867.367367 22.500000 0.1099824462034311 0.31919031651342034
533 2 1867.367367 45.000000 0.1099824462034311 0.31919031651342034
533 3 1867.367367 67.500000 0.1099824462034311 0.31919031651342034
534 0 1870.870871 0.000000 0.11007152406712066 0.31942788609862399
534 1 1870.870871 22.500000 0.11007152406712066 0.31942788609862399
534 2 1870.870871 45.000000 0.11007152406712066 0.31942788609862399
534 3 1870.870871 67.500000 0.11007152406712066 0.31942788609862399
535 0 1874.374374 0.000000 0.11017690095834509 0.31968121552247986
535 1 1874.374374 22.500000 0.11017690095834509 0.31968121552247986
535 2 1874.374374 45.000000 0.11017690095834509 0.31968121552247986
535 3 1874.374374 67.500000 0.11017690095834509 0.31968121552247986
536 0 1877.877878 0.000000 0.11031410842130428 0.3199382538170108
536 1 1877.877878 22.500000 0.11031410842130428 0.3199382538170108
536 2 1877.877878 45.000000 0.11031410842130428 0.3199382538170108
536 3 1877.877878 67.500000 0.11031410842130428 0.3199382538170108
537 0 1881.381381 0.000000 0.11049729478455005 0.32019842953810096
537 1 1881.381381 22.500000 0.11049729478455005 0.32019842953810096
537 2 1881.381381 45.000000 0.11049729478455005 0.32019842953810096
537 3 1881.381381 67.500000 0.11049729478455005 0.32019842953810096
538 0 1884.884885 0.000000 0.11073028412825481 0.3204651853400996
538 1 1884.884885 22.500000 0.11073028412825481 0.3204651853400996
538 2 1884.884885 45.000000 0.11073028412825481 0.3204651853400996
538 3 1884.884885 67.500000 0.11073028412825481 0.3204651853400996
539 0 1888.388388 0.000000 0.11099841615535369 0.32073581335606505
539 1 1888.388388 22.500000 0.11099841615535369 0.32073581335606505
539 2 1888.388388 45.000000 0.11099841615535369 0.32073581335606505
539 3 1888.388388 67.500000 0.11099841615535369 0.32073581335606505
540 0 1891.891892 0.000000 0.1112637257809926 0.32099179052254767
540 1 1891.891892 22.500000 0.1112637257809926 0.32099179052254767
540 2 1891.891892 45.000000 0.1112637257809926 0.32099179052254767
540 3 1891.891892 67.500000 0.1112637257809926 0.32099179052254767
541 0 1895.395395 0.000000 0.1114660059488672 0.32119297919194023
541 1 1895.395395 22.500000 0.1114660059488672 0.32119297919194023
541 2 1895.395395 45.000000 0.1114660059488672 0.32119297919194023
541 3 1895.395395 67.500000 0.1114660059488672 0.32119297919194023
542 0 1898.898899 0.000000 0.11153134056609182 0.3212784086734225
542 1 1898.898899 22.500000 0.11153134056609182 0.3212784086734225
542 2 1898.898899 45.000000 0.11153134056609182 0.3212784086734225
542 3 1898.898899 67.500000 0.11153134056609182 0.3212784086734225
543 0 1902.402402 0.000000 0.11138767412953021 0.32117497633609543
543 1 1902.402402 22.500000 0.11138767412953021 0.32117497633609543
543 2 1902.402402 45.000000 0.11138767412953021 0.32117497633609543
543 3 1902.402402 67.500000 0.11138767412953021 0.32117497633609543
544 0 1905.905906 0.000000 0.11098447732913372 0.32081355108611248
544 1 1905.905906 22.500000 0.11098447732913372 0.32081355108611248
544 2 1905.905906 45.000000 0.11098447732913372 0.32081355108611248
544 3 1905.905906 67.500000 0.11098447732913372 0.32081355108611248
545 0 1909.409409 0.000000 0.11031169189459848 0.32014999379434994
545 1 1909.409409 22.500000 0.11031169189459848 0.32014999379434994
545 2 1909.409409 45.000000 0.11031169189459848 0.32014999379434994
545 3 1909.409409 67.500000 0.11031169189459848 0.32014999379434994
546 0 1912.912913 0.000000 0.10941290949784807 0.31918694591740804
546 1 1912.912913 22.500000 0.10941290949784807 0.31918694591740804
546 2 1912.912913 45.000000 0.10941290949784807 0.31918694591740804
546 3 1912.912913 67.500000 0.10941290949784807 0.31918694591740804
547 0 1916.416416 0.000000 0.10838934157431103 0.31799126713335268
547 1 1916.416416 22.500000 0.10838934157431103 0.31799126713335268
547 2 1916.416416 45.000000 0.10838934157431103 0.31799126713335268
547 3 1916.416416 67.500000 0.10838934157431103 0.31799126713335268
548 0 1919.919920 0.000000 0.10739365844426903 0.31670200523768044
548 1 1919.919920 22.500000 0.10739365844426903 0.31670200523768044
548 2 1919.919920 45.000000 0.10739365844426903 0.31670200523768044
548 3 1919.919920 67.500000 0.10739365844426903 0.31670200523768044
549 0 1923.423423 0.000000 0.10661473132341488 0.31552486627308118
549 1 1923.423423 22.500000 0.10661473132341488 0.31552486627308118
549 2 1923.423423 45.000000 0.10661473132341488 0.31552486627308118
549 3 1923.423423 67.500000 0.10661473132341488 0.31552486627308118
550 0 1926.926927 0.000000 0.10625470058643265 0.31471122533740015
550 1 1926.926927 22.500000 0.10625470058643265 0.31471122533740015
550 2 1926.926927 45.000000 0.10625470058643265 0.31471122533740015
550 3 1926.926927 67.500000 0.10625470058643265 0.31471122533740015
551 0 1930.430430 0.000000 0.10649899098038171 0.31452248311462672
551 1 1930.430430 22.500000 0.10649899098038171 0.31452248311462672
551 2 1930.430430 45.000000 0.10649899098038171 0.31452248311462672
551 3 1930.430430 67.500000 0.10649899098038171 0.31452248311462672
552 0 1933.933934 0.000000 0.10747960529648563 0.31518357401348518
552 1 1933.933934 22.500000 0.10747960529648563 0.31518357401348518
552 2 1933.933934 45.000000 0.10747960529648563 0.31518357401348518
552 3 1933.933934 67.500000 0.10747960529648563 0.31518357401348518
553 0 1937.437437 0.000000 0.10923411834267442 0.31683212575773861
553 1 1937.437437 22.500000 0.10923411834267442 0.31683212575773861
553 2 1937.437437 45.000000 0.10923411834267442 0.31683212575773861
553 3 1937.437437 67.500000 0.10923411834267442 0.31683212575773861
554 0 1940.940941 0.000000 0.11166760246945716 0.31947162070726787
554 1 1940.940941 22.500000 0.11166760246945716 0.31947162070726787
554 2 1940.940941 45.000000 0.11166760246945716 0.31947162070726787
554 3 1940.940941 67.500000 0.11166760246945716 0.31947162070726787
555 0 1944.444444 0.000000 0.11453004099683617 0.322937484444275
555 1 1944.444444 22.500000 0.11453004099683617 0.322937484444275
555 2 1944.444444 45.000000 0.11453004099683617 0.322937484444275
555 3 1944.444444 67.500000 0.11453004099683617 0.322937484444275
556 0 1947.947948 0.000000 0.11742354010138727 0.32688408647310752
556 1 1947.947948 22.500000 0.11742354010138727 0.32688408647310752
556 2 1947.947948 45.000000 0.11742354010138727 0.32688408647310752
556 3 1947.947948 67.500000 0.11742354010138727 0.32688408647310752
557 0 1951.451451 0.000000 0.11984824173075097 0.33079818871273098
557 1 1951.451451 22.500000 0.11984824173075097 0.33079818871273098
557 2 1951.451451 45.000000 0.11984824173075097 0.33079818871273098
557 3 1951.451451 67.500000 0.11984824173075097 0.33079818871273098
558 0 1954.954955 0.000000 0.12128307019950776 0.33404069257848878
558 1 1954.954955 22.500000 0.12128307019950776 0.33404069257848878
558 2 1954.954955 45.000000 0.12128307019950776 0.33404069257848878
558 3 1954.954955 67.500000 0.12128307019950776 0.33404069257848878
559 0 1958.458458 0.000000 0.12128200667570668 0.33591412467118414
559 1 1958.458458 22.500000 0.12128200667570668 0.33591412467118414
559 2 1958.458458 45.000000 0.12128200667570668 0.33591412467118414
559 3 1958.458458 67.500000 0.12128200667570668 0.33591412467118414
560 0 1961.961962 0.000000 0.11955669427751751 0.33574884018769446
560 1 1961.961962 22.500000 0.11955669427751751 0.33574884018769446
560 2 1961.961962 45.000000 0.11955669427751751 0.33574884018769446
560 3 1961.961962 67.500000 0.11955669427751751 0.33574884018769446
561 0 1965.465465 0.000000 0.11601939629731124 0.33299715000403723
561 1 1965.465465 22.500000 0.11601939629731124 0.33299715000403723
561 2 1965.465465 45.000000 0.11601939629731124 0.33299715000403723
561 3 1965.465465 67.500000 0.11601939629731124 0.33299715000403723
562 0 1968.968969 0.000000 0.11077854526569789 0.32732217142185432
562 1 1968.968969 22.500000 0.11077854526569789 0.32732217142185432
562 2 1968.968969 45.000000 0.11077854526569789 0.32732217142185432
562 3 1968.968969 67.500000 0.11077854526569789 0.32732217142185432
563 0 1972.472472 0.000000 0.10410564407324513 0.31866766740259406
563 1 1972.472472 22.500000 0.10410564407324513 0.31866766740259406
563 2 1972.472472 45.000000 0.10410564407324513 0.31866766740259406
563 3 1972.472472 67.500000 0.10410564407324513 0.31866766740259406
564 0 1975.975976 0.000000 0.096413468295669366 0.30729670799597725
564 1 1975.975976 22.500000 0.096413468295669366 0.30729670799597725
564 2 1975.975976 45.000000 0.096413468295669366 0.30729670799597725
564 3 1975.975976 67.500000 0.096413468295669366 0.30729670799597725
565 0 1979.479479 0.000000 0.088287016495530071 0.29379056898844946
565 1 1979.479479 22.500000 0.088287016495530071 0.29379056898844946
565 2 1979.479479 45.000000 0.088287016495530071 0.29379056898844946
565 3 1979.479479 67.500000 0.088287016495530071 0.29379056898844946
566 0 1982.982983 0.000000 0.080583623089831954 0.27900445636263627
566 1 1982.982983 22.500000 0.080583623089831954 0.27900445636263627
566 2 1982.982983 45.000000 0.080583623089831954 0.27900445636263627
566 3 1982.982983 67.500000 0.080583623089831954 0.27900445636263627
567 0 1986.486486 0.000000 0.074573592571452726 0.26398271215006403
567 1 1986.486486 22.500000 0.074573592571452726 0.26398271215006403
567 2 1986.486486 45.000000 0.074573592571452726 0.26398271215006403
567 3 1986.486486 67.500000 0.074573592571452726 0.26398271215006403
568 0 1989.989990 0.000000 0.072047084230866934 0.24984223787001791
568 1 1989.989990 22.500000 0.072047084230866934 0.24984223787001791
568 2 1989.989990 45.000000 0.072047084230866934 0.24984223787001791
568 3 1989.989990 67.500000 0.072047084230866934 0.24984223787001791
569 0 1993.493493 0.000000 0.075291543128251398 0.23763803646557088
569 1 1993.493493 22.500000 0.075291543128251398 0.23763803646557088
569 2 1993.493493 45.000000 0.075291543128251398 0.23763803646557088
569 3 1993.493493 67.500000 0.075291543128251398 0.23763803646557088
570 0 1996.996997 0.000000 0.086864853960048588 0.22822818810371484
570 1 1996.996997 22.500000 0.086864853960048588 0.22822818810371484
570 2 1996.996997 45.000000 0.086864853960048588 0.22822818810371484
570 3 1996.996997 67.500000 0.086864853960048588 0.22822818810371484
571 0 2000.500501 0.000000 0.10915342872805257 0.22215663563038834
571 1 2000.500501 22.500000 0.10915342872805257 0.22215663563038834
571 2 2000.500501 45.000000 0.10915342872805257 0.22215663563038834
571 3 2000.500501 67.500000 0.10915342872805257 0.22215663563038834
572 0 2004.004004 0.000000 0.14379167792511099 0.21957059261156775
572 1 2004.004004 22.500000 0.14379167792511099 0.21957059261156775
572 2 2004.004004 45.000000 0.14379167792511099 0.21957059261156775
572 3 2004.004004 67.500000 0.14379167792511099 0.21957059261156775
573 0 2007.507508 0.000000 0.19109538256482081 0.22018532069495916
573 1 2007.507508 22.500000 0.19109538256482081 0.22018532069495916
573 2 2007.507508 45.000000 0.19109538256482081 0.22018532069495916
573 3 2007.507508 67.500000 0.19109538256482081 0.22018532069495916
574 0 2011.011011 0.000000 0.24969176521405145 0.22330295783225729
574 1 2011.011011 22.500000 0.24969176521405145 0.22330295783225729
574 2 2011.011011 45.000000 0.24969176521405145 0.22330295783225729
574 3 2011.011011 67.500000 0.24969176521405145 0.22330295783225729
575 0 2014.514515 0.000000 0.31649449996833884 0.22788483820512934
575 1 2014.514515 22.500000 0.31649449996833884 0.22788483820512934
575 2 2014.514515 45.000000 0.31649449996833884 0.22788483820512934
575 3 2014.514515 67.500000 0.31649449996833884 0.22788483820512934
576 0 2018.018018 0.000000 0.38707893088873513 0.2326693542077061
576 1 2018.018018 22.500000 0.38707893088873513 0.2326693542077061
576 2 2018.018018 45.000000 0.38707893088873513 0.2326693542077061
576 3 2018.018018 67.500000 0.38707893088873513 0.2326693542077061
577 0 2021.521522 0.000000 0.45639224541506929 0.23632094701697601
577 1 2021.521522 22.500000 0.45639224541506929 0.23632094701697601
577 2 2021.521522 45.000000 0.45639224541506929 0.23632094701697601
577 3 2021.521522 67.500000 0.45639224541506929 0.23632094701697601
578 0 2025.025025 0.000000 0.51962856258312606 0.23759123943642241
578 1 2025.025025 22.500000 0.51962856258312606 0.23759123943642241
578 2 2025.025025 45.000000 0.51962856258312606 0.23759123943642241
578 3 2025.025025 67.500000 0.51962856258312606 0.23759123943642241
579 0 2028.528529 0.000000 0.57304784317799784 0.23547134595827471
579 1 2028.528529 22.500000 0.57304784317799784 0.23547134595827471
579 2 2028.528529 45.000000 0.57304784317799784 0.23547134595827471
579 3 2028.528529 67.500000 0.57304784317799784 0.23547134595827471
580 0 2032.032032 0.000000 0.61453747303764117 0.22931534077980681
580 1 2032.032032 22.500000 0.61453747303764117 0.22931534077980681
580 2 2032.032032 45.000000 0.61453747303764117 0.22931534077980681
580 3 2032.032032 67.500000 0.61453747303764117 0.22931534077980681
581 0 2035.535536 0.000000 0.64379654624093896 0.21891863655586899
581 1 2035.535536 22.500000 0.64379654624093896 0.21891863655586899
581 2 2035.535536 45.000000 0.64379654624093896 0.21891863655586899
581 3 2035.535536 67.500000 0.64379654624093896 0.21891863655586899
582 0 2039.039039 0.000000 0.66213381240629265 0.20454110709950429
582 1 2039.039039 22.500000 0.66213381240629265 0.20454110709950429
582 2 2039.039039 45.000000 0.66213381240629265 0.20454110709950429
582 3 2039.039039 67.500000 0.66213381240629265 0.20454110709950429
583 0 2042.542543 0.000000 0.67197174220742029 0.18687231217582789
583 1 2042.542543 22.500000 0.67197174220742029 0.18687231217582789
583 2 2042.542543 45.000000 0.67197174220742029 0.18687231217582789
583 3 2042.542543 67.500000 0.67197174220742029 0.18687231217582789
584 0 2046.046046 0.000000 0.67621011907057915 0.16694406943187834
584 1 2046.046046 22.500000 0.67621011907057915 0.16694406943187834
584 2 2046.046046 45.000000 0.67621011907057915 0.16694406943187834
584 3 2046.046046 67.500000 0.67621011907057915 0.16694406943187834
585 0 2049.549550 0.000000 0.67761070733105722 0.14600272796273578
585 1 2049.549550 22.500000 0.67761070733105722 0.14600272796273578
585 2 2049.549550 45.000000 0.67761070733105722 0.14600272796273578
585 3 2049.549550 67.500000 0.67761070733105722 0.14600272796273578
586 0 2053.053053 0.000000 0.67832792422649868 0.12535880514497211
586 1 2053.053053 22.500000 0.67832792422649868 0.12535880514497211
586 2 2053.053053 45.000000 0.67832792422649868 0.12535880514497211
586 3 2053.053053 67.500000 0.67832792422649868 0.12535880514497211
587 0 2056.556557 0.000000 0.67965040174768176 0.10623439724531997
587 1 2056.556557 22.500000 0.67965040174768176 0.10623439724531997
587 2 2056.556557 45.000000 0.67965040174768176 0.10623439724531997
587 3 2056.556557 67.500000 0.67965040174768176 0.10623439724531997
588 0 2060.060060 0.000000 0.68195844011363516 0.089628591474514643
588 1 2060.060060 22.500000 0.68195844011363516 0.089628591474514643
588 2 2060.060060 45.000000 0.68195844011363516 0.089628591474514643
588 3 2060.060060 67.500000 0.68195844011363516 0.089628591474514643
589 0 2063.563564 0.000000 0.68485896883106989 0.07621805652202962
589 1 2063.563564 22.500000 0.68485896883106989 0.07621805652202962
589 2 2063.563564 45.000000 0.68485896883106989 0.07621805652202962
589 3 2063.563564 67.500000 0.68485896883106989 0.07621805652202962
590 0 2067.067067 0.000000 0.68743790748870026 0.066304559288592912
590 1 2067.067067 22.500000 0.68743790748870026 0.066304559288592912
590 2 2067.067067 45.000000 0.68743790748870026 0.066304559288592912
590 3 2067.067067 67.500000 0.68743790748870026 0.066304559288592912
591 0 2070.570571 0.000000 0.68856582069475347 0.059814184557905388
591 1 2070.570571 22.500000 0.68856582069475347 0.059814184557905388
591 2 2070.570571 45.000000 0.68856582069475347 0.059814184557905388
591 3 2070.570571 67.500000 0.68856582069475347 0.059814184557905388
592 0 2074.074074 0.000000 0.68719897609105229 0.056345576501702931
592 1 2074.074074 22.500000 0.68719897609105229 0.056345576501702931
592 2 2074.074074 45.000000 0.68719897609105229 0.056345576501702931
592 3 2074.074074 67.500000 0.68719897609105229 0.056345576501702931
593 0 2077.577578 0.000000 0.68262844975092352 0.055257686163613554
593 1 2077.577578 22.500000 0.68262844975092352 0.055257686163613554
593 2 2077.577578 45.000000 0.68262844975092352 0.055257686163613554
593 3 2077.577578 67.500000 0.68262844975092352 0.055257686163613554
594 0 2081.081081 0.000000 0.67464267511163623 0.055782293065566979
594 1 2081.081081 22.500000 0.67464267511163623 0.055782293065566979
594 2 2081.081081 45.000000 0.67464267511163623 0.055782293065566979
594 3 2081.081081 67.500000 0.67464267511163623 0.055782293065566979
595 0 2084.584585 0.000000 0.66358425092334672 0.057143703141960406
595 1 2084.584585 22.500000 0.66358425092334672 0.057143703141960406
595 2 2084.584585 45.000000 0.66358425092334672 0.057143703141960406
595 3 2084.584585 67.500000 0.66358425092334672 0.057143703141960406
596 0 2088.088088 0.000000 0.65030004689316367 0.058667869001124376
596 1 2088.088088 22.500000 0.65030004689316367 0.058667869001124376
596 2 2088.088088 45.000000 0.65030004689316367 0.058667869001124376
596 3 2088.088088 67.500000 0.65030004689316367 0.058667869001124376
597 0 2091.591592 0.000000 0.63600243063847195 0.059865671751355445
597 1 2091.591592 22.500000 0.63600243063847195 0.059865671751355445
597 2 2091.591592 45.000000 0.63600243063847195 0.059865671751355445
597 3 2091.591592 67.500000 0.63600243063847195 0.059865671751355445
598 0 2095.095095 0.000000 0.62207440460226793 0.060479783617298721
598 1 2095.095095 22.500000 0.62207440460226793 0.060479783617298721
598 2 2095.095095 45.000000 0.62207440460226793 0.060479783617298721
598 3 2095.095095 67.500000 0.62207440460226793 0.060479783617298721
599 0 2098.598599 0.000000 0.60985832182850952 0.060490612050521211
599 1 2098.598599 22.500000 0.60985832182850952 0.060490612050521211
599 2 2098.598599 45.000000 0.60985832182850952 0.060490612050521211
599 3 2098.598599 67.500000 0.60985832182850952 0.060490612050521211
600 0 2102.102102 0.000000 0.60046508604022752 0.06008332989658749
600 1 2102.102102 22.500000 0.60046508604022752 0.06008332989658749
600 2 2102.102102 45.000000 0.60046508604022752 0.06008332989658749
600 3 2102.102102 67.500000 0.60046508604022752 0.06008332989658749
601 0 2105.605606 0.000000 0.59463055977730872 0.059583906098070197
601 1 2105.605606 22.500000 0.59463055977730872 0.059583906098070197
601 2 2105.605606 45.000000 0.59463055977730872 0.059583906098070197
601 3 2105.605606 67.500000 0.59463055977730872 0.059583906098070197
602 0 2109.109109 0.000000 0.59263311759853043 0.05937647327077443
602 1 2109.109109 22.500000 0.59263311759853043 0.05937647327077443
602 2 2109.109109 45.000000 0.59263311759853043 0.05937647327077443
602 3 2109.109109 67.500000 0.59263311759853043 0.05937647327077443
603 0 2112.612613 0.000000 0.59427558884360532 0.059816667334009192
603 1 2112.612613 22.500000 0.59427558884360532 0.059816667334009192
603 2 2112.612613 45.000000 0.59427558884360532 0.059816667334009192
603 3 2112.612613 67.500000 0.59427558884360532 0.059816667334009192
604 0 2116.116116 0.000000 0.5989283541391125 0.061155467606783857
604 1 2116.116116 22.500000 0.5989283541391125 0.061155467606783857
604 2 2116.116116 45.000000 0.5989283541391125 0.061155467606783857
604 3 2116.116116 67.500000 0.5989283541391125 0.061155467606783857
605 0 2119.619620 0.000000 0.60562693754348029 0.063485658573884565
605 1 2119.619620 22.500000 0.60562693754348029 0.063485658573884565
605 2 2119.619620 45.000000 0.60562693754348029 0.063485658573884565
605 3 2119.619620 67.500000 0.60562693754348029 0.063485658573884565
606 0 2123.123123 0.000000 0.61321408820122525 0.066718792895406651
606 1 2123.123123 22.500000 0.61321408820122525 0.066718792895406651
606 2 2123.123123 45.000000 0.61321408820122525 0.066718792895406651
606 3 2123.123123 67.500000 0.61321408820122525 0.066718792895406651
607 0 2126.626627 0.000000 0.62051081241600148 0.07059520225820877
607 1 2126.626627 22.500000 0.62051081241600148 0.07059520225820877
607 2 2126.626627 45.000000 0.62051081241600148 0.07059520225820877
607 3 2126.626627 67.500000 0.62051081241600148 0.07059520225820877
608 0 2130.130130 0.000000 0.62649352457225072 0.074724072376240722
608 1 2130.130130 22.500000 0.62649352457225072 0.074724072376240722
608 2 2130.130130 45.000000 0.62649352457225072 0.074724072376240722
608 3 2130.130130 67.500000 0.62649352457225072 0.074724072376240722
609 0 2133.633634 0.000000 0.63044862585530992 0.078645768464035135
609 1 2133.633634 22.500000 0.63044862585530992 0.078645768464035135
609 2 2133.633634 45.000000 0.63044862585530992 0.078645768464035135
609 3 2133.633634 67.500000 0.63044862585530992 0.078645768464035135
610 0 2137.137137 0.000000 0.63207550022876713 0.081905224604945329
610 1 2137.137137 22.500000 0.63207550022876713 0.081905224604945329
610 2 2137.137137 45.000000 0.63207550022876713 0.081905224604945329
610 3 2137.137137 67.500000 0.63207550022876713 0.081905224604945329
611 0 2140.640641 0.000000 0.63151654532793944 0.084123792232480468
611 1 2140.640641 22.500000 0.63151654532793944 0.084123792232480468
611 2 2140.640641 45.000000 0.63151654532793944 0.084123792232480468
611 3 2140.640641 67.500000 0.63151654532793944 0.084123792232480468
612 0 2144.144144 0.000000 0.62930740309335098 0.085057644364234519
612 1 2144.144144 22.500000 0.62930740309335098 0.085057644364234519
612 2 2144.144144 45.000000 0.62930740309335098 0.085057644364234519
612 3 2144.144144 67.500000 0.62930740309335098 0.085057644364234519
613 0 2147.647648 0.000000 0.62625776426886937 0.084633467715715213
613 1 2147.647648 22.500000 0.62625776426886937 0.084633467715715213
613 2 2147.647648 45.000000 0.62625776426886937 0.084633467715715213
613 3 2147.647648 67.500000 0.62625776426886937 0.084633467715715213
614 0 2151.151151 0.000000 0.62328751857045761 0.082956248032813595
614 1 2151.151151 22.500000 0.62328751857045761 0.082956248032813595
614 2 2151.151151 45.000000 0.62328751857045761 0.082956248032813595
614 3 2151.151151 67.500000 0.62328751857045761 0.082956248032813595
615 0 2154.654655 0.000000 0.62125051078894167 0.080288747296679758
615 1 2154.654655 22.500000 0.62125051078894167 0.080288747296679758
615 2 2154.654655 45.000000 0.62125051078894167 0.080288747296679758
615 3 2154.654655 67.500000 0.62125051078894167 0.080288747296679758
616 0 2158.158158 0.000000 0.62077769113504144 0.077006969621624774
616 1 2158.158158 22.500000 0.62077769113504144 0.077006969621624774
616 2 2158.158158 45.000000 0.62077769113504144 0.077006969621624774
616 3 2158.158158 67.500000 0.62077769113504144 0.077006969621624774
617 0 2161.661662 0.000000 0.62216490284228709 0.073539739605746765
617 1 2161.661662 22.500000 0.62216490284228709 0.073539739605746765
617 2 2161.661662 45.000000 0.62216490284228709 0.073539739605746765
617 3 2161.661662 67.500000 0.62216490284228709 0.073539739605746765
618 0 2165.165165 0.000000 0.62532114663968474 0.070302862904067218
618 1 2165.165165 22.500000 0.62532114663968474 0.070302862904067218
618 2 2165.165165 45.000000 0.62532114663968474 0.070302862904067218
618 3 2165.165165 67.500000 0.62532114663968474 0.070302862904067218
619 0 2168.668669 0.000000 0.62978349133271139 0.067638857395310809
619 1 2168.668669 22.500000 0.62978349133271139 0.067638857395310809
619 2 2168.668669 45.000000 0.62978349133271139 0.067638857395310809
619 3 2168.668669 67.500000 0.62978349133271139 0.067638857395310809
620 0 2172.172172 0.000000 0.63479578824135474 0.065771902339754162
620 1 2172.172172 22.500000 0.63479578824135474 0.065771902339754162
620 2 2172.172172 45.000000 0.63479578824135474 0.065771902339754162
620 3 2172.172172 67.500000 0.63479578824135474 0.065771902339754162
621 0 2175.675676 0.000000 0.63943966470612768 0.064784732307350296
621 1 2175.675676 22.500000 0.63943966470612768 0.064784732307350296
621 2 2175.675676 45.000000 0.63943966470612768 0.064784732307350296
621 3 2175.675676 67.500000 0.63943966470612768 0.064784732307350296
622 0 2179.179179 0.000000 0.64279771092838356 0.064620240293026321
622 1 2179.179179 22.500000 0.64279771092838356 0.064620240293026321
622 2 2179.179179 45.000000 0.64279771092838356 0.064620240293026321
622 3 2179.179179 67.500000 0.64279771092838356 0.064620240293026321
623 0 2182.682683 0.000000 0.64412146435345508 0.065106250145902461
623 1 2182.682683 22.500000 0.64412146435345508 0.065106250145902461
623 2 2182.682683 45.000000 0.64412146435345508 0.065106250145902461
623 3 2182.682683 67.500000 0.64412146435345508 0.065106250145902461
624 0 2186.186186 0.000000 0.64297325616372647 0.065998012753782365
624 1 2186.186186 22.500000 0.64297325616372647 0.065998012753782365
624 2 2186.186186 45.000000 0.64297325616372647 0.065998012753782365
624 3 2186.186186 67.500000 0.64297325616372647 0.065998012753782365
625 0 2189.689690 0.000000 0.63931384232878563 0.067030128938426109
625 1 2189.689690 22.500000 0.63931384232878563 0.067030128938426109
625 2 2189.689690 45.000000 0.63931384232878563 0.067030128938426109
625 3 2189.689690 67.500000 0.63931384232878563 0.067030128938426109
626 0 2193.193193 0.000000 0.63351789174622875 0.067968266380350958
626 1 2193.193193 22.500000 0.63351789174622875 0.067968266380350958
626 2 2193.193193 45.000000 0.63351789174622875 0.067968266380350958
626 3 2193.193193 67.500000 0.63351789174622875 0.067968266380350958
627 0 2196.696697 0.000000 0.62631484551563776 0.068651411438513818
627 1 2196.696697 22.500000 0.62631484551563776 0.068651411438513818
627 2 2196.696697 45.000000 0.62631484551563776 0.068651411438513818
627 3 2196.696697 67.500000 0.62631484551563776 0.068651411438513818
628 0 2200.200200 0.000000 0.61866889373967737 0.069017376671504843
628 1 2200.200200 22.500000 0.61866889373967737 0.069017376671504843
628 2 2200.200200 45.000000 0.61866889373967737 0.069017376671504843
628 3 2200.200200 67.500000 0.61866889373967737 0.069017376671504843
629 0 2203.703704 0.000000 0.61162372775614315 0.069107494994743598
629 1 2203.703704 22.500000 0.61162372775614315 0.069107494994743598
629 2 2203.703704 45.000000 0.61162372775614315 0.069107494994743598
629 3 2203.703704 67.500000 0.61162372775614315 0.069107494994743598
630 0 2207.207207 0.000000 0.60614196433219547 0.069050290731317521
630 1 2207.207207 22.500000 0.60614196433219547 0.069050290731317521
630 2 2207.207207 45.000000 0.60614196433219547 0.069050290731317521
630 3 2207.207207 67.500000 0.60614196433219547 0.069050290731317521
631 0 2210.710711 0.000000 0.60296561184798769 0.069027742895998417
631 1 2210.710711 22.500000 0.60296561184798769 0.069027742895998417
631 2 2210.710711 45.000000 0.60296561184798769 0.069027742895998417
631 3 2210.710711 67.500000 0.60296561184798769 0.069027742895998417
632 0 2214.214214 0.000000 0.60251558826947549 0.069230879313534333
632 1 2214.214214 22.500000 0.60251558826947549 0.069230879313534333
632 2 2214.214214 45.000000 0.60251558826947549 0.069230879313534333
632 3 2214.214214 67.500000 0.60251558826947549 0.069230879313534333
633 0 2217.717718 0.000000 0.60483924665425459 0.069813323958020118
633 1 2217.717718 22.500000 0.60483924665425459 0.069813323958020118
633 2 2217.717718 45.000000 0.60483924665425459 0.069813323958020118
633 3 2217.717718 67.500000 0.60483924665425459 0.069813323958020118
634 0 2221.221221 0.000000 0.60960815940197 0.070851747061014048
634 1 2221.221221 22.500000 0.60960815940197 0.070851747061014048
634 2 2221.221221 45.000000 0.60960815940197 0.070851747061014048
634 3 2221.221221 67.500000 0.60960815940197 0.070851747061014048
635 0 2224.724725 0.000000 0.61616456883952653 0.072320893461073218
635 1 2224.724725 22.500000 0.61616456883952653 0.072320893461073218
635 2 2224.724725 45.000000 0.61616456883952653 0.072320893461073218
635 3 2224.724725 67.500000 0.61616456883952653 0.072320893461073218
636 0 2228.228228 0.000000 0.62361214887127769 0.074088222360649603
636 1 2228.228228 22.500000 0.62361214887127769 0.074088222360649603
636 2 2228.228228 45.000000 0.62361214887127769 0.074088222360649603
636 3 2228.228228 67.500000 0.62361214887127769 0.074088222360649603
637 0 2231.731732 0.000000 0.63094265776177894 0.07592964946704843
637 1 2231.731732 22.500000 0.63094265776177894 0.07592964946704843
637 2 2231.731732 45.000000 0.63094265776177894 0.07592964946704843
637 3 2231.731732 67.500000 0.63094265776177894 0.07592964946704843
638 0 2235.235235 0.000000 0.63718374085394436 0.077564062103732082
638 1 2235.235235 22.500000 0.63718374085394436 0.077564062103732082
638 2 2235.235235 45.000000 0.63718374085394436 0.077564062103732082
638 3 2235.235235 67.500000 0.63718374085394436 0.077564062103732082
639 0 2238.738739 0.000000 0.64154610580506599 0.078700846788754886
639 1 2238.738739 22.500000 0.64154610580506599 0.078700846788754886
639 2 2238.738739 45.000000 0.64154610580506599 0.078700846788754886
639 3 2238.738739 67.500000 0.64154610580506599 0.078700846788754886
640 0 2242.242242 0.000000 0.64354398470660112 0.079092225729277738
640 1 2242.242242 22.500000 0.64354398470660112 0.079092225729277738
640 2 2242.242242 45.000000 0.64354398470660112 0.079092225729277738
640 3 2242.242242 67.500000 0.64354398470660112 0.079092225729277738
641 0 2245.745746 0.000000 0.64306462259102426 0.078581171471473893
641 1 2245.745746 22.500000 0.64306462259102426 0.078581171471473893
641 2 2245.745746 45.000000 0.64306462259102426 0.078581171471473893
641 3 2245.745746 67.500000 0.64306462259102426 0.078581171471473893
642 0 2249.249249 0.000000 0.64037171864795461 0.077136241868871247
642 1 2249.249249 22.500000 0.64037171864795461 0.077136241868871247
642 2 2249.249249 45.000000 0.64037171864795461 0.077136241868871247
642 3 2249.249249 67.500000 0.64037171864795461 0.077136241868871247
643 0 2252.752753 0.000000 0.63604228371238047 0.074866760550397884
643 1 2252.752753 22.500000 0.63604228371238047 0.074866760550397884
643 2 2252.752753 45.000000 0.63604228371238047 0.074866760550397884
643 3 2252.752753 67.500000 0.63604228371238047 0.074866760550397884
644 0 2256.256256 0.000000 0.63085168257437585 0.072015012675215359
644 1 2256.256256 22.500000 0.63085168257437585 0.072015012675215359
644 2 2256.256256 45.000000 0.63085168257437585 0.072015012675215359
644 3 2256.256256 67.500000 0.63085168257437585 0.072015012675215359
645 0 2259.759760 0.000000 0.62563260336638149 0.068925984608512736
645 1 2259.759760 22.500000 0.62563260336638149 0.068925984608512736
645 2 2259.759760 45.000000 0.62563260336638149 0.068925984608512736
645 3 2259.759760 67.500000 0.62563260336638149 0.068925984608512736
646 0 2263.263263 0.000000 0.62113704273723058 0.065998996150314376
646 1 2263.263263 22.500000 0.62113704273723058 0.065998996150314376
646 2 2263.263263 45.000000 0.62113704273723058 0.065998996150314376
646 3 2263.263263 67.500000 0.62113704273723058 0.065998996150314376
647 0 2266.766767 0.000000 0.61792596822625157 0.063628706951661299
647 1 2266.766767 22.500000 0.61792596822625157 0.063628706951661299
647 2 2266.766767 45.000000 0.61792596822625157 0.063628706951661299
647 3 2266.766767 67.500000 0.61792596822625157 0.063628706951661299
648 0 2270.270270 0.000000 0.61630184636435359 0.062144891093733362
648 1 2270.270270 22.500000 0.61630184636435359 0.062144891093733362
648 2 2270.270270 45.000000 0.61630184636435359 0.062144891093733362
648 3 2270.270270 67.500000 0.61630184636435359 0.062144891093733362
649 0 2273.773774 0.000000 0.61628868658157043 0.061760736239779346
649 1 2273.773774 22.500000 0.61628868658157043 0.061760736239779346
649 2 2273.773774 45.000000 0.61628868658157043 0.061760736239779346
649 3 2273.773774 67.500000 0.61628868658157043 0.061760736239779346
650 0 2277.277277 0.000000 0.61765589050857428 0.062538166761900826
650 1 2277.277277 22.500000 0.61765589050857428 0.062538166761900826
650 2 2277.277277 45.000000 0.61765589050857428 0.062538166761900826
650 3 2277.277277 67.500000 0.61765589050857428 0.062538166761900826
651 0 2280.780781 0.000000 0.61997725494146139 0.064376015465289926
651 1 2280.780781 22.500000 0.61997725494146139 0.064376015465289926
651 2 2280.780781 45.000000 0.61997725494146139 0.064376015465289926
651 3 2280.780781 67.500000 0.61997725494146139 0.064376015465289926
652 0 2284.284284 0.000000 0.62271422414344102 0.067023214811124693
652 1 2284.284284 22.500000 0.62271422414344102 0.067023214811124693
652 2 2284.284284 45.000000 0.62271422414344102 0.067023214811124693
652 3 2284.284284 67.500000 0.62271422414344102 0.067023214811124693
653 0 2287.787788 0.000000 0.62531133063904754 0.070115148180602715
653 1 2287.787788 22.500000 0.62531133063904754 0.070115148180602715
653 2 2287.787788 45.000000 0.62531133063904754 0.070115148180602715
653 3 2287.787788 67.500000 0.62531133063904754 0.070115148180602715
654 0 2291.291291 0.000000 0.62729062935650604 0.073227559701611517
654 1 2291.291291 22.500000 0.62729062935650604 0.073227559701611517
654 2 2291.291291 45.000000 0.62729062935650604 0.073227559701611517
654 3 2291.291291 67.500000 0.62729062935650604 0.073227559701611517
655 0 2294.794795 0.000000 0.62833104387985061 0.075939584189999132
655 1 2294.794795 22.500000 0.62833104387985061 0.075939584189999132
655 2 2294.794795 45.000000 0.62833104387985061 0.075939584189999132
655 3 2294.794795 67.500000 0.62833104387985061 0.075939584189999132
656 0 2298.298298 0.000000 0.62831919371615952 0.077895992827677979
656 1 2298.298298 22.500000 0.62831919371615952 0.077895992827677979
656 2 2298.298298 45.000000 0.62831919371615952 0.077895992827677979
656 3 2298.298298 67.500000 0.62831919371615952 0.077895992827677979
657 0 2301.801802 0.000000 0.62736179004065973 0.078858893650672751
657 1 2301.801802 22.500000 0.62736179004065973 0.078858893650672751
657 2 2301.801802 45.000000 0.62736179004065973 0.078858893650672751
657 3 2301.801802 67.500000 0.62736179004065973 0.078858893650672751
658 0 2305.305305 0.000000 0.62575634856880902 0.078740850770556009
658 1 2305.305305 22.500000 0.62575634856880902 0.078740850770556009
658 2 2305.305305 45.000000 0.62575634856880902 0.078740850770556009
658 3 2305.305305 67.500000 0.62575634856880902 0.078740850770556009
659 0 2308.808809 0.000000 0.6239255015895252 0.077614404013090776
659 1 2308.808809 22.500000 0.6239255015895252 0.077614404013090776
659 2 2308.808809 45.000000 0.6239255015895252 0.077614404013090776
659 3 2308.808809 67.500000 0.6239255015895252 0.077614404013090776
660 0 2312.312312 0.000000 0.6223281975425391 0.075696781406791175
660 1 2312.312312 22.500000 0.6223281975425391 0.075696781406791175
660 2 2312.312312 45.000000 0.6223281975425391 0.075696781406791175
660 3 2312.312312 67.500000 0.6223281975425391 0.075696781406791175
661 0 2315.815816 0.000000 0.62136608458282327 0.073312573238890455
661 1 2315.815816 22.500000 0.62136608458282327 0.073312573238890455
661 2 2315.815816 45.000000 0.62136608458282327 0.073312573238890455
661 3 2315.815816 67.500000 0.62136608458282327 0.073312573238890455
662 0 2319.319319 0.000000 0.62130392754201613 0.070840627768904929
662 1 2319.319319 22.500000 0.62130392754201613 0.070840627768904929
662 2 2319.319319 45.000000 0.62130392754201613 0.070840627768904929
662 3 2319.319319 67.500000 0.62130392754201613 0.070840627768904929
663 0 2322.822823 0.000000 0.62221910328836127 0.068653869345104118
663 1 2322.822823 22.500000 0.62221910328836127 0.068653869345104118
663 2 2322.822823 45.000000 0.62221910328836127 0.068653869345104118
663 3 2322.822823 67.500000 0.62221910328836127 0.068653869345104118
664 0 2326.326326 0.000000 0.62398848769872528 0.067061741259318047
664 1 2326.326326 22.500000 0.62398848769872528 0.067061741259318047
664 2 2326.326326 45.000000 0.62398848769872528 0.067061741259318047
664 3 2326.326326 67.500000 0.62398848769872528 0.067061741259318047
665 0 2329.829830 0.000000 0.62631338943694959 0.066264389983762717
665 1 2329.829830 22.500000 0.62631338943694959 0.066264389983762717
665 2 2329.829830 45.000000 0.62631338943694959 0.066264389983762717
665 3 2329.829830 67.500000 0.62631338943694959 0.066264389983762717
666 0 2333.333333 0.000000 0.62877635035717772 0.066325648722086461
666 1 2333.333333 22.500000 0.62877635035717772 0.066325648722086461
666 2 2333.333333 45.000000 0.62877635035717772 0.066325648722086461
666 3 2333.333333 67.500000 0.62877635035717772 0.066325648722086461
667 0 2336.836837 0.000000 0.6309186504786517 0.067168701858870541
667 1 2336.836837 22.500000 0.6309186504786517 0.067168701858870541
667 2 2336.836837 45.000000 0.6309186504786517 0.067168701858870541
667 3 2336.836837 67.500000 0.6309186504786517 0.067168701858870541
668 0 2340.340340 0.000000 0.63232456280099503 0.06859455327313177
668 1 2340.340340 22.500000 0.63232456280099503 0.06859455327313177
668 2 2340.340340 45.000000 0.63232456280099503 0.06859455327313177
668 3 2340.340340 67.500000 0.63232456280099503 0.06859455327313177
669 0 2343.843844 0.000000 0.63269776919470389 0.070319705539887728
669 1 2343.843844 22.500000 0.63269776919470389 0.070319705539887728
669 2 2343.843844 45.000000 0.63269776919470389 0.070319705539887728
669 3 2343.843844 67.500000 0.63269776919470389 0.070319705539887728
670 0 2347.347347 0.000000 0.63191678702929577 0.072026393947880102
670 1 2347.347347 22.500000 0.63191678702929577 0.072026393947880102
670 2 2347.347347 45.000000 0.63191678702929577 0.072026393947880102
670 3 2347.347347 67.500000 0.63191678702929577 0.072026393947880102
671 0 2350.850851 0.000000 0.63005968611687835 0.073416803565474364
671 1 2350.850851 22.500000 0.63005968611687835 0.073416803565474364
671 2 2350.850851 45.000000 0.63005968611687835 0.073416803565474364
671 3 2350.850851 67.500000 0.63005968611687835 0.073416803565474364
672 0 2354.354354 0.000000 0.62739353459897418 0.074262227662581393
672 1 2354.354354 22.500000 0.62739353459897418 0.074262227662581393
672 2 2354.354354 45.000000 0.62739353459897418 0.074262227662581393
672 3 2354.354354 67.500000 0.62739353459897418 0.074262227662581393
673 0 2357.857858 0.000000 0.62433022616568512 0.074439156733220352
673 1 2357.857858 22.500000 0.62433022616568512 0.074439156733220352
673 2 2357.857858 45.000000 0.62433022616568512 0.074439156733220352
673 3 2357.857858 67.500000 0.62433022616568512 0.074439156733220352
674 0 2361.361361 0.000000 0.62135648651490039 0.073946624829030042
674 1 2361.361361 22.500000 0.62135648651490039 0.073946624829030042
674 2 2361.361361 45.000000 0.62135648651490039 0.073946624829030042
674 3 2361.361361 67.500000 0.62135648651490039 0.073946624829030042
675 0 2364.864865 0.000000 0.61895061826796172 0.072902375568675098
675 1 2364.864865 22.500000 0.61895061826796172 0.072902375568675098
675 2 2364.864865 45.000000 0.61895061826796172 0.072902375568675098
675 3 2364.864865 67.500000 0.61895061826796172 0.072902375568675098
676 0 2368.368368 0.000000 0.61750084943708416 0.071518992300154072
676 1 2368.368368 22.500000 0.61750084943708416 0.071518992300154072
676 2 2368.368368 45.000000 0.61750084943708416 0.071518992300154072
676 3 2368.368368 67.500000 0.61750084943708416 0.071518992300154072
677 0 2371.871872 0.000000 0.61723955574629286 0.070064464000776261
677 1 2371.871872 22.500000 0.61723955574629286 0.070064464000776261
677 2 2371.871872 45.000000 0.61723955574629286 0.070064464000776261
677 3 2371.871872 67.500000 0.61723955574629286 0.070064464000776261
678 0 2375.375375 0.000000 0.61820443043032103 0.068814180238697648
678 1 2375.375375 22.500000 0.61820443043032103 0.068814180238697648
678 2 2375.375375 45.000000 0.61820443043032103 0.068814180238697648
678 3 2375.375375 67.500000 0.61820443043032103 0.068814180238697648
679 0 2378.878879 0.000000 0.62023273079955898 0.068002656709240716
679 1 2378.878879 22.500000 0.62023273079955898 0.068002656709240716
679 2 2378.878879 45.000000 0.62023273079955898 0.068002656709240716
679 3 2378.878879 67.500000 0.62023273079955898 0.068002656709240716
680 0 2382.382382 0.000000 0.62298908905099704 0.067783187744627799
680 1 2382.382382 22.500000 0.62298908905099704 0.067783187744627799
680 2 2382.382382 45.000000 0.62298908905099704 0.067783187744627799
680 3 2382.382382 67.500000 0.62298908905099704 0.067783187744627799
681 0 2385.885886 0.000000 0.62602196472763405 0.068202143068046062
681 1 2385.885886 22.500000 0.62602196472763405 0.068202143068046062
681 2 2385.885886 45.000000 0.62602196472763405 0.068202143068046062
681 3 2385.885886 67.500000 0.62602196472763405 0.068202143068046062
682 0 2389.389389 0.000000 0.62883931918923397 0.069192041541429911
682 1 2389.389389 22.500000 0.62883931918923397 0.069192041541429911
682 2 2389.389389 45.000000 0.62883931918923397 0.069192041541429911
682 3 2389.389389 67.500000 0.62883931918923397 0.069192041541429911
683 0 2392.892893 0.000000 0.63099099974633455 0.070584294730671696
683 1 2392.892893 22.500000 0.63099099974633455 0.070584294730671696
683 2 2392.892893 45.000000 0.63099099974633455 0.070584294730671696
683 3 2392.892893 67.500000 0.63099099974633455 0.070584294730671696
684 0 2396.396396 0.000000 0.63214404274538916 0.07213917141450682
684 1 2396.396396 22.500000 0.63214404274538916 0.07213917141450682
684 2 2396.396396 45.000000 0.63214404274538916 0.07213917141450682
684 3 2396.396396 67.500000 0.63214404274538916 0.07213917141450682
685 0 2399.899900 0.000000 0.63213797779896153 0.073587653836798134
685 1 2399.899900 22.500000 0.63213797779896153 0.073587653836798134
685 2 2399.899900 45.000000 0.63213797779896153 0.073587653836798134
685 3 2399.899900 67.500000 0.63213797779896153 0.073587653836798134
686 0 2403.403403 0.000000 0.63101035872535172 0.074677915628521829
686 1 2403.403403 22.500000 0.63101035872535172 0.074677915628521829
686 2 2403.403403 45.000000 0.63101035872535172 0.074677915628521829
686 3 2403.403403 67.500000 0.63101035872535172 0.074677915628521829
687 0 2406.906907 0.000000 0.62898785240065747 0.075218463779543651
687 1 2406.906907 22.500000 0.62898785240065747 0.075218463779543651
687 2 2406.906907 45.000000 0.62898785240065747 0.075218463779543651
687 3 2406.906907 67.500000 0.62898785240065747 0.075218463779543651
688 0 2410.410410 0.000000 0.62644444097928298 0.07511065186173474
688 1 2410.410410 22.500000 0.62644444097928298 0.07511065186173474
688 2 2410.410410 45.000000 0.62644444097928298 0.07511065186173474
688 3 2410.410410 67.500000 0.62644444097928298 0.07511065186173474
689 0 2413.913914 0.000000 0.62383437697756305 0.074365159163104988
689 1 2413.913914 22.500000 0.62383437697756305 0.074365159163104988
689 2 2413.913914 45.000000 0.62383437697756305 0.074365159163104988
689 3 2413.913914 67.500000 0.62383437697756305 0.074365159163104988
690 0 2417.417417 0.000000 0.62161214230991679 0.073099806649888383
690 1 2417.417417 22.500000 0.62161214230991679 0.073099806649888383
690 2 2417.417417 45.000000 0.62161214230991679 0.073099806649888383
690 3 2417.417417 67.500000 0.62161214230991679 0.073099806649888383
691 0 2420.920921 0.000000 0.62015381358392763 0.071519266462876957
691 1 2420.920921 22.500000 0.62015381358392763 0.071519266462876957
691 2 2420.920921 45.000000 0.62015381358392763 0.071519266462876957
691 3 2420.920921 67.500000 0.62015381358392763 0.071519266462876957
692 0 2424.424424 0.000000 0.619693578692317 0.069880274712852075
692 1 2424.424424 22.500000 0.619693578692317 0.069880274712852075
692 2 2424.424424 45.000000 0.619693578692317 0.069880274712852075
692 3 2424.424424 67.500000 0.619693578692317 0.069880274712852075
693 0 2427.927928 0.000000 0.62028601780683712 0.068448364463329803
693 1 2427.927928 22.500000 0.62028601780683712 0.068448364463329803
693 2 2427.927928 45.000000 0.62028601780683712 0.068448364463329803
693 3 2427.927928 67.500000 0.62028601780683712 0.068448364463329803
694 0 2431.431431 0.000000 0.62179996944578797 0.067453498908808029
694 1 2431.431431 22.500000 0.62179996944578797 0.067453498908808029
694 2 2431.431431 45.000000 0.62179996944578797 0.067453498908808029
694 3 2431.431431 67.500000 0.62179996944578797 0.067453498908808029
695 0 2434.934935 0.000000 0.62394433250730785 0.067052086622488544
695 1 2434.934935 22.500000 0.62394433250730785 0.067052086622488544
695 2 2434.934935 45.000000 0.62394433250730785 0.067052086622488544
695 3 2434.934935 67.500000 0.62394433250730785 0.067052086622488544
696 0 2438.438438 0.000000 0.62632090493871295 0.067301699382875349
696 1 2438.438438 22.500000 0.62632090493871295 0.067301699382875349
696 2 2438.438438 45.000000 0.62632090493871295 0.067301699382875349
696 3 2438.438438 67.500000 0.62632090493871295 0.067301699382875349
697 0 2441.941942 0.000000 0.62849503495876147 0.068152599574457629
697 1 2441.941942 22.500000 0.62849503495876147 0.068152599574457629
697 2 2441.941942 45.000000 0.62849503495876147 0.068152599574457629
697 3 2441.941942 67.500000 0.62849503495876147 0.068152599574457629
698 0 2445.445445 0.000000 0.63007199834997829 0.069457304525810087
698 1 2445.445445 22.500000 0.63007199834997829 0.069457304525810087
698 2 2445.445445 45.000000 0.63007199834997829 0.069457304525810087
698 3 2445.445445 67.500000 0.63007199834997829 0.069457304525810087
699 0 2448.948949 0.000000 0.63076602649480984 0.070996363214332475
699 1 2448.948949 22.500000 0.63076602649480984 0.070996363214332475
699 2 2448.948949 45.000000 0.63076602649480984 0.070996363214332475
699 3 2448.948949 67.500000 0.63076602649480984 0.070996363214332475
700 0 2452.452452 0.000000 0.63045004710709396 0.072515813550783542
700 1 2452.452452 22.500000 0.63045004710709396 0.072515813550783542
700 2 2452.452452 45.000000 0.63045004710709396 0.072515813550783542
700 3 2452.452452 67.500000 0.63045004710709396 0.072515813550783542
701 0 2455.955956 0.000000 0.62917743471582688 0.073769878655103871
701 1 2455.955956 22.500000 0.62917743471582688 0.073769878655103871
701 2 2455.955956 45.000000 0.62917743471582688 0.073769878655103871
701 3 2455.955956 67.500000 0.62917743471582688 0.073769878655103871
702 0 2459.459459 0.000000 0.62717196341356252 0.074561660843728506
702 1 2459.459459 22.500000 0.62717196341356252 0.074561660843728506
702 2 2459.459459 45.000000 0.62717196341356252 0.074561660843728506
702 3 2459.459459 67.500000 0.62717196341356252 0.074561660843728506
703 0 2462.962963 0.000000 0.62478784790236563 0.074775023982025957
703 1 2462.962963 22.500000 0.62478784790236563 0.074775023982025957
703 2 2462.962963 45.000000 0.62478784790236563 0.074775023982025957
703 3 2462.962963 67.500000 0.62478784790236563 0.074775023982025957
704 0 2466.466466 0.000000 0.62244712634772559 0.074392430432972445
704 1 2466.466466 22.500000 0.62244712634772559 0.074392430432972445
704 2 2466.466466 45.000000 0.62244712634772559 0.074392430432972445
704 3 2466.466466 67.500000 0.62244712634772559 0.074392430432972445
705 0 2469.969970 0.000000 0.62056559447763415 0.073495937866086367
705 1 2469.969970 22.500000 0.62056559447763415 0.073495937866086367
705 2 2469.969970 45.000000 0.62056559447763415 0.073495937866086367
705 3 2469.969970 67.500000 0.62056559447763415 0.073495937866086367
706 0 2473.473473 0.000000 0.6194803057100241 0.072251440860205102
706 1 2473.473473 22.500000 0.6194803057100241 0.072251440860205102
706 2 2473.473473 45.000000 0.6194803057100241 0.072251440860205102
706 3 2473.473473 67.500000 0.6194803057100241 0.072251440860205102
707 0 2476.976977 0.000000 0.61939108931407372 0.070879070228106036
707 1 2476.976977 22.500000 0.61939108931407372 0.070879070228106036
707 2 2476.976977 45.000000 0.61939108931407372 0.070879070228106036
707 3 2476.976977 67.500000 0.61939108931407372 0.070879070228106036
708 0 2480.480480 0.000000 0.62032588876777717 0.069614961580630103
708 1 2480.480480 22.500000 0.62032588876777717 0.069614961580630103
708 2 2480.480480 45.000000 0.62032588876777717 0.069614961580630103
708 3 2480.480480 67.500000 0.62032588876777717 0.069614961580630103
709 0 2483.983984 0.000000 0.62213559011095121 0.068670991360401598
709 1 2483.983984 22.500000 0.62213559011095121 0.068670991360401598
709 2 2483.983984 45.000000 0.62213559011095121 0.068670991360401598
709 3 2483.983984 67.500000 0.62213559011095121 0.068670991360401598
710 0 2487.487487 0.000000 0.62451911502330326 0.06819932985654717
710 1 2487.487487 22.500000 0.62451911502330326 0.06819932985654717
710 2 2487.487487 45.000000 0.62451911502330326 0.06819932985654717
710 3 2487.487487 67.500000 0.62451911502330326 0.06819932985654717
711 0 2490.990991 0.000000 0.62707459916755748 0.068267747981817159
711 1 2490.990991 22.500000 0.62707459916755748 0.068267747981817159
711 2 2490.990991 45.000000 0.62707459916755748 0.068267747981817159
711 3 2490.990991 67.500000 0.62707459916755748 0.068267747981817159
712 0 2494.494494 0.000000 0.62936812533744402 0.068849706883536019
712 1 2494.494494 22.500000 0.62936812533744402 0.068849706883536019
712 2 2494.494494 45.000000 0.62936812533744402 0.068849706883536019
712 3 2494.494494 67.500000 0.62936812533744402 0.068849706883536019
713 0 2497.997998 0.000000 0.63100837442461144 0.069830692540191711
713 1 2497.997998 22.500000 0.63100837442461144 0.069830692540191711
713 2 2497.997998 45.000000 0.63100837442461144 0.069830692540191711
713 3 2497.997998 67.500000 0.63100837442461144 0.069830692540191711
714 0 2501.501502 0.000000 0.63171428413041308 0.071029475075706283
714 1 2501.501502 22.500000 0.63171428413041308 0.071029475075706283
714 2 2501.501502 45.000000 0.63171428413041308 0.071029475075706283
714 3 2501.501502 67.500000 0.63171428413041308 0.071029475075706283
715 0 2505.005005 0.000000 0.63136376803080996 0.072230449782528738
715 1 2505.005005 22.500000 0.63136376803080996 0.072230449782528738
715 2 2505.005005 45.000000 0.63136376803080996 0.072230449782528738
715 3 2505.005005 67.500000 0.63136376803080996 0.072230449782528738
716 0 2508.508509 0.000000 0.63001476725796823 0.073221379440235365
716 1 2508.508509 22.500000 0.63001476725796823 0.073221379440235365
716 2 2508.508509 45.000000 0.63001476725796823 0.073221379440235365
716 3 2508.508509 67.500000 0.63001476725796823 0.073221379440235365
717 0 2512.012012 0.000000 0.62789488672534099 0.073830009854702186
717 1 2512.012012 22.500000 0.62789488672534099 0.073830009854702186
717 2 2512.012012 45.000000 0.62789488672534099 0.073830009854702186
717 3 2512.012012 67.500000 0.62789488672534099 0.073830009854702186
718 0 2515.515516 0.000000 0.62536162852545996 0.073953305385527732
718 1 2515.515516 22.500000 0.62536162852545996 0.073953305385527732
718 2 2515.515516 45.000000 0.62536162852545996 0.073953305385527732
718 3 2515.515516 67.500000 0.62536162852545996 0.073953305385527732
719 0 2519.019019 0.000000 0.62284055625340395 0.073574388970847268
719 1 2519.019019 22.500000 0.62284055625340395 0.073574388970847268
719 2 2519.019019 45.000000 0.62284055625340395 0.073574388970847268
719 3 2519.019019 67.500000 0.62284055625340395 0.073574388970847268
720 0 2522.522523 0.000000 0.62075250211667543 0.072764431996173107
720 1 2522.522523 22.500000 0.62075250211667543 0.072764431996173107
720 2 2522.522523 45.000000 0.62075250211667543 0.072764431996173107
720 3 2522.522523 67.500000 0.62075250211667543 0.072764431996173107
721 0 2526.026026 0.000000 0.61944249536937446 0.071669345953416327
721 1 2526.026026 22.500000 0.61944249536937446 0.071669345953416327
721 2 2526.026026 45.000000 0.61944249536937446 0.071669345953416327
721 3 2526.026026 67.500000 0.61944249536937446 0.071669345953416327
722 0 2529.529530 0.000000 0.61912234825380175 0.070483730946220749
722 1 2529.529530 22.500000 0.61912234825380175 0.070483730946220749
722 2 2529.529530 45.000000 0.61912234825380175 0.070483730946220749
722 3 2529.529530 67.500000 0.61912234825380175 0.070483730946220749
723 0 2533.033033 0.000000 0.61983617093946597 0.069416691736619615
723 1 2533.033033 22.500000 0.61983617093946597 0.069416691736619615
723 2 2533.033033 45.000000 0.61983617093946597 0.069416691736619615
723 3 2533.033033 67.500000 0.61983617093946597 0.069416691736619615
724 0 2536.536537 0.000000 0.6214541420514379 0.068655477013432789
724 1 2536.536537 22.500000 0.6214541420514379 0.068655477013432789
724 2 2536.536537 45.000000 0.6214541420514379 0.068655477013432789
724 3 2536.536537 67.500000 0.6214541420514379 0.068655477013432789
725 0 2540.040040 0.000000 0.62369530712424648 0.068333210556933033
725 1 2540.040040 22.500000 0.62369530712424648 0.068333210556933033
725 2 2540.040040 45.000000 0.62369530712424648 0.068333210556933033
725 3 2540.040040 67.500000 0.62369530712424648 0.068333210556933033
726 0 2543.543544 0.000000 0.62617560376519954 0.068506220800543582
726 1 2543.543544 22.500000 0.62617560376519954 0.068506220800543582
726 2 2543.543544 45.000000 0.62617560376519954 0.068506220800543582
726 3 2543.543544 67.500000 0.62617560376519954 0.068506220800543582
727 0 2547.047047 0.000000 0.62847325199485438 0.069144778575296953
727 1 2547.047047 22.500000 0.62847325199485438 0.069144778575296953
727 2 2547.047047 45.000000 0.62847325199485438 0.069144778575296953
727 3 2547.047047 67.500000 0.62847325199485438 0.069144778575296953
728 0 2550.550551 0.000000 0.63020064717268198 0.070138720287624148
728 1 2550.550551 22.500000 0.63020064717268198 0.070138720287624148
728 2 2550.550551 45.000000 0.63020064717268198 0.070138720287624148
728 3 2550.550551 67.500000 0.63020064717268198 0.070138720287624148
729 0 2554.054054 0.000000 0.63107051141333204 0.071316869844407244
729 1 2554.054054 22.500000 0.63107051141333204 0.071316869844407244
729 2 2554.054054 45.000000 0.63107051141333204 0.071316869844407244
729 3 2554.054054 67.500000 0.63107051141333204 0.071316869844407244
730 0 2557.557558 0.000000 0.63094474127668165 0.072476817493033072
730 1 2557.557558 22.500000 0.63094474127668165 0.072476817493033072
730 2 2557.557558 45.000000 0.63094474127668165 0.072476817493033072
730 3 2557.557558 67.500000 0.63094474127668165 0.072476817493033072
731 0 2561.061061 0.000000 0.62985724576903968 0.073419867964313712
731 1 2561.061061 22.500000 0.62985724576903968 0.073419867964313712
731 2 2561.061061 45.000000 0.62985724576903968 0.073419867964313712
731 3 2561.061061 67.500000 0.62985724576903968 0.073419867964313712
732 0 2564.564565 0.000000 0.6280067052973537 0.073985126884899138
732 1 2564.564565 22.500000 0.6280067052973537 0.073985126884899138
732 2 2564.564565 45.000000 0.6280067052973537 0.073985126884899138
732 3 2564.564565 67.500000 0.6280067052973537 0.073985126884899138
733 0 2568.068068 0.000000 0.6257207023898772 0.074076889738268994
733 1 2568.068068 22.500000 0.6257207023898772 0.074076889738268994
733 2 2568.068068 45.000000 0.6257207023898772 0.074076889738268994
733 3 2568.068068 67.500000 0.6257207023898772 0.074076889738268994
734 0 2571.571572 0.000000 0.62339789827118985 0.073680689547358097
734 1 2571.571572 22.500000 0.62339789827118985 0.073680689547358097
734 2 2571.571572 45.000000 0.62339789827118985 0.073680689547358097
734 3 2571.571572 67.500000 0.62339789827118985 0.073680689547358097
735 0 2575.075075 0.000000 0.62143874681627309 0.072865335963481326
735 1 2575.075075 22.500000 0.62143874681627309 0.072865335963481326
735 2 2575.075075 45.000000 0.62143874681627309 0.072865335963481326
735 3 2575.075075 67.500000 0.62143874681627309 0.072865335963481326
736 0 2578.578579 0.000000 0.62017694169732362 0.0717706953980108
736 1 2578.578579 22.500000 0.62017694169732362 0.0717706953980108
736 2 2578.578579 45.000000 0.62017694169732362 0.0717706953980108
736 3 2578.578579 67.500000 0.62017694169732362 0.0717706953980108
737 0 2582.082082 0.000000 0.61982323492870539 0.070583402666188372
737 1 2582.082082 22.500000 0.61982323492870539 0.070583402666188372
737 2 2582.082082 45.000000 0.61982323492870539 0.070583402666188372
737 3 2582.082082 67.500000 0.61982323492870539 0.070583402666188372
738 0 2585.585586 0.000000 0.62043078941441687 0.069504742070338285
738 1 2585.585586 22.500000 0.62043078941441687 0.069504742070338285
738 2 2585.585586 45.000000 0.62043078941441687 0.069504742070338285
738 3 2585.585586 67.500000 0.62043078941441687 0.069504742070338285
739 0 2589.089089 0.000000 0.62188745401607604 0.068716243199187746
739 1 2589.089089 22.500000 0.62188745401607604 0.068716243199187746
739 2 2589.089089 45.000000 0.62188745401607604 0.068716243199187746
739 3 2589.089089 67.500000 0.62188745401607604 0.068716243199187746
740 0 2592.592593 0.000000 0.62393594456461843 0.06834888636696676
740 1 2592.592593 22.500000 0.62393594456461843 0.06834888636696676
740 2 2592.592593 45.000000 0.62393594456461843 0.06834888636696676
740 3 2592.592593 67.500000 0.62393594456461843 0.06834888636696676
741 0 2596.096096 0.000000 0.62621847266582342 0.068461152224587069
741 1 2596.096096 22.500000 0.62621847266582342 0.068461152224587069
741 2 2596.096096 45.000000 0.62621847266582342 0.068461152224587069
741 3 2596.096096 67.500000 0.62621847266582342 0.068461152224587069
742 0 2599.599600 0.000000 0.62833841641654498 0.069029600206764755
742 1 2599.599600 22.500000 0.62833841641654498 0.069029600206764755
742 2 2599.599600 45.000000 0.62833841641654498 0.069029600206764755
742 3 2599.599600 67.500000 0.62833841641654498 0.069029600206764755
743 0 2603.103103 0.000000 0.62992870178446647 0.069953492670254136
743 1 2603.103103 22.500000 0.62992870178446647 0.069953492670254136
743 2 2603.103103 45.000000 0.62992870178446647 0.069953492670254136
743 3 2603.103103 67.500000 0.62992870178446647 0.069953492670254136
744 0 2606.606607 0.000000 0.6307151911743718 0.071072570826875486
744 1 2606.606607 22.500000 0.6307151911743718 0.071072570826875486
744 2 2606.606607 45.000000 0.6307151911743718 0.071072570826875486
744 3 2606.606607 67.500000 0.6307151911743718 0.071072570826875486
745 0 2610.110110 0.000000 0.63056397319366664 0.07219484853110654
745 1 2610.110110 22.500000 0.63056397319366664 0.07219484853110654
745 2 2610.110110 45.000000 0.63056397319366664 0.07219484853110654
745 3 2610.110110 67.500000 0.63056397319366664 0.07219484853110654
746 0 2613.613614 0.000000 0.6295041189956847 0.073129602034932295
746 1 2613.613614 22.500000 0.6295041189956847 0.073129602034932295
746 2 2613.613614 45.000000 0.6295041189956847 0.073129602034932295
746 3 2613.613614 67.500000 0.6295041189956847 0.073129602034932295
747 0 2617.117117 0.000000 0.6277218469954664 0.07371988222421981
747 1 2617.117117 22.500000 0.6277218469954664 0.07371988222421981
747 2 2617.117117 45.000000 0.6277218469954664 0.07371988222421981
747 3 2617.117117 67.500000 0.6277218469954664 0.07371988222421981
748 0 2620.620621 0.000000 0.62552727741713221 0.073868999901038512
748 1 2620.620621 22.500000 0.62552727741713221 0.073868999901038512
748 2 2620.620621 45.000000 0.62552727741713221 0.073868999901038512
748 3 2620.620621 67.500000 0.62552727741713221 0.073868999901038512
749 0 2624.124124 0.000000 0.62329994884729933 0.073556506003626787
749 1 2624.124124 22.500000 0.62329994884729933 0.073556506003626787
749 2 2624.124124 45.000000 0.62329994884729933 0.073556506003626787
749 3 2624.124124 67.500000 0.62329994884729933 0.073556506003626787
750 0 2627.627628 0.000000 0.62142295979479611 0.072841017286377624
750 1 2627.627628 22.500000 0.62142295979479611 0.072841017286377624
750 2 2627.627628 45.000000 0.62142295979479611 0.072841017286377624
750 3 2627.627628 67.500000 0.62142295979479611 0.072841017286377624
751 0 2631.131131 0.000000 0.62021730986095569 0.071849505954149406
751 1 2631.131131 22.500000 0.62021730986095569 0.071849505954149406
751 2 2631.131131 45.000000 0.62021730986095569 0.071849505954149406
751 3 2631.131131 67.500000 0.62021730986095569 0.071849505954149406
752 0 2634.634635 0.000000 0.61988758941625588 0.07075498833183673
752 1 2634.634635 22.500000 0.61988758941625588 0.07075498833183673
752 2 2634.634635 45.000000 0.61988758941625588 0.07075498833183673
752 3 2634.634635 67.500000 0.61988758941625588 0.07075498833183673
753 0 2638.138138 0.000000 0.62048790806816645 0.06974651661519761
753 1 2638.138138 22.500000 0.62048790806816645 0.06974651661519761
753 2 2638.138138 45.000000 0.62048790806816645 0.06974651661519761
753 3 2638.138138 67.500000 0.62048790806816645 0.06974651661519761
754 0 2641.641642 0.000000 0.62191342703064512 0.068996665066859988
754 1 2641.641642 22.500000 0.62191342703064512 0.068996665066859988
754 2 2641.641642 45.000000 0.62191342703064512 0.068996665066859988
754 3 2641.641642 67.500000 0.62191342703064512 0.068996665066859988
755 0 2645.145145 0.000000 0.62391868642807669 0.068632092499612787
755 1 2645.145145 22.500000 0.62391868642807669 0.068632092499612787
755 2 2645.145145 45.000000 0.62391868642807669 0.068632092499612787
755 3 2645.145145 67.500000 0.62391868642807669 0.068632092499612787
756 0 2648.648649 0.000000 0.6261596540604274 0.068712196102364023
756 1 2648.648649 22.500000 0.6261596540604274 0.068712196102364023
756 2 2648.648649 45.000000 0.6261596540604274 0.068712196102364023
756 3 2648.648649 67.500000 0.6261596540604274 0.068712196102364023
757 0 2652.152152 0.000000 0.62825257710991489 0.069219451208277577
757 1 2652.152152 22.500000 0.62825257710991489 0.069219451208277577
757 2 2652.152152 45.000000 0.62825257710991489 0.069219451208277577
757 3 2652.152152 67.500000 0.62825257710991489 0.069219451208277577
758 0 2655.655656 0.000000 0.62983981302059311 0.07006300627078621
758 1 2655.655656 22.500000 0.62983981302059311 0.07006300627078621
758 2 2655.655656 45.000000 0.62983981302059311 0.07006300627078621
758 3 2655.655656 67.500000 0.62983981302059311 0.07006300627078621
759 0 2659.159159 0.000000 0.63065138177596258 0.071094822587993725
759 1 2659.159159 22.500000 0.63065138177596258 0.071094822587993725
759 2 2659.159159 45.000000 0.63065138177596258 0.071094822587993725
759 3 2659.159159 67.500000 0.63065138177596258 0.071094822587993725
760 0 2662.662663 0.000000 0.63055144501792393 0.072135505800929395
760 1 2662.662663 22.500000 0.63055144501792393 0.072135505800929395
760 2 2662.662663 45.000000 0.63055144501792393 0.072135505800929395
760 3 2662.662663 67.500000 0.63055144501792393 0.072135505800929395
761 0 2666.166166 0.000000 0.62956140229519508 0.073005336401624293
761 1 2666.166166 22.500000 0.62956140229519508 0.073005336401624293
761 2 2666.166166 45.000000 0.62956140229519508 0.073005336401624293
761 3 2666.166166 67.500000 0.62956140229519508 0.073005336401624293
762 0 2669.669670 0.000000 0.62785546403387493 0.073555146552388595
762 1 2669.669670 22.500000 0.62785546403387493 0.073555146552388595
762 2 2669.669670 45.000000 0.62785546403387493 0.073555146552388595
762 3 2669.669670 67.500000 0.62785546403387493 0.073555146552388595
763 0 2673.173173 0.000000 0.62572961144405925 0.073691752391851065
763 1 2673.173173 22.500000 0.62572961144405925 0.073691752391851065
763 2 2673.173173 45.000000 0.62572961144405925 0.073691752391851065
763 3 2673.173173 67.500000 0.62572961144405925 0.073691752391851065
764 0 2676.676677 0.000000 0.62354970962572631 0.07339361807808889
764 1 2676.676677 22.500000 0.62354970962572631 0.07339361807808889
764 2 2676.676677 45.000000 0.62354970962572631 0.07339361807808889
764 3 2676.676677 67.500000 0.62354970962572631 0.07339361807808889
765 0 2680.180180 0.000000 0.62168817426774159 0.072714128785507565
765 1 2680.180180 22.500000 0.62168817426774159 0.072714128785507565
765 2 2680.180180 45.000000 0.62168817426774159 0.072714128785507565
765 3 2680.180180 67.500000 0.62168817426774159 0.072714128785507565
766 0 2683.683684 0.000000 0.62046033003388001 0.071771988996111882
766 1 2683.683684 22.500000 0.62046033003388001 0.071771988996111882
766 2 2683.683684 45.000000 0.62046033003388001 0.071771988996111882
766 3 2683.683684 67.500000 0.62046033003388001 0.071771988996111882
767 0 2687.187187 0.000000 0.62007126929625334 0.070730470899472792
767 1 2687.187187 22.500000 0.62007126929625334 0.070730470899472792
767 2 2687.187187 45.000000 0.62007126929625334 0.070730470899472792
767 3 2687.187187 67.500000 0.62007126929625334 0.070730470899472792
768 0 2690.690691 0.000000 0.6205819050832907 0.069769137176782584
768 1 2690.690691 22.500000 0.6205819050832907 0.069769137176782584
768 2 2690.690691 45.000000 0.6205819050832907 0.069769137176782584
768 3 2690.690691 67.500000 0.6205819050832907 0.069769137176782584
769 0 2694.194194 0.000000 0.62189955422123766 0.06905292973505979
769 1 2694.194194 22.500000 0.62189955422123766 0.06905292973505979
769 2 2694.194194 45.000000 0.62189955422123766 0.06905292973505979
769 3 2694.194194 67.500000 0.62189955422123766 0.06905292973505979
770 0 2697.697698 0.000000 0.62379438248808439 0.068703938047842986
770 1 2697.697698 22.500000 0.62379438248808439 0.068703938047842986
770 2 2697.697698 45.000000 0.62379438248808439 0.068703938047842986
770 3 2697.697698 67.500000 0.62379438248808439 0.068703938047842986
771 0 2701.201201 0.000000 0.62593893306451009 0.068780670508009664
771 1 2701.201201 22.500000 0.62593893306451009 0.068780670508009664
771 2 2701.201201 45.000000 0.62593893306451009 0.068780670508009664
771 3 2701.201201 67.500000 0.62593893306451009 0.068780670508009664
772 0 2704.704705 0.000000 0.62796423241047894 0.069268338958881071
772 1 2704.704705 22.500000 0.62796423241047894 0.069268338958881071
772 2 2704.704705 45.000000 0.62796423241047894 0.069268338958881071
772 3 2704.704705 67.500000 0.62796423241047894 0.069268338958881071
773 0 2708.208208 0.000000 0.62952312119353504 0.070081759969931198
773 1 2708.208208 22.500000 0.62952312119353504 0.070081759969931198
773 2 2708.208208 45.000000 0.62952312119353504 0.070081759969931198
773 3 2708.208208 67.500000 0.62952312119353504 0.070081759969931198
774 0 2711.711712 0.000000 0.63035000234639038 0.071080306262576484
774 1 2711.711712 22.500000 0.63035000234639038 0.071080306262576484
774 2 2711.711712 45.000000 0.63035000234639038 0.071080306262576484
774 3 2711.711712 67.500000 0.63035000234639038 0.071080306262576484
775 0 2715.215215 0.000000 0.63030655063436092 0.072092280941903508
775 1 2715.215215 22.500000 0.63030655063436092 0.072092280941903508
775 2 2715.215215 45.000000 0.63030655063436092 0.072092280941903508
775 3 2715.215215 67.500000 0.63030655063436092 0.072092280941903508
776 0 2718.718719 0.000000 0.62940522544343791 0.072944487948409825
776 1 2718.718719 22.500000 0.62940522544343791 0.072944487948409825
776 2 2718.718719 45.000000 0.62940522544343791 0.072944487948409825
776 3 2718.718719 67.500000 0.62940522544343791 0.072944487948409825
777 0 2722.222222 0.000000 0.62780637078420587 0.073491905522037507
777 1 2722.222222 22.500000 0.62780637078420587 0.073491905522037507
777 2 2722.222222 45.000000 0.62780637078420587 0.073491905522037507
777 3 2722.222222 67.500000 0.62780637078420587 0.073491905522037507
778 0 2725.725726 0.000000 0.62578952344415406 0.073642379681243347
778 1 2725.725726 22.500000 0.62578952344415406 0.073642379681243347
778 2 2725.725726 45.000000 0.62578952344415406 0.073642379681243347
778 3 2725.725726 67.500000 0.62578952344415406 0.073642379681243347
779 0 2729.229229 0.000000 0.62370425740032787 0.073372135122572693
779 1 2729.229229 22.500000 0.62370425740032787 0.073372135122572693
779 2 2729.229229 45.000000 0.62370425740032787 0.073372135122572693
779 3 2729.229229 67.500000 0.62370425740032787 0.073372135122572693
780 0 2732.732733 0.000000 0.62190947490700699 0.072729496030792498
780 1 2732.732733 22.500000 0.62190947490700699 0.072729496030792498
780 2 2732.732733 45.000000 0.62190947490700699 0.072729496030792498
780 3 2732.732733 67.500000 0.62190947490700699 0.072729496030792498
781 0 2736.236236 0.000000 0.62071184062527551 0.071826242107732655
781 1 2736.236236 22.500000 0.62071184062527551 0.071826242107732655
781 2 2736.236236 45.000000 0.62071184062527551 0.071826242107732655
781 3 2736.236236 67.500000 0.62071184062527551 0.071826242107732655
782 0 2739.739740 0.000000 0.62031385048601595 0.070818145344227285
782 1 2739.739740 22.500000 0.62031385048601595 0.070818145344227285
782 2 2739.739740 45.000000 0.62031385048601595 0.070818145344227285
782 3 2739.739740 67.500000 0.62031385048601595 0.070818145344227285
783 0 2743.243243 0.000000 0.62078007612641994 0.069878077290988355
783 1 2743.243243 22.500000 0.62078007612641994 0.069878077290988355
783 2 2743.243243 45.000000 0.62078007612641994 0.069878077290988355
783 3 2743.243243 67.500000 0.62078007612641994 0.069878077290988355
784 0 2746.746747 0.000000 0.62202693547592924 0.069166330642869991
784 1 2746.746747 22.500000 0.62202693547592924 0.069166330642869991
784 2 2746.746747 45.000000 0.62202693547592924 0.069166330642869991
784 3 2746.746747 67.500000 0.62202693547592924 0.069166330642869991
785 0 2750.250250 0.000000 0.6238374835575784 0.068803251334662086
785 1 2750.250250 22.500000 0.6238374835575784 0.068803251334662086
785 2 2750.250250 45.000000 0.6238374835575784 0.068803251334662086
785 3 2750.250250 67.500000 0.6238374835575784 0.068803251334662086
786 0 2753.753754 0.000000 0.62589872337586594 0.068848854877789217
786 1 2753.753754 22.500000 0.62589872337586594 0.068848854877789217
786 2 2753.753754 45.000000 0.62589872337586594 0.068848854877789217
786 3 2753.753754 67.500000 0.62589872337586594 0.068848854877789217
787 0 2757.257257 0.000000 0.62785528886565145 0.069292880279523905
787 1 2757.257257 22.500000 0.62785528886565145 0.069292880279523905
787 2 2757.257257 45.000000 0.62785528886565145 0.069292880279523905
787 3 2757.257257 67.500000 0.62785528886565145 0.069292880279523905
788 0 2760.760761 0.000000 0.62937054003903814 0.070056929668490156
788 1 2760.760761 22.500000 0.62937054003903814 0.070056929668490156
788 2 2760.760761 45.000000 0.62937054003903814 0.070056929668490156
788 3 2760.760761 67.500000 0.62937054003903814 0.070056929668490156
789 0 2764.264264 0.000000 0.63018463419425019 0.07100826377137219
789 1 2764.264264 22.500000 0.63018463419425019 0.07100826377137219
789 2 2764.264264 45.000000 0.63018463419425019 0.07100826377137219
789 3 2764.264264 67.500000 0.63018463419425019 0.07100826377137219
790 0 2767.767768 0.000000 0.63015940513824986 0.07198282977938307
790 1 2767.767768 22.500000 0.63015940513824986 0.07198282977938307
790 2 2767.767768 45.000000 0.63015940513824986 0.07198282977938307
790 3 2767.767768 67.500000 0.63015940513824986 0.07198282977938307
791 0 2771.271271 0.000000 0.62930203610346469 0.07281352976019799
791 1 2771.271271 22.500000 0.62930203610346469 0.07281352976019799
791 2 2771.271271 45.000000 0.62930203610346469 0.07281352976019799
791 3 2771.271271 67.500000 0.62930203610346469 0.07281352976019799
792 0 2774.774775 0.000000 0.6277632737119424 0.073358860933643258
792 1 2774.774775 22.500000 0.6277632737119424 0.073358860933643258
792 2 2774.774775 45.000000 0.6277632737119424 0.073358860933643258
792 3 2774.774775 67.500000 0.6277632737119424 0.073358860933643258
793 0 2778.278278 0.000000 0.62581058762775388 0.073527020432306897
793 1 2778.278278 22.500000 0.62581058762775388 0.073527020432306897
793 2 2778.278278 45.000000 0.62581058762775388 0.073527020432306897
793 3 2778.278278 67.500000 0.62581058762775388 0.073527020432306897
794 0 2781.781782 0.000000 0.62378125114760052 0.073291368995697409
794 1 2781.781782 22.500000 0.62378125114760052 0.073291368995697409
794 2 2781.781782 45.000000 0.62378125114760052 0.073291368995697409
794 3 2781.781782 67.500000 0.62378125114760052 0.073291368995697409
795 0 2785.285285 0.000000 0.62202383825032925 0.072694648887919155
795 1 2785.285285 22.500000 0.62202383825032925 0.072694648887919155
795 2 2785.285285 45.000000 0.62202383825032925 0.072694648887919155
795 3 2785.285285 67.500000 0.62202383825032925 0.072694648887919155
796 0 2788.788789 0.000000 0.62083844127313315 0.07184129071554643
796 1 2788.788789 22.500000 0.62083844127313315 0.07184129071554643
796 2 2788.788789 45.000000 0.62083844127313315 0.07184129071554643
796 3 2788.788789 67.500000 0.62083844127313315 0.07184129071554643
797 0 2792.292292 0.000000 0.62042580372481559 0.070879187498583685
797 1 2792.292292 22.500000 0.62042580372481559 0.070879187498583685
797 2 2792.292292 45.000000 0.62042580372481559 0.070879187498583685
797 3 2792.292292 67.500000 0.62042580372481559 0.070879187498583685
798 0 2795.795796 0.000000 0.62085375191513081 0.069974111845970854
798 1 2795.795796 22.500000 0.62085375191513081 0.069974111845970854
798 2 2795.795796 45.000000 0.62085375191513081 0.069974111845970854
798 3 2795.795796 67.500000 0.62085375191513081 0.069974111845970854
799 0 2799.299299 0.000000 0.62204627313461791 0.069281196799523548
799 1 2799.299299 22.500000 0.62204627313461791 0.069281196799523548
799 2 2799.299299 45.000000 0.62204627313461791 0.069281196799523548
799 3 2799.299299 67.500000 0.62204627313461791 0.069281196799523548
800 0 2802.802803 0.000000 0.62379687506728365 0.068918382359768368
800 1 2802.802803 22.500000 0.62379687506728365 0.068918382359768368
800 2 2802.802803 45.000000 0.62379687506728365 0.068918382359768368
800 3 2802.802803 67.500000 0.62379687506728365 0.068918382359768368
801 0 2806.306306 0.000000 0.6258039824839583 0.068946369118082676
801 1 2806.306306 22.500000 0.6258039824839583 0.068946369118082676
801 2 2806.306306 45.000000 0.6258039824839583 0.068946369118082676
801 3 2806.306306 67.500000 0.6258039824839583 0.068946369118082676
802 0 2809.809810 0.000000 0.62772255537965493 0.069358483575069158
802 1 2809.809810 22.500000 0.62772255537965493 0.069358483575069158
802 2 2809.809810 45.000000 0.62772255537965493 0.069358483575069158
802 3 2809.809810 67.500000 0.62772255537965493 0.069358483575069158
803 0 2813.313313 0.000000 0.62922332748534704 0.070082145021238024
803 1 2813.313313 22.500000 0.62922332748534704 0.070082145021238024
803 2 2813.313313 45.000000 0.62922332748534704 0.070082145021238024
803 3 2813.313313 67.500000 0.62922332748534704 0.070082145021238024
804 0 2816.816817 0.000000 0.63004955688919606 0.070991627712180747
804 1 2816.816817 22.500000 0.63004955688919606 0.070991627712180747
804 2 2816.816817 45.000000 0.63004955688919606 0.070991627712180747
804 3 2816.816817 67.500000 0.63004955688919606 0.070991627712180747
805 0 2820.320320 0.000000 0.63006135828946475 0.071929877721247121
805 1 2820.320320 22.500000 0.63006135828946475 0.071929877721247121
805 2 2820.320320 45.000000 0.63006135828946475 0.071929877721247121
805 3 2820.320320 67.500000 0.63006135828946475 0.071929877721247121
806 0 2823.823824 0.000000 0.62925970086056904 0.072735602363080895
806 1 2823.823824 22.500000 0.62925970086056904 0.072735602363080895
806 2 2823.823824 45.000000 0.62925970086056904 0.072735602363080895
806 3 2823.823824 67.500000 0.62925970086056904 0.072735602363080895
807 0 2827.327327 0.000000 0.62778575420472005 0.073270963714503728
807 1 2827.327327 22.500000 0.62778575420472005 0.073270963714503728
807 2 2827.327327 45.000000 0.62778575420472005 0.073270963714503728
807 3 2827.327327 67.500000 0.62778575420472005 0.073270963714503728
808 0 2830.830831 0.000000 0.62589577017412834 0.073445125381443266
808 1 2830.830831 22.500000 0.62589577017412834 0.073445125381443266
808 2 2830.830831 45.000000 0.62589577017412834 0.073445125381443266
808 3 2830.830831 67.500000 0.62589577017412834 0.073445125381443266
809 0 2834.334334 0.000000 0.62391615274216139 0.073229633760947502
809 1 2834.334334 22.500000 0.62391615274216139 0.073229633760947502
809 2 2834.334334 45.000000 0.62391615274216139 0.073229633760947502
809 3 2834.334334 67.500000 0.62391615274216139 0.073229633760947502
810 0 2837.837838 0.000000 0.62218685016927833 0.072663032560626728
810 1 2837.837838 22.500000 0.62218685016927833 0.072663032560626728
810 2 2837.837838 45.000000 0.62218685016927833 0.072663032560626728
810 3 2837.837838 67.500000 0.62218685016927833 0.072663032560626728
811 0 2841.341341 0.000000 0.62100304527317318 0.071843966366811882
811 1 2841.341341 22.500000 0.62100304527317318 0.071843966366811882
811 2 2841.341341 45.000000 0.62100304527317318 0.071843966366811882
811 3 2841.341341 67.500000 0.62100304527317318 0.071843966366811882
812 0 2844.844845 0.000000 0.62056509929366388 0.070914005494078072
812 1 2844.844845 22.500000 0.62056509929366388 0.070914005494078072
812 2 2844.844845 45.000000 0.62056509929366388 0.070914005494078072
812 3 2844.844845 67.500000 0.62056509929366388 0.070914005494078072
813 0 2848.348348 0.000000 0.62094501540074498 0.07003318103947892
813 1 2848.348348 22.500000 0.62094501540074498 0.07003318103947892
813 2 2848.348348 45.000000 0.62094501540074498 0.07003318103947892
813 3 2848.348348 67.500000 0.62094501540074498 0.07003318103947892
814 0 2851.851852 0.000000 0.62207478118860482 0.069352455952727432
814 1 2851.851852 22.500000 0.62207478118860482 0.069352455952727432
814 2 2851.851852 45.000000 0.62207478118860482 0.069352455952727432
814 3 2851.851852 67.500000 0.62207478118860482 0.069352455952727432
815 0 2855.355355 0.000000 0.62375835563136572 0.068987865300914913
815 1 2855.355355 22.500000 0.62375835563136572 0.068987865300914913
815 2 2855.355355 45.000000 0.62375835563136572 0.068987865300914913
815 3 2855.355355 67.500000 0.62375835563136572 0.068987865300914913
816 0 2858.858859 0.000000 0.62570528493155153 0.069000752905686052
816 1 2858.858859 22.500000 0.62570528493155153 0.069000752905686052
816 2 2858.858859 45.000000 0.62570528493155153 0.069000752905686052
816 3 2858.858859 67.500000 0.62570528493155153 0.069000752905686052
817 0 2862.362362 0.000000 0.62758042662657609 0.069387468015165793
817 1 2862.362362 22.500000 0.62758042662657609 0.069387468015165793
817 2 2862.362362 45.000000 0.62758042662657609 0.069387468015165793
817 3 2862.362362 67.500000 0.62758042662657609 0.069387468015165793
818 0 2865.865866 0.000000 0.62906150192594634 0.070080250043871056
818 1 2865.865866 22.500000 0.62906150192594634 0.070080250043871056
818 2 2865.865866 45.000000 0.62906150192594634 0.070080250043871056
818 3 2865.865866 67.500000 0.62906150192594634 0.070080250043871056
819 0 2869.369369 0.000000 0.62989466375321512 0.070959104324915395
819 1 2869.369369 22.500000 0.62989466375321512 0.070959104324915395
819 2 2869.369369 45.000000 0.62989466375321512 0.070959104324915395
819 3 2869.369369 67.500000 0.62989466375321512 0.070959104324915395
820 0 2872.872873 0.000000 0.6299383649706416 0.071872588356510198
820 1 2872.872873 22.500000 0.6299383649706416 0.071872588356510198
820 2 2872.872873 45.000000 0.6299383649706416 0.071872588356510198
820 3 2872.872873 67.500000 0.6299383649706416 0.071872588356510198
821 0 2876.376376 0.000000 0.62918769774144845 0.072663908794063356
821 1 2876.376376 22.500000 0.62918769774144845 0.072663908794063356
821 2 2876.376376 45.000000 0.62918769774144845 0.072663908794063356
821 3 2876.376376 67.500000 0.62918769774144845 0.072663908794063356
822 0 2879.879880 0.000000 0.6277748217783663 0.07319783333265148
822 1 2879.879880 22.500000 0.6277748217783663 0.07319783333265148
822 2 2879.879880 45.000000 0.6277748217783663 0.07319783333265148
822 3 2879.879880 67.500000 0.6277748217783663 0.07319783333265148
823 0 2883.383383 0.000000 0.6259454630661544 0.073383799726654722
823 1 2883.383383 22.500000 0.6259454630661544 0.073383799726654722
823 2 2883.383383 45.000000 0.6259454630661544 0.073383799726654722
823 3 2883.383383 67.500000 0.6259454630661544 0.073383799726654722
824 0 2886.886887 0.000000 0.62401583135704319 0.07319127432618279
824 1 2886.886887 22.500000 0.62401583135704319 0.07319127432618279
824 2 2886.886887 45.000000 0.62401583135704319 0.07319127432618279
824 3 2886.886887 67.500000 0.62401583135704319 0.07319127432618279
825 0 2890.390390 0.000000 0.62231775433508407 0.072654756707141652
825 1 2890.390390 22.500000 0.62231775433508407 0.072654756707141652
825 2 2890.390390 45.000000 0.62231775433508407 0.072654756707141652
825 3 2890.390390 67.500000 0.62231775433508407 0.072654756707141652
826 0 2893.893894 0.000000 0.62114170314870465 0.071867612221485633
826 1 2893.893894 22.500000 0.62114170314870465 0.071867612221485633
826 2 2893.893894 45.000000 0.62114170314870465 0.071867612221485633
826 3 2893.893894 67.500000 0.62114170314870465 0.071867612221485633
827 0 2897.397397 0.000000 0.62068745161632244 0.070965832908524401
827 1 2897.397397 22.500000 0.62068745161632244 0.070965832908524401
827 2 2897.397397 45.000000 0.62068745161632244 0.070965832908524401
827 3 2897.397397 67.500000 0.62068745161632244 0.070965832908524401
828 0 2900.900901 0.000000 0.62103053814902365 0.070104549829334534
828 1 2900.900901 22.500000 0.62103053814902365 0.070104549829334534
828 2 2900.900901 45.000000 0.62103053814902365 0.070104549829334534
828 3 2900.900901 67.500000 0.62103053814902365 0.070104549829334534
829 0 2904.404404 0.000000 0.62210991318092579 0.069431352001654678
829 1 2904.404404 22.500000 0.62210991318092579 0.069431352001654678
829 2 2904.404404 45.000000 0.62210991318092579 0.069431352001654678
829 3 2904.404404 67.500000 0.62210991318092579 0.069431352001654678
830 0 2907.907908 0.000000 0.62373866847276482 0.069060999385404498
830 1 2907.907908 22.500000 0.62373866847276482 0.069060999385404498
830 2 2907.907908 45.000000 0.62373866847276482 0.069060999385404498
830 3 2907.907908 67.500000 0.62373866847276482 0.069060999385404498
831 0 2911.411411 0.000000 0.62563604780089022 0.069055861187345496
831 1 2911.411411 22.500000 0.62563604780089022 0.069055861187345496
831 2 2911.411411 45.000000 0.62563604780089022 0.069055861187345496
831 3 2911.411411 67.500000 0.62563604780089022 0.069055861187345496
832 0 2914.914915 0.000000 0.62747548743048831 0.069415412963766271
832 1 2914.914915 22.500000 0.62747548743048831 0.069415412963766271
832 2 2914.914915 45.000000 0.62747548743048831 0.069415412963766271
832 3 2914.914915 67.500000 0.62747548743048831 0.069415412963766271
833 0 2918.418418 0.000000 0.6289406917958642 0.070076560377895281
833 1 2918.418418 22.500000 0.6289406917958642 0.070076560377895281
833 2 2918.418418 45.000000 0.6289406917958642 0.070076560377895281
833 3 2918.418418 67.500000 0.6289406917958642 0.070076560377895281
834 0 2921.921922 0.000000 0.62978018895343568 0.070924694474034072
834 1 2921.921922 22.500000 0.62978018895343568 0.070924694474034072
834 2 2921.921922 45.000000 0.62978018895343568 0.070924694474034072
834 3 2921.921922 67.500000 0.62978018895343568 0.070924694474034072
835 0 2925.425425 0.000000 0.62985083173915979 0.071813543407924105
835 1 2925.425425 22.500000 0.62985083173915979 0.071813543407924105
835 2 2925.425425 45.000000 0.62985083173915979 0.071813543407924105
835 3 2925.425425 67.500000 0.62985083173915979 0.071813543407924105
836 0 2928.928929 0.000000 0.62914248212258728 0.072590384056752055
836 1 2928.928929 22.500000 0.62914248212258728 0.072590384056752055
836 2 2928.928929 45.000000 0.62914248212258728 0.072590384056752055
836 3 2928.928929 67.500000 0.62914248212258728 0.072590384056752055
837 0 2932.432432 0.000000 0.627779429594015 0.073122270024100947
837 1 2932.432432 22.500000 0.627779429594015 0.073122270024100947
837 2 2932.432432 45.000000 0.627779429594015 0.073122270024100947
837 3 2932.432432 67.500000 0.627779429594015 0.073122270024100947
838 0 2935.935936 0.000000 0.62599833568360019 0.073318773626494818
838 1 2935.935936 22.500000 0.62599833568360019 0.073318773626494818
838 2 2935.935936 45.000000 0.62599833568360019 0.073318773626494818
838 3 2935.935936 67.500000 0.62599833568360019 0.073318773626494818
839 0 2939.439439 0.000000 0.62410678046466583 0.073147353117261435
839 1 2939.439439 22.500000 0.62410678046466583 0.073147353117261435
839 2 2939.439439 45.000000 0.62410678046466583 0.073147353117261435
839 3 2939.439439 67.500000 0.62410678046466583 0.073147353117261435
840 0 2942.942943 0.000000 0.62242991116444346 0.072638734765746088
840 1 2942.942943 22.500000 0.62242991116444346 0.072638734765746088
840 2 2942.942943 45.000000 0.62242991116444346 0.072638734765746088
840 3 2942.942943 67.500000 0.62242991116444346 0.072638734765746088
841 0 2946.446446 0.000000 0.62125460372821273 0.071881420991255052
841 1 2946.446446 22.500000 0.62125460372821273 0.071881420991255052
841 2 2946.446446 45.000000 0.62125460372821273 0.071881420991255052
841 3 2946.446446 67.500000 0.62125460372821273 0.071881420991255052
842 0 2949.949950 0.000000 0.62078069556886062 0.071006303857461289
842 1 2949.949950 22.500000 0.62078069556886062 0.071006303857461289
842 2 2949.949950 45.000000 0.62078069556886062 0.071006303857461289
842 3 2949.949950 67.500000 0.62078069556886062 0.071006303857461289
843 0 2953.453453 0.000000 0.62108737881408393 0.070164057060284973
843 1 2953.453453 22.500000 0.62108737881408393 0.070164057060284973
843 2 2953.453453 45.000000 0.62108737881408393 0.070164057060284973
843 3 2953.453453 67.500000 0.62108737881408393 0.070164057060284973
844 0 2956.956957 0.000000 0.62212016516072333 0.069499209245218435
844 1 2956.956957 22.500000 0.62212016516072333 0.069499209245218435
844 2 2956.956957 45.000000 0.62212016516072333 0.069499209245218435
844 3 2956.956957 67.500000 0.62212016516072333 0.069499209245218435
845 0 2960.460460 0.000000 0.62370044351368936 0.069125357760983275
845 1 2960.460460 22.500000 0.62370044351368936 0.069125357760983275
845 2 2960.460460 45.000000 0.62370044351368936 0.069125357760983275
845 3 2960.460460 67.500000 0.62370044351368936 0.069125357760983275
846 0 2963.963964 0.000000 0.62555603006885918 0.069105771636219282
846 1 2963.963964 22.500000 0.62555603006885918 0.069105771636219282
846 2 2963.963964 45.000000 0.62555603006885918 0.069105771636219282
846 3 2963.963964 67.500000 0.62555603006885918 0.069105771636219282
847 0 2967.467467 0.000000 0.62736770643863948 0.069442694231648394
847 1 2967.467467 22.500000 0.62736770643863948 0.069442694231648394
847 2 2967.467467 45.000000 0.62736770643863948 0.069442694231648394
847 3 2967.467467 67.500000 0.62736770643863948 0.069442694231648394
848 0 2970.970971 0.000000 0.62882400992557708 0.070077152942710136
848 1 2970.970971 22.500000 0.62882400992557708 0.070077152942710136
848 2 2970.970971 45.000000 0.62882400992557708 0.070077152942710136
848 3 2970.970971 67.500000 0.62882400992557708 0.070077152942710136
849 0 2974.474474 0.000000 0.62967494858955375 0.070899275080317611
849 1 2974.474474 22.500000 0.62967494858955375 0.070899275080317611
849 2 2974.474474 45.000000 0.62967494858955375 0.070899275080317611
849 3 2974.474474 67.500000 0.62967494858955375 0.070899275080317611
850 0 2977.977978 0.000000 0.62977526118213478 0.071767306708808459
850 1 2977.977978 22.500000 0.62977526118213478 0.071767306708808459
850 2 2977.977978 45.000000 0.62977526118213478 0.071767306708808459
850 3 2977.977978 67.500000 0.62977526118213478 0.071767306708808459
851 0 2981.481481 0.000000 0.6291095052656982 0.072532043843266295
851 1 2981.481481 22.500000 0.6291095052656982 0.072532043843266295
851 2 2981.481481 45.000000 0.6291095052656982 0.072532043843266295
851 3 2981.481481 67.500000 0.6291095052656982 0.072532043843266295
852 0 2984.984985 0.000000 0.62779444795930195 0.073062467099494682
852 1 2984.984985 22.500000 0.62779444795930195 0.073062467099494682
852 2 2984.984985 45.000000 0.62779444795930195 0.073062467099494682
852 3 2984.984985 67.500000 0.62779444795930195 0.073062467099494682
853 0 2988.488488 0.000000 0.62605836638895884 0.073268177376980576
853 1 2988.488488 22.500000 0.62605836638895884 0.073268177376980576
853 2 2988.488488 45.000000 0.62605836638895884 0.073268177376980576
853 3 2988.488488 67.500000 0.62605836638895884 0.073268177376980576
854 0 2991.991992 0.000000 0.62420107925755219 0.073114792402167977
854 1 2991.991992 22.500000 0.62420107925755219 0.073114792402167977
854 2 2991.991992 45.000000 0.62420107925755219 0.073114792402167977
854 3 2991.991992 67.500000 0.62420107925755219 0.073114792402167977
855 0 2995.495495 0.000000 0.62254193975360483 0.072629683238666337
855 1 2995.495495 22.500000 0.62254193975360483 0.072629683238666337
855 2 2995.495495 45.000000 0.62254193975360483 0.072629683238666337
855 3 2995.495495 67.500000 0.62254193975360483 0.072629683238666337
856 0 2998.998999 0.000000 0.62136496858928736 0.071897095083338206
856 1 2998.998999 22.500000 0.62136496858928736 0.071897095083338206
856 2 2998.998999 45.000000 0.62136496858928736 0.071897095083338206
856 3 2998.998999 67.500000 0.62136496858928736 0.071897095083338206
857 0 3002.502503 0.000000 0.62087053060053998 0.071043520873159127
857 1 3002.502503 22.500000 0.62087053060053998 0.071043520873159127
857 2 3002.502503 45.000000 0.62087053060053998 0.071043520873159127
857 3 3002.502503 67.500000 0.62087053060053998 0.071043520873159127
858 0 3006.006006 0.000000 0.62114158592572621 0.070215866072209462
858 1 3006.006006 22.500000 0.62114158592572621 0.070215866072209462
858 2 3006.006006 45.000000 0.62114158592572621 0.070215866072209462
858 3 3006.006006 67.500000 0.62114158592572621 0.070215866072209462
859 0 3009.509510 0.000000 0.62212996560939693 0.069556172527565685
859 1 3009.509510 22.500000 0.62212996560939693 0.069556172527565685
859 2 3009.509510 45.000000 0.62212996560939693 0.069556172527565685
859 3 3009.509510 67.500000 0.62212996560939693 0.069556172527565685
860 0 3013.013013 0.000000 0.62366481613818259 0.069177248859186191
860 1 3013.013013 22.500000 0.62366481613818259 0.069177248859186191
860 2 3013.013013 45.000000 0.62366481613818259 0.069177248859186191
860 3 3013.013013 67.500000 0.62366481613818259 0.069177248859186191
861 0 3016.516517 0.000000 0.62548180035062995 0.069143386932983927
861 1 3016.516517 22.500000 0.62548180035062995 0.069143386932983927
861 2 3016.516517 45.000000 0.62548180035062995 0.069143386932983927
861 3 3016.516517 67.500000 0.62548180035062995 0.069143386932983927
862 0 3020.020020 0.000000 0.62726827667034557 0.069459459484820407
862 1 3020.020020 22.500000 0.62726827667034557 0.069459459484820407
862 2 3020.020020 45.000000 0.62726827667034557 0.069459459484820407
862 3 3020.020020 67.500000 0.62726827667034557 0.069459459484820407
863 0 3023.523524 0.000000 0.62871695352805401 0.070070246651544793
863 1 3023.523524 22.500000 0.62871695352805401 0.070070246651544793
863 2 3023.523524 45.000000 0.62871695352805401 0.070070246651544793
863 3 3023.523524 67.500000 0.62871695352805401 0.070070246651544793
864 0 3027.027027 0.000000 0.62957889288094693 0.070870078860260394
864 1 3027.027027 22.500000 0.62957889288094693 0.070870078860260394
864 2 3027.027027 45.000000 0.62957889288094693 0.070870078860260394
864 3 3027.027027 67.500000 0.62957889288094693 0.070870078860260394
865 0 3030.530531 0.000000 0.62970661390273253 0.071721113056462366
865 1 3030.530531 22.500000 0.62970661390273253 0.071721113056462366
865 2 3030.530531 45.000000 0.62970661390273253 0.071721113056462366
865 3 3030.530531 67.500000 0.62970661390273253 0.071721113056462366
866 0 3034.034034 0.000000 0.62907961077473007 0.072477082356705358
866 1 3034.034034 22.500000 0.62907961077473007 0.072477082356705358
866 2 3034.034034 45.000000 0.62907961077473007 0.072477082356705358
866 3 3034.034034 67.500000 0.62907961077473007 0.072477082356705358
867 0 3037.537538 0.000000 0.62780767831191941 0.073008428454585328
867 1 3037.537538 22.500000 0.62780767831191941 0.073008428454585328
867 2 3037.537538 45.000000 0.62780767831191941 0.073008428454585328
867 3 3037.537538 67.500000 0.62780767831191941 0.073008428454585328
868 0 3041.041041 0.000000 0.62611147488051344 0.073224499698435447
868 1 3041.041041 22.500000 0.62611147488051344 0.073224499698435447
868 2 3041.041041 45.000000 0.62611147488051344 0.073224499698435447
868 3 3041.041041 67.500000 0.62611147488051344 0.073224499698435447
869 0 3044.544545 0.000000 0.62428390702733694 0.073089012668621015
869 1 3044.544545 22.500000 0.62428390702733694 0.073089012668621015
869 2 3044.544545 45.000000 0.62428390702733694 0.073089012668621015
869 3 3044.544545 67.500000 0.62428390702733694 0.073089012668621015
870 0 3048.048048 0.000000 0.62263931990521759 0.072626141029394048
870 1 3048.048048 22.500000 0.62263931990521759 0.072626141029394048
870 2 3048.048048 45.000000 0.62263931990521759 0.072626141029394048
870 3 3048.048048 67.500000 0.62263931990521759 0.072626141029394048
871 0 3051.551552 0.000000 0.6214594656325072 0.071916210693882945
871 1 3051.551552 22.500000 0.6214594656325072 0.071916210693882945
871 2 3051.551552 45.000000 0.6214594656325072 0.071916210693882945
871 3 3051.551552 67.500000 0.6214594656325072 0.071916210693882945
872 0 3055.055055 0.000000 0.62094552081216337 0.071081766646879513
872 1 3055.055055 22.500000 0.62094552081216337 0.071081766646879513
872 2 3055.055055 45.000000 0.62094552081216337 0.071081766646879513
872 3 3055.055055 67.500000 0.62094552081216337 0.071081766646879513
873 0 3058.558559 0.000000 0.62118414238434605 0.070266427215281063
873 1 3058.558559 22.500000 0.62118414238434605 0.070266427215281063
873 2 3058.558559 45.000000 0.62118414238434605 0.070266427215281063
873 3 3058.558559 67.500000 0.62118414238434605 0.070266427215281063
874 0 3062.062062 0.000000 0.62213305877119385 0.069610173339290093
874 1 3062.062062 22.500000 0.62213305877119385 0.069610173339290093
874 2 3062.062062 45.000000 0.62213305877119385 0.069610173339290093
874 3 3062.062062 67.500000 0.62213305877119385 0.069610173339290093
875 0 3065.565566 0.000000 0.6236284636819357 0.069225323188643717
875 1 3065.565566 22.500000 0.6236284636819357 0.069225323188643717
875 2 3065.565566 45.000000 0.6236284636819357 0.069225323188643717
875 3 3065.565566 67.500000 0.6236284636819357 0.069225323188643717
876 0 3069.069069 0.000000 0.62541297859236389 0.069177314417348007
876 1 3069.069069 22.500000 0.62541297859236389 0.069177314417348007
876 2 3069.069069 45.000000 0.62541297859236389 0.069177314417348007
876 3 3069.069069 67.500000 0.62541297859236389 0.069177314417348007
877 0 3072.572573 0.000000 0.62717961515660059 0.069473581214491903
877 1 3072.572573 22.500000 0.62717961515660059 0.069473581214491903
877 2 3072.572573 45.000000 0.62717961515660059 0.069473581214491903
877 3 3072.572573 67.500000 0.62717961515660059 0.069473581214491903
878 0 3076.076076 0.000000 0.62862444426638275 0.070062416090585555
878 1 3076.076076 22.500000 0.62862444426638275 0.070062416090585555
878 2 3076.076076 45.000000 0.62862444426638275 0.070062416090585555
878 3 3076.076076 67.500000 0.62862444426638275 0.070062416090585555
879 0 3079.579580 0.000000 0.62949902142711456 0.070841988122775146
879 1 3079.579580 22.500000 0.62949902142711456 0.070841988122775146
879 2 3079.579580 45.000000 0.62949902142711456 0.070841988122775146
879 3 3079.579580 67.500000 0.62949902142711456 0.070841988122775146
880 0 3083.083083 0.000000 0.6296534268726065 0.071677945750495645
880 1 3083.083083 22.500000 0.6296534268726065 0.071677945750495645
880 2 3083.083083 45.000000 0.6296534268726065 0.071677945750495645
880 3 3083.083083 67.500000 0.6296534268726065 0.071677945750495645
881 0 3086.586587 0.000000 0.62906224796297006 0.072426562413783382
881 1 3086.586587 22.500000 0.62906224796297006 0.072426562413783382
881 2 3086.586587 45.000000 0.62906224796297006 0.072426562413783382
881 3 3086.586587 67.500000 0.62906224796297006 0.072426562413783382
882 0 3090.090090 0.000000 0.62782881040377769 0.072959438931639559
882 1 3090.090090 22.500000 0.62782881040377769 0.072959438931639559
882 2 3090.090090 45.000000 0.62782881040377769 0.072959438931639559
882 3 3090.090090 67.500000 0.62782881040377769 0.072959438931639559
883 0 3093.593594 0.000000 0.62616691577918837 0.073185518377577335
883 1 3093.593594 22.500000 0.62616691577918837 0.073185518377577335
883 2 3093.593594 45.000000 0.62616691577918837 0.073185518377577335
883 3 3093.593594 67.500000 0.62616691577918837 0.073185518377577335
884 0 3097.097097 0.000000 0.62436344939484023 0.073066640065456129
884 1 3097.097097 22.500000 0.62436344939484023 0.073066640065456129
884 2 3097.097097 45.000000 0.62436344939484023 0.073066640065456129
884 3 3097.097097 67.500000 0.62436344939484023 0.073066640065456129
885 0 3100.600601 0.000000 0.62272862010734253 0.072623976678161561
885 1 3100.600601 22.500000 0.62272862010734253 0.072623976678161561
885 2 3100.600601 45.000000 0.62272862010734253 0.072623976678161561
885 3 3100.600601 67.500000 0.62272862010734253 0.072623976678161561
886 0 3104.104104 0.000000 0.62154262342336841 0.071934269368381015
886 1 3104.104104 22.500000 0.62154262342336841 0.071934269368381015
886 2 3104.104104 45.000000 0.62154262342336841 0.071934269368381015
886 3 3104.104104 67.500000 0.62154262342336841 0.071934269368381015
887 0 3107.607608 0.000000 0.62100788983288102 0.071116529281608859
887 1 3107.607608 22.500000 0.62100788983288102 0.071116529281608859
887 2 3107.607608 45.000000 0.62100788983288102 0.071116529281608859
887 3 3107.607608 67.500000 0.62100788983288102 0.071116529281608859
888 0 3111.111111 0.000000 0.6212148822117709 0.07031150906146201
888 1 3111.111111 22.500000 0.6212148822117709 0.07031150906146201
888 2 3111.111111 45.000000 0.6212148822117709 0.07031150906146201
888 3 3111.111111 67.500000 0.6212148822117709 0.07031150906146201
889 0 3114.614615 0.000000 0.62212699458914877 0.069657484143477721
889 1 3114.614615 22.500000 0.62212699458914877 0.069657484143477721
889 2 3114.614615 45.000000 0.62212699458914877 0.069657484143477721
889 3 3114.614615 67.500000 0.62212699458914877 0.069657484143477721
890 0 3118.118118 0.000000 0.62358694211681465 0.069266509709387941
890 1 3118.118118 22.500000 0.62358694211681465 0.069266509709387941
890 2 3118.118118 45.000000 0.62358694211681465 0.069266509709387941
890 3 3118.118118 67.500000 0.62358694211681465 0.069266509709387941
891 0 3121.621622 0.000000 0.62534357844162036 0.069205228889466258
891 1 3121.621622 22.500000 0.62534357844162036 0.069205228889466258
891 2 3121.621622 45.000000 0.62534357844162036 0.069205228889466258
891 3 3121.621622 67.500000 0.62534357844162036 0.069205228889466258
892 0 3125.125125 0.000000 0.62709476588251856 0.069483518139425354
892 1 3125.125125 22.500000 0.62709476588251856 0.069483518139425354
892 2 3125.125125 45.000000 0.62709476588251856 0.069483518139425354
892 3 3125.125125 67.500000 0.62709476588251856 0.069483518139425354
893 0 3128.628629 0.000000 0.62853919484961374 0.070052903632064054
893 1 3128.628629 22.500000 0.62853919484961374 0.070052903632064054
893 2 3128.628629 45.000000 0.62853919484961374 0.070052903632064054
893 3 3128.628629 67.500000 0.62853919484961374 0.070052903632064054
894 0 3132.132132 0.000000 0.6294283554890715 0.070815001180482812
894 1 3132.132132 22.500000 0.6294283554890715 0.070815001180482812
894 2 3132.132132 45.000000 0.6294283554890715 0.070815001180482812
894 3 3132.132132 67.500000 0.6294283554890715 0.070815001180482812
895 0 3135.635636 0.000000 0.62960960607987471 0.071638510870148206
895 1 3135.635636 22.500000 0.62960960607987471 0.071638510870148206
895 2 3135.635636 45.000000 0.62960960607987471 0.071638510870148206
895 3 3135.635636 67.500000 0.62960960607987471 0.071638510870148206
896 0 3139.139139 0.000000 0.62905266324514963 0.072381831738558
896 1 3139.139139 22.500000 0.62905266324514963 0.072381831738558
896 2 3139.139139 45.000000 0.62905266324514963 0.072381831738558
896 3 3139.139139 67.500000 0.62905266324514963 0.072381831738558
897 0 3142.642643 0.000000 0.62785472579451285 0.072917402598186368
897 1 3142.642643 22.500000 0.62785472579451285 0.072917402598186368
897 2 3142.642643 45.000000 0.62785472579451285 0.072917402598186368
897 3 3142.642643 67.500000 0.62785472579451285 0.072917402598186368
898 0 3146.146146 0.000000 0.62622332057895813 0.073153586123176545
898 1 3146.146146 22.500000 0.62622332057895813 0.073153586123176545
898 2 3146.146146 45.000000 0.62622332057895813 0.073153586123176545
898 3 3146.146146 67.500000 0.62622332057895813 0.073153586123176545
899 0 3149.649650 0.000000 0.62444002665775622 0.073050342945349386
899 1 3149.649650 22.500000 0.62444002665775622 0.073050342945349386
899 2 3149.649650 45.000000 0.62444002665775622 0.073050342945349386
899 3 3149.649650 67.500000 0.62444002665775622 0.073050342945349386
900 0 3153.153153 0.000000 0.62281163690207431 0.072626015646630182
900 1 3153.153153 22.500000 0.62281163690207431 0.072626015646630182
900 2 3153.153153 45.000000 0.62281163690207431 0.072626015646630182
900 3 3153.153153 67.500000 0.62281163690207431 0.072626015646630182
901 0 3156.656657 0.000000 0.62161739027746343 0.071954073806640664
901 1 3156.656657 22.500000 0.62161739027746343 0.071954073806640664
901 2 3156.656657 45.000000 0.62161739027746343 0.071954073806640664
901 3 3156.656657 67.500000 0.62161739027746343 0.071954073806640664
902 0 3160.160160 0.000000 0.62106134889852893 0.071150396991939258
902 1 3160.160160 22.500000 0.62106134889852893 0.071150396991939258
902 2 3160.160160 45.000000 0.62106134889852893 0.071150396991939258
902 3 3160.160160 67.500000 0.62106134889852893 0.071150396991939258
903 0 3163.663664 0.000000 0.62123787477125658 0.070353296184667541
903 1 3163.663664 22.500000 0.62123787477125658 0.070353296184667541
903 2 3163.663664 45.000000 0.62123787477125658 0.070353296184667541
903 3 3163.663664 67.500000 0.62123787477125658 0.070353296184667541
904 0 3167.167167 0.000000 0.62211582312086278 0.06969971712446521
904 1 3167.167167 22.500000 0.62211582312086278 0.06969971712446521
904 2 3167.167167 45.000000 0.62211582312086278 0.06969971712446521
904 3 3167.167167 67.500000 0.62211582312086278 0.06969971712446521
905 0 3170.670671 0.000000 0.6235439658782409 0.069301718677869814
905 1 3170.670671 22.500000 0.6235439658782409 0.069301718677869814
905 2 3170.670671 45.000000 0.6235439658782409 0.069301718677869814
905 3 3170.670671 67.500000 0.6235439658782409 0.069301718677869814
906 0 3174.174174 0.000000 0.62527674515435405 0.069227265158918569
906 1 3174.174174 22.500000 0.62527674515435405 0.069227265158918569
906 2 3174.174174 45.000000 0.62527674515435405 0.069227265158918569
906 3 3174.174174 67.500000 0.62527674515435405 0.069227265158918569
907 0 3177.677678 0.000000 0.62701616282110806 0.069488624000786134
907 1 3177.677678 22.500000 0.62701616282110806 0.069488624000786134
907 2 3177.677678 45.000000 0.62701616282110806 0.069488624000786134
907 3 3177.677678 67.500000 0.62701616282110806 0.069488624000786134
908 0 3181.181181 0.000000 0.6284628737947513 0.070040348804793692
908 1 3181.181181 22.500000 0.6284628737947513 0.070040348804793692
908 2 3181.181181 45.000000 0.6284628737947513 0.070040348804793692
908 3 3181.181181 67.500000 0.6284628737947513 0.070040348804793692
909 0 3184.684685 0.000000 0.62936781825189225 0.070787178619704627
909 1 3184.684685 22.500000 0.62936781825189225 0.070787178619704627
909 2 3184.684685 45.000000 0.62936781825189225 0.070787178619704627
909 3 3184.684685 67.500000 0.62936781825189225 0.070787178619704627
910 0 3188.188188 0.000000 0.62957540330181494 0.071600480992628335
910 1 3188.188188 22.500000 0.62957540330181494 0.071600480992628335
910 2 3188.188188 45.000000 0.62957540330181494 0.071600480992628335
910 3 3188.188188 67.500000 0.62957540330181494 0.071600480992628335
911 0 3191.691692 0.000000 0.62905054135705418 0.072340401380229305
911 1 3191.691692 22.500000 0.62905054135705418 0.072340401380229305
911 2 3191.691692 45.000000 0.62905054135705418 0.072340401380229305
911 3 3191.691692 67.500000 0.62905054135705418 0.072340401380229305
912 0 3195.195195 0.000000 0.62788465496084822 0.072879906033289032
912 1 3195.195195 22.500000 0.62788465496084822 0.072879906033289032
912 2 3195.195195 45.000000 0.62788465496084822 0.072879906033289032
912 3 3195.195195 67.500000 0.62788465496084822 0.072879906033289032
913 0 3198.698699 0.000000 0.62627956968356746 0.073126586173772129
913 1 3198.698699 22.500000 0.62627956968356746 0.073126586173772129
913 2 3198.698699 45.000000 0.62627956968356746 0.073126586173772129
913 3 3198.698699 67.500000 0.62627956968356746 0.073126586173772129
914 0 3202.202202 0.000000 0.62451225522128095 0.073038481981831424
914 1 3202.202202 22.500000 0.62451225522128095 0.073038481981831424
914 2 3202.202202 45.000000 0.62451225522128095 0.073038481981831424
914 3 3202.202202 67.500000 0.62451225522128095 0.073038481981831424
915 0 3205.705706 0.000000 0.62288678943492914 0.072631217453528046
915 1 3205.705706 22.500000 0.62288678943492914 0.072631217453528046
915 2 3205.705706 45.000000 0.62288678943492914 0.072631217453528046
915 3 3205.705706 67.500000 0.62288678943492914 0.072631217453528046
916 0 3209.209209 0.000000 0.62168204150771444 0.071975233353568202
916 1 3209.209209 22.500000 0.62168204150771444 0.071975233353568202
916 2 3209.209209 45.000000 0.62168204150771444 0.071975233353568202
916 3 3209.209209 67.500000 0.62168204150771444 0.071975233353568202
917 0 3212.712713 0.000000 0.62110408024546238 0.07118360772207348
917 1 3212.712713 22.500000 0.62110408024546238 0.07118360772207348
917 2 3212.712713 45.000000 0.62110408024546238 0.07118360772207348
917 3 3212.712713 67.500000 0.62110408024546238 0.07118360772207348
918 0 3216.216216 0.000000 0.62125126895097083 0.070392569148905279
918 1 3216.216216 22.500000 0.62125126895097083 0.070392569148905279
918 2 3216.216216 45.000000 0.62125126895097083 0.070392569148905279
918 3 3216.216216 67.500000 0.62125126895097083 0.070392569148905279
919 0 3219.719720 0.000000 0.62209773748013752 0.069738060014820122
919 1 3219.719720 22.500000 0.62209773748013752 0.069738060014820122
919 2 3219.719720 45.000000 0.62209773748013752 0.069738060014820122
919 3 3219.719720 67.500000 0.62209773748013752 0.069738060014820122
920 0 3223.223223 0.000000 0.62349787076183538 0.06933238066430239
920 1 3223.223223 22.500000 0.62349787076183538 0.06933238066430239
920 2 3223.223223 45.000000 0.62349787076183538 0.06933238066430239
920 3 3223.223223 67.500000 0.62349787076183538 0.06933238066430239
921 0 3226.726727 0.000000 0.62521107210609062 0.0692449261293486
921 1 3226.726727 22.500000 0.62521107210609062 0.0692449261293486
921 2 3226.726727 45.000000 0.62521107210609062 0.0692449261293486
921 3 3226.726727 67.500000 0.62521107210609062 0.0692449261293486
922 0 3230.230230 0.000000 0.62694277653808816 0.069490318821748415
922 1 3230.230230 22.500000 0.62694277653808816 0.069490318821748415
922 2 3230.230230 45.000000 0.62694277653808816 0.069490318821748415
922 3 3230.230230 67.500000 0.62694277653808816 0.069490318821748415
923 0 3233.733734 0.000000 0.6283949361672807 0.070025966064186221
923 1 3233.733734 22.500000 0.6283949361672807 0.070025966064186221
923 2 3233.733734 45.000000 0.6283949361672807 0.070025966064186221
923 3 3233.733734 67.500000 0.6283949361672807 0.070025966064186221
924 0 3237.237237 0.000000 0.62931742537825286 0.070759450018397188
924 1 3237.237237 22.500000 0.62931742537825286 0.070759450018397188
924 2 3237.237237 45.000000 0.62931742537825286 0.070759450018397188
924 3 3237.237237 67.500000 0.62931742537825286 0.070759450018397188
925 0 3240.740741 0.000000 0.62955142286699151 0.071564468323246894
925 1 3240.740741 22.500000 0.62955142286699151 0.071564468323246894
925 2 3240.740741 45.000000 0.62955142286699151 0.071564468323246894
925 3 3240.740741 67.500000 0.62955142286699151 0.071564468323246894
926 0 3244.244244 0.000000 0.62905704430539311 0.07230257671938202
926 1 3244.244244 22.500000 0.62905704430539311 0.07230257671938202
926 2 3244.244244 45.000000 0.62905704430539311 0.07230257671938202
926 3 3244.244244 67.500000 0.62905704430539311 0.07230257671938202
927 0 3247.747748 0.000000 0.62792022488898425 0.072846991741815081
927 1 3247.747748 22.500000 0.62792022488898425 0.072846991741815081
927 2 3247.747748 45.000000 0.62792022488898425 0.072846991741815081
927 3 3247.747748 67.500000 0.62792022488898425 0.072846991741815081
928 0 3251.251251 0.000000 0.62633760733481347 0.07310436217913098
928 1 3251.251251 22.500000 0.62633760733481347 0.07310436217913098
928 2 3251.251251 45.000000 0.62633760733481347 0.07310436217913098
928 3 3251.251251 67.500000 0.62633760733481347 0.07310436217913098
929 0 3254.754755 0.000000 0.62458220910418349 0.073030771658738627
929 1 3254.754755 22.500000 0.62458220910418349 0.073030771658738627
929 2 3254.754755 45.000000 0.62458220910418349 0.073030771658738627
929 3 3254.754755 67.500000 0.62458220910418349 0.073030771658738627
930 0 3258.258258 0.000000 0.62295607591374802 0.072639229874333147
930 1 3258.258258 22.500000 0.62295607591374802 0.072639229874333147
930 2 3258.258258 45.000000 0.62295607591374802 0.072639229874333147
930 3 3258.258258 67.500000 0.62295607591374802 0.072639229874333147
931 0 3261.761762 0.000000 0.62173830067237146 0.071997375004846625
931 1 3261.761762 22.500000 0.62173830067237146 0.071997375004846625
931 2 3261.761762 45.000000 0.62173830067237146 0.071997375004846625
931 3 3261.761762 67.500000 0.62173830067237146 0.071997375004846625
932 0 3265.265265 0.000000 0.621137365218006 0.071215792679900955
932 1 3265.265265 22.500000 0.621137365218006 0.071215792679900955
932 2 3265.265265 45.000000 0.621137365218006 0.071215792679900955
932 3 3265.265265 67.500000 0.621137365218006 0.071215792679900955
933 0 3268.768769 0.000000 0.62125578835688644 0.07042896820782453
933 1 3268.768769 22.500000 0.62125578835688644 0.07042896820782453
933 2 3268.768769 45.000000 0.62125578835688644 0.07042896820782453
933 3 3268.768769 67.500000 0.62125578835688644 0.07042896820782453
934 0 3272.272272 0.000000 0.62207285415060509 0.069772152061388953
934 1 3272.272272 22.500000 0.62207285415060509 0.069772152061388953
934 2 3272.272272 45.000000 0.62207285415060509 0.069772152061388953
934 3 3272.272272 67.500000 0.62207285415060509 0.069772152061388953
935 0 3275.775776 0.000000 0.62344818825769477 0.069358117237131367
935 1 3275.775776 22.500000 0.62344818825769477 0.069358117237131367
935 2 3275.775776 45.000000 0.62344818825769477 0.069358117237131367
935 3 3275.775776 67.500000 0.62344818825769477 0.069358117237131367
936 0 3279.279279 0.000000 0.62514559513902634 0.069257801671080088
936 1 3279.279279 22.500000 0.62514559513902634 0.069257801671080088
936 2 3279.279279 45.000000 0.62514559513902634 0.069257801671080088
936 3 3279.279279 67.500000 0.62514559513902634 0.069257801671080088
937 0 3282.782783 0.000000 0.62687329023665272 0.069488157592120806
937 1 3282.782783 22.500000 0.62687329023665272 0.069488157592120806
937 2 3282.782783 45.000000 0.62687329023665272 0.069488157592120806
937 3 3282.782783 67.500000 0.62687329023665272 0.069488157592120806
938 0 3286.286286 0.000000 0.62833388824980918 0.070009288483782142
938 1 3286.286286 22.500000 0.62833388824980918 0.070009288483782142
938 2 3286.286286 45.000000 0.62833388824980918 0.070009288483782142
938 3 3286.286286 67.500000 0.62833388824980918 0.070009288483782142
939 0 3289.789790 0.000000 0.62927568946251078 0.07073135691546506
939 1 3289.789790 22.500000 0.62927568946251078 0.07073135691546506
939 2 3289.789790 45.000000 0.62927568946251078 0.07073135691546506
939 3 3289.789790 67.500000 0.62927568946251078 0.07073135691546506
940 0 3293.293293 0.000000 0.6295363489962047 0.071530067568220349
940 1 3293.293293 22.500000 0.6295363489962047 0.071530067568220349
940 2 3293.293293 45.000000 0.6295363489962047 0.071530067568220349
940 3 3293.293293 67.500000 0.6295363489962047 0.071530067568220349
941 0 3296.796797 0.000000 0.62907115380036294 0.072268057737237809
941 1 3296.796797 22.500000 0.62907115380036294 0.072268057737237809
941 2 3296.796797 45.000000 0.62907115380036294 0.072268057737237809
941 3 3296.796797 67.500000 0.62907115380036294 0.072268057737237809
942 0 3300.300300 0.000000 0.62796078698817392 0.072818515074383652
942 1 3300.300300 22.500000 0.62796078698817392 0.072818515074383652
942 2 3300.300300 45.000000 0.62796078698817392 0.072818515074383652
942 3 3300.300300 67.500000 0.62796078698817392 0.072818515074383652
943 0 3303.803804 0.000000 0.62639716836030845 0.073086962837031477
943 1 3303.803804 22.500000 0.62639716836030845 0.073086962837031477
943 2 3303.803804 45.000000 0.62639716836030845 0.073086962837031477
943 3 3303.803804 67.500000 0.62639716836030845 0.073086962837031477
944 0 3307.307307 0.000000 0.62464996655684268 0.073027471076417119
944 1 3307.307307 22.500000 0.62464996655684268 0.073027471076417119
944 2 3307.307307 45.000000 0.62464996655684268 0.073027471076417119
944 3 3307.307307 67.500000 0.62464996655684268 0.073027471076417119
945 0 3310.810811 0.000000 0.6230198371910699 0.072650512809166123
945 1 3310.810811 22.500000 0.6230198371910699 0.072650512809166123
945 2 3310.810811 45.000000 0.6230198371910699 0.072650512809166123
945 3 3310.810811 67.500000 0.6230198371910699 0.072650512809166123
946 0 3314.314314 0.000000 0.62178666775414104 0.072021121766202942
946 1 3314.314314 22.500000 0.62178666775414104 0.072021121766202942
946 2 3314.314314 45.000000 0.62178666775414104 0.072021121766202942
946 3 3314.314314 67.500000 0.62178666775414104 0.072021121766202942
947 0 3317.817818 0.000000 0.62116175674031338 0.071247675524782395
947 1 3317.817818 22.500000 0.62116175674031338 0.071247675524782395
947 2 3317.817818 45.000000 0.62116175674031338 0.071247675524782395
947 3 3317.817818 67.500000 0.62116175674031338 0.071247675524782395
948 0 3321.321321 0.000000 0.62125194811684437 0.070463238171536755
948 1 3321.321321 22.500000 0.62125194811684437 0.070463238171536755
948 2 3321.321321 45.000000 0.62125194811684437 0.070463238171536755
948 3 3321.321321 67.500000 0.62125194811684437 0.070463238171536755
949 0 3324.824825 0.000000 0.62204158863435455 0.069802673566856668
949 1 3324.824825 22.500000 0.62204158863435455 0.069802673566856668
949 2 3324.824825 45.000000 0.62204158863435455 0.069802673566856668
949 3 3324.824825 67.500000 0.62204158863435455 0.069802673566856668
950 0 3328.328328 0.000000 0.62339520812946736 0.069379464694596785
950 1 3328.328328 22.500000 0.62339520812946736 0.069379464694596785
950 2 3328.328328 45.000000 0.62339520812946736 0.069379464694596785
950 3 3328.328328 67.500000 0.62339520812946736 0.069379464694596785
951 0 3331.831832 0.000000 0.62508048734281629 0.069266222439341857
951 1 3331.831832 22.500000 0.62508048734281629 0.069266222439341857
951 2 3331.831832 45.000000 0.62508048734281629 0.069266222439341857
951 3 3331.831832 67.500000 0.62508048734281629 0.069266222439341857
952 0 3335.335335 0.000000 0.62680779728138114 0.069482230668165695
952 1 3335.335335 22.500000 0.62680779728138114 0.069482230668165695
952 2 3335.335335 45.000000 0.62680779728138114 0.069482230668165695
952 3 3335.335335 67.500000 0.62680779728138114 0.069482230668165695
953 0 3338.838839 0.000000 0.62827979623249675 0.069990163471854716
953 1 3338.838839 22.500000 0.62827979623249675 0.069990163471854716
953 2 3338.838839 45.000000 0.62827979623249675 0.069990163471854716
953 3 3338.838839 67.500000 0.62827979623249675 0.069990163471854716
954 0 3342.342342 0.000000 0.62924270301960183 0.07070253321841069
954 1 3342.342342 22.500000 0.62924270301960183 0.07070253321841069
954 2 3342.342342 45.000000 0.62924270301960183 0.07070253321841069
954 3 3342.342342 67.500000 0.62924270301960183 0.07070253321841069
955 0 3345.845846 0.000000 0.62953034095215732 0.071496755829788011
955 1 3345.845846 22.500000 0.62953034095215732 0.071496755829788011
955 2 3345.845846 45.000000 0.62953034095215732 0.071496755829788011
955 3 3345.845846 67.500000 0.62953034095215732 0.071496755829788011
956 0 3349.349349 0.000000 0.62909311260714051 0.072236239715108966
956 1 3349.349349 22.500000 0.62909311260714051 0.072236239715108966
956 2 3349.349349 45.000000 0.62909311260714051 0.072236239715108966
956 3 3349.349349 67.500000 0.62909311260714051 0.072236239715108966
957 0 3352.852853 0.000000 0.62800665551109103 0.072793871198454888
957 1 3352.852853 22.500000 0.62800665551109103 0.072793871198454888
957 2 3352.852853 45.000000 0.62800665551109103 0.072793871198454888
957 3 3352.852853 67.500000 0.62800665551109103 0.072793871198454888
958 0 3356.356356 0.000000 0.62645859902149981 0.073073859377209144
958 1 3356.356356 22.500000 0.62645859902149981 0.073073859377209144
958 2 3356.356356 45.000000 0.62645859902149981 0.073073859377209144
958 3 3356.356356 67.500000 0.62645859902149981 0.073073859377209144
959 0 3359.859860 0.000000 0.62471584625318388 0.073028187230639377
959 1 3359.859860 22.500000 0.62471584625318388 0.073028187230639377
959 2 3359.859860 45.000000 0.62471584625318388 0.073028187230639377
959 3 3359.859860 67.500000 0.62471584625318388 0.073028187230639377
960 0 3363.363363 0.000000 0.62307829650532576 0.072664844360262215
960 1 3363.363363 22.500000 0.62307829650532576 0.072664844360262215
960 2 3363.363363 45.000000 0.62307829650532576 0.072664844360262215
960 3 3363.363363 67.500000 0.62307829650532576 0.072664844360262215
961 0 3366.866867 0.000000 0.62182720851192763 0.072046430167600914
961 1 3366.866867 22.500000 0.62182720851192763 0.072046430167600914
961 2 3366.866867 45.000000 0.62182720851192763 0.072046430167600914
961 3 3366.866867 67.500000 0.62182720851192763 0.072046430167600914
962 0 3370.370370 0.000000 0.62117712041179018 0.071279371536101505
962 1 3370.370370 22.500000 0.62117712041179018 0.071279371536101505
962 2 3370.370370 45.000000 0.62117712041179018 0.071279371536101505
962 3 3370.370370 67.500000 0.62117712041179018 0.071279371536101505
963 0 3373.873874 0.000000 0.62123940084431872 0.070495611723402477
963 1 3373.873874 22.500000 0.62123940084431872 0.070495611723402477
963 2 3373.873874 45.000000 0.62123940084431872 0.070495611723402477
963 3 3373.873874 67.500000 0.62123940084431872 0.070495611723402477
964 0 3377.377377 0.000000 0.62200340295262435 0.069829920167966547
964 1 3377.377377 22.500000 0.62200340295262435 0.069829920167966547
964 2 3377.377377 45.000000 0.62200340295262435 0.069829920167966547
964 3 3377.377377 67.500000 0.62200340295262435 0.069829920167966547
965 0 3380.880881 0.000000 0.62333825846614688 0.069396724264261286
965 1 3380.880881 22.500000 0.62333825846614688 0.069396724264261286
965 2 3380.880881 45.000000 0.62333825846614688 0.069396724264261286
965 3 3380.880881 67.500000 0.62333825846614688 0.069396724264261286
966 0 3384.384384 0.000000 0.62501502641356521 0.069270444979992102
966 1 3384.384384 22.500000 0.62501502641356521 0.069270444979992102
966 2 3384.384384 45.000000 0.62501502641356521 0.069270444979992102
966 3 3384.384384 67.500000 0.62501502641356521 0.069270444979992102
967 0 3387.887888 0.000000 0.62674562263730493 0.069472714819663772
967 1 3387.887888 22.500000 0.62674562263730493 0.069472714819663772
967 2 3387.887888 45.000000 0.62674562263730493 0.069472714819663772
967 3 3387.887888 67.500000 0.62674562263730493 0.069472714819663772
968 0 3391.391391 0.000000 0.62823212814301099 0.069968672955794994
968 1 3391.391391 22.500000 0.62823212814301099 0.069968672955794994
968 2 3391.391391 45.000000 0.62823212814301099 0.069968672955794994
968 3 3391.391391 67.500000 0.62823212814301099 0.069968672955794994
969 0 3394.894895 0.000000 0.62921815471735276 0.070672971881529212
969 1 3394.894895 22.500000 0.62921815471735276 0.070672971881529212
969 2 3394.894895 45.000000 0.62921815471735276 0.070672971881529212
969 3 3394.894895 67.500000 0.62921815471735276 0.070672971881529212
970 0 3398.398398 0.000000 0.62953335377314279 0.071464460882224246
970 1 3398.398398 22.500000 0.62953335377314279 0.071464460882224246
970 2 3398.398398 45.000000 0.62953335377314279 0.071464460882224246
970 3 3398.398398 67.500000 0.62953335377314279 0.071464460882224246
971 0 3401.901902 0.000000 0.62912314773343925 0.072207020758651999
971 1 3401.901902 22.500000 0.62912314773343925 0.072207020758651999
971 2 3401.901902 45.000000 0.62912314773343925 0.072207020758651999
971 3 3401.901902 67.500000 0.62912314773343925 0.072207020758651999
972 0 3405.405405 0.000000 0.62805829357285536 0.072772967661223625
972 1 3405.405405 22.500000 0.62805829357285536 0.072772967661223625
972 2 3405.405405 45.000000 0.62805829357285536 0.072772967661223625
972 3 3405.405405 67.500000 0.62805829357285536 0.072772967661223625
973 0 3408.908909 0.000000 0.62652252708381284 0.073065003052232208
973 1 3408.908909 22.500000 0.62652252708381284 0.073065003052232208
973 2 3408.908909 45.000000 0.62652252708381284 0.073065003052232208
973 3 3408.908909 67.500000 0.62652252708381284 0.073065003052232208
974 0 3412.412412 0.000000 0.62478054547696671 0.073032937329074746
974 1 3412.412412 22.500000 0.62478054547696671 0.073032937329074746
974 2 3412.412412 45.000000 0.62478054547696671 0.073032937329074746
974 3 3412.412412 67.500000 0.62478054547696671 0.073032937329074746
975 0 3415.915916 0.000000 0.6231321176012472 0.072682313360904874
975 1 3415.915916 22.500000 0.6231321176012472 0.072682313360904874
975 2 3415.915916 45.000000 0.6231321176012472 0.072682313360904874
975 3 3415.915916 67.500000 0.6231321176012472 0.072682313360904874
976 0 3419.419419 0.000000 0.62186045893691455 0.072073448608846874
976 1 3419.419419 22.500000 0.62186045893691455 0.072073448608846874
976 2 3419.419419 45.000000 0.62186045893691455 0.072073448608846874
976 3 3419.419419 67.500000 0.62186045893691455 0.072073448608846874
977 0 3422.922923 0.000000 0.62118379403450952 0.07131106131559678
977 1 3422.922923 22.500000 0.62118379403450952 0.07131106131559678
977 2 3422.922923 45.000000 0.62118379403450952 0.07131106131559678
977 3 3422.922923 67.500000 0.62118379403450952 0.07131106131559678
978 0 3426.426426 0.000000 0.62121825017529564 0.070526264484823548
978 1 3426.426426 22.500000 0.62121825017529564 0.070526264484823548
978 2 3426.426426 45.000000 0.62121825017529564 0.070526264484823548
978 3 3426.426426 67.500000 0.62121825017529564 0.070526264484823548
979 0 3429.929930 0.000000 0.62195816981417551 0.069854022979871408
979 1 3429.929930 22.500000 0.62195816981417551 0.069854022979871408
979 2 3429.929930 45.000000 0.62195816981417551 0.069854022979871408
979 3 3429.929930 67.500000 0.62195816981417551 0.069854022979871408
980 0 3433.433433 0.000000 0.62327702163266518 0.069409948707071373
980 1 3433.433433 22.500000 0.62327702163266518 0.069409948707071373
980 2 3433.433433 45.000000 0.62327702163266518 0.069409948707071373
980 3 3433.433433 67.500000 0.62327702163266518 0.069409948707071373
981 0 3436.936937 0.000000 0.62494877414751238 0.069270422568019754
981 1 3436.936937 22.500000 0.62494877414751238 0.069270422568019754
981 2 3436.936937 45.000000 0.62494877414751238 0.069270422568019754
981 3 3436.936937 67.500000 0.62494877414751238 0.069270422568019754
982 0 3440.440440 0.000000 0.62668629344994375 0.06945946013463869
982 1 3440.440440 22.500000 0.62668629344994375 0.06945946013463869
982 2 3440.440440 45.000000 0.62668629344994375 0.06945946013463869
982 3 3440.440440 67.500000 0.62668629344994375 0.06945946013463869
983 0 3443.943944 0.000000 0.62819046285901103 0.069944579052781453
983 1 3443.943944 22.500000 0.62819046285901103 0.069944579052781453
983 2 3443.943944 45.000000 0.62819046285901103 0.069944579052781453
983 3 3443.943944 67.500000 0.62819046285901103 0.069944579052781453
984 0 3447.447447 0.000000 0.62920174652068406 0.070642379137968586
984 1 3447.447447 22.500000 0.62920174652068406 0.070642379137968586
984 2 3447.447447 45.000000 0.62920174652068406 0.070642379137968586
984 3 3447.447447 67.500000 0.62920174652068406 0.070642379137968586
985 0 3450.950951 0.000000 0.62954525639201586 0.07143287680138459
985 1 3450.950951 22.500000 0.62954525639201586 0.07143287680138459
985 2 3450.950951 45.000000 0.62954525639201586 0.07143287680138459
985 3 3450.950951 67.500000 0.62954525639201586 0.07143287680138459
986 0 3454.454454 0.000000 0.62916130441252049 0.072180130673659165
986 1 3454.454454 22.500000 0.62916130441252049 0.072180130673659165
986 2 3454.454454 45.000000 0.62916130441252049 0.072180130673659165
986 3 3454.454454 67.500000 0.62916130441252049 0.072180130673659165
987 0 3457.957958 0.000000 0.62811589707564097 0.072755613668480185
987 1 3457.957958 22.500000 0.62811589707564097 0.072755613668480185
987 2 3457.957958 45.000000 0.62811589707564097 0.072755613668480185
987 3 3457.957958 67.500000 0.62811589707564097 0.072755613668480185
988 0 3461.461461 0.000000 0.62658924472458744 0.073060314163042983
988 1 3461.461461 22.500000 0.62658924472458744 0.073060314163042983
988 2 3461.461461 45.000000 0.62658924472458744 0.073060314163042983
988 3 3461.461461 67.500000 0.62658924472458744 0.073060314163042983
989 0 3464.964965 0.000000 0.62484438100751671 0.073041766759617446
989 1 3464.964965 22.500000 0.62484438100751671 0.073041766759617446
989 2 3464.964965 45.000000 0.62484438100751671 0.073041766759617446
989 3 3464.964965 67.500000 0.62484438100751671 0.073041766759617446
990 0 3468.468468 0.000000 0.62318156736398311 0.072703083920049635
990 1 3468.468468 22.500000 0.62318156736398311 0.072703083920049635
990 2 3468.468468 45.000000 0.62318156736398311 0.072703083920049635
990 3 3468.468468 67.500000 0.62318156736398311 0.072703083920049635
991 0 3471.971972 0.000000 0.6218865733603941 0.072102434107502014
991 1 3471.971972 22.500000 0.6218865733603941 0.072102434107502014
991 2 3471.971972 45.000000 0.6218865733603941 0.072102434107502014
991 3 3471.971972 67.500000 0.6218865733603941 0.072102434107502014
992 0 3475.475475 0.000000 0.62118178073356789 0.071343053856672195
992 1 3475.475475 22.500000 0.62118178073356789 0.071343053856672195
992 2 3475.475475 45.000000 0.62118178073356789 0.071343053856672195
992 3 3475.475475 67.500000 0.62118178073356789 0.071343053856672195
993 0 3478.978979 0.000000 0.62118834090854891 0.070555508349340906
993 1 3478.978979 22.500000 0.62118834090854891 0.070555508349340906
993 2 3478.978979 45.000000 0.62118834090854891 0.070555508349340906
993 3 3478.978979 67.500000 0.62118834090854891 0.070555508349340906
994 0 3482.482482 0.000000 0.6219056016723451 0.069875247967047693
994 1 3482.482482 22.500000 0.6219056016723451 0.069875247967047693
994 2 3482.482482 45.000000 0.6219056016723451 0.069875247967047693
994 3 3482.482482 67.500000 0.6219056016723451 0.069875247967047693
995 0 3485.985986 0.000000 0.62321113214050605 0.06941931778722496
995 1 3485.985986 22.500000 0.62321113214050605 0.06941931778722496
995 2 3485.985986 45.000000 0.62321113214050605 0.06941931778722496
995 3 3485.985986 67.500000 0.62321113214050605 0.06941931778722496
996 0 3489.489489 0.000000 0.62488135979083748 0.069266223815139083
996 1 3489.489489 22.500000 0.62488135979083748 0.069266223815139083
996 2 3489.489489 45.000000 0.62488135979083748 0.069266223815139083
996 3 3489.489489 67.500000 0.62488135979083748 0.069266223815139083
997 0 3492.992993 0.000000 0.62662951079138418 0.069442418459347663
997 1 3492.992993 22.500000 0.62662951079138418 0.069442418459347663
997 2 3492.992993 45.000000 0.62662951079138418 0.069442418459347663
997 3 3492.992993 67.500000 0.62662951079138418 0.069442418459347663
998 0 3496.496496 0.000000 0.62815463973289254 0.069917731154086254
998 1 3496.496496 22.500000 0.62815463973289254 0.069917731154086254
998 2 3496.496496 45.000000 0.62815463973289254 0.069917731154086254
998 3 3496.496496 67.500000 0.62815463973289254 0.069917731154086254
999 0 3500.000000 0.000000 0.62919349849483786 0.070610533229194236
999 1 3500.000000 22.500000 0.62919349849483786 0.070610533229194236
999 2 3500.000000 45.000000 0.62919349849483786 0.070610533229194236
999 3 3500.000000 67.500000 0.62919349849483786 0.070610533229194236
