# Nx=1000 Ny=4 Lx=3500.0 Ly=67.5 lambda=13.50
# i j x_nm y_nm |E|^2 Re(Ey)
0 0 0.000000 0.000000 0.62487288145597397 0.014526160297679403
0 1 0.000000 22.500000 0.62487288145597397 0.014526160297679403
0 2 0.000000 45.000000 0.62487288145597397 0.014526160297679403
0 3 0.000000 67.500000 0.62487288145597397 0.014526160297679403
1 0 3.503504 0.000000 0.62447276271962016 0.014682541642583608
1 1 3.503504 22.500000 0.62447276271962016 0.014682541642583608
1 2 3.503504 45.000000 0.62447276271962016 0.014682541642583608
1 3 3.503504 67.500000 0.62447276271962016 0.014682541642583608
2 0 7.007007 0.000000 0.62343004014355485 0.014800782748111252
2 1 7.007007 22.500000 0.62343004014355485 0.014800782748111252
2 2 7.007007 45.000000 0.62343004014355485 0.014800782748111252
2 3 7.007007 67.500000 0.62343004014355485 0.014800782748111252
3 0 10.510511 0.000000 0.62192440977422825 0.014860522630490765
3 1 10.510511 22.500000 0.62192440977422825 0.014860522630490765
3 2 10.510511 45.000000 0.62192440977422825 0.014860522630490765
3 3 10.510511 67.500000 0.62192440977422825 0.014860522630490765
4 0 14.014014 0.000000 0.62021528971774753 0.014851450774408102
4 1 14.014014 22.500000 0.62021528971774753 0.014851450774408102
4 2 14.014014 45.000000 0.62021528971774753 0.014851450774408102
4 3 14.014014 67.500000 0.62021528971774753 0.014851450774408102
5 0 17.517518 0.000000 0.61859681271252354 0.014775086165417894
5 1 17.517518 22.500000 0.61859681271252354 0.014775086165417894
5 2 17.517518 45.000000 0.61859681271252354 0.014775086165417894
5 3 17.517518 67.500000 0.61859681271252354 0.014775086165417894
6 0 21.021021 0.000000 0.61734714464830676 0.014644523199886354
6 1 21.021021 22.500000 0.61734714464830676 0.014644523199886354
6 2 21.021021 45.000000 0.61734714464830676 0.014644523199886354
6 3 21.021021 67.500000 0.61734714464830676 0.014644523199886354
7 0 24.524525 0.000000 0.61668090945200693 0.014482186933146242
7 1 24.524525 22.500000 0.61668090945200693 0.014482186933146242
7 2 24.524525 45.000000 0.61668090945200693 0.014482186933146242
7 3 24.524525 67.500000 0.61668090945200693 0.014482186933146242
8 0 28.028028 0.000000 0.61671270964680081 0.014315982382904029
8 1 28.028028 22.500000 0.61671270964680081 0.014315982382904029
8 2 28.028028 45.000000 0.61671270964680081 0.014315982382904029
8 3 28.028028 67.500000 0.61671270964680081 0.014315982382904029
9 0 31.531532 0.000000 0.61743769566568885 0.014174498943078692
9 1 31.531532 22.500000 0.61743769566568885 0.014174498943078692
9 2 31.531532 45.000000 0.61743769566568885 0.014174498943078692
9 3 31.531532 67.500000 0.61743769566568885 0.014174498943078692
10 0 35.035035 0.000000 0.6187322935910512 0.014082093844947886
10 1 35.035035 22.500000 0.6187322935910512 0.014082093844947886
10 2 35.035035 45.000000 0.6187322935910512 0.014082093844947886
10 3 35.035035 67.500000 0.6187322935910512 0.014082093844947886
11 0 38.538539 0.000000 0.62037498372065769 0.014054699957182698
11 1 38.538539 22.500000 0.62037498372065769 0.014054699957182698
11 2 38.538539 45.000000 0.62037498372065769 0.014054699957182698
11 3 38.538539 67.500000 0.62037498372065769 0.014054699957182698
12 0 42.042042 0.000000 0.62208382140209106 0.014097079277532539
12 1 42.042042 22.500000 0.62208382140209106 0.014097079277532539
12 2 42.042042 45.000000 0.62208382140209106 0.014097079277532539
12 3 42.042042 67.500000 0.62208382140209106 0.014097079277532539
13 0 45.545546 0.000000 0.62356459390961683 0.014201995437759088
13 1 45.545546 22.500000 0.62356459390961683 0.014201995437759088
13 2 45.545546 45.000000 0.62356459390961683 0.014201995437759088
13 3 45.545546 67.500000 0.62356459390961683 0.014201995437759088
14 0 49.049049 0.000000 0.62456153776283141 0.014351448963031168
14 1 49.049049 22.500000 0.62456153776283141 0.014351448963031168
14 2 49.049049 45.000000 0.62456153776283141 0.014351448963031168
14 3 49.049049 67.500000 0.62456153776283141 0.014351448963031168
15 0 52.552553 0.000000 0.62490182722780396 0.014519764487098935
15 1 52.552553 22.500000 0.62490182722780396 0.014519764487098935
15 2 52.552553 45.000000 0.62490182722780396 0.014519764487098935
15 3 52.552553 67.500000 0.62490182722780396 0.014519764487098935
16 0 56.056056 0.000000 0.62452588545832755 0.014678000547286966
16 1 56.056056 22.500000 0.62452588545832755 0.014678000547286966
16 2 56.056056 45.000000 0.62452588545832755 0.014678000547286966
16 3 56.056056 67.500000 0.62452588545832755 0.014678000547286966
17 0 59.559560 0.000000 0.62349796826081283 0.014798924757282242
17 1 59.559560 22.500000 0.62349796826081283 0.014798924757282242
17 2 59.559560 45.000000 0.62349796826081283 0.014798924757282242
17 3 59.559560 67.500000 0.62349796826081283 0.014798924757282242
18 0 63.063063 0.000000 0.62199503751590646 0.014861699315795033
18 1 63.063063 22.500000 0.62199503751590646 0.014861699315795033
18 2 63.063063 45.000000 0.62199503751590646 0.014861699315795033
18 3 63.063063 67.500000 0.62199503751590646 0.014861699315795033
19 0 66.566567 0.000000 0.62027594687366583 0.01485547088165522
19 1 66.566567 22.500000 0.62027594687366583 0.01485547088165522
19 2 66.566567 45.000000 0.62027594687366583 0.01485547088165522
19 3 66.566567 67.500000 0.62027594687366583 0.01485547088165522
20 0 70.070070 0.000000 0.61863653823775167 0.014781246520935931
20 1 70.070070 22.500000 0.61863653823775167 0.014781246520935931
20 2 70.070070 45.000000 0.61863653823775167 0.014781246520935931
20 3 70.070070 67.500000 0.61863653823775167 0.014781246520935931
21 0 73.573574 0.000000 0.61735865484151742 0.014651731569948144
21 1 73.573574 22.500000 0.61735865484151742 0.014651731569948144
21 2 73.573574 45.000000 0.61735865484151742 0.014651731569948144
21 3 73.573574 67.500000 0.61735865484151742 0.014651731569948144
22 0 77.077077 0.000000 0.61666191447435914 0.014489155393069898
22 1 77.077077 22.500000 0.61666191447435914 0.014489155393069898
22 2 77.077077 45.000000 0.61666191447435914 0.014489155393069898
22 3 77.077077 67.500000 0.61666191447435914 0.014489155393069898
23 0 80.580581 0.000000 0.61666635187050445 0.01432145700952492
23 1 80.580581 22.500000 0.61666635187050445 0.01432145700952492
23 2 80.580581 45.000000 0.61666635187050445 0.01432145700952492
23 3 80.580581 67.500000 0.61666635187050445 0.01432145700952492
24 0 84.084084 0.000000 0.6173720347143532 0.014177484937202799
24 1 84.084084 22.500000 0.6173720347143532 0.014177484937202799
24 2 84.084084 45.000000 0.6173720347143532 0.014177484937202799
24 3 84.084084 67.500000 0.6173720347143532 0.014177484937202799
25 0 87.587588 0.000000 0.61865892177178561 0.014082035751886022
25 1 87.587588 22.500000 0.61865892177178561 0.014082035751886022
25 2 87.587588 45.000000 0.61865892177178561 0.014082035751886022
25 3 87.587588 67.500000 0.61865892177178561 0.014082035751886022
26 0 91.091091 0.000000 0.62030700097631619 0.014051584426327972
26 1 91.091091 22.500000 0.62030700097631619 0.014051584426327972
26 2 91.091091 45.000000 0.62030700097631619 0.014051584426327972
26 3 91.091091 67.500000 0.62030700097631619 0.014051584426327972
27 0 94.594595 0.000000 0.62203351216383451 0.01409144144198375
27 1 94.594595 22.500000 0.62203351216383451 0.01409144144198375
27 2 94.594595 45.000000 0.62203351216383451 0.01409144144198375
27 3 94.594595 67.500000 0.62203351216383451 0.01409144144198375
28 0 98.098098 0.000000 0.6235412110769839 0.014194827103245575
28 1 98.098098 22.500000 0.6235412110769839 0.014194827103245575
28 2 98.098098 45.000000 0.6235412110769839 0.014194827103245575
28 3 98.098098 67.500000 0.6235412110769839 0.014194827103245575
29 0 101.601602 0.000000 0.62456959547502489 0.014344024339563983
29 1 101.601602 22.500000 0.62456959547502489 0.014344024339563983
29 2 101.601602 45.000000 0.62456959547502489 0.014344024339563983
29 3 101.601602 67.500000 0.62456959547502489 0.014344024339563983
30 0 105.105105 0.000000 0.62494022608334365 0.014513414047902762
30 1 105.105105 22.500000 0.62494022608334365 0.014513414047902762
30 2 105.105105 45.000000 0.62494022608334365 0.014513414047902762
30 3 105.105105 67.500000 0.62494022608334365 0.014513414047902762
31 0 108.608609 0.000000 0.62458804826319547 0.014673873089119166
31 1 108.608609 22.500000 0.62458804826319547 0.014673873089119166
31 2 108.608609 45.000000 0.62458804826319547 0.014673873089119166
31 3 108.608609 67.500000 0.62458804826319547 0.014673873089119166
32 0 112.112112 0.000000 0.62357297626803432 0.014797780134548662
32 1 112.112112 22.500000 0.62357297626803432 0.014797780134548662
32 2 112.112112 45.000000 0.62357297626803432 0.014797780134548662
32 3 112.112112 67.500000 0.62357297626803432 0.014797780134548662
33 0 115.615616 0.000000 0.62206956566845117 0.014863769151347028
33 1 115.615616 22.500000 0.62206956566845117 0.014863769151347028
33 2 115.615616 45.000000 0.62206956566845117 0.014863769151347028
33 3 115.615616 67.500000 0.62206956566845117 0.014863769151347028
34 0 119.119119 0.000000 0.62033664432703395 0.014860412689387915
34 1 119.119119 22.500000 0.62033664432703395 0.014860412689387915
34 2 119.119119 45.000000 0.62033664432703395 0.014860412689387915
34 3 119.119119 67.500000 0.62033664432703395 0.014860412689387915
35 0 122.622623 0.000000 0.61867242011964152 0.014788200179077804
35 1 122.622623 22.500000 0.61867242011964152 0.014788200179077804
35 2 122.622623 45.000000 0.61867242011964152 0.014788200179077804
35 3 122.622623 67.500000 0.61867242011964152 0.014788200179077804
36 0 126.126126 0.000000 0.61736307621054942 0.014659468868583107
36 1 126.126126 22.500000 0.61736307621054942 0.014659468868583107
36 2 126.126126 45.000000 0.61736307621054942 0.014659468868583107
36 3 126.126126 67.500000 0.61736307621054942 0.014659468868583107
37 0 129.629630 0.000000 0.61663378029645477 0.01449629668143493
37 1 129.629630 22.500000 0.61663378029645477 0.01449629668143493
37 2 129.629630 45.000000 0.61663378029645477 0.01449629668143493
37 3 129.629630 67.500000 0.61663378029645477 0.01449629668143493
38 0 133.133133 0.000000 0.61661035521389995 0.014326716777418967
38 1 133.133133 22.500000 0.61661035521389995 0.014326716777418967
38 2 133.133133 45.000000 0.61661035521389995 0.014326716777418967
38 3 133.133133 67.500000 0.61661035521389995 0.014326716777418967
39 0 136.636637 0.000000 0.61729788148126041 0.014179902688687978
39 1 136.636637 22.500000 0.61729788148126041 0.014179902688687978
39 2 136.636637 45.000000 0.61729788148126041 0.014179902688687978
39 3 136.636637 67.500000 0.61729788148126041 0.014179902688687978
40 0 140.140140 0.000000 0.6185796682731407 0.014081150796573356
40 1 140.140140 22.500000 0.6185796682731407 0.014081150796573356
40 2 140.140140 45.000000 0.6185796682731407 0.014081150796573356
40 3 140.140140 67.500000 0.6185796682731407 0.014081150796573356
41 0 143.643644 0.000000 0.62023677893205909 0.014047522880331492
41 1 143.643644 22.500000 0.62023677893205909 0.014047522880331492
41 2 143.643644 45.000000 0.62023677893205909 0.014047522880331492
41 3 143.643644 67.500000 0.62023677893205909 0.014047522880331492
42 0 147.147147 0.000000 0.62198502529144928 0.014084899132645106
42 1 147.147147 22.500000 0.62198502529144928 0.014084899132645106
42 2 147.147147 45.000000 0.62198502529144928 0.014084899132645106
42 3 147.147147 67.500000 0.62198502529144928 0.014084899132645106
43 0 150.650651 0.000000 0.62352344018896921 0.014186950509944623
43 1 150.650651 22.500000 0.62352344018896921 0.014186950509944623
43 2 150.650651 45.000000 0.62352344018896921 0.014186950509944623
43 3 150.650651 67.500000 0.62352344018896921 0.014186950509944623
44 0 154.154154 0.000000 0.62458612964056559 0.014336209916166326
44 1 154.154154 22.500000 0.62458612964056559 0.014336209916166326
44 2 154.154154 45.000000 0.62458612964056559 0.014336209916166326
44 3 154.154154 67.500000 0.62458612964056559 0.014336209916166326
45 0 157.657658 0.000000 0.62498853970872115 0.0145070610133511
45 1 157.657658 22.500000 0.62498853970872115 0.0145070610133511
45 2 157.657658 45.000000 0.62498853970872115 0.0145070610133511
45 3 157.657658 67.500000 0.62498853970872115 0.0145070610133511
46 0 161.161161 0.000000 0.62465987796378386 0.01467013338587112
46 1 161.161161 22.500000 0.62465987796378386 0.01467013338587112
46 2 161.161161 45.000000 0.62465987796378386 0.01467013338587112
46 3 161.161161 67.500000 0.62465987796378386 0.01467013338587112
47 0 164.664665 0.000000 0.62365574628951392 0.01479735015356346
47 1 164.664665 22.500000 0.62365574628951392 0.01479735015356346
47 2 164.664665 45.000000 0.62365574628951392 0.01479735015356346
47 3 164.664665 67.500000 0.62365574628951392 0.01479735015356346
48 0 168.168168 0.000000 0.62214860951909901 0.014866760780641758
48 1 168.168168 22.500000 0.62214860951909901 0.014866760780641758
48 2 168.168168 45.000000 0.62214860951909901 0.014866760780641758
48 3 168.168168 67.500000 0.62214860951909901 0.014866760780641758
49 0 171.671672 0.000000 0.62039781819247097 0.014866327445762367
49 1 171.671672 22.500000 0.62039781819247097 0.014866327445762367
49 2 171.671672 45.000000 0.62039781819247097 0.014866327445762367
49 3 171.671672 67.500000 0.62039781819247097 0.014866327445762367
50 0 175.175175 0.000000 0.61870463326085123 0.014796012026803364
50 1 175.175175 22.500000 0.61870463326085123 0.014796012026803364
50 2 175.175175 45.000000 0.61870463326085123 0.014796012026803364
50 3 175.175175 67.500000 0.61870463326085123 0.014796012026803364
51 0 178.678679 0.000000 0.61736028588795899 0.014667802008332408
51 1 178.678679 22.500000 0.61736028588795899 0.014667802008332408
51 2 178.678679 45.000000 0.61736028588795899 0.014667802008332408
51 3 178.678679 67.500000 0.61736028588795899 0.014667802008332408
52 0 182.182182 0.000000 0.61659610241096696 0.01450366753637743
52 1 182.182182 22.500000 0.61659610241096696 0.01450366753637743
52 2 182.182182 45.000000 0.61659610241096696 0.01450366753637743
52 3 182.182182 67.500000 0.61659610241096696 0.01450366753637743
53 0 185.685686 0.000000 0.61654410036810636 0.014331797667737144
53 1 185.685686 22.500000 0.61654410036810636 0.014331797667737144
53 2 185.685686 45.000000 0.61654410036810636 0.014331797667737144
53 3 185.685686 67.500000 0.61654410036810636 0.014331797667737144
54 0 189.189189 0.000000 0.61721450855459137 0.014181760408325764
54 1 189.189189 22.500000 0.61721450855459137 0.014181760408325764
54 2 189.189189 45.000000 0.61721450855459137 0.014181760408325764
54 3 189.189189 67.500000 0.61721450855459137 0.014181760408325764
55 0 192.692693 0.000000 0.61849382613930093 0.014079417317351694
55 1 192.692693 22.500000 0.61849382613930093 0.014079417317351694
55 2 192.692693 45.000000 0.61849382613930093 0.014079417317351694
55 3 192.692693 67.500000 0.61849382613930093 0.014079417317351694
56 0 196.196196 0.000000 0.62016375921588118 0.014042467072925696
56 1 196.196196 22.500000 0.62016375921588118 0.014042467072925696
56 2 196.196196 45.000000 0.62016375921588118 0.014042467072925696
56 3 196.196196 67.500000 0.62016375921588118 0.014042467072925696
57 0 199.699700 0.000000 0.62193805577479555 0.014077385709064937
57 1 199.699700 22.500000 0.62193805577479555 0.014077385709064937
57 2 199.699700 45.000000 0.62193805577479555 0.014077385709064937
57 3 199.699700 67.500000 0.62193805577479555 0.014077385709064937
58 0 203.203203 0.000000 0.62351129147658335 0.014178292332616513
58 1 203.203203 22.500000 0.62351129147658335 0.014178292332616513
58 2 203.203203 45.000000 0.62351129147658335 0.014178292332616513
58 3 203.203203 67.500000 0.62351129147658335 0.014178292332616513
59 0 206.706707 0.000000 0.62461147222836644 0.014327938863839512
59 1 206.706707 22.500000 0.62461147222836644 0.014327938863839512
59 2 206.706707 45.000000 0.62461147222836644 0.014327938863839512
59 3 206.706707 67.500000 0.62461147222836644 0.014327938863839512
60 0 210.210210 0.000000 0.62504737016147593 0.014500657348758519
60 1 210.210210 22.500000 0.62504737016147593 0.014500657348758519
60 2 210.210210 45.000000 0.62504737016147593 0.014500657348758519
60 3 210.210210 67.500000 0.62504737016147593 0.014500657348758519
61 0 213.713714 0.000000 0.62474214481130463 0.014666761368998204
61 1 213.713714 22.500000 0.62474214481130463 0.014666761368998204
61 2 213.713714 45.000000 0.62474214481130463 0.014666761368998204
61 3 213.713714 67.500000 0.62474214481130463 0.014666761368998204
62 0 217.217217 0.000000 0.62374708205994289 0.014797647032053395
62 1 217.217217 22.500000 0.62374708205994289 0.014797647032053395
62 2 217.217217 45.000000 0.62374708205994289 0.014797647032053395
62 3 217.217217 67.500000 0.62374708205994289 0.014797647032053395
63 0 220.720721 0.000000 0.62223286262981881 0.014870717289723712
63 1 220.720721 22.500000 0.62223286262981881 0.014870717289723712
63 2 220.720721 45.000000 0.62223286262981881 0.014870717289723712
63 3 220.720721 67.500000 0.62223286262981881 0.014870717289723712
64 0 224.224224 0.000000 0.6204599251400138 0.014873282078382708
64 1 224.224224 22.500000 0.6204599251400138 0.014873282078382708
64 2 224.224224 45.000000 0.6204599251400138 0.014873282078382708
64 3 224.224224 67.500000 0.6204599251400138 0.014873282078382708
65 0 227.727728 0.000000 0.61873331075019011 0.01480476134016695
65 1 227.727728 22.500000 0.61873331075019011 0.01480476134016695
65 2 227.727728 45.000000 0.61873331075019011 0.01480476134016695
65 3 227.727728 67.500000 0.61873331075019011 0.01480476134016695
66 0 231.231231 0.000000 0.61735006283735483 0.014676808625272618
66 1 231.231231 22.500000 0.61735006283735483 0.014676808625272618
66 2 231.231231 45.000000 0.61735006283735483 0.014676808625272618
66 3 231.231231 67.500000 0.61735006283735483 0.014676808625272618
67 0 234.734735 0.000000 0.61654833758484451 0.014511329932753766
67 1 234.734735 22.500000 0.61654833758484451 0.014511329932753766
67 2 234.734735 45.000000 0.61654833758484451 0.014511329932753766
67 3 234.734735 67.500000 0.61654833758484451 0.014511329932753766
68 0 238.238238 0.000000 0.61646681179213247 0.014336734461881918
68 1 238.238238 22.500000 0.61646681179213247 0.014336734461881918
68 2 238.238238 45.000000 0.61646681179213247 0.014336734461881918
68 3 238.238238 67.500000 0.61646681179213247 0.014336734461881918
69 0 241.741742 0.000000 0.61712104131637424 0.014183058770381864
69 1 241.741742 22.500000 0.61712104131637424 0.014183058770381864
69 2 241.741742 45.000000 0.61712104131637424 0.014183058770381864
69 3 241.741742 67.500000 0.61712104131637424 0.014183058770381864
70 0 245.245245 0.000000 0.61840057583463948 0.014076800932968661
70 1 245.245245 22.500000 0.61840057583463948 0.014076800932968661
70 2 245.245245 45.000000 0.61840057583463948 0.014076800932968661
70 3 245.245245 67.500000 0.61840057583463948 0.014076800932968661
71 0 248.748749 0.000000 0.62008732580622306 0.014036352889970231
71 1 248.748749 22.500000 0.62008732580622306 0.014036352889970231
71 2 248.748749 45.000000 0.62008732580622306 0.014036352889970231
71 3 248.748749 67.500000 0.62008732580622306 0.014036352889970231
72 0 252.252252 0.000000 0.62189230728553735 0.014068818105442096
72 1 252.252252 22.500000 0.62189230728553735 0.014068818105442096
72 2 252.252252 45.000000 0.62189230728553735 0.014068818105442096
72 3 252.252252 67.500000 0.62189230728553735 0.014068818105442096
73 0 255.755756 0.000000 0.62350485046558057 0.014168764984640665
73 1 255.755756 22.500000 0.62350485046558057 0.014168764984640665
73 2 255.755756 45.000000 0.62350485046558057 0.014168764984640665
73 3 255.755756 67.500000 0.62350485046558057 0.014168764984640665
74 0 259.259259 0.000000 0.62464608589828696 0.014319134652552964
74 1 259.259259 22.500000 0.62464608589828696 0.014319134652552964
74 2 259.259259 45.000000 0.62464608589828696 0.014319134652552964
74 3 259.259259 67.500000 0.62464608589828696 0.014319134652552964
75 0 262.762763 0.000000 0.62511748449118931 0.014494151540630055
75 1 262.762763 22.500000 0.62511748449118931 0.014494151540630055
75 2 262.762763 45.000000 0.62511748449118931 0.014494151540630055
75 3 262.762763 67.500000 0.62511748449118931 0.014494151540630055
76 0 266.266266 0.000000 0.62483579079840867 0.014663740347939856
76 1 266.266266 22.500000 0.62483579079840867 0.014663740347939856
76 2 266.266266 45.000000 0.62483579079840867 0.014663740347939856
76 3 266.266266 67.500000 0.62483579079840867 0.014663740347939856
77 0 269.769770 0.000000 0.62384793646592152 0.014798692705699581
77 1 269.769770 22.500000 0.62384793646592152 0.014798692705699581
77 2 269.769770 45.000000 0.62384793646592152 0.014798692705699581
77 3 269.769770 67.500000 0.62384793646592152 0.014798692705699581
78 0 273.273273 0.000000 0.6223231190940347 0.014875696223426955
78 1 273.273273 22.500000 0.6223231190940347 0.014875696223426955
78 2 273.273273 45.000000 0.6223231190940347 0.014875696223426955
78 3 273.273273 67.500000 0.6223231190940347 0.014875696223426955
79 0 276.776777 0.000000 0.62052345562465705 0.014881360287412243
79 1 276.776777 22.500000 0.62052345562465705 0.014881360287412243
79 2 276.776777 45.000000 0.62052345562465705 0.014881360287412243
79 3 276.776777 67.500000 0.62052345562465705 0.014881360287412243
80 0 280.280280 0.000000 0.6187585457600393 0.01481454362663482
80 1 280.280280 22.500000 0.6187585457600393 0.01481454362663482
80 2 280.280280 45.000000 0.6187585457600393 0.01481454362663482
80 3 280.280280 67.500000 0.6187585457600393 0.01481454362663482
81 0 283.783784 0.000000 0.6173320779821676 0.014686579243481736
81 1 283.783784 22.500000 0.6173320779821676 0.014686579243481736
81 2 283.783784 45.000000 0.6173320779821676 0.014686579243481736
81 3 283.783784 67.500000 0.6173320779821676 0.014686579243481736
82 0 287.287287 0.000000 0.61648978376565855 0.014519353120946803
82 1 287.287287 22.500000 0.61648978376565855 0.014519353120946803
82 2 287.287287 45.000000 0.61648978376565855 0.014519353120946803
82 3 287.287287 67.500000 0.61648978376565855 0.014519353120946803
83 0 290.790791 0.000000 0.61637753070562296 0.014341562266912508
83 1 290.790791 22.500000 0.61637753070562296 0.014341562266912508
83 2 290.790791 45.000000 0.61637753070562296 0.014341562266912508
83 3 290.790791 67.500000 0.61637753070562296 0.014341562266912508
84 0 294.294294 0.000000 0.61701642857309091 0.014183791665720594
84 1 294.294294 22.500000 0.61701642857309091 0.014183791665720594
84 2 294.294294 45.000000 0.61701642857309091 0.014183791665720594
84 3 294.294294 67.500000 0.61701642857309091 0.014183791665720594
85 0 297.797798 0.000000 0.61829895856468287 0.014073254437942509
85 1 297.797798 22.500000 0.61829895856468287 0.014073254437942509
85 2 297.797798 45.000000 0.61829895856468287 0.014073254437942509
85 3 297.797798 67.500000 0.61829895856468287 0.014073254437942509
86 0 301.301301 0.000000 0.62000678574485357 0.014029099487201206
86 1 301.301301 22.500000 0.62000678574485357 0.014029099487201206
86 2 301.301301 45.000000 0.62000678574485357 0.014029099487201206
86 3 301.301301 67.500000 0.62000678574485357 0.014029099487201206
87 0 304.804805 0.000000 0.62184748380431976 0.014059095474043937
87 1 304.804805 22.500000 0.62184748380431976 0.014059095474043937
87 2 304.804805 45.000000 0.62184748380431976 0.014059095474043937
87 3 304.804805 67.500000 0.62184748380431976 0.014059095474043937
88 0 308.308308 0.000000 0.62350428219900023 0.014158265140158329
88 1 308.308308 22.500000 0.62350428219900023 0.014158265140158329
88 2 308.308308 45.000000 0.62350428219900023 0.014158265140158329
88 3 308.308308 67.500000 0.62350428219900023 0.014158265140158329
89 0 311.811812 0.000000 0.62469058029230384 0.014309709860152686
89 1 311.811812 22.500000 0.62469058029230384 0.014309709860152686
89 2 311.811812 45.000000 0.62469058029230384 0.014309709860152686
89 3 311.811812 67.500000 0.62469058029230384 0.014309709860152686
90 0 315.315315 0.000000 0.62519984038239629 0.01448748805269047
90 1 315.315315 22.500000 0.62519984038239629 0.01448748805269047
90 2 315.315315 45.000000 0.62519984038239629 0.01448748805269047
90 3 315.315315 67.500000 0.62519984038239629 0.01448748805269047
91 0 318.818819 0.000000 0.62494196016982073 0.014661057350634693
91 1 318.818819 22.500000 0.62494196016982073 0.014661057350634693
91 2 318.818819 45.000000 0.62494196016982073 0.014661057350634693
91 3 318.818819 67.500000 0.62494196016982073 0.014661057350634693
92 0 322.322322 0.000000 0.62395944144099114 0.014800520113833902
92 1 322.322322 22.500000 0.62395944144099114 0.014800520113833902
92 2 322.322322 45.000000 0.62395944144099114 0.014800520113833902
92 3 322.322322 67.500000 0.62395944144099114 0.014800520113833902
93 0 325.825826 0.000000 0.62242029731015391 0.014881771678881644
93 1 325.825826 22.500000 0.62242029731015391 0.014881771678881644
93 2 325.825826 45.000000 0.62242029731015391 0.014881771678881644
93 3 325.825826 67.500000 0.62242029731015391 0.014881771678881644
94 0 329.329329 0.000000 0.62058894701251299 0.014890665127367624
94 1 329.329329 22.500000 0.62058894701251299 0.014890665127367624
94 2 329.329329 45.000000 0.62058894701251299 0.014890665127367624
94 3 329.329329 67.500000 0.62058894701251299 0.014890665127367624
95 0 332.832833 0.000000 0.61878039131899698 0.014825473245049365
95 1 332.832833 22.500000 0.61878039131899698 0.014825473245049365
95 2 332.832833 45.000000 0.61878039131899698 0.014825473245049365
95 3 332.832833 67.500000 0.61878039131899698 0.014825473245049365
96 0 336.336336 0.000000 0.61730588026177935 0.014697219431388096
96 1 336.336336 22.500000 0.61730588026177935 0.014697219431388096
96 2 336.336336 45.000000 0.61730588026177935 0.014697219431388096
96 3 336.336336 67.500000 0.61730588026177935 0.014697219431388096
97 0 339.839840 0.000000 0.61641955451820485 0.014527814858871241
97 1 339.839840 22.500000 0.61641955451820485 0.014527814858871241
97 2 339.839840 45.000000 0.61641955451820485 0.014527814858871241
97 3 339.839840 67.500000 0.61641955451820485 0.014527814858871241
98 0 343.343343 0.000000 0.61627508215564941 0.014346316493467858
98 1 343.343343 22.500000 0.61627508215564941 0.014346316493467858
98 2 343.343343 45.000000 0.61627508215564941 0.014346316493467858
98 3 343.343343 67.500000 0.61627508215564941 0.014346316493467858
99 0 346.846847 0.000000 0.61689940797338094 0.014183944797332437
99 1 346.846847 22.500000 0.61689940797338094 0.014183944797332437
99 2 346.846847 45.000000 0.61689940797338094 0.014183944797332437
99 3 346.846847 67.500000 0.61689940797338094 0.014183944797332437
100 0 350.350350 0.000000 0.61818784628415913 0.014068715125949635
100 1 350.350350 22.500000 0.61818784628415913 0.014068715125949635
100 2 350.350350 45.000000 0.61818784628415913 0.014068715125949635
100 3 350.350350 67.500000 0.61818784628415913 0.014068715125949635
101 0 353.853854 0.000000 0.61992134941518418 0.014020605685856394
101 1 353.853854 22.500000 0.61992134941518418 0.014020605685856394
101 2 353.853854 45.000000 0.61992134941518418 0.014020605685856394
101 3 353.853854 67.500000 0.61992134941518418 0.014020605685856394
102 0 357.357357 0.000000 0.62180328425702047 0.014048095184435413
102 1 357.357357 22.500000 0.62180328425702047 0.014048095184435413
102 2 357.357357 45.000000 0.62180328425702047 0.014048095184435413
102 3 357.357357 67.500000 0.62180328425702047 0.014048095184435413
103 0 360.860861 0.000000 0.62350984191961811 0.014146669972003366
103 1 360.860861 22.500000 0.62350984191961811 0.014146669972003366
103 2 360.860861 45.000000 0.62350984191961811 0.014146669972003366
103 3 360.860861 67.500000 0.62350984191961811 0.014146669972003366
104 0 364.364364 0.000000 0.62474573763138264 0.014299563281772776
104 1 364.364364 22.500000 0.62474573763138264 0.014299563281772776
104 2 364.364364 45.000000 0.62474573763138264 0.014299563281772776
104 3 364.364364 67.500000 0.62474573763138264 0.014299563281772776
105 0 367.867868 0.000000 0.62529562278714679 0.014480605826356165
105 1 367.867868 22.500000 0.62529562278714679 0.014480605826356165
105 2 367.867868 45.000000 0.62529562278714679 0.014480605826356165
105 3 367.867868 67.500000 0.62529562278714679 0.014480605826356165
106 0 371.371371 0.000000 0.62506204105169672 0.01465870332527886
106 1 371.371371 22.500000 0.62506204105169672 0.01465870332527886
106 2 371.371371 45.000000 0.62506204105169672 0.01465870332527886
106 3 371.371371 67.500000 0.62506204105169672 0.01465870332527886
107 0 374.874875 0.000000 0.62408294740888948 0.014803175139644287
107 1 374.874875 22.500000 0.62408294740888948 0.014803175139644287
107 2 374.874875 45.000000 0.62408294740888948 0.014803175139644287
107 3 374.874875 67.500000 0.62408294740888948 0.014803175139644287
108 0 378.378378 0.000000 0.62252547017815174 0.014889037729644771
108 1 378.378378 22.500000 0.62252547017815174 0.014889037729644771
108 2 378.378378 45.000000 0.62252547017815174 0.014889037729644771
108 3 378.378378 67.500000 0.62252547017815174 0.014889037729644771
109 0 381.881882 0.000000 0.62065699887218539 0.014901323400591712
109 1 381.881882 22.500000 0.62065699887218539 0.014901323400591712
109 2 381.881882 45.000000 0.62065699887218539 0.014901323400591712
109 3 381.881882 67.500000 0.62065699887218539 0.014901323400591712
110 0 385.385385 0.000000 0.61879885749399244 0.014837688072102279
110 1 385.385385 22.500000 0.61879885749399244 0.014837688072102279
110 2 385.385385 45.000000 0.61879885749399244 0.014837688072102279
110 3 385.385385 67.500000 0.61879885749399244 0.014837688072102279
111 0 388.888889 0.000000 0.6172708755875389 0.014708853976178752
111 1 388.888889 22.500000 0.6172708755875389 0.014708853976178752
111 2 388.888889 45.000000 0.6172708755875389 0.014708853976178752
111 3 388.888889 67.500000 0.6172708755875389 0.014708853976178752
112 0 392.392392 0.000000 0.61633654282846251 0.014536804389764532
112 1 392.392392 22.500000 0.61633654282846251 0.014536804389764532
112 2 392.392392 45.000000 0.61633654282846251 0.014536804389764532
112 3 392.392392 67.500000 0.61633654282846251 0.014536804389764532
113 0 395.895896 0.000000 0.6161580294925505 0.014351034116255743
113 1 395.895896 22.500000 0.6161580294925505 0.014351034116255743
113 2 395.895896 45.000000 0.6161580294925505 0.014351034116255743
113 3 395.895896 67.500000 0.6161580294925505 0.014351034116255743
114 0 399.399399 0.000000 0.6167684588135468 0.014183494982333759
114 1 399.399399 22.500000 0.6167684588135468 0.014183494982333759
114 2 399.399399 45.000000 0.6167684588135468 0.014183494982333759
114 3 399.399399 67.500000 0.6167684588135468 0.014183494982333759
115 0 402.902903 0.000000 0.61806590107033677 0.014063102221797675
115 1 402.902903 22.500000 0.61806590107033677 0.014063102221797675
115 2 402.902903 45.000000 0.61806590107033677 0.014063102221797675
115 3 402.902903 67.500000 0.61806590107033677 0.014063102221797675
116 0 406.406406 0.000000 0.61983010389903737 0.014010745947036779
116 1 406.406406 22.500000 0.61983010389903737 0.014010745947036779
116 2 406.406406 45.000000 0.61983010389903737 0.014010745947036779
116 3 406.406406 67.500000 0.61983010389903737 0.014010745947036779
117 0 409.909910 0.000000 0.62175939511662626 0.014035668014147743
117 1 409.909910 22.500000 0.62175939511662626 0.014035668014147743
117 2 409.909910 45.000000 0.62175939511662626 0.014035668014147743
117 3 409.909910 67.500000 0.62175939511662626 0.014035668014147743
118 0 413.413413 0.000000 0.62352188899584737 0.014133832383952686
118 1 413.413413 22.500000 0.62352188899584737 0.014133832383952686
118 2 413.413413 45.000000 0.62352188899584737 0.014133832383952686
118 3 413.413413 67.500000 0.62352188899584737 0.014133832383952686
119 0 416.916917 0.000000 0.62481254634123462 0.014288576040218534
119 1 416.916917 22.500000 0.62481254634123462 0.014288576040218534
119 2 416.916917 45.000000 0.62481254634123462 0.014288576040218534
119 3 416.916917 67.500000 0.62481254634123462 0.014288576040218534
120 0 420.420420 0.000000 0.62540629204706844 0.014473435970707212
120 1 420.420420 22.500000 0.62540629204706844 0.014473435970707212
120 2 420.420420 45.000000 0.62540629204706844 0.014473435970707212
120 3 420.420420 67.500000 0.62540629204706844 0.014473435970707212
121 0 423.923924 0.000000 0.62519772007705032 0.014656672849138134
121 1 423.923924 22.500000 0.62519772007705032 0.014656672849138134
121 2 423.923924 45.000000 0.62519772007705032 0.014656672849138134
121 3 423.923924 67.500000 0.62519772007705032 0.014656672849138134
122 0 427.427427 0.000000 0.62422007497280008 0.01480671843004254
122 1 427.427427 22.500000 0.62422007497280008 0.01480671843004254
122 2 427.427427 45.000000 0.62422007497280008 0.01480671843004254
122 3 427.427427 67.500000 0.62422007497280008 0.01480671843004254
123 0 430.930931 0.000000 0.62263990462597174 0.014897612075590424
123 1 430.930931 22.500000 0.62263990462597174 0.014897612075590424
123 2 430.930931 45.000000 0.62263990462597174 0.014897612075590424
123 3 430.930931 67.500000 0.62263990462597174 0.014897612075590424
124 0 434.434434 0.000000 0.62072829299079446 0.014913490521835354
124 1 434.434434 22.500000 0.62072829299079446 0.014913490521835354
124 2 434.434434 45.000000 0.62072829299079446 0.014913490521835354
124 3 434.434434 67.500000 0.62072829299079446 0.014913490521835354
125 0 437.937938 0.000000 0.61881390778758283 0.01485135473135118
125 1 437.937938 22.500000 0.61881390778758283 0.01485135473135118
125 2 437.937938 45.000000 0.61881390778758283 0.01485135473135118
125 3 437.937938 67.500000 0.61881390778758283 0.01485135473135118
126 0 441.441441 0.000000 0.6172262995579888 0.014721631536286762
126 1 441.441441 22.500000 0.6172262995579888 0.014721631536286762
126 2 441.441441 45.000000 0.6172262995579888 0.014721631536286762
126 3 441.441441 67.500000 0.6172262995579888 0.014721631536286762
127 0 444.944945 0.000000 0.61623937423165809 0.014546425651498801
127 1 444.944945 22.500000 0.61623937423165809 0.014546425651498801
127 2 444.944945 45.000000 0.61623937423165809 0.014546425651498801
127 3 444.944945 67.500000 0.61623937423165809 0.014546425651498801
128 0 448.448448 0.000000 0.61602461556882016 0.014355754805156187
128 1 448.448448 22.500000 0.61602461556882016 0.014355754805156187
128 2 448.448448 45.000000 0.61602461556882016 0.014355754805156187
128 3 448.448448 67.500000 0.61602461556882016 0.014355754805156187
129 0 451.951952 0.000000 0.61662174131917524 0.014182408922848163
129 1 451.951952 22.500000 0.61662174131917524 0.014182408922848163
129 2 451.951952 45.000000 0.61662174131917524 0.014182408922848163
129 3 451.951952 67.500000 0.61662174131917524 0.014182408922848163
130 0 455.455455 0.000000 0.61793152321123301 0.014056313425821209
130 1 455.455455 22.500000 0.61793152321123301 0.014056313425821209
130 2 455.455455 45.000000 0.61793152321123301 0.014056313425821209
130 3 455.455455 67.500000 0.61793152321123301 0.014056313425821209
131 0 458.958959 0.000000 0.61973197947756242 0.013999365229975207
131 1 458.958959 22.500000 0.61973197947756242 0.013999365229975207
131 2 458.958959 45.000000 0.61973197947756242 0.013999365229975207
131 3 458.958959 67.500000 0.61973197947756242 0.013999365229975207
132 0 462.462462 0.000000 0.62171548207492922 0.014021632185881022
132 1 462.462462 22.500000 0.62171548207492922 0.014021632185881022
132 2 462.462462 45.000000 0.62171548207492922 0.014021632185881022
132 3 462.462462 67.500000 0.62171548207492922 0.014021632185881022
133 0 465.965966 0.000000 0.62354090634324333 0.014119575273859526
133 1 465.965966 22.500000 0.62354090634324333 0.014119575273859526
133 2 465.965966 45.000000 0.62354090634324333 0.014119575273859526
133 3 465.965966 67.500000 0.62354090634324333 0.014119575273859526
134 0 469.469469 0.000000 0.62489224595948856 0.01427660712350114
134 1 469.469469 22.500000 0.62489224595948856 0.01427660712350114
134 2 469.469469 45.000000 0.62489224595948856 0.01427660712350114
134 3 469.469469 67.500000 0.62489224595948856 0.01427660712350114
135 0 472.972973 0.000000 0.62553364735785033 0.014465899436887128
135 1 472.972973 22.500000 0.62553364735785033 0.014465899436887128
135 2 472.972973 45.000000 0.62553364735785033 0.014465899436887128
135 3 472.972973 67.500000 0.62553364735785033 0.014465899436887128
136 0 476.476476 0.000000 0.62535105386486245 0.014654964454811181
136 1 476.476476 22.500000 0.62535105386486245 0.014654964454811181
136 2 476.476476 45.000000 0.62535105386486245 0.014654964454811181
136 3 476.476476 67.500000 0.62535105386486245 0.014654964454811181
137 0 479.979980 0.000000 0.62437278202290536 0.014811228435539626
137 1 479.979980 22.500000 0.62437278202290536 0.014811228435539626
137 2 479.979980 45.000000 0.62437278202290536 0.014811228435539626
137 3 479.979980 67.500000 0.62437278202290536 0.014811228435539626
138 0 483.483483 0.000000 0.62276511229628029 0.014907641375671341
138 1 483.483483 22.500000 0.62276511229628029 0.014907641375671341
138 2 483.483483 45.000000 0.62276511229628029 0.014907641375671341
138 3 483.483483 67.500000 0.62276511229628029 0.014907641375671341
139 0 486.986987 0.000000 0.62080361811003315 0.014927357296141837
139 1 486.986987 22.500000 0.62080361811003315 0.014927357296141837
139 2 486.986987 45.000000 0.62080361811003315 0.014927357296141837
139 3 486.986987 67.500000 0.62080361811003315 0.014927357296141837
140 0 490.490490 0.000000 0.61882545268624956 0.014866675674937435
140 1 490.490490 22.500000 0.61882545268624956 0.014866675674937435
140 2 490.490490 45.000000 0.61882545268624956 0.014866675674937435
140 3 490.490490 67.500000 0.61882545268624956 0.014866675674937435
141 0 493.993994 0.000000 0.61717117991572001 0.014735730783045058
141 1 493.993994 22.500000 0.61717117991572001 0.014735730783045058
141 2 493.993994 45.000000 0.61717117991572001 0.014735730783045058
141 3 493.993994 67.500000 0.61717117991572001 0.014735730783045058
142 0 497.497497 0.000000 0.61612634373611519 0.01455680134837321
142 1 497.497497 22.500000 0.61612634373611519 0.01455680134837321
142 2 497.497497 45.000000 0.61612634373611519 0.01455680134837321
142 3 497.497497 67.500000 0.61612634373611519 0.01455680134837321
143 0 501.001001 0.000000 0.61587268434985254 0.014360522116557081
143 1 501.001001 22.500000 0.61587268434985254 0.014360522116557081
143 2 501.001001 45.000000 0.61587268434985254 0.014360522116557081
143 3 501.001001 67.500000 0.61587268434985254 0.014360522116557081
144 0 504.504505 0.000000 0.61645701622015825 0.014180641182207788
144 1 504.504505 22.500000 0.61645701622015825 0.014180641182207788
144 2 504.504505 45.000000 0.61645701622015825 0.014180641182207788
144 3 504.504505 67.500000 0.61645701622015825 0.014180641182207788
145 0 508.008008 0.000000 0.61778278291110345 0.014048219894881685
145 1 508.008008 22.500000 0.61778278291110345 0.014048219894881685
145 2 508.008008 45.000000 0.61778278291110345 0.014048219894881685
145 3 508.008008 67.500000 0.61778278291110345 0.014048219894881685
146 0 511.511512 0.000000 0.61962570611007783 0.013986271736048321
146 1 511.511512 22.500000 0.61962570611007783 0.013986271736048321
146 2 511.511512 45.000000 0.61962570611007783 0.013986271736048321
146 3 511.511512 67.500000 0.61962570611007783 0.013986271736048321
147 0 515.015015 0.000000 0.62167118013520006 0.014005765058820353
147 1 515.015015 22.500000 0.62167118013520006 0.014005765058820353
147 2 515.015015 45.000000 0.62167118013520006 0.014005765058820353
147 3 515.015015 67.500000 0.62167118013520006 0.014005765058820353
148 0 518.518519 0.000000 0.623567527417627 0.014103683590623145
148 1 518.518519 22.500000 0.623567527417627 0.014103683590623145
148 2 518.518519 45.000000 0.623567527417627 0.014103683590623145
148 3 518.518519 67.500000 0.623567527417627 0.014103683590623145
149 0 522.022022 0.000000 0.62498638789220029 0.014263487218811585
149 1 522.022022 22.500000 0.62498638789220029 0.014263487218811585
149 2 522.022022 45.000000 0.62498638789220029 0.014263487218811585
149 3 522.022022 67.500000 0.62498638789220029 0.014263487218811585
150 0 525.525526 0.000000 0.62567991197485751 0.014457903783995434
150 1 525.525526 22.500000 0.62567991197485751 0.014457903783995434
150 2 525.525526 45.000000 0.62567991197485751 0.014457903783995434
150 3 525.525526 67.500000 0.62567991197485751 0.014457903783995434
151 0 529.029029 0.000000 0.62552456458484396 0.01465358101242787
151 1 529.029029 22.500000 0.62552456458484396 0.01465358101242787
151 2 529.029029 45.000000 0.62552456458484396 0.01465358101242787
151 3 529.029029 67.500000 0.62552456458484396 0.01465358101242787
152 0 532.532533 0.000000 0.62454345315303905 0.014816805483070138
152 1 532.532533 22.500000 0.62454345315303905 0.014816805483070138
152 2 532.532533 45.000000 0.62454345315303905 0.014816805483070138
152 3 532.532533 67.500000 0.62454345315303905 0.014816805483070138
153 0 536.036036 0.000000 0.62290291679199938 0.014919308438226413
153 1 536.036036 22.500000 0.62290291679199938 0.014919308438226413
153 2 536.036036 45.000000 0.62290291679199938 0.014919308438226413
153 3 536.036036 67.500000 0.62290291679199938 0.014919308438226413
154 0 539.539540 0.000000 0.62088390236349722 0.014943159081431203
154 1 539.539540 22.500000 0.62088390236349722 0.014943159081431203
154 2 539.539540 45.000000 0.62088390236349722 0.014943159081431203
154 3 539.539540 67.500000 0.62088390236349722 0.014943159081431203
155 0 543.043043 0.000000 0.61883334039308924 0.014883898780541102
155 1 543.043043 22.500000 0.61883334039308924 0.014883898780541102
155 2 543.043043 45.000000 0.61883334039308924 0.014883898780541102
155 3 543.043043 67.500000 0.61883334039308924 0.014883898780541102
156 0 546.546547 0.000000 0.61710428579655352 0.014751368757206881
156 1 546.546547 22.500000 0.61710428579655352 0.014751368757206881
156 2 546.546547 45.000000 0.61710428579655352 0.014751368757206881
156 3 546.546547 67.500000 0.61710428579655352 0.014751368757206881
157 0 550.050050 0.000000 0.61599533109030635 0.014568078545633592
157 1 550.050050 22.500000 0.61599533109030635 0.014568078545633592
157 2 550.050050 45.000000 0.61599533109030635 0.014568078545633592
157 3 550.050050 67.500000 0.61599533109030635 0.014568078545633592
158 0 553.553554 0.000000 0.61569957590702873 0.014365385232181857
158 1 553.553554 22.500000 0.61569957590702873 0.014365385232181857
158 2 553.553554 45.000000 0.61569957590702873 0.014365385232181857
158 3 553.553554 67.500000 0.61569957590702873 0.014365385232181857
159 0 557.057057 0.000000 0.61627153724343786 0.014178131612327321
159 1 557.057057 22.500000 0.61627153724343786 0.014178131612327321
159 2 557.057057 45.000000 0.61627153724343786 0.014178131612327321
159 3 557.057057 67.500000 0.61627153724343786 0.014178131612327321
160 0 560.560561 0.000000 0.61761732922871171 0.014038659646271474
160 1 560.560561 22.500000 0.61761732922871171 0.014038659646271474
160 2 560.560561 45.000000 0.61761732922871171 0.014038659646271474
160 3 560.560561 67.500000 0.61761732922871171 0.014038659646271474
161 0 564.064064 0.000000 0.61950975571579825 0.013971227299670699
161 1 564.064064 22.500000 0.61950975571579825 0.013971227299670699
161 2 564.064064 45.000000 0.61950975571579825 0.013971227299670699
161 3 564.064064 67.500000 0.61950975571579825 0.013971227299670699
162 0 567.567568 0.000000 0.62162608103952366 0.013987792089752768
162 1 567.567568 22.500000 0.62162608103952366 0.013987792089752768
162 2 567.567568 45.000000 0.62162608103952366 0.013987792089752768
162 3 567.567568 67.500000 0.62162608103952366 0.013987792089752768
163 0 571.071071 0.000000 0.62360257314556566 0.014085893764651327
163 1 571.071071 22.500000 0.62360257314556566 0.014085893764651327
163 2 571.071071 45.000000 0.62360257314556566 0.014085893764651327
163 3 571.071071 67.500000 0.62360257314556566 0.014085893764651327
164 0 574.574575 0.000000 0.62509691758720831 0.014249010504299659
164 1 574.574575 22.500000 0.62509691758720831 0.014249010504299659
164 2 574.574575 45.000000 0.62509691758720831 0.014249010504299659
164 3 574.574575 67.500000 0.62509691758720831 0.014249010504299659
165 0 578.078078 0.000000 0.62584784807379745 0.014449338882154571
165 1 578.078078 22.500000 0.62584784807379745 0.014449338882154571
165 2 578.078078 45.000000 0.62584784807379745 0.014449338882154571
165 3 578.078078 67.500000 0.62584784807379745 0.014449338882154571
166 0 581.581582 0.000000 0.62572136853119387 0.014652530263961551
166 1 581.581582 22.500000 0.62572136853119387 0.014652530263961551
166 2 581.581582 45.000000 0.62572136853119387 0.014652530263961551
166 3 581.581582 67.500000 0.62572136853119387 0.014652530263961551
167 0 585.085085 0.000000 0.62473501972372758 0.014823577243080404
167 1 585.085085 22.500000 0.62473501972372758 0.014823577243080404
167 2 585.085085 45.000000 0.62473501972372758 0.014823577243080404
167 3 585.085085 67.500000 0.62473501972372758 0.014823577243080404
168 0 588.588589 0.000000 0.62305554366176419 0.014932841852483515
168 1 588.588589 22.500000 0.62305554366176419 0.014932841852483515
168 2 588.588589 45.000000 0.62305554366176419 0.014932841852483515
168 3 588.588589 67.500000 0.62305554366176419 0.014932841852483515
169 0 592.092092 0.000000 0.62097025618644053 0.014961188046361708
169 1 592.092092 22.500000 0.62097025618644053 0.014961188046361708
169 2 592.092092 45.000000 0.62097025618644053 0.014961188046361708
169 3 592.092092 67.500000 0.62097025618644053 0.014961188046361708
170 0 595.595596 0.000000 0.61883734340996122 0.014903330168265895
170 1 595.595596 22.500000 0.61883734340996122 0.014903330168265895
170 2 595.595596 45.000000 0.61883734340996122 0.014903330168265895
170 3 595.595596 67.500000 0.61883734340996122 0.014903330168265895
171 0 599.099099 0.000000 0.6170240583390012 0.014768811992214902
171 1 599.099099 22.500000 0.6170240583390012 0.014768811992214902
171 2 599.099099 45.000000 0.6170240583390012 0.014768811992214902
171 3 599.099099 67.500000 0.6170240583390012 0.014768811992214902
172 0 602.602603 0.000000 0.61584368560533764 0.014580436052254654
172 1 602.602603 22.500000 0.61584368560533764 0.014580436052254654
172 2 602.602603 45.000000 0.61584368560533764 0.014580436052254654
172 3 602.602603 67.500000 0.61584368560533764 0.014580436052254654
173 0 606.106106 0.000000 0.61550198402684553 0.014370401131336769
173 1 606.106106 22.500000 0.61550198402684553 0.014370401131336769
173 2 606.106106 45.000000 0.61550198402684553 0.014370401131336769
173 3 606.106106 67.500000 0.61550198402684553 0.014370401131336769
174 0 609.609610 0.000000 0.61606190558526341 0.014174801706831183
174 1 609.609610 22.500000 0.61606190558526341 0.014174801706831183
174 2 609.609610 45.000000 0.61606190558526341 0.014174801706831183
174 3 609.609610 67.500000 0.61606190558526341 0.014174801706831183
175 0 613.113113 0.000000 0.61743226708675558 0.014027428488899672
175 1 613.113113 22.500000 0.61743226708675558 0.014027428488899672
175 2 613.113113 45.000000 0.61743226708675558 0.014027428488899672
175 3 613.113113 67.500000 0.61743226708675558 0.014027428488899672
176 0 616.616617 0.000000 0.61938226463446422 0.013953934273017157
176 1 616.616617 22.500000 0.61938226463446422 0.013953934273017157
176 2 616.616617 45.000000 0.61938226463446422 0.013953934273017157
176 3 616.616617 67.500000 0.61938226463446422 0.013953934273017157
177 0 620.120120 0.000000 0.62157971719578553 0.013967371823432899
177 1 620.120120 22.500000 0.62157971719578553 0.013967371823432899
177 2 620.120120 45.000000 0.62157971719578553 0.013967371823432899
177 3 620.120120 67.500000 0.62157971719578553 0.013967371823432899
178 0 623.623624 0.000000 0.6236471032277151 0.01406587938493775
178 1 623.623624 22.500000 0.6236471032277151 0.01406587938493775
178 2 623.623624 45.000000 0.6236471032277151 0.01406587938493775
178 3 623.623624 67.500000 0.6236471032277151 0.01406587938493775
179 0 627.127127 0.000000 0.62522628739807451 0.014232923584412494
179 1 627.127127 22.500000 0.62522628739807451 0.014232923584412494
179 2 627.127127 45.000000 0.62522628739807451 0.014232923584412494
179 3 627.127127 67.500000 0.62522628739807451 0.014232923584412494
180 0 630.630631 0.000000 0.62604091404564077 0.014440071212417197
180 1 630.630631 22.500000 0.62604091404564077 0.014440071212417197
180 2 630.630631 45.000000 0.62604091404564077 0.014440071212417197
180 3 630.630631 67.500000 0.62604091404564077 0.014440071212417197
181 0 634.134134 0.000000 0.62594535194123246 0.014651825735588922
181 1 634.134134 22.500000 0.62594535194123246 0.014651825735588922
181 2 634.134134 45.000000 0.62594535194123246 0.014651825735588922
181 3 634.134134 67.500000 0.62594535194123246 0.014651825735588922
182 0 637.637638 0.000000 0.62495112383313722 0.014831706385339916
182 1 637.637638 22.500000 0.62495112383313722 0.014831706385339916
182 2 637.637638 45.000000 0.62495112383313722 0.014831706385339916
182 3 637.637638 67.500000 0.62495112383313722 0.014831706385339916
183 0 641.141141 0.000000 0.62322574302473699 0.01494852932972519
183 1 641.141141 22.500000 0.62322574302473699 0.01494852932972519
183 2 641.141141 45.000000 0.62322574302473699 0.01494852932972519
183 3 641.141141 67.500000 0.62322574302473699 0.01494852932972519
184 0 644.644645 0.000000 0.62106403032750024 0.014981810084583932
184 1 644.644645 22.500000 0.62106403032750024 0.014981810084583932
184 2 644.644645 45.000000 0.62106403032750024 0.014981810084583932
184 3 644.644645 67.500000 0.62106403032750024 0.014981810084583932
185 0 648.148148 0.000000 0.6188371392645301 0.014925351848853028
185 1 648.148148 22.500000 0.6188371392645301 0.014925351848853028
185 2 648.148148 45.000000 0.6188371392645301 0.014925351848853028
185 3 648.148148 67.500000 0.6188371392645301 0.014925351848853028
186 0 651.651652 0.000000 0.61692851461747023 0.014788391800695931
186 1 651.651652 22.500000 0.61692851461747023 0.014788391800695931
186 2 651.651652 45.000000 0.61692851461747023 0.014788391800695931
186 3 651.651652 67.500000 0.61692851461747023 0.014788391800695931
187 0 655.155155 0.000000 0.61566806727623957 0.014594094530023811
187 1 655.155155 22.500000 0.61566806727623957 0.014594094530023811
187 2 655.155155 45.000000 0.61566806727623957 0.014594094530023811
187 3 655.155155 67.500000 0.61566806727623957 0.014594094530023811
188 0 658.658659 0.000000 0.61527576003831974 0.014375637497771179
188 1 658.658659 22.500000 0.61527576003831974 0.014375637497771179
188 2 658.658659 45.000000 0.61527576003831974 0.014375637497771179
188 3 658.658659 67.500000 0.61527576003831974 0.014375637497771179
189 0 662.162162 0.000000 0.61582386956229995 0.014170549465595116
189 1 662.162162 22.500000 0.61582386956229995 0.014170549465595116
189 2 662.162162 45.000000 0.61582386956229995 0.014170549465595116
189 3 662.162162 67.500000 0.61582386956229995 0.014170549465595116
190 0 665.665666 0.000000 0.61722398811515777 0.014014267392104925
190 1 665.665666 22.500000 0.61722398811515777 0.014014267392104925
190 2 665.665666 45.000000 0.61722398811515777 0.014014267392104925
190 3 665.665666 67.500000 0.61722398811515777 0.014014267392104925
191 0 669.169169 0.000000 0.61924092728949032 0.013934017298192063
191 1 669.169169 22.500000 0.61924092728949032 0.013934017298192063
191 2 669.169169 45.000000 0.61924092728949032 0.013934017298192063
191 3 669.169169 67.500000 0.61924092728949032 0.013934017298192063
192 0 672.672673 0.000000 0.62153154032801583 0.013944075044760593
192 1 672.672673 22.500000 0.62153154032801583 0.013944075044760593
192 2 672.672673 45.000000 0.62153154032801583 0.013944075044760593
192 3 672.672673 67.500000 0.62153154032801583 0.013944075044760593
193 0 676.176176 0.000000 0.6237024880196923 0.014043231307509407
193 1 676.176176 22.500000 0.6237024880196923 0.014043231307509407
193 2 676.176176 45.000000 0.6237024880196923 0.014043231307509407
193 3 676.176176 67.500000 0.6237024880196923 0.014043231307509407
194 0 679.679680 0.000000 0.62537761372013079 0.014214910124751077
194 1 679.679680 22.500000 0.62537761372013079 0.014214910124751077
194 2 679.679680 45.000000 0.62537761372013079 0.014214910124751077
194 3 679.679680 67.500000 0.62537761372013079 0.014214910124751077
195 0 683.183183 0.000000 0.62626348320528769 0.014429935959771018
195 1 683.183183 22.500000 0.62626348320528769 0.014429935959771018
195 2 683.183183 45.000000 0.62626348320528769 0.014429935959771018
195 3 683.183183 67.500000 0.62626348320528769 0.014429935959771018
196 0 686.686687 0.000000 0.62620141535466289 0.014651488033877239
196 1 686.686687 22.500000 0.62620141535466289 0.014651488033877239
196 2 686.686687 45.000000 0.62620141535466289 0.014651488033877239
196 3 686.686687 67.500000 0.62620141535466289 0.014651488033877239
197 0 690.190190 0.000000 0.62519634612549668 0.014841401273051117
197 1 690.190190 22.500000 0.62519634612549668 0.014841401273051117
197 2 690.190190 45.000000 0.62519634612549668 0.014841401273051117
197 3 690.190190 67.500000 0.62519634612549668 0.014841401273051117
198 0 693.693694 0.000000 0.62341695976139733 0.014966736333649519
198 1 693.693694 22.500000 0.62341695976139733 0.014966736333649519
198 2 693.693694 45.000000 0.62341695976139733 0.014966736333649519
198 3 693.693694 67.500000 0.62341695976139733 0.014966736333649519
199 0 697.197197 0.000000 0.62116689596277908 0.015005488445265914
199 1 697.197197 22.500000 0.62116689596277908 0.015005488445265914
199 2 697.197197 45.000000 0.62116689596277908 0.015005488445265914
199 3 697.197197 67.500000 0.62116689596277908 0.015005488445265914
200 0 700.700701 0.000000 0.61883228280665781 0.014950446395165141
200 1 700.700701 22.500000 0.61883228280665781 0.014950446395165141
200 2 700.700701 45.000000 0.61883228280665781 0.014950446395165141
200 3 700.700701 67.500000 0.61883228280665781 0.014950446395165141
201 0 704.204204 0.000000 0.61681511271923994 0.014810525657941789
201 1 704.204204 22.500000 0.61681511271923994 0.014810525657941789
201 2 704.204204 45.000000 0.61681511271923994 0.014810525657941789
201 3 704.204204 67.500000 0.61681511271923994 0.014810525657941789
202 0 707.707708 0.000000 0.61546422408516077 0.014609330639676493
202 1 707.707708 22.500000 0.61546422408516077 0.014609330639676493
202 2 707.707708 45.000000 0.61546422408516077 0.014609330639676493
202 3 707.707708 67.500000 0.61546422408516077 0.014609330639676493
203 0 711.211211 0.000000 0.61501563795890368 0.014381176776169919
203 1 711.211211 22.500000 0.61501563795890368 0.014381176776169919
203 2 711.211211 45.000000 0.61501563795890368 0.014381176776169919
203 3 711.211211 67.500000 0.61501563795890368 0.014381176776169919
204 0 714.714715 0.000000 0.61555204393619234 0.014165242163483869
204 1 714.714715 22.500000 0.61555204393619234 0.014165242163483869
204 2 714.714715 45.000000 0.61555204393619234 0.014165242163483869
204 3 714.714715 67.500000 0.61555204393619234 0.014165242163483869
205 0 718.218218 0.000000 0.61698793376174643 0.013998844713495606
205 1 718.218218 22.500000 0.61698793376174643 0.013998844713495606
205 2 718.218218 45.000000 0.61698793376174643 0.013998844713495606
205 3 718.218218 67.500000 0.61698793376174643 0.013998844713495606
206 0 721.721722 0.000000 0.61908284757677157 0.013910997646367959
206 1 721.721722 22.500000 0.61908284757677157 0.013910997646367959
206 2 721.721722 45.000000 0.61908284757677157 0.013910997646367959
206 3 721.721722 67.500000 0.61908284757677157 0.013910997646367959
207 0 725.225225 0.000000 0.62148089246230109 0.013917355407971711
207 1 725.225225 22.500000 0.62148089246230109 0.013917355407971711
207 2 725.225225 45.000000 0.62148089246230109 0.013917355407971711
207 3 725.225225 67.500000 0.62148089246230109 0.013917355407971711
208 0 728.728729 0.000000 0.62377051091504931 0.01401742961279919
208 1 728.728729 22.500000 0.62377051091504931 0.01401742961279919
208 2 728.728729 45.000000 0.62377051091504931 0.01401742961279919
208 3 728.728729 67.500000 0.62377051091504931 0.01401742961279919
209 0 732.232232 0.000000 0.62555489971942291 0.014194569183675062
209 1 732.232232 22.500000 0.62555489971942291 0.014194569183675062
209 2 732.232232 45.000000 0.62555489971942291 0.014194569183675062
209 3 732.232232 67.500000 0.62555489971942291 0.014194569183675062
210 0 735.735736 0.000000 0.62652115357814209 0.014418725878909258
210 1 735.735736 22.500000 0.62652115357814209 0.014418725878909258
210 2 735.735736 45.000000 0.62652115357814209 0.014418725878909258
210 3 735.735736 67.500000 0.62652115357814209 0.014418725878909258
211 0 739.239239 0.000000 0.62649581974159518 0.014651546738975034
211 1 739.239239 22.500000 0.62649581974159518 0.014651546738975034
211 2 739.239239 45.000000 0.62649581974159518 0.014651546738975034
211 3 739.239239 67.500000 0.62649581974159518 0.014651546738975034
212 0 742.742743 0.000000 0.62547652849677859 0.014852931186540538
212 1 742.742743 22.500000 0.62547652849677859 0.014852931186540538
212 2 742.742743 45.000000 0.62547652849677859 0.014852931186540538
212 3 742.742743 67.500000 0.62547652849677859 0.014852931186540538
213 0 746.246246 0.000000 0.62363357448153334 0.014987932586194781
213 1 746.246246 22.500000 0.62363357448153334 0.014987932586194781
213 2 746.246246 45.000000 0.62363357448153334 0.014987932586194781
213 3 746.246246 67.500000 0.62363357448153334 0.014987932586194781
214 0 749.749750 0.000000 0.62128095769231451 0.015032817368496714
214 1 749.749750 22.500000 0.62128095769231451 0.015032817368496714
214 2 749.749750 45.000000 0.62128095769231451 0.015032817368496714
214 3 749.749750 67.500000 0.62128095769231451 0.015032817368496714
215 0 753.253253 0.000000 0.61882216582055483 0.01497923208260709
215 1 753.253253 22.500000 0.61882216582055483 0.01497923208260709
215 2 753.253253 45.000000 0.61882216582055483 0.01497923208260709
215 3 753.253253 67.500000 0.61882216582055483 0.01497923208260709
216 0 756.756757 0.000000 0.6166805586101578 0.014835747675082014
216 1 756.756757 22.500000 0.6166805586101578 0.014835747675082014
216 2 756.756757 45.000000 0.6166805586101578 0.014835747675082014
216 3 756.756757 67.500000 0.6166805586101578 0.014835747675082014
217 0 760.260260 0.000000 0.61522667362622485 0.014626497194253477
217 1 760.260260 22.500000 0.61522667362622485 0.014626497194253477
217 2 760.260260 45.000000 0.61522667362622485 0.014626497194253477
217 3 760.260260 67.500000 0.61522667362622485 0.014626497194253477
218 0 763.763764 0.000000 0.61471484153836875 0.014387121901587132
218 1 763.763764 22.500000 0.61471484153836875 0.014387121901587132
218 2 763.763764 45.000000 0.61471484153836875 0.014387121901587132
218 3 763.763764 67.500000 0.61471484153836875 0.014387121901587132
219 0 767.267267 0.000000 0.61523950850817777 0.014158705906341352
219 1 767.267267 22.500000 0.61523950850817777 0.014158705906341352
219 2 767.267267 45.000000 0.61523950850817777 0.014158705906341352
219 3 767.267267 67.500000 0.61523950850817777 0.014158705906341352
220 0 770.770771 0.000000 0.61671825647075906 0.013980730616173009
220 1 770.770771 22.500000 0.61671825647075906 0.013980730616173009
220 2 770.770771 45.000000 0.61671825647075906 0.013980730616173009
220 3 770.770771 67.500000 0.61671825647075906 0.013980730616173009
221 0 774.274274 0.000000 0.61890432658062311 0.01388425627312093
221 1 774.274274 22.500000 0.61890432658062311 0.01388425627312093
221 2 774.274274 45.000000 0.61890432658062311 0.01388425627312093
221 3 774.274274 67.500000 0.61890432658062311 0.01388425627312093
222 0 777.777778 0.000000 0.62142696545510934 0.013886507119037007
222 1 777.777778 22.500000 0.62142696545510934 0.013886507119037007
222 2 777.777778 45.000000 0.62142696545510934 0.013886507119037007
222 3 777.777778 67.500000 0.62142696545510934 0.013886507119037007
223 0 781.281281 0.000000 0.62385351704692749 0.013987803166793057
223 1 781.281281 22.500000 0.62385351704692749 0.013987803166793057
223 2 781.281281 45.000000 0.62385351704692749 0.013987803166793057
223 3 781.281281 67.500000 0.62385351704692749 0.013987803166793057
224 0 784.784785 0.000000 0.62576335768541047 0.014171383944643536
224 1 784.784785 22.500000 0.62576335768541047 0.014171383944643536
224 2 784.784785 45.000000 0.62576335768541047 0.014171383944643536
224 3 784.784785 67.500000 0.62576335768541047 0.014171383944643536
225 0 788.288288 0.000000 0.62682119619263765 0.014406175238670986
225 1 788.288288 22.500000 0.62682119619263765 0.014406175238670986
225 2 788.288288 45.000000 0.62682119619263765 0.014406175238670986
225 3 788.288288 67.500000 0.62682119619263765 0.014406175238670986
226 0 791.791792 0.000000 0.62683668761781997 0.014652043213072515
226 1 791.791792 22.500000 0.62683668761781997 0.014652043213072515
226 2 791.791792 45.000000 0.62683668761781997 0.014652043213072515
226 3 791.791792 67.500000 0.62683668761781997 0.014652043213072515
227 0 795.295295 0.000000 0.6257992415324779 0.01486664848553888
227 1 795.295295 22.500000 0.6257992415324779 0.01486664848553888
227 2 795.295295 45.000000 0.6257992415324779 0.01486664848553888
227 3 795.295295 67.500000 0.6257992415324779 0.01486664848553888
228 0 798.798799 0.000000 0.62388125258526939 0.015012730658432876
228 1 798.798799 22.500000 0.62388125258526939 0.015012730658432876
228 2 798.798799 45.000000 0.62388125258526939 0.015012730658432876
228 3 798.798799 67.500000 0.62388125258526939 0.015012730658432876
229 0 802.302302 0.000000 0.62140891680284982 0.015064571104007359
229 1 802.302302 22.500000 0.62140891680284982 0.015064571104007359
229 2 802.302302 45.000000 0.62140891680284982 0.015064571104007359
229 3 802.302302 67.500000 0.62140891680284982 0.015064571104007359
230 0 805.805806 0.000000 0.61880595714788456 0.015012514162134678
230 1 805.805806 22.500000 0.61880595714788456 0.015012514162134678
230 2 805.805806 45.000000 0.61880595714788456 0.015012514162134678
230 3 805.805806 67.500000 0.61880595714788456 0.015012514162134678
231 0 809.309309 0.000000 0.61652052360817966 0.014864753116202801
231 1 809.309309 22.500000 0.61652052360817966 0.014864753116202801
231 2 809.309309 45.000000 0.61652052360817966 0.014864753116202801
231 3 809.309309 67.500000 0.61652052360817966 0.014864753116202801
232 0 812.812813 0.000000 0.61494823761110595 0.014646052629264595
232 1 812.812813 22.500000 0.61494823761110595 0.014646052629264595
232 2 812.812813 45.000000 0.61494823761110595 0.014646052629264595
232 3 812.812813 67.500000 0.61494823761110595 0.014646052629264595
233 0 816.316316 0.000000 0.61436450943654497 0.014393604662193117
233 1 816.316316 22.500000 0.61436450943654497 0.014393604662193117
233 2 816.316316 45.000000 0.61436450943654497 0.014393604662193117
233 3 816.316316 67.500000 0.61436450943654497 0.014393604662193117
234 0 819.819820 0.000000 0.61487722052198601 0.014150710253511755
234 1 819.819820 22.500000 0.61487722052198601 0.014150710253511755
234 2 819.819820 45.000000 0.61487722052198601 0.014150710253511755
234 3 819.819820 67.500000 0.61487722052198601 0.014150710253511755
235 0 823.323323 0.000000 0.61640732344446469 0.013959359399415188
235 1 823.323323 22.500000 0.61640732344446469 0.013959359399415188
235 2 823.323323 45.000000 0.61640732344446469 0.013959359399415188
235 3 823.323323 67.500000 0.61640732344446469 0.013959359399415188
236 0 826.826827 0.000000 0.61870055189372597 0.013852979351648035
236 1 826.826827 22.500000 0.61870055189372597 0.013852979351648035
236 2 826.826827 45.000000 0.61870055189372597 0.013852979351648035
236 3 826.826827 67.500000 0.61870055189372597 0.013852979351648035
237 0 830.330330 0.000000 0.62136874302670109 0.01385060245654997
237 1 830.330330 22.500000 0.62136874302670109 0.01385060245654997
237 2 830.330330 45.000000 0.62136874302670109 0.01385060245654997
237 3 830.330330 67.500000 0.62136874302670109 0.01385060245654997
238 0 833.833834 0.000000 0.62395463434876075 0.013953469824767266
238 1 833.833834 22.500000 0.62395463434876075 0.013953469824767266
238 2 833.833834 45.000000 0.62395463434876075 0.013953469824767266
238 3 833.833834 67.500000 0.62395463434876075 0.013953469824767266
239 0 837.337337 0.000000 0.62600988695962123 0.014144675412175491
239 1 837.337337 22.500000 0.62600988695962123 0.014144675412175491
239 2 837.337337 45.000000 0.62600988695962123 0.014144675412175491
239 3 837.337337 67.500000 0.62600988695962123 0.014144675412175491
240 0 840.840841 0.000000 0.62717321993419217 0.014391936018273117
240 1 840.840841 22.500000 0.62717321993419217 0.014391936018273117
240 2 840.840841 45.000000 0.62717321993419217 0.014391936018273117
240 3 840.840841 67.500000 0.62717321993419217 0.014391936018273117
241 0 844.344344 0.000000 0.62723474685016611 0.014653034801412444
241 1 844.344344 22.500000 0.62723474685016611 0.014653034801412444
241 2 844.344344 45.000000 0.62723474685016611 0.014653034801412444
241 3 844.344344 67.500000 0.62723474685016611 0.014653034801412444
242 0 847.847848 0.000000 0.62617447890929112 0.014883021640743403
242 1 847.847848 22.500000 0.62617447890929112 0.014883021640743403
242 2 847.847848 45.000000 0.62617447890929112 0.014883021640743403
242 3 847.847848 67.500000 0.62617447890929112 0.014883021640743403
243 0 851.351351 0.000000 0.6241674630396209 0.015041943569459357
243 1 851.351351 22.500000 0.6241674630396209 0.015041943569459357
243 2 851.351351 45.000000 0.6241674630396209 0.015041943569459357
243 3 851.351351 67.500000 0.6241674630396209 0.015041943569459357
244 0 854.854855 0.000000 0.6215543134484377 0.015101777195656519
244 1 854.854855 22.500000 0.6215543134484377 0.015101777195656519
244 2 854.854855 45.000000 0.6215543134484377 0.015101777195656519
244 3 854.854855 67.500000 0.6215543134484377 0.015101777195656519
245 0 858.358358 0.000000 0.61878251182058963 0.015051361647691769
245 1 858.358358 22.500000 0.61878251182058963 0.015051361647691769
245 2 858.358358 45.000000 0.61878251182058963 0.015051361647691769
245 3 858.358358 67.500000 0.61878251182058963 0.015051361647691769
246 0 861.861862 0.000000 0.61632922036484272 0.014898465184311227
246 1 861.861862 22.500000 0.61632922036484272 0.014898465184311227
246 2 861.861862 45.000000 0.61632922036484272 0.014898465184311227
246 3 861.861862 67.500000 0.61632922036484272 0.014898465184311227
247 0 865.365365 0.000000 0.6146193432832745 0.014668605288320995
247 1 865.365365 22.500000 0.6146193432832745 0.014668605288320995
247 2 865.365365 45.000000 0.6146193432832745 0.014668605288320995
247 3 865.365365 67.500000 0.6146193432832745 0.014668605288320995
248 0 868.868869 0.000000 0.61395283183751415 0.014400798273902483
248 1 868.868869 22.500000 0.61395283183751415 0.014400798273902483
248 2 868.868869 45.000000 0.61395283183751415 0.014400798273902483
248 3 868.868869 67.500000 0.61395283183751415 0.014400798273902483
249 0 872.372372 0.000000 0.61445313117779954 0.014140944989262915
249 1 872.372372 22.500000 0.61445313117779954 0.014140944989262915
249 2 872.372372 45.000000 0.61445313117779954 0.014140944989262915
249 3 872.372372 67.500000 0.61445313117779954 0.014140944989262915
250 0 875.875876 0.000000 0.61604496988959168 0.013933972520077288
250 1 875.875876 22.500000 0.61604496988959168 0.013933972520077288
250 2 875.875876 45.000000 0.61604496988959168 0.013933972520077288
250 3 875.875876 67.500000 0.61604496988959168 0.013933972520077288
251 0 879.379379 0.000000 0.61846513027354322 0.013816075737167052
251 1 879.379379 22.500000 0.61846513027354322 0.013816075737167052
251 2 879.379379 45.000000 0.61846513027354322 0.013816075737167052
251 3 879.379379 67.500000 0.61846513027354322 0.013816075737167052
252 0 882.882883 0.000000 0.62130491539486288 0.013808396914502453
252 1 882.882883 22.500000 0.62130491539486288 0.013808396914502453
252 2 882.882883 45.000000 0.62130491539486288 0.013808396914502453
252 3 882.882883 67.500000 0.62130491539486288 0.013808396914502453
253 0 886.386386 0.000000 0.62407811138748814 0.013913245471270779
253 1 886.386386 22.500000 0.62407811138748814 0.013913245471270779
253 2 886.386386 45.000000 0.62407811138748814 0.013913245471270779
253 3 886.386386 67.500000 0.62407811138748814 0.013913245471270779
254 0 889.889890 0.000000 0.62630380273216768 0.014113531839654952
254 1 889.889890 22.500000 0.62630380273216768 0.014113531839654952
254 2 889.889890 45.000000 0.62630380273216768 0.014113531839654952
254 3 889.889890 67.500000 0.62630380273216768 0.014113531839654952
255 0 893.393393 0.000000 0.62759018605624406 0.014375541563557729
255 1 893.393393 22.500000 0.62759018605624406 0.014375541563557729
255 2 893.393393 45.000000 0.62759018605624406 0.014375541563557729
255 3 893.393393 67.500000 0.62759018605624406 0.014375541563557729
256 0 896.896897 0.000000 0.62770446694878601 0.014654601281997996
256 1 896.896897 22.500000 0.62770446694878601 0.014654601281997996
256 2 896.896897 45.000000 0.62770446694878601 0.014654601281997996
256 3 896.896897 67.500000 0.62770446694878601 0.014654601281997996
257 0 900.400400 0.000000 0.62661571945640482 0.014902685921097844
257 1 900.400400 22.500000 0.62661571945640482 0.014902685921097844
257 2 900.400400 45.000000 0.62661571945640482 0.014902685921097844
257 3 900.400400 67.500000 0.62661571945640482 0.014902685921097844
258 0 903.903904 0.000000 0.62450227246232004 0.015076673344369086
258 1 903.903904 22.500000 0.62450227246232004 0.015076673344369086
258 2 903.903904 45.000000 0.62450227246232004 0.015076673344369086
258 3 903.903904 67.500000 0.62450227246232004 0.015076673344369086
259 0 907.407407 0.000000 0.62172189684560164 0.01514582939014834
259 1 907.407407 22.500000 0.62172189684560164 0.01514582939014834
259 2 907.407407 45.000000 0.62172189684560164 0.01514582939014834
259 3 907.407407 67.500000 0.62172189684560164 0.01514582939014834
260 0 910.910911 0.000000 0.61875022920688205 0.015097225873985822
260 1 910.910911 22.500000 0.61875022920688205 0.015097225873985822
260 2 910.910911 45.000000 0.61875022920688205 0.015097225873985822
260 3 910.910911 67.500000 0.61875022920688205 0.015097225873985822
261 0 914.414414 0.000000 0.61609874721540692 0.01493813835989153
261 1 914.414414 22.500000 0.61609874721540692 0.01493813835989153
261 2 914.414414 45.000000 0.61609874721540692 0.01493813835989153
261 3 914.414414 67.500000 0.61609874721540692 0.01493813835989153
262 0 917.917918 0.000000 0.61422694280706136 0.01469498209515234
262 1 917.917918 22.500000 0.61422694280706136 0.01469498209515234
262 2 917.917918 45.000000 0.61422694280706136 0.01469498209515234
262 3 917.917918 67.500000 0.61422694280706136 0.01469498209515234
263 0 921.421421 0.000000 0.61346371332189953 0.014408936917352514
263 1 921.421421 22.500000 0.61346371332189953 0.014408936917352514
263 2 921.421421 45.000000 0.61346371332189953 0.014408936917352514
263 3 921.421421 67.500000 0.61346371332189953 0.014408936917352514
264 0 924.924925 0.000000 0.61395081549772201 0.014128983928940683
264 1 924.924925 22.500000 0.61395081549772201 0.014128983928940683
264 2 924.924925 45.000000 0.61395081549772201 0.014128983928940683
264 3 924.924925 67.500000 0.61395081549772201 0.014128983928940683
265 0 928.428428 0.000000 0.61561733956349496 0.013903529618647624
265 1 928.428428 22.500000 0.61561733956349496 0.013903529618647624
265 2 928.428428 45.000000 0.61561733956349496 0.013903529618647624
265 3 928.428428 67.500000 0.61561733956349496 0.013903529618647624
266 0 931.931932 0.000000 0.61818936206087616 0.013772047789226784
266 1 931.931932 22.500000 0.61818936206087616 0.013772047789226784
266 2 931.931932 45.000000 0.61818936206087616 0.013772047789226784
266 3 931.931932 67.500000 0.61818936206087616 0.013772047789226784
267 0 935.435435 0.000000 0.62123374960245992 0.013758180392022786
267 1 935.435435 22.500000 0.62123374960245992 0.013758180392022786
267 2 935.435435 45.000000 0.62123374960245992 0.013758180392022786
267 3 935.435435 67.500000 0.62123374960245992 0.013758180392022786
268 0 938.938939 0.000000 0.62422985065619385 0.013865500983506411
268 1 938.938939 22.500000 0.62422985065619385 0.013865500983506411
268 2 938.938939 45.000000 0.62422985065619385 0.013865500983506411
268 3 938.938939 67.500000 0.62422985065619385 0.013865500983506411
269 0 942.442442 0.000000 0.62665798441169118 0.014076697482799414
269 1 942.442442 22.500000 0.62665798441169118 0.014076697482799414
269 2 942.442442 45.000000 0.62665798441169118 0.014076697482799414
269 3 942.442442 67.500000 0.62665798441169118 0.014076697482799414
270 0 945.945946 0.000000 0.62809000837786511 0.014356349150230251
270 1 945.945946 22.500000 0.62809000837786511 0.014356349150230251
270 2 945.945946 45.000000 0.62809000837786511 0.014356349150230251
270 3 945.945946 67.500000 0.62809000837786511 0.014356349150230251
271 0 949.449449 0.000000 0.62826585405020052 0.014656855067227095
271 1 949.449449 22.500000 0.62826585405020052 0.014656855067227095
271 2 949.449449 45.000000 0.62826585405020052 0.014656855067227095
271 3 949.449449 67.500000 0.62826585405020052 0.014656855067227095
272 0 952.952953 0.000000 0.62714160743401182 0.014926523863062412
272 1 952.952953 22.500000 0.62714160743401182 0.014926523863062412
272 2 952.952953 45.000000 0.62714160743401182 0.014926523863062412
272 3 952.952953 67.500000 0.62714160743401182 0.014926523863062412
273 0 956.456456 0.000000 0.62489960289702717 0.015118451971862642
273 1 956.456456 22.500000 0.62489960289702717 0.015118451971862642
273 2 956.456456 45.000000 0.62489960289702717 0.015118451971862642
273 3 956.456456 67.500000 0.62489960289702717 0.015118451971862642
274 0 959.959960 0.000000 0.6219182110861049 0.015198667819135182
274 1 959.959960 22.500000 0.6219182110861049 0.015198667819135182
274 2 959.959960 45.000000 0.6219182110861049 0.015198667819135182
274 3 959.959960 67.500000 0.6219182110861049 0.015198667819135182
275 0 963.463463 0.000000 0.61870682389352372 0.015152130188978862
275 1 963.463463 22.500000 0.61870682389352372 0.015152130188978862
275 2 963.463463 45.000000 0.61870682389352372 0.015152130188978862
275 3 963.463463 67.500000 0.61870682389352372 0.015152130188978862
276 0 966.966967 0.000000 0.61581803825739723 0.014985524184644607
276 1 966.966967 22.500000 0.61581803825739723 0.014985524184644607
276 2 966.966967 45.000000 0.61581803825739723 0.014985524184644607
276 3 966.966967 67.500000 0.61581803825739723 0.014985524184644607
277 0 970.470470 0.000000 0.6137527814872149 0.0147263390305662
277 1 970.470470 22.500000 0.6137527814872149 0.0147263390305662
277 2 970.470470 45.000000 0.6137527814872149 0.0147263390305662
277 3 970.470470 67.500000 0.6137527814872149 0.0147263390305662
278 0 973.973974 0.000000 0.61287462661925984 0.014418347284701091
278 1 973.973974 22.500000 0.61287462661925984 0.014418347284701091
278 2 973.973974 45.000000 0.61287462661925984 0.014418347284701091
278 3 973.973974 67.500000 0.61287462661925984 0.014418347284701091
279 0 977.477477 0.000000 0.61334726924807681 0.014114226444847569
279 1 977.477477 22.500000 0.61334726924807681 0.014114226444847569
279 2 977.477477 45.000000 0.61334726924807681 0.014114226444847569
279 3 977.477477 67.500000 0.61334726924807681 0.014114226444847569
280 0 980.980981 0.000000 0.61510501756687475 0.013866564312804754
280 1 980.980981 22.500000 0.61510501756687475 0.013866564312804754
280 2 980.980981 45.000000 0.61510501756687475 0.013866564312804754
280 3 980.980981 67.500000 0.61510501756687475 0.013866564312804754
281 0 984.484484 0.000000 0.61786107241430732 0.013718781397715542
281 1 984.484484 22.500000 0.61786107241430732 0.013718781397715542
281 2 984.484484 45.000000 0.61786107241430732 0.013718781397715542
281 3 984.484484 67.500000 0.61786107241430732 0.013718781397715542
282 0 987.987988 0.000000 0.62115288550556036 0.01369753461034677
282 1 987.987988 22.500000 0.62115288550556036 0.01369753461034677
282 2 987.987988 45.000000 0.62115288550556036 0.01369753461034677
282 3 987.987988 67.500000 0.62115288550556036 0.01369753461034677
283 0 991.491491 0.000000 0.62441828328102145 0.013807928378763273
283 1 991.491491 22.500000 0.62441828328102145 0.013807928378763273
283 2 991.491491 45.000000 0.62441828328102145 0.013807928378763273
283 3 991.491491 67.500000 0.62441828328102145 0.013807928378763273
284 0 994.994995 0.000000 0.62709075629580058 0.014032390171278192
284 1 994.994995 22.500000 0.62709075629580058 0.014032390171278192
284 2 994.994995 45.000000 0.62709075629580058 0.014032390171278192
284 3 994.994995 67.500000 0.62709075629580058 0.014032390171278192
285 0 998.498498 0.000000 0.62869817759041435 0.014333445476081546
285 1 998.498498 22.500000 0.62869817759041435 0.014333445476081546
285 2 998.498498 45.000000 0.62869817759041435 0.014333445476081546
285 3 998.498498 67.500000 0.62869817759041435 0.014333445476081546
286 0 1002.002002 0.000000 0.62894740031375418 0.014659957934638156
286 1 1002.002002 22.500000 0.62894740031375418 0.014659957934638156
286 2 1002.002002 45.000000 0.62894740031375418 0.014659957934638156
286 3 1002.002002 67.500000 0.62894740031375418 0.014659957934638156
287 0 1005.505506 0.000000 0.62777871881424363 0.014955798254173543
287 1 1005.505506 22.500000 0.62777871881424363 0.014955798254173543
287 2 1005.505506 45.000000 0.62777871881424363 0.014955798254173543
287 3 1005.505506 67.500000 0.62777871881424363 0.014955798254173543
288 0 1009.009009 0.000000 0.62537930579611878 0.01516947512963899
288 1 1009.009009 22.500000 0.62537930579611878 0.01516947512963899
288 2 1009.009009 45.000000 0.62537930579611878 0.01516947512963899
288 3 1009.009009 67.500000 0.62537930579611878 0.01516947512963899
289 0 1012.512513 0.000000 0.62215256060429813 0.015263078718187223
289 1 1012.512513 22.500000 0.62215256060429813 0.015263078718187223
289 2 1012.512513 45.000000 0.62215256060429813 0.015263078718187223
289 3 1012.512513 67.500000 0.62215256060429813 0.015263078718187223
290 0 1016.016016 0.000000 0.61864894025051087 0.015218986503954507
290 1 1016.016016 22.500000 0.61864894025051087 0.015218986503954507
290 2 1016.016016 45.000000 0.61864894025051087 0.015218986503954507
290 3 1016.016016 67.500000 0.61864894025051087 0.015218986503954507
291 0 1019.519520 0.000000 0.61547111097173823 0.015043148822084292
291 1 1019.519520 22.500000 0.61547111097173823 0.015043148822084292
291 2 1019.519520 45.000000 0.61547111097173823 0.015043148822084292
291 3 1019.519520 67.500000 0.61547111097173823 0.015043148822084292
292 0 1023.023023 0.000000 0.61317050374454929 0.014764346745838453
292 1 1023.023023 22.500000 0.61317050374454929 0.014764346745838453
292 2 1023.023023 45.000000 0.61317050374454929 0.014764346745838453
292 3 1023.023023 67.500000 0.61317050374454929 0.014764346745838453
293 0 1026.526527 0.000000 0.61215301865401917 0.01442950186783082
293 1 1026.526527 22.500000 0.61215301865401917 0.01442950186783082
293 2 1026.526527 45.000000 0.61215301865401917 0.01442950186783082
293 3 1026.526527 67.500000 0.61215301865401917 0.01442950186783082
294 0 1030.030030 0.000000 0.61260921164012672 0.014095798823670264
294 1 1030.030030 22.500000 0.61260921164012672 0.014095798823670264
294 2 1030.030030 45.000000 0.61260921164012672 0.014095798823670264
294 3 1030.030030 67.500000 0.61260921164012672 0.014095798823670264
295 0 1033.533534 0.000000 0.61447989043713735 0.013820939881712581
295 1 1033.533534 22.500000 0.61447989043713735 0.013820939881712581
295 2 1033.533534 45.000000 0.61447989043713735 0.013820939881712581
295 3 1033.533534 67.500000 0.61447989043713735 0.013820939881712581
296 0 1037.037037 0.000000 0.61746264476499946 0.013653188960157762
296 1 1037.037037 22.500000 0.61746264476499946 0.013653188960157762
296 2 1037.037037 45.000000 0.61746264476499946 0.013653188960157762
296 3 1037.037037 67.500000 0.61746264476499946 0.013653188960157762
297 0 1040.540541 0.000000 0.62105900135371084 0.013622919183247414
297 1 1040.540541 22.500000 0.62105900135371084 0.013622919183247414
297 2 1040.540541 45.000000 0.62105900135371084 0.013622919183247414
297 3 1040.540541 67.500000 0.62105900135371084 0.013622919183247414
298 0 1044.044044 0.000000 0.62465587075285667 0.013737140348458398
298 1 1044.044044 22.500000 0.62465587075285667 0.013737140348458398
298 2 1044.044044 45.000000 0.62465587075285667 0.013737140348458398
298 3 1044.044044 67.500000 0.62465587075285667 0.013737140348458398
299 0 1047.547548 0.000000 0.62762911240820096 0.013977987732509703
299 1 1047.547548 22.500000 0.62762911240820096 0.013977987732509703
299 2 1047.547548 45.000000 0.62762911240820096 0.013977987732509703
299 3 1047.547548 67.500000 0.62762911240820096 0.013977987732509703
300 0 1051.051051 0.000000 0.62945226974892354 0.014305483496193361
300 1 1051.051051 22.500000 0.62945226974892354 0.014305483496193361
300 2 1051.051051 45.000000 0.62945226974892354 0.014305483496193361
300 3 1051.051051 67.500000 0.62945226974892354 0.014305483496193361
301 0 1054.554555 0.000000 0.62979116329672391 0.014664149688873846
301 1 1054.554555 22.500000 0.62979116329672391 0.014664149688873846
301 2 1054.554555 45.000000 0.62979116329672391 0.014664149688873846
301 3 1054.554555 67.500000 0.62979116329672391 0.014664149688873846
302 0 1058.058058 0.000000 0.62856633712307852 0.014992382728754186
302 1 1058.058058 22.500000 0.62856633712307852 0.014992382728754186
302 2 1058.058058 45.000000 0.62856633712307852 0.014992382728754186
302 3 1058.058058 67.500000 0.62856633712307852 0.014992382728754186
303 0 1061.561562 0.000000 0.62597075028492155 0.015233009193678069
303 1 1061.561562 22.500000 0.62597075028492155 0.015233009193678069
303 2 1061.561562 45.000000 0.62597075028492155 0.015233009193678069
303 3 1061.561562 67.500000 0.62597075028492155 0.015233009193678069
304 0 1065.065065 0.000000 0.62243868066477404 0.01534321842918435
304 1 1065.065065 22.500000 0.62243868066477404 0.01534321842918435
304 2 1065.065065 45.000000 0.62243868066477404 0.01534321842918435
304 3 1065.065065 67.500000 0.62243868066477404 0.01534321842918435
305 0 1068.568569 0.000000 0.6185714716574322 0.015302150918024612
305 1 1068.568569 22.500000 0.6185714716574322 0.015302150918024612
305 2 1068.568569 45.000000 0.6185714716574322 0.015302150918024612
305 3 1068.568569 67.500000 0.6185714716574322 0.015302150918024612
306 0 1072.072072 0.000000 0.61503399257653579 0.015114802236722744
306 1 1072.072072 22.500000 0.61503399257653579 0.015114802236722744
306 2 1072.072072 45.000000 0.61503399257653579 0.015114802236722744
306 3 1072.072072 67.500000 0.61503399257653579 0.015114802236722744
307 0 1075.575576 0.000000 0.61244056764272781 0.014811519151662894
307 1 1075.575576 22.500000 0.61244056764272781 0.014811519151662894
307 2 1075.575576 45.000000 0.61244056764272781 0.014811519151662894
307 3 1075.575576 67.500000 0.61244056764272781 0.014811519151662894
308 0 1079.079079 0.000000 0.61124997839266615 0.014443114020032323
308 1 1079.079079 22.500000 0.61124997839266615 0.014443114020032323
308 2 1079.079079 45.000000 0.61124997839266615 0.014443114020032323
308 3 1079.079079 67.500000 0.61124997839266615 0.014443114020032323
309 0 1082.582583 0.000000 0.61168655257241855 0.01407237898384762
309 1 1082.582583 22.500000 0.61168655257241855 0.01407237898384762
309 2 1082.582583 45.000000 0.61168655257241855 0.01407237898384762
309 3 1082.582583 67.500000 0.61168655257241855 0.01407237898384762
310 0 1086.086086 0.000000 0.61369958371926492 0.013763412612583487
310 1 1086.086086 22.500000 0.61369958371926492 0.013763412612583487
310 2 1086.086086 45.000000 0.61369958371926492 0.013763412612583487
310 3 1086.086086 67.500000 0.61369958371926492 0.013763412612583487
311 0 1089.589590 0.000000 0.61696753329652154 0.013570568378327532
311 1 1089.589590 22.500000 0.61696753329652154 0.013570568378327532
311 2 1089.589590 45.000000 0.61696753329652154 0.013570568378327532
311 3 1089.589590 67.500000 0.61696753329652154 0.013570568378327532
312 0 1093.093093 0.000000 0.6209472377887616 0.013528925143419234
312 1 1093.093093 22.500000 0.6209472377887616 0.013528925143419234
312 2 1093.093093 45.000000 0.6209472377887616 0.013528925143419234
312 3 1093.093093 67.500000 0.6209472377887616 0.013528925143419234
313 0 1096.596597 0.000000 0.62496182946393108 0.013647944808254943
313 1 1096.596597 22.500000 0.62496182946393108 0.013647944808254943
313 2 1096.596597 45.000000 0.62496182946393108 0.013647944808254943
313 3 1096.596597 67.500000 0.62496182946393108 0.013647944808254943
314 0 1100.100100 0.000000 0.62831456266948515 0.013909457234155046
314 1 1100.100100 22.500000 0.62831456266948515 0.013909457234155046
314 2 1100.100100 45.000000 0.62831456266948515 0.013909457234155046
314 3 1100.100100 67.500000 0.62831456266948515 0.013909457234155046
315 0 1103.603604 0.000000 0.63041014053113154 0.014270383694660962
315 1 1103.603604 22.500000 0.63041014053113154 0.014270383694660962
315 2 1103.603604 45.000000 0.63041014053113154 0.014270383694660962
315 3 1103.603604 67.500000 0.63041014053113154 0.014270383694660962
316 0 1107.107107 0.000000 0.63086202710557804 0.014669799841665724
316 1 1107.107107 22.500000 0.63086202710557804 0.014669799841665724
316 2 1107.107107 45.000000 0.63086202710557804 0.014669799841665724
316 3 1107.107107 67.500000 0.63086202710557804 0.014669799841665724
317 0 1110.610611 0.000000 0.62956518935106232 0.015039185666877111
317 1 1110.610611 22.500000 0.62956518935106232 0.015039185666877111
317 2 1110.610611 45.000000 0.62956518935106232 0.015039185666877111
317 3 1110.610611 67.500000 0.62956518935106232 0.015039185666877111
318 0 1114.114114 0.000000 0.62671940597323716 0.015314143606683071
318 1 1114.114114 22.500000 0.62671940597323716 0.015314143606683071
318 2 1114.114114 45.000000 0.62671940597323716 0.015314143606683071
318 3 1114.114114 67.500000 0.62671940597323716 0.015314143606683071
319 0 1117.617618 0.000000 0.62279780502388993 0.015445586937675296
319 1 1117.617618 22.500000 0.62279780502388993 0.015445586937675296
319 2 1117.617618 45.000000 0.62279780502388993 0.015445586937675296
319 3 1117.617618 67.500000 0.62279780502388993 0.015445586937675296
320 0 1121.121121 0.000000 0.61846628525785252 0.015408461211973591
320 1 1121.121121 22.500000 0.61846628525785252 0.015408461211973591
320 2 1121.121121 45.000000 0.61846628525785252 0.015408461211973591
320 3 1121.121121 67.500000 0.61846628525785252 0.015408461211973591
321 0 1124.624625 0.000000 0.61446899269240407 0.0152064563956066
321 1 1124.624625 22.500000 0.61446899269240407 0.0152064563956066
321 2 1124.624625 45.000000 0.61446899269240407 0.0152064563956066
321 3 1124.624625 67.500000 0.61446899269240407 0.0152064563956066
322 0 1128.128128 0.000000 0.61150074260508125 0.01487183380307049
322 1 1128.128128 22.500000 0.61150074260508125 0.01487183380307049
322 2 1128.128128 45.000000 0.61150074260508125 0.01487183380307049
322 3 1128.128128 67.500000 0.61150074260508125 0.01487183380307049
323 0 1131.631632 0.000000 0.61008836328379734 0.014460319481095824
323 1 1131.631632 22.500000 0.61008836328379734 0.014460319481095824
323 2 1131.631632 45.000000 0.61008836328379734 0.014460319481095824
323 3 1131.631632 67.500000 0.61008836328379734 0.014460319481095824
324 0 1135.135135 0.000000 0.61050009705628505 0.014041864632765052
324 1 1135.135135 22.500000 0.61050009705628505 0.014041864632765052
324 2 1135.135135 45.000000 0.61050009705628505 0.014041864632765052
324 3 1135.135135 67.500000 0.61050009705628505 0.014041864632765052
325 0 1138.638639 0.000000 0.61269695580574168 0.01368879840184717
325 1 1138.638639 22.500000 0.61269695580574168 0.01368879840184717
325 2 1138.638639 45.000000 0.61269695580574168 0.01368879840184717
325 3 1138.638639 67.500000 0.61269695580574168 0.01368879840184717
326 0 1142.142142 0.000000 0.61633366343497176 0.013463372319969035
326 1 1142.142142 22.500000 0.61633366343497176 0.013463372319969035
326 2 1142.142142 45.000000 0.61633366343497176 0.013463372319969035
326 3 1142.142142 67.500000 0.61633366343497176 0.013463372319969035
327 0 1145.645646 0.000000 0.62081014218803598 0.013406833472329613
327 1 1145.645646 22.500000 0.62081014218803598 0.013406833472329613
327 2 1145.645646 45.000000 0.62081014218803598 0.013406833472329613
327 3 1145.645646 67.500000 0.62081014218803598 0.013406833472329613
328 0 1149.149149 0.000000 0.6253674210786786 0.013531935836671241
328 1 1149.149149 22.500000 0.6253674210786786 0.013531935836671241
328 2 1149.149149 45.000000 0.6253674210786786 0.013531935836671241
328 3 1149.149149 67.500000 0.6253674210786786 0.013531935836671241
329 0 1152.652653 0.000000 0.62921448552836745 0.013820239418290151
329 1 1152.652653 22.500000 0.62921448552836745 0.013820239418290151
329 2 1152.652653 45.000000 0.62921448552836745 0.013820239418290151
329 3 1152.652653 67.500000 0.62921448552836745 0.013820239418290151
330 0 1156.156156 0.000000 0.63166589483407276 0.014224745428724341
330 1 1156.156156 22.500000 0.63166589483407276 0.014224745428724341
330 2 1156.156156 45.000000 0.63166589483407276 0.014224745428724341
330 3 1156.156156 67.500000 0.63166589483407276 0.014224745428724341
331 0 1159.659660 0.000000 0.63226582810098086 0.014677506472247614
331 1 1159.659660 22.500000 0.63226582810098086 0.014677506472247614
331 2 1159.659660 45.000000 0.63226582810098086 0.014677506472247614
331 3 1159.659660 67.500000 0.63226582810098086 0.014677506472247614
332 0 1163.163163 0.000000 0.63087461846724457 0.015100987887301905
332 1 1163.163163 22.500000 0.63087461846724457 0.015100987887301905
332 2 1163.163163 45.000000 0.63087461846724457 0.015100987887301905
332 3 1163.163163 67.500000 0.63087461846724457 0.015100987887301905
333 0 1166.666667 0.000000 0.6276998370990533 0.015421289036276434
333 1 1166.666667 22.500000 0.6276998370990533 0.015421289036276434
333 2 1166.666667 45.000000 0.6276998370990533 0.015421289036276434
333 3 1166.666667 67.500000 0.6276998370990533 0.015421289036276434
334 0 1170.170170 0.000000 0.62326473832668083 0.015580979440644309
334 1 1170.170170 22.500000 0.62326473832668083 0.015580979440644309
334 2 1170.170170 45.000000 0.62326473832668083 0.015580979440644309
334 3 1170.170170 67.500000 0.62326473832668083 0.015580979440644309
335 0 1173.673674 0.000000 0.61831965585788007 0.015549330469772847
335 1 1173.673674 22.500000 0.61831965585788007 0.015549330469772847
335 2 1173.673674 45.000000 0.61831965585788007 0.015549330469772847
335 3 1173.673674 67.500000 0.61831965585788007 0.015549330469772847
336 0 1177.177177 0.000000 0.61371319644205602 0.01532813108613908
336 1 1177.177177 22.500000 0.61371319644205602 0.01532813108613908
336 2 1177.177177 45.000000 0.61371319644205602 0.01532813108613908
336 3 1177.177177 67.500000 0.61371319644205602 0.01532813108613908
337 0 1180.680681 0.000000 0.61024693666530772 0.01495200273726764
337 1 1180.680681 22.500000 0.61024693666530772 0.01495200273726764
337 2 1180.680681 45.000000 0.61024693666530772 0.01495200273726764
337 3 1180.680681 67.500000 0.61024693666530772 0.01495200273726764
338 0 1184.184184 0.000000 0.60853872413564902 0.014483054894433925
338 1 1184.184184 22.500000 0.60853872413564902 0.014483054894433925
338 2 1184.184184 45.000000 0.60853872413564902 0.014483054894433925
338 3 1184.184184 67.500000 0.60853872413564902 0.014483054894433925
339 0 1187.687688 0.000000 0.60891648619132133 0.014000693610044811
339 1 1187.687688 22.500000 0.60891648619132133 0.014000693610044811
339 2 1187.687688 45.000000 0.60891648619132133 0.014000693610044811
339 3 1187.687688 67.500000 0.60891648619132133 0.014000693610044811
340 0 1191.191191 0.000000 0.61135857936815596 0.01358824500285374
340 1 1191.191191 22.500000 0.61135857936815596 0.01358824500285374
340 2 1191.191191 45.000000 0.61135857936815596 0.01358824500285374
340 3 1191.191191 67.500000 0.61135857936815596 0.01358824500285374
341 0 1194.694695 0.000000 0.61548986914378578 0.013318635741598119
341 1 1194.694695 22.500000 0.61548986914378578 0.013318635741598119
341 2 1194.694695 45.000000 0.61548986914378578 0.013318635741598119
341 3 1194.694695 67.500000 0.61548986914378578 0.013318635741598119
342 0 1198.198198 0.000000 0.62063556737998415 0.013241578755139958
342 1 1198.198198 22.500000 0.62063556737998415 0.013241578755139958
342 2 1198.198198 45.000000 0.62063556737998415 0.013241578755139958
342 3 1198.198198 67.500000 0.62063556737998415 0.013241578755139958
343 0 1201.701702 0.000000 0.62592714143082762 0.013374502033915946
343 1 1201.701702 22.500000 0.62592714143082762 0.013374502033915946
343 2 1201.701702 45.000000 0.62592714143082762 0.013374502033915946
343 3 1201.701702 67.500000 0.62592714143082762 0.013374502033915946
344 0 1205.205205 0.000000 0.63044618208721614 0.013698859522731933
344 1 1205.205205 22.500000 0.63044618208721614 0.013698859522731933
344 2 1205.205205 45.000000 0.63044618208721614 0.013698859522731933
344 3 1205.205205 67.500000 0.63044618208721614 0.013698859522731933
345 0 1208.708709 0.000000 0.6333839027648922 0.01416257082444407
345 1 1208.708709 22.500000 0.6333839027648922 0.01416257082444407
345 2 1208.708709 45.000000 0.6333839027648922 0.01416257082444407
345 3 1208.708709 67.500000 0.6333839027648922 0.01416257082444407
346 0 1212.212212 0.000000 0.63418819549349015 0.014688297903333272
346 1 1212.212212 22.500000 0.63418819549349015 0.014688297903333272
346 2 1212.212212 45.000000 0.63418819549349015 0.014688297903333272
346 3 1212.212212 67.500000 0.63418819549349015 0.014688297903333272
347 0 1215.715716 0.000000 0.63266961099653174 0.015186257282789951
347 1 1215.715716 22.500000 0.63266961099653174 0.015186257282789951
347 2 1215.715716 45.000000 0.63266961099653174 0.015186257282789951
347 3 1215.715716 67.500000 0.63266961099653174 0.015186257282789951
348 0 1219.219219 0.000000 0.6290438986187612 0.015569459001764782
348 1 1219.219219 22.500000 0.6290438986187612 0.015569459001764782
348 2 1219.219219 45.000000 0.6290438986187612 0.015569459001764782
348 3 1219.219219 67.500000 0.6290438986187612 0.015569459001764782
349 0 1222.722723 0.000000 0.62390111890458999 0.015768801303438811
349 1 1222.722723 22.500000 0.62390111890458999 0.015768801303438811
349 2 1222.722723 45.000000 0.62390111890458999 0.015768801303438811
349 3 1222.722723 67.500000 0.62390111890458999 0.015768801303438811
350 0 1226.226226 0.000000 0.61810662989059906 0.015745419047647487
350 1 1226.226226 22.500000 0.61810662989059906 0.015745419047647487
350 2 1226.226226 45.000000 0.61810662989059906 0.015745419047647487
350 3 1226.226226 67.500000 0.61810662989059906 0.015745419047647487
351 0 1229.729730 0.000000 0.6126530088349732 0.015498098557400026
351 1 1229.729730 22.500000 0.6126530088349732 0.015498098557400026
351 2 1229.729730 45.000000 0.6126530088349732 0.015498098557400026
351 3 1229.729730 67.500000 0.6126530088349732 0.015498098557400026
352 0 1233.233233 0.000000 0.60849048412089279 0.01506437052589168
352 1 1233.233233 22.500000 0.60849048412089279 0.01506437052589168
352 2 1233.233233 45.000000 0.60849048412089279 0.01506437052589168
352 3 1233.233233 67.500000 0.60849048412089279 0.01506437052589168
353 0 1236.736737 0.000000 0.6063652806393971 0.014514947262927172
353 1 1236.736737 22.500000 0.6063652806393971 0.014514947262927172
353 2 1236.736737 45.000000 0.6063652806393971 0.014514947262927172
353 3 1236.736737 67.500000 0.6063652806393971 0.014514947262927172
354 0 1240.240240 0.000000 0.60669154164614969 0.013942306054369219
354 1 1240.240240 22.500000 0.60669154164614969 0.013942306054369219
354 2 1240.240240 45.000000 0.60669154164614969 0.013942306054369219
354 3 1240.240240 67.500000 0.60669154164614969 0.013942306054369219
355 0 1243.743744 0.000000 0.60947572361410818 0.013445244266468717
355 1 1243.743744 22.500000 0.60947572361410818 0.013445244266468717
355 2 1243.743744 45.000000 0.60947572361410818 0.013445244266468717
355 3 1243.743744 67.500000 0.60947572361410818 0.013445244266468717
356 0 1247.247247 0.000000 0.61430479769739987 0.013111966423164168
356 1 1247.247247 22.500000 0.61430479769739987 0.013111966423164168
356 2 1247.247247 45.000000 0.61430479769739987 0.013111966423164168
356 3 1247.247247 67.500000 0.61430479769739987 0.013111966423164168
357 0 1250.750751 0.000000 0.62040195482452731 0.013004576633172848
357 1 1250.750751 22.500000 0.62040195482452731 0.013004576633172848
357 2 1250.750751 45.000000 0.62040195482452731 0.013004576633172848
357 3 1250.750751 67.500000 0.62040195482452731 0.013004576633172848
358 0 1254.254254 0.000000 0.62674514875078491 0.01314767820391465
358 1 1254.254254 22.500000 0.62674514875078491 0.01314767820391465
358 2 1254.254254 45.000000 0.62674514875078491 0.01314767820391465
358 3 1254.254254 67.500000 0.62674514875078491 0.01314767820391465
359 0 1257.757758 0.000000 0.63223401894251208 0.013523144040334089
359 1 1257.757758 22.500000 0.63223401894251208 0.013523144040334089
359 2 1257.757758 45.000000 0.63223401894251208 0.013523144040334089
359 3 1257.757758 67.500000 0.63223401894251208 0.013523144040334089
360 0 1261.261261 0.000000 0.63588028980762867 0.014072114457142085
360 1 1261.261261 22.500000 0.63588028980762867 0.014072114457142085
360 2 1261.261261 45.000000 0.63588028980762867 0.014072114457142085
360 3 1261.261261 67.500000 0.63588028980762867 0.014072114457142085
361 0 1264.764765 0.000000 0.63698844892081086 0.014704066419759548
361 1 1264.764765 22.500000 0.63698844892081086 0.014704066419759548
361 2 1264.764765 45.000000 0.63698844892081086 0.014704066419759548
361 3 1264.764765 67.500000 0.63698844892081086 0.014704066419759548
362 0 1268.268268 0.000000 0.63529117281553682 0.015311581935238558
362 1 1268.268268 22.500000 0.63529117281553682 0.015311581935238558
362 2 1268.268268 45.000000 0.63529117281553682 0.015311581935238558
362 3 1268.268268 67.500000 0.63529117281553682 0.015311581935238558
363 0 1271.771772 0.000000 0.63101028395701808 0.015788430755551957
363 1 1271.771772 22.500000 0.63101028395701808 0.015788430755551957
363 2 1271.771772 45.000000 0.63101028395701808 0.015788430755551957
363 3 1271.771772 67.500000 0.63101028395701808 0.015788430755551957
364 0 1275.275275 0.000000 0.62482862516490412 0.016047951498787256
364 1 1275.275275 22.500000 0.62482862516490412 0.016047951498787256
364 2 1275.275275 45.000000 0.62482862516490412 0.016047951498787256
364 3 1275.275275 67.500000 0.62482862516490412 0.016047951498787256
365 0 1278.778779 0.000000 0.61777727820668982 0.016038582977969687
365 1 1278.778779 22.500000 0.61777727820668982 0.016038582977969687
365 2 1278.778779 45.000000 0.61777727820668982 0.016038582977969687
365 3 1278.778779 67.500000 0.61777727820668982 0.016038582977969687
366 0 1282.282282 0.000000 0.61106019904316389 0.015753799322361504
366 1 1282.282282 22.500000 0.61106019904316389 0.015753799322361504
366 2 1282.282282 45.000000 0.61106019904316389 0.015753799322361504
366 3 1282.282282 67.500000 0.61106019904316389 0.015753799322361504
367 0 1285.785786 0.000000 0.60584946550671626 0.01523458389916091
367 1 1285.785786 22.500000 0.60584946550671626 0.01523458389916091
367 2 1285.785786 45.000000 0.60584946550671626 0.01523458389916091
367 3 1285.785786 67.500000 0.60584946550671626 0.01523458389916091
368 0 1289.289289 0.000000 0.60308683019301856 0.014563800783016022
368 1 1289.289289 22.500000 0.60308683019301856 0.014563800783016022
368 2 1289.289289 45.000000 0.60308683019301856 0.014563800783016022
368 3 1289.289289 67.500000 0.60308683019301856 0.014563800783016022
369 0 1292.792793 0.000000 0.60332263660338714 0.013853189627181682
369 1 1292.792793 22.500000 0.60332263660338714 0.013853189627181682
369 2 1292.792793 45.000000 0.60332263660338714 0.013853189627181682
369 3 1292.792793 67.500000 0.60332263660338714 0.013853189627181682
370 0 1296.296296 0.000000 0.60661500502244137 0.013224991787635065
370 1 1296.296296 22.500000 0.60661500502244137 0.013224991787635065
370 2 1296.296296 45.000000 0.60661500502244137 0.013224991787635065
370 3 1296.296296 67.500000 0.60661500502244137 0.013224991787635065
371 0 1299.799800 0.000000 0.61250372686377585 0.012791192315758688
371 1 1299.799800 22.500000 0.61250372686377585 0.012791192315758688
371 2 1299.799800 45.000000 0.61250372686377585 0.012791192315758688
371 3 1299.799800 67.500000 0.61250372686377585 0.012791192315758688
372 0 1303.303303 0.000000 0.6200654033195836 0.012633859598047916
372 1 1303.303303 22.500000 0.6200654033195836 0.012633859598047916
372 2 1303.303303 45.000000 0.6200654033195836 0.012633859598047916
372 3 1303.303303 67.500000 0.6200654033195836 0.012633859598047916
373 0 1306.806807 0.000000 0.62804759224878515 0.012789983999693841
373 1 1306.806807 22.500000 0.62804759224878515 0.012789983999693841
373 2 1306.806807 45.000000 0.62804759224878515 0.012789983999693841
373 3 1306.806807 67.500000 0.62804759224878515 0.012789983999693841
374 0 1310.310310 0.000000 0.63506825202740491 0.013243555809867528
374 1 1310.310310 22.500000 0.63506825202740491 0.013243555809867528
374 2 1310.310310 45.000000 0.63506825202740491 0.013243555809867528
374 3 1310.310310 67.500000 0.63506825202740491 0.013243555809867528
375 0 1313.813814 0.000000 0.6398528426462754 0.013926476021614131
375 1 1313.813814 22.500000 0.6398528426462754 0.013926476021614131
375 2 1313.813814 45.000000 0.6398528426462754 0.013926476021614131
375 3 1313.813814 67.500000 0.6398528426462754 0.013926476021614131
376 0 1317.317317 0.000000 0.64146861429696322 0.014728440597265583
376 1 1317.317317 22.500000 0.64146861429696322 0.014728440597265583
376 2 1317.317317 45.000000 0.64146861429696322 0.014728440597265583
376 3 1317.317317 67.500000 0.64146861429696322 0.014728440597265583
377 0 1320.820821 0.000000 0.63950957809539399 0.015514416236622256
377 1 1320.820821 22.500000 0.63950957809539399 0.015514416236622256
377 2 1320.820821 45.000000 0.63950957809539399 0.015514416236622256
377 3 1320.820821 67.500000 0.63950957809539399 0.015514416236622256
378 0 1324.324324 0.000000 0.63419116549777077 0.016146988290725684
378 1 1324.324324 22.500000 0.63419116549777077 0.016146988290725684
378 2 1324.324324 45.000000 0.63419116549777077 0.016146988290725684
378 3 1324.324324 67.500000 0.63419116549777077 0.016146988290725684
379 0 1327.827828 0.000000 0.62633126167389019 0.016509940739673074
379 1 1327.827828 22.500000 0.62633126167389019 0.016509940739673074
379 2 1327.827828 45.000000 0.62633126167389019 0.016509940739673074
379 3 1327.827828 67.500000 0.62633126167389019 0.016509940739673074
380 0 1331.331331 0.000000 0.61721943675721758 0.016529092400704819
380 1 1331.331331 22.500000 0.61721943675721758 0.016529092400704819
380 2 1331.331331 45.000000 0.61721943675721758 0.016529092400704819
380 3 1331.331331 67.500000 0.61721943675721758 0.016529092400704819
381 0 1334.834835 0.000000 0.60840057009610726 0.016186738023675647
381 1 1334.834835 22.500000 0.60840057009610726 0.016186738023675647
381 2 1334.834835 45.000000 0.60840057009610726 0.016186738023675647
381 3 1334.834835 67.500000 0.60840057009610726 0.016186738023675647
382 0 1338.338338 0.000000 0.6014148719214929 0.015526994604303214
382 1 1338.338338 22.500000 0.6014148719214929 0.015526994604303214
382 2 1338.338338 45.000000 0.6014148719214929 0.015526994604303214
382 3 1338.338338 67.500000 0.6014148719214929 0.015526994604303214
383 0 1341.841842 0.000000 0.5975400119812514 0.014650793051662886
383 1 1341.841842 22.500000 0.5975400119812514 0.014650793051662886
383 2 1341.841842 45.000000 0.5975400119812514 0.014650793051662886
383 3 1341.841842 67.500000 0.5975400119812514 0.014650793051662886
384 0 1345.345345 0.000000 0.59757473480437007 0.013700958282423256
384 1 1345.345345 22.500000 0.59757473480437007 0.013700958282423256
384 2 1345.345345 45.000000 0.59757473480437007 0.013700958282423256
384 3 1345.345345 67.500000 0.59757473480437007 0.013700958282423256
385 0 1348.848849 0.000000 0.60169269286972893 0.012839510794230376
385 1 1348.848849 22.500000 0.60169269286972893 0.012839510794230376
385 2 1348.848849 45.000000 0.60169269286972893 0.012839510794230376
385 3 1348.848849 67.500000 0.60169269286972893 0.012839510794230376
386 0 1352.352352 0.000000 0.60938558021856959 0.012220716947580885
386 1 1352.352352 22.500000 0.60938558021856959 0.012220716947580885
386 2 1352.352352 45.000000 0.60938558021856959 0.012220716947580885
386 3 1352.352352 67.500000 0.60938558021856959 0.012220716947580885
387 0 1355.855856 0.000000 0.6195074349199744 0.011964270651426256
387 1 1355.855856 22.500000 0.6195074349199744 0.011964270651426256
387 2 1355.855856 45.000000 0.6195074349199744 0.011964270651426256
387 3 1355.855856 67.500000 0.6195074349199744 0.011964270651426256
388 0 1359.359359 0.000000 0.63042419936870919 0.012133144368462922
388 1 1359.359359 22.500000 0.63042419936870919 0.012133144368462922
388 2 1359.359359 45.000000 0.63042419936870919 0.012133144368462922
388 3 1359.359359 67.500000 0.63042419936870919 0.012133144368462922
389 0 1362.862863 0.000000 0.64025973101198819 0.012720051377527263
389 1 1362.862863 22.500000 0.64025973101198819 0.012720051377527263
389 2 1362.862863 45.000000 0.64025973101198819 0.012720051377527263
389 3 1362.862863 67.500000 0.64025973101198819 0.012720051377527263
390 0 1366.366366 0.000000 0.64720982400630367 0.013645185528442592
390 1 1366.366366 22.500000 0.64720982400630367 0.013645185528442592
390 2 1366.366366 45.000000 0.64720982400630367 0.013645185528442592
390 3 1366.366366 67.500000 0.64720982400630367 0.013645185528442592
391 0 1369.869870 0.000000 0.64987372817592259 0.01476613528952001
391 1 1369.869870 22.500000 0.64987372817592259 0.01476613528952001
391 2 1369.869870 45.000000 0.64987372817592259 0.01476613528952001
391 3 1369.869870 67.500000 0.64987372817592259 0.01476613528952001
392 0 1373.373373 0.000000 0.64753743365779592 0.015898879312572705
392 1 1373.373373 22.500000 0.64753743365779592 0.015898879312572705
392 2 1373.373373 45.000000 0.64753743365779592 0.015898879312572705
392 3 1373.373373 67.500000 0.64753743365779592 0.015898879312572705
393 0 1376.876877 0.000000 0.64034415881739926 0.016846880200230542
393 1 1376.876877 22.500000 0.64034415881739926 0.016846880200230542
393 2 1376.876877 45.000000 0.64034415881739926 0.016846880200230542
393 3 1376.876877 67.500000 0.64034415881739926 0.016846880200230542
394 0 1380.380380 0.000000 0.6293088199612703 0.017433815734511679
394 1 1380.380380 22.500000 0.6293088199612703 0.017433815734511679
394 2 1380.380380 45.000000 0.6293088199612703 0.017433815734511679
394 3 1380.380380 67.500000 0.6293088199612703 0.017433815734511679
395 0 1383.883884 0.000000 0.61616941128366332 0.01753468017267051
395 1 1383.883884 22.500000 0.61616941128366332 0.01753468017267051
395 2 1383.883884 45.000000 0.61616941128366332 0.01753468017267051
395 3 1383.883884 67.500000 0.61616941128366332 0.01753468017267051
396 0 1387.387387 0.000000 0.60310637838742231 0.017100009919350113
396 1 1387.387387 22.500000 0.60310637838742231 0.017100009919350113
396 2 1387.387387 45.000000 0.60310637838742231 0.017100009919350113
396 3 1387.387387 67.500000 0.60310637838742231 0.017100009919350113
397 0 1390.890891 0.000000 0.59238728468919311 0.016168866734538073
397 1 1390.890891 22.500000 0.59238728468919311 0.016168866734538073
397 2 1390.890891 45.000000 0.59238728468919311 0.016168866734538073
397 3 1390.890891 67.500000 0.59238728468919311 0.016168866734538073
398 0 1394.394394 0.000000 0.58600065051039196 0.014867838886895414
398 1 1394.394394 22.500000 0.58600065051039196 0.014867838886895414
398 2 1394.394394 45.000000 0.58600065051039196 0.014867838886895414
398 3 1394.394394 67.500000 0.58600065051039196 0.014867838886895414
399 0 1397.897898 0.000000 0.58533230697285599 0.013395463171179655
399 1 1397.897898 22.500000 0.58533230697285599 0.013395463171179655
399 2 1397.897898 45.000000 0.58533230697285599 0.013395463171179655
399 3 1397.897898 67.500000 0.58533230697285599 0.013395463171179655
400 0 1401.401401 0.000000 0.59092054803682914 0.011993804432728685
400 1 1401.401401 22.500000 0.59092054803682914 0.011993804432728685
400 2 1401.401401 45.000000 0.59092054803682914 0.011993804432728685
400 3 1401.401401 67.500000 0.59092054803682914 0.011993804432728685
401 0 1404.904905 0.000000 0.60231426156524381 0.010911088212094897
401 1 1404.904905 22.500000 0.60231426156524381 0.010911088212094897
401 2 1404.904905 45.000000 0.60231426156524381 0.010911088212094897
401 3 1404.904905 67.500000 0.60231426156524381 0.010911088212094897
402 0 1408.408408 0.000000 0.61805556171058007 0.010360915468358862
402 1 1408.408408 22.500000 0.61805556171058007 0.010360915468358862
402 2 1408.408408 45.000000 0.61805556171058007 0.010360915468358862
402 3 1408.408408 67.500000 0.61805556171058007 0.010360915468358862
403 0 1411.911912 0.000000 0.63580937378732882 0.010484416464976871
403 1 1411.911912 22.500000 0.63580937378732882 0.010484416464976871
403 2 1411.911912 45.000000 0.63580937378732882 0.010484416464976871
403 3 1411.911912 67.500000 0.63580937378732882 0.010484416464976871
404 0 1415.415415 0.000000 0.65265456459502857 0.011321561865900682
404 1 1415.415415 22.500000 0.65265456459502857 0.011321561865900682
404 2 1415.415415 45.000000 0.65265456459502857 0.011321561865900682
404 3 1415.415415 67.500000 0.65265456459502857 0.011321561865900682
405 0 1418.918919 0.000000 0.66552482902075616 0.012796727605416287
405 1 1418.918919 22.500000 0.66552482902075616 0.012796727605416287
405 2 1418.918919 45.000000 0.66552482902075616 0.012796727605416287
405 3 1418.918919 67.500000 0.66552482902075616 0.012796727605416287
406 0 1422.422422 0.000000 0.67174440414090286 0.014721644172080368
406 1 1422.422422 22.500000 0.67174440414090286 0.014721644172080368
406 2 1422.422422 45.000000 0.67174440414090286 0.014721644172080368
406 3 1422.422422 67.500000 0.67174440414090286 0.014721644172080368
407 0 1425.925926 0.000000 0.66955950314529578 0.016816324630851184
407 1 1425.925926 22.500000 0.66955950314529578 0.016816324630851184
407 2 1425.925926 45.000000 0.66955950314529578 0.016816324630851184
407 3 1425.925926 67.500000 0.66955950314529578 0.016816324630851184
408 0 1429.429429 0.000000 0.65854414594287214 0.018745830117419506
408 1 1429.429429 22.500000 0.65854414594287214 0.018745830117419506
408 2 1429.429429 45.000000 0.65854414594287214 0.018745830117419506
408 3 1429.429429 67.500000 0.65854414594287214 0.018745830117419506
409 0 1432.932933 0.000000 0.63977620779487432 0.02016820985911923
409 1 1432.932933 22.500000 0.63977620779487432 0.02016820985911923
409 2 1432.932933 45.000000 0.63977620779487432 0.02016820985911923
409 3 1432.932933 67.500000 0.63977620779487432 0.02016820985911923
410 0 1436.436436 0.000000 0.6157359995731394 0.020787037476450523
410 1 1436.436436 22.500000 0.6157359995731394 0.020787037476450523
410 2 1436.436436 45.000000 0.6157359995731394 0.020787037476450523
410 3 1436.436436 67.500000 0.6157359995731394 0.020787037476450523
411 0 1439.939940 0.000000 0.58995502345841044 0.020400967232458652
411 1 1439.939940 22.500000 0.58995502345841044 0.020400967232458652
411 2 1439.939940 45.000000 0.58995502345841044 0.020400967232458652
411 3 1439.939940 67.500000 0.58995502345841044 0.020400967232458652
412 0 1443.443443 0.000000 0.56650450740623837 0.018942832662468923
412 1 1443.443443 22.500000 0.56650450740623837 0.018942832662468923
412 2 1443.443443 45.000000 0.56650450740623837 0.018942832662468923
412 3 1443.443443 67.500000 0.56650450740623837 0.018942832662468923
413 0 1446.946947 0.000000 0.54943489641519327 0.016502023743977967
413 1 1446.946947 22.500000 0.54943489641519327 0.016502023743977967
413 2 1446.946947 45.000000 0.54943489641519327 0.016502023743977967
413 3 1446.946947 67.500000 0.54943489641519327 0.016502023743977967
414 0 1450.450450 0.000000 0.54225260222763783 0.013326057926133682
414 1 1450.450450 22.500000 0.54225260222763783 0.013326057926133682
414 2 1450.450450 45.000000 0.54225260222763783 0.013326057926133682
414 3 1450.450450 67.500000 0.54225260222763783 0.013326057926133682
415 0 1453.953954 0.000000 0.54746884051559486 0.009800107172903064
415 1 1453.953954 22.500000 0.54746884051559486 0.009800107172903064
415 2 1453.953954 45.000000 0.54746884051559486 0.009800107172903064
415 3 1453.953954 67.500000 0.54746884051559486 0.009800107172903064
416 0 1457.457457 0.000000 0.56621306269113025 0.0064063540018243891
416 1 1457.457457 22.500000 0.56621306269113025 0.0064063540018243891
416 2 1457.457457 45.000000 0.56621306269113025 0.0064063540018243891
416 3 1457.457457 67.500000 0.56621306269113025 0.0064063540018243891
417 0 1460.960961 0.000000 0.5979012669191589 0.0036679737115458411
417 1 1460.960961 22.500000 0.5979012669191589 0.0036679737115458411
417 2 1460.960961 45.000000 0.5979012669191589 0.0036679737115458411
417 3 1460.960961 67.500000 0.5979012669191589 0.0036679737115458411
418 0 1464.464464 0.000000 0.63999337807862211 0.0020848469081165564
418 1 1464.464464 22.500000 0.63999337807862211 0.0020848469081165564
418 2 1464.464464 45.000000 0.63999337807862211 0.0020848469081165564
418 3 1464.464464 67.500000 0.63999337807862211 0.0020848469081165564
419 0 1467.967968 0.000000 0.68793763217275261 0.0020694499183863506
419 1 1467.967968 22.500000 0.68793763217275261 0.0020694499183863506
419 2 1467.967968 45.000000 0.68793763217275261 0.0020694499183863506
419 3 1467.967968 67.500000 0.68793763217275261 0.0020694499183863506
420 0 1471.471471 0.000000 0.73543621443458884 0.0038915416050563818
420 1 1471.471471 22.500000 0.73543621443458884 0.0038915416050563818
420 2 1471.471471 45.000000 0.73543621443458884 0.0038915416050563818
420 3 1471.471471 67.500000 0.73543621443458884 0.0038915416050563818
421 0 1474.974975 0.000000 0.77513276335958037 0.0076392237182539005
421 1 1474.974975 22.500000 0.77513276335958037 0.0076392237182539005
421 2 1474.974975 45.000000 0.77513276335958037 0.0076392237182539005
421 3 1474.974975 67.500000 0.77513276335958037 0.0076392237182539005
422 0 1478.478478 0.000000 0.7997079774492919 0.013201834987939323
422 1 1478.478478 22.500000 0.7997079774492919 0.013201834987939323
422 2 1478.478478 45.000000 0.7997079774492919 0.013201834987939323
422 3 1478.478478 67.500000 0.7997079774492919 0.013201834987939323
423 0 1481.981982 0.000000 0.80320826740103968 0.020277240720102278
423 1 1481.981982 22.500000 0.80320826740103968 0.020277240720102278
423 2 1481.981982 45.000000 0.80320826740103968 0.020277240720102278
423 3 1481.981982 67.500000 0.80320826740103968 0.020277240720102278
424 0 1485.485485 0.000000 0.7822923711191454 0.028402808265702059
424 1 1485.485485 22.500000 0.7822923711191454 0.028402808265702059
424 2 1485.485485 45.000000 0.7822923711191454 0.028402808265702059
424 3 1485.485485 67.500000 0.7822923711191454 0.028402808265702059
425 0 1488.988989 0.000000 0.73703420311607371 0.037006177567341703
425 1 1488.988989 22.500000 0.73703420311607371 0.037006177567341703
425 2 1488.988989 45.000000 0.73703420311607371 0.037006177567341703
425 3 1488.988989 67.500000 0.73703420311607371 0.037006177567341703
426 0 1492.492492 0.000000 0.6710065449982896 0.045469294864089599
426 1 1492.492492 22.500000 0.6710065449982896 0.045469294864089599
426 2 1492.492492 45.000000 0.6710065449982896 0.045469294864089599
426 3 1492.492492 67.500000 0.6710065449982896 0.045469294864089599
427 0 1495.995996 0.000000 0.59057279225072901 0.053197447124055497
427 1 1495.995996 22.500000 0.59057279225072901 0.053197447124055497
427 2 1495.995996 45.000000 0.59057279225072901 0.053197447124055497
427 3 1495.995996 67.500000 0.59057279225072901 0.053197447124055497
428 0 1499.499499 0.000000 0.50356199550227432 0.059684452378900868
428 1 1499.499499 22.500000 0.50356199550227432 0.059684452378900868
428 2 1499.499499 45.000000 0.50356199550227432 0.059684452378900868
428 3 1499.499499 67.500000 0.50356199550227432 0.059684452378900868
429 0 1503.003003 0.000000 0.41769964370911578 0.064565797491786078
429 1 1503.003003 22.500000 0.41769964370911578 0.064565797491786078
429 2 1503.003003 45.000000 0.41769964370911578 0.064565797491786078
429 3 1503.003003 67.500000 0.41769964370911578 0.064565797491786078
430 0 1506.506507 0.000000 0.33923392363956872 0.067653264966745383
430 1 1506.506507 22.500000 0.33923392363956872 0.067653264966745383
430 2 1506.506507 45.000000 0.33923392363956872 0.067653264966745383
430 3 1506.506507 67.500000 0.33923392363956872 0.067653264966745383
431 0 1510.010010 0.000000 0.27210846160300239 0.068947190794531057
431 1 1510.010010 22.500000 0.27210846160300239 0.068947190794531057
431 2 1510.010010 45.000000 0.27210846160300239 0.068947190794531057
431 3 1510.010010 67.500000 0.27210846160300239 0.068947190794531057
432 0 1513.513514 0.000000 0.21782656607818876 0.068625564796310795
432 1 1513.513514 22.500000 0.21782656607818876 0.068625564796310795
432 2 1513.513514 45.000000 0.21782656607818876 0.068625564796310795
432 3 1513.513514 67.500000 0.21782656607818876 0.068625564796310795
433 0 1517.017017 0.000000 0.17591437466190371 0.067012281885416441
433 1 1517.017017 22.500000 0.17591437466190371 0.067012281885416441
433 2 1517.017017 45.000000 0.17591437466190371 0.067012281885416441
433 3 1517.017017 67.500000 0.17591437466190371 0.067012281885416441
434 0 1520.520521 0.000000 0.14471465820951931 0.064529540724272
434 1 1520.520521 22.500000 0.14471465820951931 0.064529540724272
434 2 1520.520521 45.000000 0.14471465820951931 0.064529540724272
434 3 1520.520521 67.500000 0.14471465820951931 0.064529540724272
435 0 1524.024024 0.000000 0.1221899504490707 0.061641297887568072
435 1 1524.024024 22.500000 0.1221899504490707 0.061641297887568072
435 2 1524.024024 45.000000 0.1221899504490707 0.061641297887568072
435 3 1524.024024 67.500000 0.1221899504490707 0.061641297887568072
436 0 1527.527528 0.000000 0.10648706808762225 0.058795574491839073
436 1 1527.527528 22.500000 0.10648706808762225 0.058795574491839073
436 2 1527.527528 45.000000 0.10648706808762225 0.058795574491839073
436 3 1527.527528 67.500000 0.10648706808762225 0.058795574491839073
437 0 1531.031031 0.000000 0.096165880327612432 0.056373186350117885
437 1 1531.031031 22.500000 0.096165880327612432 0.056373186350117885
437 2 1531.031031 45.000000 0.096165880327612432 0.056373186350117885
437 3 1531.031031 67.500000 0.096165880327612432 0.056373186350117885
438 0 1534.534535 0.000000 0.090148707960655022 0.054649200040060172
438 1 1534.534535 22.500000 0.090148707960655022 0.054649200040060172
438 2 1534.534535 45.000000 0.090148707960655022 0.054649200040060172
438 3 1534.534535 67.500000 0.090148707960655022 0.054649200040060172
439 0 1538.038038 0.000000 0.087539001358686086 0.053771326675145455
439 1 1538.038038 22.500000 0.087539001358686086 0.053771326675145455
439 2 1538.038038 45.000000 0.087539001358686086 0.053771326675145455
439 3 1538.038038 67.500000 0.087539001358686086 0.053771326675145455
440 0 1541.541542 0.000000 0.087462822376427052 0.053756885422543879
440 1 1541.541542 22.500000 0.087462822376427052 0.053756885422543879
440 2 1541.541542 45.000000 0.087462822376427052 0.053756885422543879
440 3 1541.541542 67.500000 0.087462822376427052 0.053756885422543879
441 0 1545.045045 0.000000 0.089021899019989775 0.054507291973899918
441 1 1545.045045 22.500000 0.089021899019989775 0.054507291973899918
441 2 1545.045045 45.000000 0.089021899019989775 0.054507291973899918
441 3 1545.045045 67.500000 0.089021899019989775 0.054507291973899918
442 0 1548.548549 0.000000 0.091358816211246502 0.055836644513879485
442 1 1548.548549 22.500000 0.091358816211246502 0.055836644513879485
442 2 1548.548549 45.000000 0.091358816211246502 0.055836644513879485
442 3 1548.548549 67.500000 0.091358816211246502 0.055836644513879485
443 0 1552.052052 0.000000 0.093771036770061128 0.05750922355783087
443 1 1552.052052 22.500000 0.093771036770061128 0.05750922355783087
443 2 1552.052052 45.000000 0.093771036770061128 0.05750922355783087
443 3 1552.052052 67.500000 0.093771036770061128 0.05750922355783087
444 0 1555.555556 0.000000 0.095796838236573631 0.059279818214465867
444 1 1555.555556 22.500000 0.095796838236573631 0.059279818214465867
444 2 1555.555556 45.000000 0.095796838236573631 0.059279818214465867
444 3 1555.555556 67.500000 0.095796838236573631 0.059279818214465867
445 0 1559.059059 0.000000 0.097228091655343366 0.060930829522838355
445 1 1559.059059 22.500000 0.097228091655343366 0.060930829522838355
445 2 1559.059059 45.000000 0.097228091655343366 0.060930829522838355
445 3 1559.059059 67.500000 0.097228091655343366 0.060930829522838355
446 0 1562.562563 0.000000 0.09805467436182079 0.062301026523156444
446 1 1562.562563 22.500000 0.09805467436182079 0.062301026523156444
446 2 1562.562563 45.000000 0.09805467436182079 0.062301026523156444
446 3 1562.562563 67.500000 0.09805467436182079 0.062301026523156444
447 0 1566.066066 0.000000 0.09838163794311626 0.063302457147821872
447 1 1566.066066 22.500000 0.09838163794311626 0.063302457147821872
447 2 1566.066066 45.000000 0.09838163794311626 0.063302457147821872
447 3 1566.066066 67.500000 0.09838163794311626 0.063302457147821872
448 0 1569.569570 0.000000 0.098365000483059101 0.063924061297863155
448 1 1569.569570 22.500000 0.098365000483059101 0.063924061297863155
448 2 1569.569570 45.000000 0.098365000483059101 0.063924061297863155
448 3 1569.569570 67.500000 0.098365000483059101 0.063924061297863155
449 0 1573.073073 0.000000 0.098188264083173035 0.064222665055767056
449 1 1573.073073 22.500000 0.098188264083173035 0.064222665055767056
449 2 1573.073073 45.000000 0.098188264083173035 0.064222665055767056
449 3 1573.073073 67.500000 0.098188264083173035 0.064222665055767056
450 0 1576.576577 0.000000 0.098068537716437351 0.064303923361961793
450 1 1576.576577 22.500000 0.098068537716437351 0.064303923361961793
450 2 1576.576577 45.000000 0.098068537716437351 0.064303923361961793
450 3 1576.576577 67.500000 0.098068537716437351 0.064303923361961793
451 0 1580.080080 0.000000 0.098260294926591593 0.064297147686629655
451 1 1580.080080 22.500000 0.098260294926591593 0.064297147686629655
451 2 1580.080080 45.000000 0.098260294926591593 0.064297147686629655
451 3 1580.080080 67.500000 0.098260294926591593 0.064297147686629655
452 0 1583.583584 0.000000 0.099027952392265917 0.064328623135021412
452 1 1583.583584 22.500000 0.099027952392265917 0.064328623135021412
452 2 1583.583584 45.000000 0.099027952392265917 0.064328623135021412
452 3 1583.583584 67.500000 0.099027952392265917 0.064328623135021412
453 0 1587.087087 0.000000 0.10058159289619524 0.064497921861093155
453 1 1587.087087 22.500000 0.10058159289619524 0.064497921861093155
453 2 1587.087087 45.000000 0.10058159289619524 0.064497921861093155
453 3 1587.087087 67.500000 0.10058159289619524 0.064497921861093155
454 0 1590.590591 0.000000 0.10299770741227569 0.064860915169540387
454 1 1590.590591 22.500000 0.10299770741227569 0.064860915169540387
454 2 1590.590591 45.000000 0.10299770741227569 0.064860915169540387
454 3 1590.590591 67.500000 0.10299770741227569 0.064860915169540387
455 0 1594.094094 0.000000 0.10616190676591775 0.065421841851251966
455 1 1594.094094 22.500000 0.10616190676591775 0.065421841851251966
455 2 1594.094094 45.000000 0.10616190676591775 0.065421841851251966
455 3 1594.094094 67.500000 0.10616190676591775 0.065421841851251966
456 0 1597.597598 0.000000 0.10976475990804635 0.066135148703318089
456 1 1597.597598 22.500000 0.10976475990804635 0.066135148703318089
456 2 1597.597598 45.000000 0.10976475990804635 0.066135148703318089
456 3 1597.597598 67.500000 0.10976475990804635 0.066135148703318089
457 0 1601.101101 0.000000 0.11335927040422458 0.066916159440504955
457 1 1601.101101 22.500000 0.11335927040422458 0.066916159440504955
457 2 1601.101101 45.000000 0.11335927040422458 0.066916159440504955
457 3 1601.101101 67.500000 0.11335927040422458 0.066916159440504955
458 0 1604.604605 0.000000 0.11646192937719291 0.067658218129876574
458 1 1604.604605 22.500000 0.11646192937719291 0.067658218129876574
458 2 1604.604605 45.000000 0.11646192937719291 0.067658218129876574
458 3 1604.604605 67.500000 0.11646192937719291 0.067658218129876574
459 0 1608.108108 0.000000 0.11866254095622243 0.068253007659947351
459 1 1608.108108 22.500000 0.11866254095622243 0.068253007659947351
459 2 1608.108108 45.000000 0.11866254095622243 0.068253007659947351
459 3 1608.108108 67.500000 0.11866254095622243 0.068253007659947351
460 0 1611.611612 0.000000 0.11970814646897927 0.068610392275934518
460 1 1611.611612 22.500000 0.11970814646897927 0.068610392275934518
460 2 1611.611612 45.000000 0.11970814646897927 0.068610392275934518
460 3 1611.611612 67.500000 0.11970814646897927 0.068610392275934518
461 0 1615.115115 0.000000 0.11954083181492793 0.068674403323496724
461 1 1615.115115 22.500000 0.11954083181492793 0.068674403323496724
461 2 1615.115115 45.000000 0.11954083181492793 0.068674403323496724
461 3 1615.115115 67.500000 0.11954083181492793 0.068674403323496724
462 0 1618.618619 0.000000 0.11828866224431839 0.068432804256062588
462 1 1618.618619 22.500000 0.11828866224431839 0.068432804256062588
462 2 1618.618619 45.000000 0.11828866224431839 0.068432804256062588
462 3 1618.618619 67.500000 0.11828866224431839 0.068432804256062588
463 0 1622.122122 0.000000 0.11622345336265653 0.067918874146371294
463 1 1622.122122 22.500000 0.11622345336265653 0.067918874146371294
463 2 1622.122122 45.000000 0.11622345336265653 0.067918874146371294
463 3 1622.122122 67.500000 0.11622345336265653 0.067918874146371294
464 0 1625.625626 0.000000 0.11370337800855626 0.067205421863533205
464 1 1625.625626 22.500000 0.11370337800855626 0.067205421863533205
464 2 1625.625626 45.000000 0.11370337800855626 0.067205421863533205
464 3 1625.625626 67.500000 0.11370337800855626 0.067205421863533205
465 0 1629.129129 0.000000 0.11111400087006383 0.066392350854206222
465 1 1629.129129 22.500000 0.11111400087006383 0.066392350854206222
465 2 1629.129129 45.000000 0.11111400087006383 0.066392350854206222
465 3 1629.129129 67.500000 0.11111400087006383 0.066392350854206222
466 0 1632.632633 0.000000 0.1088140522322085 0.06559012307909419
466 1 1632.632633 22.500000 0.1088140522322085 0.06559012307909419
466 2 1632.632633 45.000000 0.1088140522322085 0.06559012307909419
466 3 1632.632633 67.500000 0.1088140522322085 0.06559012307909419
467 0 1636.136136 0.000000 0.10708784242871952 0.064902061229691069
467 1 1636.136136 22.500000 0.10708784242871952 0.064902061229691069
467 2 1636.136136 45.000000 0.10708784242871952 0.064902061229691069
467 3 1636.136136 67.500000 0.10708784242871952 0.064902061229691069
468 0 1639.639640 0.000000 0.1061067629039589 0.0644085011145967
468 1 1639.639640 22.500000 0.1061067629039589 0.0644085011145967
468 2 1639.639640 45.000000 0.1061067629039589 0.0644085011145967
468 3 1639.639640 67.500000 0.1061067629039589 0.0644085011145967
469 0 1643.143143 0.000000 0.10590557455806661 0.064155370459530348
469 1 1643.143143 22.500000 0.10590557455806661 0.064155370459530348
469 2 1643.143143 45.000000 0.10590557455806661 0.064155370459530348
469 3 1643.143143 67.500000 0.10590557455806661 0.064155370459530348
470 0 1646.646647 0.000000 0.10638082139867278 0.064148919889255251
470 1 1646.646647 22.500000 0.10638082139867278 0.064148919889255251
470 2 1646.646647 45.000000 0.10638082139867278 0.064148919889255251
470 3 1646.646647 67.500000 0.10638082139867278 0.064148919889255251
471 0 1650.150150 0.000000 0.1073156689280093 0.064357225604171592
471 1 1650.150150 22.500000 0.1073156689280093 0.064357225604171592
471 2 1650.150150 45.000000 0.1073156689280093 0.064357225604171592
471 3 1650.150150 67.500000 0.1073156689280093 0.064357225604171592
472 0 1653.653654 0.000000 0.10842814511451496 0.064717916882567644
472 1 1653.653654 22.500000 0.10842814511451496 0.064717916882567644
472 2 1653.653654 45.000000 0.10842814511451496 0.064717916882567644
472 3 1653.653654 67.500000 0.10842814511451496 0.064717916882567644
473 0 1657.157157 0.000000 0.10943171637579412 0.065150553366198002
473 1 1657.157157 22.500000 0.10943171637579412 0.065150553366198002
473 2 1657.157157 45.000000 0.10943171637579412 0.065150553366198002
473 3 1657.157157 67.500000 0.10943171637579412 0.065150553366198002
474 0 1660.660661 0.000000 0.1100927263587478 0.065571354951509203
474 1 1660.660661 22.500000 0.1100927263587478 0.065571354951509203
474 2 1660.660661 45.000000 0.1100927263587478 0.065571354951509203
474 3 1660.660661 67.500000 0.1100927263587478 0.065571354951509203
475 0 1664.164164 0.000000 0.11027086238365089 0.065907681363584672
475 1 1664.164164 22.500000 0.11027086238365089 0.065907681363584672
475 2 1664.164164 45.000000 0.11027086238365089 0.065907681363584672
475 3 1664.164164 67.500000 0.11027086238365089 0.065907681363584672
476 0 1667.667668 0.000000 0.10993553223759722 0.066109805532239899
476 1 1667.667668 22.500000 0.10993553223759722 0.066109805532239899
476 2 1667.667668 45.000000 0.10993553223759722 0.066109805532239899
476 3 1667.667668 67.500000 0.10993553223759722 0.066109805532239899
477 0 1671.171171 0.000000 0.10915925386484489 0.066158083586853128
477 1 1671.171171 22.500000 0.10915925386484489 0.066158083586853128
477 2 1671.171171 45.000000 0.10915925386484489 0.066158083586853128
477 3 1671.171171 67.500000 0.10915925386484489 0.066158083586853128
478 0 1674.674675 0.000000 0.108094946810691 0.066064485489071373
478 1 1674.674675 22.500000 0.108094946810691 0.066064485489071373
478 2 1674.674675 45.000000 0.108094946810691 0.066064485489071373
478 3 1674.674675 67.500000 0.108094946810691 0.066064485489071373
479 0 1678.178178 0.000000 0.10694534200675446 0.065868457470032477
479 1 1678.178178 22.500000 0.10694534200675446 0.065868457470032477
479 2 1678.178178 45.000000 0.10694534200675446 0.065868457470032477
479 3 1678.178178 67.500000 0.10694534200675446 0.065868457470032477
480 0 1681.681682 0.000000 0.10593037560331867 0.065628064468477076
480 1 1681.681682 22.500000 0.10593037560331867 0.065628064468477076
480 2 1681.681682 45.000000 0.10593037560331867 0.065628064468477076
480 3 1681.681682 67.500000 0.10593037560331867 0.065628064468477076
481 0 1685.185185 0.000000 0.10525510061005054 0.065408142428109523
481 1 1685.185185 22.500000 0.10525510061005054 0.065408142428109523
481 2 1685.185185 45.000000 0.10525510061005054 0.065408142428109523
481 3 1685.185185 67.500000 0.10525510061005054 0.065408142428109523
482 0 1688.688689 0.000000 0.10507900783804323 0.065267649733437724
482 1 1688.688689 22.500000 0.10507900783804323 0.065267649733437724
482 2 1688.688689 45.000000 0.10507900783804323 0.065267649733437724
482 3 1688.688689 67.500000 0.10507900783804323 0.065267649733437724
483 0 1692.192192 0.000000 0.1054886424974241 0.065248476010928605
483 1 1692.192192 22.500000 0.1054886424974241 0.065248476010928605
483 2 1692.192192 45.000000 0.1054886424974241 0.065248476010928605
483 3 1692.192192 67.500000 0.1054886424974241 0.065248476010928605
484 0 1695.695696 0.000000 0.10647783517512714 0.065367645176443903
484 1 1695.695696 22.500000 0.10647783517512714 0.065367645176443903
484 2 1695.695696 45.000000 0.10647783517512714 0.065367645176443903
484 3 1695.695696 67.500000 0.10647783517512714 0.065367645176443903
485 0 1699.199199 0.000000 0.10794137691185272 0.065614204496734677
485 1 1699.199199 22.500000 0.10794137691185272 0.065614204496734677
485 2 1699.199199 45.000000 0.10794137691185272 0.065614204496734677
485 3 1699.199199 67.500000 0.10794137691185272 0.065614204496734677
486 0 1702.702703 0.000000 0.10968669184692359 0.065951242208095853
486 1 1702.702703 22.500000 0.10968669184692359 0.065951242208095853
486 2 1702.702703 45.000000 0.10968669184692359 0.065951242208095853
486 3 1702.702703 67.500000 0.10968669184692359 0.065951242208095853
487 0 1706.206206 0.000000 0.11146385520346387 0.0663225738601909
487 1 1706.206206 22.500000 0.11146385520346387 0.0663225738601909
487 2 1706.206206 45.000000 0.11146385520346387 0.0663225738601909
487 3 1706.206206 67.500000 0.11146385520346387 0.0663225738601909
488 0 1709.709710 0.000000 0.11300883670921037 0.066662837786584495
488 1 1709.709710 22.500000 0.11300883670921037 0.066662837786584495
488 2 1709.709710 45.000000 0.11300883670921037 0.066662837786584495
488 3 1709.709710 67.500000 0.11300883670921037 0.066662837786584495
489 0 1713.213213 0.000000 0.11409058531411503 0.066909176921591013
489 1 1713.213213 22.500000 0.11409058531411503 0.066909176921591013
489 2 1713.213213 45.000000 0.11409058531411503 0.066909176921591013
489 3 1713.213213 67.500000 0.11409058531411503 0.066909176921591013
490 0 1716.716717 0.000000 0.11455137133167267 0.0670124476221233
490 1 1716.716717 22.500000 0.11455137133167267 0.0670124476221233
490 2 1716.716717 45.000000 0.11455137133167267 0.0670124476221233
490 3 1716.716717 67.500000 0.11455137133167267 0.0670124476221233
491 0 1720.220220 0.000000 0.11433199408773174 0.066946018210385302
491 1 1720.220220 22.500000 0.11433199408773174 0.066946018210385302
491 2 1720.220220 45.000000 0.11433199408773174 0.066946018210385302
491 3 1720.220220 67.500000 0.11433199408773174 0.066946018210385302
492 0 1723.723724 0.000000 0.11347786092987454 0.066710670715953074
492 1 1723.723724 22.500000 0.11347786092987454 0.066710670715953074
492 2 1723.723724 45.000000 0.11347786092987454 0.066710670715953074
492 3 1723.723724 67.500000 0.11347786092987454 0.066710670715953074
493 0 1727.227227 0.000000 0.11212667076599517 0.066334813685862054
493 1 1727.227227 22.500000 0.11212667076599517 0.066334813685862054
493 2 1727.227227 45.000000 0.11212667076599517 0.066334813685862054
493 3 1727.227227 67.500000 0.11212667076599517 0.066334813685862054
494 0 1730.730731 0.000000 0.1104819516733288 0.065870027638665687
494 1 1730.730731 22.500000 0.1104819516733288 0.065870027638665687
494 2 1730.730731 45.000000 0.1104819516733288 0.065870027638665687
494 3 1730.730731 67.500000 0.1104819516733288 0.065870027638665687
495 0 1734.234234 0.000000 0.1087784144180903 0.065382756397688049
495 1 1734.234234 22.500000 0.1087784144180903 0.065382756397688049
495 2 1734.234234 45.000000 0.1087784144180903 0.065382756397688049
495 3 1734.234234 67.500000 0.1087784144180903 0.065382756397688049
496 0 1737.737738 0.000000 0.10724528694928184 0.06494359321754592
496 1 1737.737738 22.500000 0.10724528694928184 0.06494359321754592
496 2 1737.737738 45.000000 0.10724528694928184 0.06494359321754592
496 3 1737.737738 67.500000 0.10724528694928184 0.06494359321754592
497 0 1741.241241 0.000000 0.10607314508207993 0.064615986393147876
497 1 1741.241241 22.500000 0.10607314508207993 0.064615986393147876
497 2 1741.241241 45.000000 0.10607314508207993 0.064615986393147876
497 3 1741.241241 67.500000 0.10607314508207993 0.064615986393147876
498 0 1744.744745 0.000000 0.10538872525160708 0.064446247869640566
498 1 1744.744745 22.500000 0.10538872525160708 0.064446247869640566
498 2 1744.744745 45.000000 0.10538872525160708 0.064446247869640566
498 3 1744.744745 67.500000 0.10538872525160708 0.064446247869640566
499 0 1748.248248 0.000000 0.10524088924914388 0.064456488538194759
499 1 1748.248248 22.500000 0.10524088924914388 0.064456488538194759
499 2 1748.248248 45.000000 0.10524088924914388 0.064456488538194759
499 3 1748.248248 67.500000 0.10524088924914388 0.064456488538194759
500 0 1751.751752 0.000000 0.10559921265327758 0.064641577810865811
500 1 1751.751752 22.500000 0.10559921265327758 0.064641577810865811
500 2 1751.751752 45.000000 0.10559921265327758 0.064641577810865811
500 3 1751.751752 67.500000 0.10559921265327758 0.064641577810865811
501 0 1755.255255 0.000000 0.10636464037691924 0.064970528850798903
501 1 1755.255255 22.500000 0.10636464037691924 0.064970528850798903
501 2 1755.255255 45.000000 0.10636464037691924 0.064970528850798903
501 3 1755.255255 67.500000 0.10636464037691924 0.064970528850798903
502 0 1758.758759 0.000000 0.1073896598447345 0.065391966783307151
502 1 1758.758759 22.500000 0.1073896598447345 0.065391966783307151
502 2 1758.758759 45.000000 0.1073896598447345 0.065391966783307151
502 3 1758.758759 67.500000 0.1073896598447345 0.065391966783307151
503 0 1762.262262 0.000000 0.10850402005717505 0.065842672224867144
503 1 1762.262262 22.500000 0.10850402005717505 0.065842672224867144
503 2 1762.262262 45.000000 0.10850402005717505 0.065842672224867144
503 3 1762.262262 67.500000 0.10850402005717505 0.065842672224867144
504 0 1765.765766 0.000000 0.10954155002522678 0.066257716293821323
504 1 1765.765766 22.500000 0.10954155002522678 0.066257716293821323
504 2 1765.765766 45.000000 0.10954155002522678 0.066257716293821323
504 3 1765.765766 67.500000 0.10954155002522678 0.066257716293821323
505 0 1769.269269 0.000000 0.1103640783548049 0.066580490306429679
505 1 1769.269269 22.500000 0.1103640783548049 0.066580490306429679
505 2 1769.269269 45.000000 0.1103640783548049 0.066580490306429679
505 3 1769.269269 67.500000 0.1103640783548049 0.066580490306429679
506 0 1772.772773 0.000000 0.11087944024738028 0.066771011008821338
506 1 1772.772773 22.500000 0.11087944024738028 0.066771011008821338
506 2 1772.772773 45.000000 0.11087944024738028 0.066771011008821338
506 3 1772.772773 67.500000 0.11087944024738028 0.066771011008821338
507 0 1776.276276 0.000000 0.11105162097868511 0.06681122757671859
507 1 1776.276276 22.500000 0.11105162097868511 0.06681122757671859
507 2 1776.276276 45.000000 0.11105162097868511 0.06681122757671859
507 3 1776.276276 67.500000 0.11105162097868511 0.06681122757671859
508 0 1779.779780 0.000000 0.11090201348129004 0.066706602048455049
508 1 1779.779780 22.500000 0.11090201348129004 0.066706602048455049
508 2 1779.779780 45.000000 0.11090201348129004 0.066706602048455049
508 3 1779.779780 67.500000 0.11090201348129004 0.066706602048455049
509 0 1783.283283 0.000000 0.11050168813353109 0.066483880850287669
509 1 1783.283283 22.500000 0.11050168813353109 0.066483880850287669
509 2 1783.283283 45.000000 0.11050168813353109 0.066483880850287669
509 3 1783.283283 67.500000 0.11050168813353109 0.066483880850287669
510 0 1786.786787 0.000000 0.10995574511976328 0.066185608414486244
510 1 1786.786787 22.500000 0.10995574511976328 0.066185608414486244
510 2 1786.786787 45.000000 0.10995574511976328 0.066185608414486244
510 3 1786.786787 67.500000 0.10995574511976328 0.066185608414486244
511 0 1790.290290 0.000000 0.10938229340319457 0.065862447564062399
511 1 1790.290290 22.500000 0.10938229340319457 0.065862447564062399
511 2 1790.290290 45.000000 0.10938229340319457 0.065862447564062399
511 3 1790.290290 67.500000 0.10938229340319457 0.065862447564062399
512 0 1793.793794 0.000000 0.10889000987278005 0.065564682761375448
512 1 1793.793794 22.500000 0.10889000987278005 0.065564682761375448
512 2 1793.793794 45.000000 0.10889000987278005 0.065564682761375448
512 3 1793.793794 67.500000 0.10889000987278005 0.065564682761375448
513 0 1797.297297 0.000000 0.10855891907383103 0.065334346785668823
513 1 1797.297297 22.500000 0.10855891907383103 0.065334346785668823
513 2 1797.297297 45.000000 0.10855891907383103 0.065334346785668823
513 3 1797.297297 67.500000 0.10855891907383103 0.065334346785668823
514 0 1800.800801 0.000000 0.10842844642443809 0.065199228528402139
514 1 1800.800801 22.500000 0.10842844642443809 0.065199228528402139
514 2 1800.800801 45.000000 0.10842844642443809 0.065199228528402139
514 3 1800.800801 67.500000 0.10842844642443809 0.065199228528402139
515 0 1804.304304 0.000000 0.10849490402135618 0.065169631816138662
515 1 1804.304304 22.500000 0.10849490402135618 0.065169631816138662
515 2 1804.304304 45.000000 0.10849490402135618 0.065169631816138662
515 3 1804.304304 67.500000 0.10849490402135618 0.065169631816138662
516 0 1807.807808 0.000000 0.10871798445925147 0.065238238827383208
516 1 1807.807808 22.500000 0.10871798445925147 0.065238238827383208
516 2 1807.807808 45.000000 0.10871798445925147 0.065238238827383208
516 3 1807.807808 67.500000 0.10871798445925147 0.065238238827383208
517 0 1811.311311 0.000000 0.10903355565163578 0.065382882400109574
517 1 1811.311311 22.500000 0.10903355565163578 0.065382882400109574
517 2 1811.311311 45.000000 0.10903355565163578 0.065382882400109574
517 3 1811.311311 67.500000 0.10903355565163578 0.065382882400109574
518 0 1814.814815 0.000000 0.10936891183918551 0.065571546734568179
518 1 1814.814815 22.500000 0.10936891183918551 0.065571546734568179
518 2 1814.814815 45.000000 0.10936891183918551 0.065571546734568179
518 3 1814.814815 67.500000 0.10936891183918551 0.065571546734568179
519 0 1818.318318 0.000000 0.10965689481691196 0.065768577564411318
519 1 1818.318318 22.500000 0.10965689481691196 0.065768577564411318
519 2 1818.318318 45.000000 0.10965689481691196 0.065768577564411318
519 3 1818.318318 67.500000 0.10965689481691196 0.065768577564411318
520 0 1821.821822 0.000000 0.1098465317721426 0.065940943182418763
520 1 1821.821822 22.500000 0.1098465317721426 0.065940943182418763
520 2 1821.821822 45.000000 0.1098465317721426 0.065940943182418763
520 3 1821.821822 67.500000 0.1098465317721426 0.065940943182418763
521 0 1825.325325 0.000000 0.10990926281845712 0.066063461381599881
521 1 1825.325325 22.500000 0.10990926281845712 0.066063461381599881
521 2 1825.325325 45.000000 0.10990926281845712 0.066063461381599881
521 3 1825.325325 67.500000 0.10990926281845712 0.066063461381599881
522 0 1828.828829 0.000000 0.10984081587549716 0.066122170024449631
522 1 1828.828829 22.500000 0.10984081587549716 0.066122170024449631
522 2 1828.828829 45.000000 0.10984081587549716 0.066122170024449631
522 3 1828.828829 67.500000 0.10984081587549716 0.066122170024449631
523 0 1832.332332 0.000000 0.10965917944226172 0.06611541304046839
523 1 1832.332332 22.500000 0.10965917944226172 0.06611541304046839
523 2 1832.332332 45.000000 0.10965917944226172 0.06611541304046839
523 3 1832.332332 67.500000 0.10965917944226172 0.06611541304046839
524 0 1835.835836 0.000000 0.10939923714619502 0.066052660155793461
524 1 1835.835836 22.500000 0.10939923714619502 0.066052660155793461
524 2 1835.835836 45.000000 0.10939923714619502 0.066052660155793461
524 3 1835.835836 67.500000 0.10939923714619502 0.066052660155793461
525 0 1839.339339 0.000000 0.10910488966145446 0.065951492342547269
525 1 1839.339339 22.500000 0.10910488966145446 0.065951492342547269
525 2 1839.339339 45.000000 0.10910488966145446 0.065951492342547269
525 3 1839.339339 67.500000 0.10910488966145446 0.065951492342547269
526 0 1842.842843 0.000000 0.10882004810739088 0.065833490356363503
526 1 1842.842843 22.500000 0.10882004810739088 0.065833490356363503
526 2 1842.842843 45.000000 0.10882004810739088 0.065833490356363503
526 3 1842.842843 67.500000 0.10882004810739088 0.065833490356363503
527 0 1846.346346 0.000000 0.10858045805232909 0.065719908818750061
527 1 1846.346346 22.500000 0.10858045805232909 0.065719908818750061
527 2 1846.346346 45.000000 0.10858045805232909 0.065719908818750061
527 3 1846.346346 67.500000 0.10858045805232909 0.065719908818750061
528 0 1849.849850 0.000000 0.1084084006996158 0.065627983622882524
528 1 1849.849850 22.500000 0.1084084006996158 0.065627983622882524
528 2 1849.849850 45.000000 0.1084084006996158 0.065627983622882524
528 3 1849.849850 67.500000 0.1084084006996158 0.065627983622882524
529 0 1853.353353 0.000000 0.10831159385674483 0.065568521763498755
529 1 1853.353353 22.500000 0.10831159385674483 0.065568521763498755
529 2 1853.353353 45.000000 0.10831159385674483 0.065568521763498755
529 3 1853.353353 67.500000 0.10831159385674483 0.065568521763498755
530 0 1856.856857 0.000000 0.10828623505089206 0.065545107043807033
530 1 1856.856857 22.500000 0.10828623505089206 0.065545107043807033
530 2 1856.856857 45.000000 0.10828623505089206 0.065545107043807033
530 3 1856.856857 67.500000 0.10828623505089206 0.065545107043807033
531 0 1860.360360 0.000000 0.10832269051119325 0.065554890953642836
531 1 1860.360360 22.500000 0.10832269051119325 0.065554890953642836
531 2 1860.360360 45.000000 0.10832269051119325 0.065554890953642836
531 3 1860.360360 67.500000 0.10832269051119325 0.065554890953642836
532 0 1863.863864 0.000000 0.10841151956939792 0.065590601458963463
532 1 1863.863864 22.500000 0.10841151956939792 0.065590601458963463
532 2 1863.863864 45.000000 0.10841151956939792 0.065590601458963463
532 3 1863.863864 67.500000 0.10841151956939792 0.065590601458963463
533 0 1867.367367 0.000000 0.10854767381684471 0.06564316219467814
533 1 1867.367367 22.500000 0.10854767381684471 0.06564316219467814
533 2 1867.367367 45.000000 0.10854767381684471 0.06564316219467814
533 3 1867.367367 67.500000 0.10854767381684471 0.06564316219467814
534 0 1870.870871 0.000000 0.10873162660902701 0.065704218398608683
534 1 1870.870871 22.500000 0.10873162660902701 0.065704218398608683
534 2 1870.870871 45.000000 0.10873162660902701 0.065704218398608683
534 3 1870.870871 67.500000 0.10873162660902701 0.065704218398608683
535 0 1874.374374 0.000000 0.10896731330869888 0.065767931376460073
535 1 1874.374374 22.500000 0.10896731330869888 0.065767931376460073
535 2 1874.374374 45.000000 0.10896731330869888 0.065767931376460073
535 3 1874.374374 67.500000 0.10896731330869888 0.065767931376460073
536 0 1877.877878 0.000000 0.10925758615622026 0.065831614149552853
536 1 1877.877878 22.500000 0.10925758615622026 0.065831614149552853
536 2 1877.877878 45.000000 0.10925758615622026 0.065831614149552853
536 3 1877.877878 67.500000 0.10925758615622026 0.065831614149552853
537 0 1881.381381 0.000000 0.10959827680570756 0.0658950904771885
537 1 1881.381381 22.500000 0.10959827680570756 0.0658950904771885
537 2 1881.381381 45.000000 0.10959827680570756 0.0658950904771885
537 3 1881.381381 67.500000 0.10959827680570756 0.0658950904771885
538 0 1884.884885 0.000000 0.1099721563717295 0.065958999614663172
538 1 1884.884885 22.500000 0.1099721563717295 0.065958999614663172
538 2 1884.884885 45.000000 0.1099721563717295 0.065958999614663172
538 3 1884.884885 67.500000 0.1099721563717295 0.065958999614663172
539 0 1888.388388 0.000000 0.1103443796436283 0.066022564148931248
539 1 1888.388388 22.500000 0.1103443796436283 0.066022564148931248
539 2 1888.388388 45.000000 0.1103443796436283 0.066022564148931248
539 3 1888.388388 67.500000 0.1103443796436283 0.066022564148931248
540 0 1891.891892 0.000000 0.11066136437078183 0.06608151979259104
540 1 1891.891892 22.500000 0.11066136437078183 0.06608151979259104
540 2 1891.891892 45.000000 0.11066136437078183 0.06608151979259104
540 3 1891.891892 67.500000 0.11066136437078183 0.06608151979259104
541 0 1895.395395 0.000000 0.11085504048523119 0.066126927607440253
541 1 1895.395395 22.500000 0.11085504048523119 0.066126927607440253
541 2 1895.395395 45.000000 0.11085504048523119 0.066126927607440253
541 3 1895.395395 67.500000 0.11085504048523119 0.066126927607440253
542 0 1898.898899 0.000000 0.11085346923222934 0.06614543629035198
542 1 1898.898899 22.500000 0.11085346923222934 0.06614543629035198
542 2 1898.898899 45.000000 0.11085346923222934 0.06614543629035198
542 3 1898.898899 67.500000 0.11085346923222934 0.06614543629035198
543 0 1902.402402 0.000000 0.11059687872265735 0.066121256714556653
543 1 1902.402402 22.500000 0.11059687872265735 0.066121256714556653
543 2 1902.402402 45.000000 0.11059687872265735 0.066121256714556653
543 3 1902.402402 67.500000 0.11059687872265735 0.066121256714556653
544 0 1905.905906 0.000000 0.11005584077369426 0.066039708304121203
544 1 1905.905906 22.500000 0.11005584077369426 0.066039708304121203
544 2 1905.905906 45.000000 0.11005584077369426 0.066039708304121203
544 3 1905.905906 67.500000 0.11005584077369426 0.066039708304121203
545 0 1909.409409 0.000000 0.10924679201892876 0.065891776631828824
545 1 1909.409409 22.500000 0.10924679201892876 0.065891776631828824
545 2 1909.409409 45.000000 0.10924679201892876 0.065891776631828824
545 3 1909.409409 67.500000 0.10924679201892876 0.065891776631828824
546 0 1912.912913 0.000000 0.1082403463322512 0.065678773078278824
546 1 1912.912913 22.500000 0.1082403463322512 0.065678773078278824
546 2 1912.912913 45.000000 0.1082403463322512 0.065678773078278824
546 3 1912.912913 67.500000 0.1082403463322512 0.065678773078278824
547 0 1916.416416 0.000000 0.10715987889944474 0.065415992125901906
547 1 1916.416416 22.500000 0.10715987889944474 0.065415992125901906
547 2 1916.416416 45.000000 0.10715987889944474 0.065415992125901906
547 3 1916.416416 67.500000 0.10715987889944474 0.065415992125901906
548 0 1919.919920 0.000000 0.10617058412415555 0.06513427737974864
548 1 1919.919920 22.500000 0.10617058412415555 0.06513427737974864
548 2 1919.919920 45.000000 0.10617058412415555 0.06513427737974864
548 3 1919.919920 67.500000 0.10617058412415555 0.06513427737974864
549 0 1923.423423 0.000000 0.10546103703535838 0.064878654142355649
549 1 1923.423423 22.500000 0.10546103703535838 0.064878654142355649
549 2 1923.423423 45.000000 0.10546103703535838 0.064878654142355649
549 3 1923.423423 67.500000 0.10546103703535838 0.064878654142355649
550 0 1926.926927 0.000000 0.10521929287621326 0.064703641090284841
550 1 1926.926927 22.500000 0.10521929287621326 0.064703641090284841
550 2 1926.926927 45.000000 0.10521929287621326 0.064703641090284841
550 3 1926.926927 67.500000 0.10521929287621326 0.064703641090284841
551 0 1930.430430 0.000000 0.10560431543738984 0.064665450622811371
551 1 1930.430430 22.500000 0.10560431543738984 0.064665450622811371
551 2 1930.430430 45.000000 0.10560431543738984 0.064665450622811371
551 3 1930.430430 67.500000 0.10560431543738984 0.064665450622811371
552 0 1933.933934 0.000000 0.10671292559697761 0.064811927858003382
552 1 1933.933934 22.500000 0.10671292559697761 0.064811927858003382
552 2 1933.933934 45.000000 0.10671292559697761 0.064811927858003382
552 3 1933.933934 67.500000 0.10671292559697761 0.064811927858003382
553 0 1937.437437 0.000000 0.10854440244488758 0.065171645806892275
553 1 1937.437437 22.500000 0.10854440244488758 0.065171645806892275
553 2 1937.437437 45.000000 0.10854440244488758 0.065171645806892275
553 3 1937.437437 67.500000 0.10854440244488758 0.065171645806892275
554 0 1940.940941 0.000000 0.1109695274276784 0.065743955519811492
554 1 1940.940941 22.500000 0.1109695274276784 0.065743955519811492
554 2 1940.940941 45.000000 0.1109695274276784 0.065743955519811492
554 3 1940.940941 67.500000 0.1109695274276784 0.065743955519811492
555 0 1944.444444 0.000000 0.1137158158556261 0.066491895179840985
555 1 1944.444444 22.500000 0.1137158158556261 0.066491895179840985
555 2 1944.444444 45.000000 0.1137158158556261 0.066491895179840985
555 3 1944.444444 67.500000 0.1137158158556261 0.066491895179840985
556 0 1947.947948 0.000000 0.1163818016745969 0.06733964301305502
556 1 1947.947948 22.500000 0.1163818016745969 0.06733964301305502
556 2 1947.947948 45.000000 0.1163818016745969 0.06733964301305502
556 3 1947.947948 67.500000 0.1163818016745969 0.06733964301305502
557 0 1951.451451 0.000000 0.118487231326175 0.068175660541944558
557 1 1951.451451 22.500000 0.118487231326175 0.068175660541944558
557 2 1951.451451 45.000000 0.118487231326175 0.068175660541944558
557 3 1951.451451 67.500000 0.118487231326175 0.068175660541944558
558 0 1954.954955 0.000000 0.11955323011379142 0.068861876434899383
558 1 1954.954955 22.500000 0.11955323011379142 0.068861876434899383
558 2 1954.954955 45.000000 0.11955323011379142 0.068861876434899383
558 3 1954.954955 67.500000 0.11955323011379142 0.068861876434899383
559 0 1958.458458 0.000000 0.11919209565035287 0.069248317941638743
559 1 1958.458458 22.500000 0.11919209565035287 0.069248317941638743
559 2 1958.458458 45.000000 0.11919209565035287 0.069248317941638743
559 3 1958.458458 67.500000 0.11919209565035287 0.069248317941638743
560 0 1961.961962 0.000000 0.11717853720163002 0.069191651614499888
560 1 1961.961962 22.500000 0.11717853720163002 0.069191651614499888
560 2 1961.961962 45.000000 0.11717853720163002 0.069191651614499888
560 3 1961.961962 67.500000 0.11717853720163002 0.069191651614499888
561 0 1965.465465 0.000000 0.11347973438460644 0.068575304320089403
561 1 1965.465465 22.500000 0.11347973438460644 0.068575304320089403
561 2 1965.465465 45.000000 0.11347973438460644 0.068575304320089403
561 3 1965.465465 67.500000 0.11347973438460644 0.068575304320089403
562 0 1968.968969 0.000000 0.10824115843928542 0.067328342097209476
562 1 1968.968969 22.500000 0.10824115843928542 0.067328342097209476
562 2 1968.968969 45.000000 0.10824115843928542 0.067328342097209476
562 3 1968.968969 67.500000 0.10824115843928542 0.067328342097209476
563 0 1972.472472 0.000000 0.10175086294014575 0.065440192195402397
563 1 1972.472472 22.500000 0.10175086294014575 0.065440192195402397
563 2 1972.472472 45.000000 0.10175086294014575 0.065440192195402397
563 3 1972.472472 67.500000 0.10175086294014575 0.065440192195402397
564 0 1975.975976 0.000000 0.094423026589864095 0.062968648372868988
564 1 1975.975976 22.500000 0.094423026589864095 0.062968648372868988
564 2 1975.975976 45.000000 0.094423026589864095 0.062968648372868988
564 3 1975.975976 67.500000 0.094423026589864095 0.062968648372868988
565 0 1979.479479 0.000000 0.08683866165345544 0.060039377817506137
565 1 1979.479479 22.500000 0.08683866165345544 0.060039377817506137
565 2 1979.479479 45.000000 0.08683866165345544 0.060039377817506137
565 3 1979.479479 67.500000 0.08683866165345544 0.060039377817506137
566 0 1982.982983 0.000000 0.079852917657404709 0.056836257215178182
566 1 1982.982983 22.500000 0.079852917657404709 0.056836257215178182
566 2 1982.982983 45.000000 0.079852917657404709 0.056836257215178182
566 3 1982.982983 67.500000 0.079852917657404709 0.056836257215178182
567 0 1986.486486 0.000000 0.074733071972106643 0.053583154869433942
567 1 1986.486486 22.500000 0.074733071972106643 0.053583154869433942
567 2 1986.486486 45.000000 0.074733071972106643 0.053583154869433942
567 3 1986.486486 67.500000 0.074733071972106643 0.053583154869433942
568 0 1989.989990 0.000000 0.07324960695846848 0.050519057921633956
568 1 1989.989990 22.500000 0.07324960695846848 0.050519057921633956
568 2 1989.989990 45.000000 0.07324960695846848 0.050519057921633956
568 3 1989.989990 67.500000 0.07324960695846848 0.050519057921633956
569 0 1993.493493 0.000000 0.077628445215569719 0.047869522436020481
569 1 1993.493493 22.500000 0.077628445215569719 0.047869522436020481
569 2 1993.493493 45.000000 0.077628445215569719 0.047869522436020481
569 3 1993.493493 67.500000 0.077628445215569719 0.047869522436020481
570 0 1996.996997 0.000000 0.09030050860328212 0.045818125094261003
570 1 1996.996997 22.500000 0.09030050860328212 0.045818125094261003
570 2 1996.996997 45.000000 0.09030050860328212 0.045818125094261003
570 3 1996.996997 67.500000 0.09030050860328212 0.045818125094261003
571 0 2000.500501 0.000000 0.11345228747184742 0.044481794398878116
571 1 2000.500501 22.500000 0.11345228747184742 0.044481794398878116
571 2 2000.500501 45.000000 0.11345228747184742 0.044481794398878116
571 3 2000.500501 67.500000 0.11345228747184742 0.044481794398878116
572 0 2004.004004 0.000000 0.14846538646150553 0.043893544136121884
572 1 2004.004004 22.500000 0.14846538646150553 0.043893544136121884
572 2 2004.004004 45.000000 0.14846538646150553 0.043893544136121884
572 3 2004.004004 67.500000 0.14846538646150553 0.043893544136121884
573 0 2007.507508 0.000000 0.19539970346542637 0.043995252337677718
573 1 2007.507508 22.500000 0.19539970346542637 0.043995252337677718
573 2 2007.507508 45.000000 0.19539970346542637 0.043995252337677718
573 3 2007.507508 67.500000 0.19539970346542637 0.043995252337677718
574 0 2011.011011 0.000000 0.25269260965863288 0.044641835651431372
574 1 2011.011011 22.500000 0.25269260965863288 0.044641835651431372
574 2 2011.011011 45.000000 0.25269260965863288 0.044641835651431372
574 3 2011.011011 67.500000 0.25269260965863288 0.044641835651431372
575 0 2014.514515 0.000000 0.31720148096221473 0.045616638525011674
575 1 2014.514515 22.500000 0.31720148096221473 0.045616638525011674
575 2 2014.514515 45.000000 0.31720148096221473 0.045616638525011674
575 3 2014.514515 67.500000 0.31720148096221473 0.045616638525011674
576 0 2018.018018 0.000000 0.38462067524953103 0.046656306433198055
576 1 2018.018018 22.500000 0.38462067524953103 0.046656306433198055
576 2 2018.018018 45.000000 0.38462067524953103 0.046656306433198055
576 3 2018.018018 67.500000 0.38462067524953103 0.046656306433198055
577 0 2021.521522 0.000000 0.45018978284467204 0.04748206870564077
577 1 2021.521522 22.500000 0.45018978284467204 0.04748206870564077
577 2 2021.521522 45.000000 0.45018978284467204 0.04748206870564077
577 3 2021.521522 67.500000 0.45018978284467204 0.04748206870564077
578 0 2025.025025 0.000000 0.50951928426588655 0.047833419861893593
578 1 2025.025025 22.500000 0.50951928426588655 0.047833419861893593
578 2 2025.025025 45.000000 0.50951928426588655 0.047833419861893593
578 3 2025.025025 67.500000 0.50951928426588655 0.047833419861893593
579 0 2028.528529 0.000000 0.55932531599578916 0.047499802607613419
579 1 2028.528529 22.500000 0.55932531599578916 0.047499802607613419
579 2 2028.528529 45.000000 0.55932531599578916 0.047499802607613419
579 3 2028.528529 67.500000 0.55932531599578916 0.047499802607613419
580 0 2032.032032 0.000000 0.59789762304425176 0.04634612517268033
580 1 2032.032032 22.500000 0.59789762304425176 0.04634612517268033
580 2 2032.032032 45.000000 0.59789762304425176 0.04634612517268033
580 3 2032.032032 67.500000 0.59789762304425176 0.04634612517268033
581 0 2035.535536 0.000000 0.62520904804051247 0.044328764430696957
581 1 2035.535536 22.500000 0.62520904804051247 0.044328764430696957
581 2 2035.535536 45.000000 0.62520904804051247 0.044328764430696957
581 3 2035.535536 67.500000 0.62520904804051247 0.044328764430696957
582 0 2039.039039 0.000000 0.64267833650535755 0.041500000564756473
582 1 2039.039039 22.500000 0.64267833650535755 0.041500000564756473
582 2 2039.039039 45.000000 0.64267833650535755 0.041500000564756473
582 3 2039.039039 67.500000 0.64267833650535755 0.041500000564756473
583 0 2042.542543 0.000000 0.65268462192791776 0.03800041395607328
583 1 2042.542543 22.500000 0.65268462192791776 0.03800041395607328
583 2 2042.542543 45.000000 0.65268462192791776 0.03800041395607328
583 3 2042.542543 67.500000 0.65268462192791776 0.03800041395607328
584 0 2046.046046 0.000000 0.65797682652091793 0.034040421562063217
584 1 2046.046046 22.500000 0.65797682652091793 0.034040421562063217
584 2 2046.046046 45.000000 0.65797682652091793 0.034040421562063217
584 3 2046.046046 67.500000 0.65797682652091793 0.034040421562063217
585 0 2049.549550 0.000000 0.66111854759140221 0.029873599792223714
585 1 2049.549550 22.500000 0.66111854759140221 0.029873599792223714
585 2 2049.549550 45.000000 0.66111854759140221 0.029873599792223714
585 3 2049.549550 67.500000 0.66111854759140221 0.029873599792223714
586 0 2053.053053 0.000000 0.66407070904409216 0.025765521585224674
586 1 2053.053053 22.500000 0.66407070904409216 0.025765521585224674
586 2 2053.053053 45.000000 0.66407070904409216 0.025765521585224674
586 3 2053.053053 67.500000 0.66407070904409216 0.025765521585224674
587 0 2056.556557 0.000000 0.66796144888388498 0.021962373181081078
587 1 2056.556557 22.500000 0.66796144888388498 0.021962373181081078
587 2 2056.556557 45.000000 0.66796144888388498 0.021962373181081078
587 3 2056.556557 67.500000 0.66796144888388498 0.021962373181081078
588 0 2060.060060 0.000000 0.67304501359570557 0.018663538551131204
588 1 2060.060060 22.500000 0.67304501359570557 0.018663538551131204
588 2 2060.060060 45.000000 0.67304501359570557 0.018663538551131204
588 3 2060.060060 67.500000 0.67304501359570557 0.018663538551131204
589 0 2063.563564 0.000000 0.67881955299570873 0.016001666213744915
589 1 2063.563564 22.500000 0.67881955299570873 0.016001666213744915
589 2 2063.563564 45.000000 0.67881955299570873 0.016001666213744915
589 3 2063.563564 67.500000 0.67881955299570873 0.016001666213744915
590 0 2067.067067 0.000000 0.68425812543725917 0.014032572328875653
590 1 2067.067067 22.500000 0.68425812543725917 0.014032572328875653
590 2 2067.067067 45.000000 0.68425812543725917 0.014032572328875653
590 3 2067.067067 67.500000 0.68425812543725917 0.014032572328875653
591 0 2070.570571 0.000000 0.68810218905824905 0.012735865008117221
591 1 2070.570571 22.500000 0.68810218905824905 0.012735865008117221
591 2 2070.570571 45.000000 0.68810218905824905 0.012735865008117221
591 3 2070.570571 67.500000 0.68810218905824905 0.012735865008117221
592 0 2074.074074 0.000000 0.68916638485643611 0.012025620587885429
592 1 2074.074074 22.500000 0.68916638485643611 0.012025620587885429
592 2 2074.074074 45.000000 0.68916638485643611 0.012025620587885429
592 3 2074.074074 67.500000 0.68916638485643611 0.012025620587885429
593 0 2077.577578 0.000000 0.68660538550959926 0.011769035078841823
593 1 2077.577578 22.500000 0.68660538550959926 0.011769035078841823
593 2 2077.577578 45.000000 0.68660538550959926 0.011769035078841823
593 3 2077.577578 67.500000 0.68660538550959926 0.011769035078841823
594 0 2081.081081 0.000000 0.68009991567842543 0.011809918547758293
594 1 2081.081081 22.500000 0.68009991567842543 0.011809918547758293
594 2 2081.081081 45.000000 0.68009991567842543 0.011809918547758293
594 3 2081.081081 67.500000 0.68009991567842543 0.011809918547758293
595 0 2084.584585 0.000000 0.66993266306866095 0.011993344790760082
595 1 2084.584585 22.500000 0.66993266306866095 0.011993344790760082
595 2 2084.584585 45.000000 0.66993266306866095 0.011993344790760082
595 3 2084.584585 67.500000 0.66993266306866095 0.011993344790760082
596 0 2088.088088 0.000000 0.6569458760450676 0.012187782161284246
596 1 2088.088088 22.500000 0.6569458760450676 0.012187782161284246
596 2 2088.088088 45.000000 0.6569458760450676 0.012187782161284246
596 3 2088.088088 67.500000 0.6569458760450676 0.012187782161284246
597 0 2091.591592 0.000000 0.64239673391932495 0.01230159439674134
597 1 2091.591592 22.500000 0.64239673391932495 0.01230159439674134
597 2 2091.591592 45.000000 0.64239673391932495 0.01230159439674134
597 3 2091.591592 67.500000 0.64239673391932495 0.01230159439674134
598 0 2095.095095 0.000000 0.62774688207160079 0.012291809778529235
598 1 2095.095095 22.500000 0.62774688207160079 0.012291809778529235
598 2 2095.095095 45.000000 0.62774688207160079 0.012291809778529235
598 3 2095.095095 67.500000 0.62774688207160079 0.012291809778529235
599 0 2098.598599 0.000000 0.61443235297919974 0.012164344115637819
599 1 2098.598599 22.500000 0.61443235297919974 0.012164344115637819
599 2 2098.598599 45.000000 0.61443235297919974 0.012164344115637819
599 3 2098.598599 67.500000 0.61443235297919974 0.012164344115637819
600 0 2102.102102 0.000000 0.60365712476651401 0.01196622078149096
600 1 2102.102102 22.500000 0.60365712476651401 0.01196622078149096
600 2 2102.102102 45.000000 0.60365712476651401 0.01196622078149096
600 3 2102.102102 67.500000 0.60365712476651401 0.01196622078149096
601 0 2105.605606 0.000000 0.59624077212691584 0.011771547162114693
601 1 2105.605606 22.500000 0.59624077212691584 0.011771547162114693
601 2 2105.605606 45.000000 0.59624077212691584 0.011771547162114693
601 3 2105.605606 67.500000 0.59624077212691584 0.011771547162114693
602 0 2109.109109 0.000000 0.59253445594223508 0.011663897370231881
602 1 2109.109109 22.500000 0.59253445594223508 0.011663897370231881
602 2 2109.109109 45.000000 0.59253445594223508 0.011663897370231881
602 3 2109.109109 67.500000 0.59253445594223508 0.011663897370231881
603 0 2112.612613 0.000000 0.59240613798847097 0.011718188280034189
603 1 2112.612613 22.500000 0.59240613798847097 0.011718188280034189
603 2 2112.612613 45.000000 0.59240613798847097 0.011718188280034189
603 3 2112.612613 67.500000 0.59240613798847097 0.011718188280034189
604 0 2116.116116 0.000000 0.59528836328473567 0.011985067228456322
604 1 2116.116116 22.500000 0.59528836328473567 0.011985067228456322
604 2 2116.116116 45.000000 0.59528836328473567 0.011985067228456322
604 3 2116.116116 67.500000 0.59528836328473567 0.011985067228456322
605 0 2119.619620 0.000000 0.60027902917490128 0.012480283953185824
605 1 2119.619620 22.500000 0.60027902917490128 0.012480283953185824
605 2 2119.619620 45.000000 0.60027902917490128 0.012480283953185824
605 3 2119.619620 67.500000 0.60027902917490128 0.012480283953185824
606 0 2123.123123 0.000000 0.60628361486101734 0.013180600109016722
606 1 2123.123123 22.500000 0.60628361486101734 0.013180600109016722
606 2 2123.123123 45.000000 0.60628361486101734 0.013180600109016722
606 3 2123.123123 67.500000 0.60628361486101734 0.013180600109016722
607 0 2126.626627 0.000000 0.61218331968984341 0.014026656950421015
607 1 2126.626627 22.500000 0.61218331968984341 0.014026656950421015
607 2 2126.626627 45.000000 0.61218331968984341 0.014026656950421015
607 3 2126.626627 67.500000 0.61218331968984341 0.014026656950421015
608 0 2130.130130 0.000000 0.61700732944164993 0.014932064685296047
608 1 2130.130130 22.500000 0.61700732944164993 0.014932064685296047
608 2 2130.130130 45.000000 0.61700732944164993 0.014932064685296047
608 3 2130.130130 67.500000 0.61700732944164993 0.014932064685296047
609 0 2133.633634 0.000000 0.62008202802426549 0.015796982933900038
609 1 2133.633634 22.500000 0.62008202802426549 0.015796982933900038
609 2 2133.633634 45.000000 0.62008202802426549 0.015796982933900038
609 3 2133.633634 67.500000 0.62008202802426549 0.015796982933900038
610 0 2137.137137 0.000000 0.62112962678002936 0.016523786048639601
610 1 2137.137137 22.500000 0.62112962678002936 0.016523786048639601
610 2 2137.137137 45.000000 0.62112962678002936 0.016523786048639601
610 3 2137.137137 67.500000 0.62112962678002936 0.016523786048639601
611 0 2140.640641 0.000000 0.62029600423051079 0.017032148936755424
611 1 2140.640641 22.500000 0.62029600423051079 0.017032148936755424
611 2 2140.640641 45.000000 0.62029600423051079 0.017032148936755424
611 3 2140.640641 67.500000 0.62029600423051079 0.017032148936755424
612 0 2144.144144 0.000000 0.61810163463433065 0.017271076859313037
612 1 2144.144144 22.500000 0.61810163463433065 0.017271076859313037
612 2 2144.144144 45.000000 0.61810163463433065 0.017271076859313037
612 3 2144.144144 67.500000 0.61810163463433065 0.017271076859313037
613 0 2147.647648 0.000000 0.61532610876777305 0.017225991295734572
613 1 2147.647648 22.500000 0.61532610876777305 0.017225991295734572
613 2 2147.647648 45.000000 0.61532610876777305 0.017225991295734572
613 3 2147.647648 67.500000 0.61532610876777305 0.017225991295734572
614 0 2151.151151 0.000000 0.61285045655242398 0.016919863953396962
614 1 2151.151151 22.500000 0.61285045655242398 0.016919863953396962
614 2 2151.151151 45.000000 0.61285045655242398 0.016919863953396962
614 3 2151.151151 67.500000 0.61285045655242398 0.016919863953396962
615 0 2154.654655 0.000000 0.61148826517104427 0.016408408276876466
615 1 2154.654655 22.500000 0.61148826517104427 0.016408408276876466
615 2 2154.654655 45.000000 0.61148826517104427 0.016408408276876466
615 3 2154.654655 67.500000 0.61148826517104427 0.016408408276876466
616 0 2158.158158 0.000000 0.61183559605701088 0.015770320040688658
616 1 2158.158158 22.500000 0.61183559605701088 0.015770320040688658
616 2 2158.158158 45.000000 0.61183559605701088 0.015770320040688658
616 3 2158.158158 67.500000 0.61183559605701088 0.015770320040688658
617 0 2161.661662 0.000000 0.61416306295438927 0.015094344056083588
617 1 2161.661662 22.500000 0.61416306295438927 0.015094344056083588
617 2 2161.661662 45.000000 0.61416306295438927 0.015094344056083588
617 3 2161.661662 67.500000 0.61416306295438927 0.015094344056083588
618 0 2165.165165 0.000000 0.61836450723998149 0.014465407987736826
618 1 2165.165165 22.500000 0.61836450723998149 0.014465407987736826
618 2 2165.165165 45.000000 0.61836450723998149 0.014465407987736826
618 3 2165.165165 67.500000 0.61836450723998149 0.014465407987736826
619 0 2168.668669 0.000000 0.62396804689612473 0.013952138844665847
619 1 2168.668669 22.500000 0.62396804689612473 0.013952138844665847
619 2 2168.668669 45.000000 0.62396804689612473 0.013952138844665847
619 3 2168.668669 67.500000 0.62396804689612473 0.013952138844665847
620 0 2172.172172 0.000000 0.63020754852693184 0.013597761668323528
620 1 2172.172172 22.500000 0.63020754852693184 0.013597761668323528
620 2 2172.172172 45.000000 0.63020754852693184 0.013597761668323528
620 3 2172.172172 67.500000 0.63020754852693184 0.013597761668323528
621 0 2175.675676 0.000000 0.63614503886984408 0.013415737419419919
621 1 2175.675676 22.500000 0.63614503886984408 0.013415737419419919
621 2 2175.675676 45.000000 0.63614503886984408 0.013415737419419919
621 3 2175.675676 67.500000 0.63614503886984408 0.013415737419419919
622 0 2179.179179 0.000000 0.64082661036222677 0.013390645337969014
622 1 2179.179179 22.500000 0.64082661036222677 0.013390645337969014
622 2 2179.179179 45.000000 0.64082661036222677 0.013390645337969014
622 3 2179.179179 67.500000 0.64082661036222677 0.013390645337969014
623 0 2182.682683 0.000000 0.64344685315334527 0.013483903727695416
623 1 2182.682683 22.500000 0.64344685315334527 0.013483903727695416
623 2 2182.682683 45.000000 0.64344685315334527 0.013483903727695416
623 3 2182.682683 67.500000 0.64344685315334527 0.013483903727695416
624 0 2186.186186 0.000000 0.6434922963888885 0.013643108340166096
624 1 2186.186186 22.500000 0.6434922963888885 0.013643108340166096
624 2 2186.186186 45.000000 0.6434922963888885 0.013643108340166096
624 3 2186.186186 67.500000 0.6434922963888885 0.013643108340166096
625 0 2189.689690 0.000000 0.64083570464172568 0.013813185584157398
625 1 2189.689690 22.500000 0.64083570464172568 0.013813185584157398
625 2 2189.689690 45.000000 0.64083570464172568 0.013813185584157398
625 3 2189.689690 67.500000 0.64083570464172568 0.013813185584157398
626 0 2193.193193 0.000000 0.63576176735184609 0.013947302495875443
626 1 2193.193193 22.500000 0.63576176735184609 0.013947302495875443
626 2 2193.193193 45.000000 0.63576176735184609 0.013947302495875443
626 3 2193.193193 67.500000 0.63576176735184609 0.013947302495875443
627 0 2196.696697 0.000000 0.62891927967505923 0.014015583123222149
627 1 2196.696697 22.500000 0.62891927967505923 0.014015583123222149
627 2 2196.696697 45.000000 0.62891927967505923 0.014015583123222149
627 3 2196.696697 67.500000 0.62891927967505923 0.014015583123222149
628 0 2200.200200 0.000000 0.62121117370860246 0.014010125457451089
628 1 2200.200200 22.500000 0.62121117370860246 0.014010125457451089
628 2 2200.200200 45.000000 0.62121117370860246 0.014010125457451089
628 3 2200.200200 67.500000 0.62121117370860246 0.014010125457451089
629 0 2203.703704 0.000000 0.61364656242009796 0.01394551098429099
629 1 2203.703704 22.500000 0.61364656242009796 0.01394551098429099
629 2 2203.703704 45.000000 0.61364656242009796 0.01394551098429099
629 3 2203.703704 67.500000 0.61364656242009796 0.01394551098429099
630 0 2207.207207 0.000000 0.60718451033660625 0.013854825044230093
630 1 2207.207207 22.500000 0.60718451033660625 0.013854825044230093
630 2 2207.207207 45.000000 0.60718451033660625 0.013854825044230093
630 3 2207.207207 67.500000 0.60718451033660625 0.013854825044230093
631 0 2210.710711 0.000000 0.60259678525883786 0.01378201519099316
631 1 2210.710711 22.500000 0.60259678525883786 0.01378201519099316
631 2 2210.710711 45.000000 0.60259678525883786 0.01378201519099316
631 3 2210.710711 67.500000 0.60259678525883786 0.01378201519099316
632 0 2214.214214 0.000000 0.60036872545296627 0.013772066343078069
632 1 2214.214214 22.500000 0.60036872545296627 0.013772066343078069
632 2 2214.214214 45.000000 0.60036872545296627 0.013772066343078069
632 3 2214.214214 67.500000 0.60036872545296627 0.013772066343078069
633 0 2217.717718 0.000000 0.60064754191268011 0.013860854339906178
633 1 2217.717718 22.500000 0.60064754191268011 0.013860854339906178
633 2 2217.717718 45.000000 0.60064754191268011 0.013860854339906178
633 3 2217.717718 67.500000 0.60064754191268011 0.013860854339906178
634 0 2221.221221 0.000000 0.60323929037324397 0.014066589689539659
634 1 2221.221221 22.500000 0.60323929037324397 0.014066589689539659
634 2 2221.221221 45.000000 0.60323929037324397 0.014066589689539659
634 3 2221.221221 67.500000 0.60323929037324397 0.014066589689539659
635 0 2224.724725 0.000000 0.60765071544245353 0.014384474899591892
635 1 2224.724725 22.500000 0.60765071544245353 0.014384474899591892
635 2 2224.724725 45.000000 0.60765071544245353 0.014384474899591892
635 3 2224.724725 67.500000 0.60765071544245353 0.014384474899591892
636 0 2228.228228 0.000000 0.61316926626338186 0.014785624243147066
636 1 2228.228228 22.500000 0.61316926626338186 0.014785624243147066
636 2 2228.228228 45.000000 0.61316926626338186 0.014785624243147066
636 3 2228.228228 67.500000 0.61316926626338186 0.014785624243147066
637 0 2231.731732 0.000000 0.61897185862483406 0.015220535427414042
637 1 2231.731732 22.500000 0.61897185862483406 0.015220535427414042
637 2 2231.731732 45.000000 0.61897185862483406 0.015220535427414042
637 3 2231.731732 67.500000 0.61897185862483406 0.015220535427414042
638 0 2235.235235 0.000000 0.6242491533070843 0.015626590883902891
638 1 2235.235235 22.500000 0.6242491533070843 0.015626590883902891
638 2 2235.235235 45.000000 0.6242491533070843 0.015626590883902891
638 3 2235.235235 67.500000 0.6242491533070843 0.015626590883902891
639 0 2238.738739 0.000000 0.6283277809580009 0.015938343105041768
639 1 2238.738739 22.500000 0.6283277809580009 0.015938343105041768
639 2 2238.738739 45.000000 0.6283277809580009 0.015938343105041768
639 3 2238.738739 67.500000 0.6283277809580009 0.015938343105041768
640 0 2242.242242 0.000000 0.63077025036912004 0.016098828698119145
640 1 2242.242242 22.500000 0.63077025036912004 0.016098828698119145
640 2 2242.242242 45.000000 0.63077025036912004 0.016098828698119145
640 3 2242.242242 67.500000 0.63077025036912004 0.016098828698119145
641 0 2245.745746 0.000000 0.63143372383652019 0.016069947730925068
641 1 2245.745746 22.500000 0.63143372383652019 0.016069947730925068
641 2 2245.745746 45.000000 0.63143372383652019 0.016069947730925068
641 3 2245.745746 67.500000 0.63143372383652019 0.016069947730925068
642 0 2249.249249 0.000000 0.63047559833506717 0.015840074832945059
642 1 2249.249249 22.500000 0.63047559833506717 0.015840074832945059
642 2 2249.249249 45.000000 0.63047559833506717 0.015840074832945059
642 3 2249.249249 67.500000 0.63047559833506717 0.015840074832945059
643 0 2252.752753 0.000000 0.62830477444443744 0.015427514975021768
643 1 2252.752753 22.500000 0.62830477444443744 0.015427514975021768
643 2 2252.752753 45.000000 0.62830477444443744 0.015427514975021768
643 3 2252.752753 67.500000 0.62830477444443744 0.015427514975021768
644 0 2256.256256 0.000000 0.62548950259374869 0.014879104571952996
644 1 2256.256256 22.500000 0.62548950259374869 0.014879104571952996
644 2 2256.256256 45.000000 0.62548950259374869 0.014879104571952996
644 3 2256.256256 67.500000 0.62548950259374869 0.014879104571952996
645 0 2259.759760 0.000000 0.62264200007798343 0.014264071286761458
645 1 2259.759760 22.500000 0.62264200007798343 0.014264071286761458
645 2 2259.759760 45.000000 0.62264200007798343 0.014264071286761458
645 3 2259.759760 67.500000 0.62264200007798343 0.014264071286761458
646 0 2263.263263 0.000000 0.62030388489860344 0.013664066269859384
646 1 2263.263263 22.500000 0.62030388489860344 0.013664066269859384
646 2 2263.263263 45.000000 0.62030388489860344 0.013664066269859384
646 3 2263.263263 67.500000 0.62030388489860344 0.013664066269859384
647 0 2266.766767 0.000000 0.61885422943547019 0.013160935278754025
647 1 2266.766767 22.500000 0.61885422943547019 0.013160935278754025
647 2 2266.766767 45.000000 0.61885422943547019 0.013160935278754025
647 3 2266.766767 67.500000 0.61885422943547019 0.013160935278754025
648 0 2270.270270 0.000000 0.61845515987760391 0.012824189868338269
648 1 2270.270270 22.500000 0.61845515987760391 0.012824189868338269
648 2 2270.270270 45.000000 0.61845515987760391 0.012824189868338269
648 3 2270.270270 67.500000 0.61845515987760391 0.012824189868338269
649 0 2273.773774 0.000000 0.61904104079958422 0.012700209733370538
649 1 2273.773774 22.500000 0.61904104079958422 0.012700209733370538
649 2 2273.773774 45.000000 0.61904104079958422 0.012700209733370538
649 3 2273.773774 67.500000 0.61904104079958422 0.012700209733370538
650 0 2277.277277 0.000000 0.6203489071991275 0.012804939997104133
650 1 2277.277277 22.500000 0.6203489071991275 0.012804939997104133
650 2 2277.277277 45.000000 0.6203489071991275 0.012804939997104133
650 3 2277.277277 67.500000 0.6203489071991275 0.012804939997104133
651 0 2280.780781 0.000000 0.62198145588394504 0.013121286909941049
651 1 2280.780781 22.500000 0.62198145588394504 0.013121286909941049
651 2 2280.780781 45.000000 0.62198145588394504 0.013121286909941049
651 3 2280.780781 67.500000 0.62198145588394504 0.013121286909941049
652 0 2284.284284 0.000000 0.62348994792788848 0.013601655074401288
652 1 2284.284284 22.500000 0.62348994792788848 0.013601655074401288
652 2 2284.284284 45.000000 0.62348994792788848 0.013601655074401288
652 3 2284.284284 67.500000 0.62348994792788848 0.013601655074401288
653 0 2287.787788 0.000000 0.6244624900920267 0.014175235131105253
653 1 2287.787788 22.500000 0.6244624900920267 0.014175235131105253
653 2 2287.787788 45.000000 0.6244624900920267 0.014175235131105253
653 3 2287.787788 67.500000 0.6244624900920267 0.014175235131105253
654 0 2291.291291 0.000000 0.62460301139102281 0.014758880965913004
654 1 2291.291291 22.500000 0.62460301139102281 0.014758880965913004
654 2 2291.291291 45.000000 0.62460301139102281 0.014758880965913004
654 3 2291.291291 67.500000 0.62460301139102281 0.014758880965913004
655 0 2294.794795 0.000000 0.62378780995250371 0.01526983693933039
655 1 2294.794795 22.500000 0.62378780995250371 0.01526983693933039
655 2 2294.794795 45.000000 0.62378780995250371 0.01526983693933039
655 3 2294.794795 67.500000 0.62378780995250371 0.01526983693933039
656 0 2298.298298 0.000000 0.62208999187533065 0.015638283167045991
656 1 2298.298298 22.500000 0.62208999187533065 0.015638283167045991
656 2 2298.298298 45.000000 0.62208999187533065 0.015638283167045991
656 3 2298.298298 67.500000 0.62208999187533065 0.015638283167045991
657 0 2301.801802 0.000000 0.6197674043149326 0.015817707425673688
657 1 2301.801802 22.500000 0.6197674043149326 0.015817707425673688
657 2 2301.801802 45.000000 0.6197674043149326 0.015817707425673688
657 3 2301.801802 67.500000 0.6197674043149326 0.015817707425673688
658 0 2305.305305 0.000000 0.61721613063182601 0.015791477379470099
658 1 2305.305305 22.500000 0.61721613063182601 0.015791477379470099
658 2 2305.305305 45.000000 0.61721613063182601 0.015791477379470099
658 3 2305.305305 67.500000 0.61721613063182601 0.015791477379470099
659 0 2308.808809 0.000000 0.61489801744144756 0.015574614453499579
659 1 2308.808809 22.500000 0.61489801744144756 0.015574614453499579
659 2 2308.808809 45.000000 0.61489801744144756 0.015574614453499579
659 3 2308.808809 67.500000 0.61489801744144756 0.015574614453499579
660 0 2312.312312 0.000000 0.6132555813740872 0.015210555783519243
660 1 2312.312312 22.500000 0.6132555813740872 0.015210555783519243
660 2 2312.312312 45.000000 0.6132555813740872 0.015210555783519243
660 3 2312.312312 67.500000 0.6132555813740872 0.015210555783519243
661 0 2315.815816 0.000000 0.61262987582983508 0.014763502993325149
661 1 2315.815816 22.500000 0.61262987582983508 0.014763502993325149
661 2 2315.815816 45.000000 0.61262987582983508 0.014763502993325149
661 3 2315.815816 67.500000 0.61262987582983508 0.014763502993325149
662 0 2319.319319 0.000000 0.61319609573749867 0.014307662401472632
662 1 2319.319319 22.500000 0.61319609573749867 0.014307662401472632
662 2 2319.319319 45.000000 0.61319609573749867 0.014307662401472632
662 3 2319.319319 67.500000 0.61319609573749867 0.014307662401472632
663 0 2322.822823 0.000000 0.61492824391461332 0.013915165727875219
663 1 2322.822823 22.500000 0.61492824391461332 0.013915165727875219
663 2 2322.822823 45.000000 0.61492824391461332 0.013915165727875219
663 3 2322.822823 67.500000 0.61492824391461332 0.013915165727875219
664 0 2326.326326 0.000000 0.61759895531599607 0.01364464620519466
664 1 2326.326326 22.500000 0.61759895531599607 0.01364464620519466
664 2 2326.326326 45.000000 0.61759895531599607 0.01364464620519466
664 3 2326.326326 67.500000 0.61759895531599607 0.01364464620519466
665 0 2329.829830 0.000000 0.62081457895974879 0.013532305072329255
665 1 2329.829830 22.500000 0.62081457895974879 0.013532305072329255
665 2 2329.829830 45.000000 0.62081457895974879 0.013532305072329255
665 3 2329.829830 67.500000 0.62081457895974879 0.013532305072329255
666 0 2333.333333 0.000000 0.62407973982130016 0.013586864746686703
666 1 2333.333333 22.500000 0.62407973982130016 0.013586864746686703
666 2 2333.333333 45.000000 0.62407973982130016 0.013586864746686703
666 3 2333.333333 67.500000 0.62407973982130016 0.013586864746686703
667 0 2336.836837 0.000000 0.62688059292985077 0.013789143655033045
667 1 2336.836837 22.500000 0.62688059292985077 0.013789143655033045
667 2 2336.836837 45.000000 0.62688059292985077 0.013789143655033045
667 3 2336.836837 67.500000 0.62688059292985077 0.013789143655033045
668 0 2340.340340 0.000000 0.62877253981212389 0.014096215824631969
668 1 2340.340340 22.500000 0.62877253981212389 0.014096215824631969
668 2 2340.340340 45.000000 0.62877253981212389 0.014096215824631969
668 3 2340.340340 67.500000 0.62877253981212389 0.014096215824631969
669 0 2343.843844 0.000000 0.62945697899385911 0.014449364929937251
669 1 2343.843844 22.500000 0.62945697899385911 0.014449364929937251
669 2 2343.843844 45.000000 0.62945697899385911 0.014449364929937251
669 3 2343.843844 67.500000 0.62945697899385911 0.014449364929937251
670 0 2347.347347 0.000000 0.6288331986540926 0.014784431919174341
670 1 2347.347347 22.500000 0.6288331986540926 0.014784431919174341
670 2 2347.347347 45.000000 0.6288331986540926 0.014784431919174341
670 3 2347.347347 67.500000 0.6288331986540926 0.014784431919174341
671 0 2350.850851 0.000000 0.62701580993681161 0.015042786685161812
671 1 2350.850851 22.500000 0.62701580993681161 0.015042786685161812
671 2 2350.850851 45.000000 0.62701580993681161 0.015042786685161812
671 3 2350.850851 67.500000 0.62701580993681161 0.015042786685161812
672 0 2354.354354 0.000000 0.62431449003276174 0.015181085100049729
672 1 2354.354354 22.500000 0.62431449003276174 0.015181085100049729
672 2 2354.354354 45.000000 0.62431449003276174 0.015181085100049729
672 3 2354.354354 67.500000 0.62431449003276174 0.015181085100049729
673 0 2357.857858 0.000000 0.6211799300647648 0.015178210146825369
673 1 2357.857858 22.500000 0.6211799300647648 0.015178210146825369
673 2 2357.857858 45.000000 0.6211799300647648 0.015178210146825369
673 3 2357.857858 67.500000 0.6211799300647648 0.015178210146825369
674 0 2361.361361 0.000000 0.61812614607483096 0.0150382957762814
674 1 2361.361361 22.500000 0.61812614607483096 0.0150382957762814
674 2 2361.361361 45.000000 0.61812614607483096 0.0150382957762814
674 3 2361.361361 67.500000 0.61812614607483096 0.0150382957762814
675 0 2364.864865 0.000000 0.61564333151486894 0.014789407284346832
675 1 2364.864865 22.500000 0.61564333151486894 0.014789407284346832
675 2 2364.864865 45.000000 0.61564333151486894 0.014789407284346832
675 3 2364.864865 67.500000 0.61564333151486894 0.014789407284346832
676 0 2368.368368 0.000000 0.61411650645915195 0.014478187182758798
676 1 2368.368368 22.500000 0.61411650645915195 0.014478187182758798
676 2 2368.368368 45.000000 0.61411650645915195 0.014478187182758798
676 3 2368.368368 67.500000 0.61411650645915195 0.014478187182758798
677 0 2371.871872 0.000000 0.61376347085305305 0.0141614470217526
677 1 2371.871872 22.500000 0.61376347085305305 0.0141614470217526
677 2 2371.871872 45.000000 0.61376347085305305 0.0141614470217526
677 3 2371.871872 67.500000 0.61376347085305305 0.0141614470217526
678 0 2375.375375 0.000000 0.61460172737440577 0.013896182048209423
678 1 2375.375375 22.500000 0.61460172737440577 0.013896182048209423
678 2 2375.375375 45.000000 0.61460172737440577 0.013896182048209423
678 3 2375.375375 67.500000 0.61460172737440577 0.013896182048209423
679 0 2378.878879 0.000000 0.6164490517509702 0.013729726385143429
679 1 2378.878879 22.500000 0.6164490517509702 0.013729726385143429
679 2 2378.878879 45.000000 0.6164490517509702 0.013729726385143429
679 3 2378.878879 67.500000 0.6164490517509702 0.013729726385143429
680 0 2382.382382 0.000000 0.61895707958787116 0.013691714938897565
680 1 2382.382382 22.500000 0.61895707958787116 0.013691714938897565
680 2 2382.382382 45.000000 0.61895707958787116 0.013691714938897565
680 3 2382.382382 67.500000 0.61895707958787116 0.013691714938897565
681 0 2385.885886 0.000000 0.62167223997016585 0.013789187305676534
681 1 2385.885886 22.500000 0.62167223997016585 0.013789187305676534
681 2 2385.885886 45.000000 0.62167223997016585 0.013789187305676534
681 3 2385.885886 67.500000 0.62167223997016585 0.013789187305676534
682 0 2389.389389 0.000000 0.62411406865652264 0.014005618095753139
682 1 2389.389389 22.500000 0.62411406865652264 0.014005618095753139
682 2 2389.389389 45.000000 0.62411406865652264 0.014005618095753139
682 3 2389.389389 67.500000 0.62411406865652264 0.014005618095753139
683 0 2392.892893 0.000000 0.62585790451909018 0.014303982991538816
683 1 2392.892893 22.500000 0.62585790451909018 0.014303982991538816
683 2 2392.892893 45.000000 0.62585790451909018 0.014303982991538816
683 3 2392.892893 67.500000 0.62585790451909018 0.014303982991538816
684 0 2396.396396 0.000000 0.6266078320194044 0.014633285793244095
684 1 2396.396396 22.500000 0.6266078320194044 0.014633285793244095
684 2 2396.396396 45.000000 0.6266078320194044 0.014633285793244095
684 3 2396.396396 67.500000 0.6266078320194044 0.014633285793244095
685 0 2399.899900 0.000000 0.62624700489833529 0.014937393978797574
685 1 2399.899900 22.500000 0.62624700489833529 0.014937393978797574
685 2 2399.899900 45.000000 0.62624700489833529 0.014937393978797574
685 3 2399.899900 67.500000 0.62624700489833529 0.014937393978797574
686 0 2403.403403 0.000000 0.6248562794976944 0.015164654835902115
686 1 2403.403403 22.500000 0.6248562794976944 0.015164654835902115
686 2 2403.403403 45.000000 0.6248562794976944 0.015164654835902115
686 3 2403.403403 67.500000 0.6248562794976944 0.015164654835902115
687 0 2406.906907 0.000000 0.62269784730402988 0.0152766516690396
687 1 2406.906907 22.500000 0.62269784730402988 0.0152766516690396
687 2 2406.906907 45.000000 0.62269784730402988 0.0152766516690396
687 3 2406.906907 67.500000 0.62269784730402988 0.0152766516690396
688 0 2410.410410 0.000000 0.62016710010749354 0.015254625554616333
688 1 2410.410410 22.500000 0.62016710010749354 0.015254625554616333
688 2 2410.410410 45.000000 0.62016710010749354 0.015254625554616333
688 3 2410.410410 67.500000 0.62016710010749354 0.015254625554616333
689 0 2413.913914 0.000000 0.61772180717906011 0.015102501098360914
689 1 2413.913914 22.500000 0.61772180717906011 0.015102501098360914
689 2 2413.913914 45.000000 0.61772180717906011 0.015102501098360914
689 3 2413.913914 67.500000 0.61772180717906011 0.015102501098360914
690 0 2417.417417 0.000000 0.61580155299793249 0.014846041873427578
690 1 2417.417417 22.500000 0.61580155299793249 0.014846041873427578
690 2 2417.417417 45.000000 0.61580155299793249 0.014846041873427578
690 3 2417.417417 67.500000 0.61580155299793249 0.014846041873427578
691 0 2420.920921 0.000000 0.61475160526061734 0.014528321419718337
691 1 2420.920921 22.500000 0.61475160526061734 0.014528321419718337
691 2 2420.920921 45.000000 0.61475160526061734 0.014528321419718337
691 3 2420.920921 67.500000 0.61475160526061734 0.014528321419718337
692 0 2424.424424 0.000000 0.61476401511890044 0.014202316508574488
692 1 2424.424424 22.500000 0.61476401511890044 0.014202316508574488
692 2 2424.424424 45.000000 0.61476401511890044 0.014202316508574488
692 3 2424.424424 67.500000 0.61476401511890044 0.014202316508574488
693 0 2427.927928 0.000000 0.61584539655876691 0.013921906453662054
693 1 2427.927928 22.500000 0.61584539655876691 0.013921906453662054
693 2 2427.927928 45.000000 0.61584539655876691 0.013921906453662054
693 3 2427.927928 67.500000 0.61584539655876691 0.013921906453662054
694 0 2431.431431 0.000000 0.61781628933589272 0.013732816711647524
694 1 2431.431431 22.500000 0.61781628933589272 0.013732816711647524
694 2 2431.431431 45.000000 0.61781628933589272 0.013732816711647524
694 3 2431.431431 67.500000 0.61781628933589272 0.013732816711647524
695 0 2434.934935 0.000000 0.62034199629128739 0.013665036514089693
695 1 2434.934935 22.500000 0.62034199629128739 0.013665036514089693
695 2 2434.934935 45.000000 0.62034199629128739 0.013665036514089693
695 3 2434.934935 67.500000 0.62034199629128739 0.013665036514089693
696 0 2438.438438 0.000000 0.62298985967338583 0.013727973338592124
696 1 2438.438438 22.500000 0.62298985967338583 0.013727973338592124
696 2 2438.438438 45.000000 0.62298985967338583 0.013727973338592124
696 3 2438.438438 67.500000 0.62298985967338583 0.013727973338592124
697 0 2441.941942 0.000000 0.62530361427582482 0.013909129802677792
697 1 2441.941942 22.500000 0.62530361427582482 0.013909129802677792
697 2 2441.941942 45.000000 0.62530361427582482 0.013909129802677792
697 3 2441.941942 67.500000 0.62530361427582482 0.013909129802677792
698 0 2445.445445 0.000000 0.62688233136873495 0.014176484167311952
698 1 2445.445445 22.500000 0.62688233136873495 0.014176484167311952
698 2 2445.445445 45.000000 0.62688233136873495 0.014176484167311952
698 3 2445.445445 67.500000 0.62688233136873495 0.014176484167311952
699 0 2448.948949 0.000000 0.62745023107244113 0.014484127727534921
699 1 2448.948949 22.500000 0.62745023107244113 0.014484127727534921
699 2 2448.948949 45.000000 0.62745023107244113 0.014484127727534921
699 3 2448.948949 67.500000 0.62745023107244113 0.014484127727534921
700 0 2452.452452 0.000000 0.62690483746435377 0.014780167393359508
700 1 2452.452452 22.500000 0.62690483746435377 0.014780167393359508
700 2 2452.452452 45.000000 0.62690483746435377 0.014780167393359508
700 3 2452.452452 67.500000 0.62690483746435377 0.014780167393359508
701 0 2455.955956 0.000000 0.62533466406395322 0.015015530934571029
701 1 2455.955956 22.500000 0.62533466406395322 0.015015530934571029
701 2 2455.955956 45.000000 0.62533466406395322 0.015015530934571029
701 3 2455.955956 67.500000 0.62533466406395322 0.015015530934571029
702 0 2459.459459 0.000000 0.62300325319200645 0.015152176394647858
702 1 2459.459459 22.500000 0.62300325319200645 0.015152176394647858
702 2 2459.459459 45.000000 0.62300325319200645 0.015152176394647858
702 3 2459.459459 67.500000 0.62300325319200645 0.015152176394647858
703 0 2462.962963 0.000000 0.62030274242422323 0.015169326361983058
703 1 2462.962963 22.500000 0.62030274242422323 0.015169326361983058
703 2 2462.962963 45.000000 0.62030274242422323 0.015169326361983058
703 3 2462.962963 67.500000 0.62030274242422323 0.015169326361983058
704 0 2466.466466 0.000000 0.6176857321511553 0.015066698998019896
704 1 2466.466466 22.500000 0.6176857321511553 0.015066698998019896
704 2 2466.466466 45.000000 0.6176857321511553 0.015066698998019896
704 3 2466.466466 67.500000 0.6176857321511553 0.015066698998019896
705 0 2469.969970 0.000000 0.61558785877931377 0.014864228816499087
705 1 2469.969970 22.500000 0.61558785877931377 0.014864228816499087
705 2 2469.969970 45.000000 0.61558785877931377 0.014864228816499087
705 3 2469.969970 67.500000 0.61558785877931377 0.014864228816499087
706 0 2473.473473 0.000000 0.61435454334122641 0.014598370966724226
706 1 2473.473473 22.500000 0.61435454334122641 0.014598370966724226
706 2 2473.473473 45.000000 0.61435454334122641 0.014598370966724226
706 3 2473.473473 67.500000 0.61435454334122641 0.014598370966724226
707 0 2476.976977 0.000000 0.61418400803777495 0.014315660489242396
707 1 2476.976977 22.500000 0.61418400803777495 0.014315660489242396
707 2 2476.976977 45.000000 0.61418400803777495 0.014315660489242396
707 3 2476.976977 67.500000 0.61418400803777495 0.014315660489242396
708 0 2480.480480 0.000000 0.61509546184259045 0.014064655024492376
708 1 2480.480480 22.500000 0.61509546184259045 0.014064655024492376
708 2 2480.480480 45.000000 0.61509546184259045 0.014064655024492376
708 3 2480.480480 67.500000 0.61509546184259045 0.014064655024492376
709 0 2483.983984 0.000000 0.6169271285450777 0.013887649646881503
709 1 2483.983984 22.500000 0.6169271285450777 0.013887649646881503
709 2 2483.983984 45.000000 0.6169271285450777 0.013887649646881503
709 3 2483.983984 67.500000 0.6169271285450777 0.013887649646881503
710 0 2487.487487 0.000000 0.61936417614996653 0.013813573967340207
710 1 2487.487487 22.500000 0.61936417614996653 0.013813573967340207
710 2 2487.487487 45.000000 0.61936417614996653 0.013813573967340207
710 3 2487.487487 67.500000 0.61936417614996653 0.013813573967340207
711 0 2490.990991 0.000000 0.6219920684454453 0.013853263452216281
711 1 2490.990991 22.500000 0.6219920684454453 0.013853263452216281
711 2 2490.990991 45.000000 0.6219920684454453 0.013853263452216281
711 3 2490.990991 67.500000 0.6219920684454453 0.013853263452216281
712 0 2494.494494 0.000000 0.62436680938647271 0.013997878783873872
712 1 2494.494494 22.500000 0.62436680938647271 0.013997878783873872
712 2 2494.494494 45.000000 0.62436680938647271 0.013997878783873872
712 3 2494.494494 67.500000 0.62436680938647271 0.013997878783873872
713 0 2497.997998 0.000000 0.62609051396161663 0.014220702288566542
713 1 2497.997998 22.500000 0.62609051396161663 0.014220702288566542
713 2 2497.997998 45.000000 0.62609051396161663 0.014220702288566542
713 3 2497.997998 67.500000 0.62609051396161663 0.014220702288566542
714 0 2501.501502 0.000000 0.62687936808614253 0.014481962957579662
714 1 2501.501502 22.500000 0.62687936808614253 0.014481962957579662
714 2 2501.501502 45.000000 0.62687936808614253 0.014481962957579662
714 3 2501.501502 67.500000 0.62687936808614253 0.014481962957579662
715 0 2505.005005 0.000000 0.62661190905148634 0.014735829920910208
715 1 2505.005005 22.500000 0.62661190905148634 0.014735829920910208
715 2 2505.005005 45.000000 0.62661190905148634 0.014735829920910208
715 3 2505.005005 67.500000 0.62661190905148634 0.014735829920910208
716 0 2508.508509 0.000000 0.62534883646317752 0.014938354703420739
716 1 2508.508509 22.500000 0.62534883646317752 0.014938354703420739
716 2 2508.508509 45.000000 0.62534883646317752 0.014938354703420739
716 3 2508.508509 67.500000 0.62534883646317752 0.014938354703420739
717 0 2512.012012 0.000000 0.62332077486758242 0.015054994738672131
717 1 2512.012012 22.500000 0.62332077486758242 0.015054994738672131
717 2 2512.012012 45.000000 0.62332077486758242 0.015054994738672131
717 3 2512.012012 67.500000 0.62332077486758242 0.015054994738672131
718 0 2515.515516 0.000000 0.62088645546145316 0.015066437356758087
718 1 2515.515516 22.500000 0.62088645546145316 0.015066437356758087
718 2 2515.515516 45.000000 0.62088645546145316 0.015066437356758087
718 3 2515.515516 67.500000 0.62088645546145316 0.015066437356758087
719 0 2519.019019 0.000000 0.61846926790543122 0.014971747574289384
719 1 2519.019019 22.500000 0.61846926790543122 0.014971747574289384
719 2 2519.019019 45.000000 0.61846926790543122 0.014971747574289384
719 3 2519.019019 67.500000 0.61846926790543122 0.014971747574289384
720 0 2522.522523 0.000000 0.6164838327526333 0.014788330452892859
720 1 2522.522523 22.500000 0.6164838327526333 0.014788330452892859
720 2 2522.522523 45.000000 0.6164838327526333 0.014788330452892859
720 3 2522.522523 67.500000 0.6164838327526333 0.014788330452892859
721 0 2526.026026 0.000000 0.61526550784742984 0.014548748248477354
721 1 2526.026026 22.500000 0.61526550784742984 0.014548748248477354
721 2 2526.026026 45.000000 0.61526550784742984 0.014548748248477354
721 3 2526.026026 67.500000 0.61526550784742984 0.014548748248477354
722 0 2529.529530 0.000000 0.61501460917688056 0.014294969574007565
722 1 2529.529530 22.500000 0.61501460917688056 0.014294969574007565
722 2 2529.529530 45.000000 0.61501460917688056 0.014294969574007565
722 3 2529.529530 67.500000 0.61501460917688056 0.014294969574007565
723 0 2533.033033 0.000000 0.61576416021764713 0.014071060912429495
723 1 2533.033033 22.500000 0.61576416021764713 0.014071060912429495
723 2 2533.033033 45.000000 0.61576416021764713 0.014071060912429495
723 3 2533.033033 67.500000 0.61576416021764713 0.014071060912429495
724 0 2536.536537 0.000000 0.6173759368570455 0.013915587191710899
724 1 2536.536537 22.500000 0.6173759368570455 0.013915587191710899
724 2 2536.536537 45.000000 0.6173759368570455 0.013915587191710899
724 3 2536.536537 67.500000 0.6173759368570455 0.013915587191710899
725 0 2540.040040 0.000000 0.61956511173130724 0.013855025729889872
725 1 2540.040040 22.500000 0.61956511173130724 0.013855025729889872
725 2 2540.040040 45.000000 0.61956511173130724 0.013855025729889872
725 3 2540.040040 67.500000 0.61956511173130724 0.013855025729889872
726 0 2543.543544 0.000000 0.62194941246314961 0.013899312320573627
726 1 2543.543544 22.500000 0.62194941246314961 0.013899312320573627
726 2 2543.543544 45.000000 0.62194941246314961 0.013899312320573627
726 3 2543.543544 67.500000 0.62194941246314961 0.013899312320573627
727 0 2547.047047 0.000000 0.62411481042605366 0.014040263288559479
727 1 2547.047047 22.500000 0.62411481042605366 0.014040263288559479
727 2 2547.047047 45.000000 0.62411481042605366 0.014040263288559479
727 3 2547.047047 67.500000 0.62411481042605366 0.014040263288559479
728 0 2550.550551 0.000000 0.6256868427183907 0.014253118723760876
728 1 2550.550551 22.500000 0.6256868427183907 0.014253118723760876
728 2 2550.550551 45.000000 0.6256868427183907 0.014253118723760876
728 3 2550.550551 67.500000 0.6256868427183907 0.014253118723760876
729 0 2554.054054 0.000000 0.62639533163442929 0.014500916027983514
729 1 2554.054054 22.500000 0.62639533163442929 0.014500916027983514
729 2 2554.054054 45.000000 0.62639533163442929 0.014500916027983514
729 3 2554.054054 67.500000 0.62639533163442929 0.014500916027983514
730 0 2557.557558 0.000000 0.62612102244371515 0.01474092123851287
730 1 2557.557558 22.500000 0.62612102244371515 0.01474092123851287
730 2 2557.557558 45.000000 0.62612102244371515 0.01474092123851287
730 3 2557.557558 67.500000 0.62612102244371515 0.01474092123851287
731 0 2561.061061 0.000000 0.62491567012180238 0.014932000097420807
731 1 2561.061061 22.500000 0.62491567012180238 0.014932000097420807
731 2 2561.061061 45.000000 0.62491567012180238 0.014932000097420807
731 3 2561.061061 67.500000 0.62491567012180238 0.014932000097420807
732 0 2564.564565 0.000000 0.62299194339592123 0.015041659348810178
732 1 2564.564565 22.500000 0.62299194339592123 0.015041659348810178
732 2 2564.564565 45.000000 0.62299194339592123 0.015041659348810178
732 3 2564.564565 67.500000 0.62299194339592123 0.015041659348810178
733 0 2568.068068 0.000000 0.62068518136459161 0.015051555501390011
733 1 2568.068068 22.500000 0.62068518136459161 0.015051555501390011
733 2 2568.068068 45.000000 0.62068518136459161 0.015051555501390011
733 3 2568.068068 67.500000 0.62068518136459161 0.015051555501390011
734 0 2571.571572 0.000000 0.61839424416055999 0.014960540073283705
734 1 2571.571572 22.500000 0.61839424416055999 0.014960540073283705
734 2 2571.571572 45.000000 0.61839424416055999 0.014960540073283705
734 3 2571.571572 67.500000 0.61839424416055999 0.014960540073283705
735 0 2575.075075 0.000000 0.61651229476538427 0.014784739036073984
735 1 2575.075075 22.500000 0.61651229476538427 0.014784739036073984
735 2 2575.075075 45.000000 0.61651229476538427 0.014784739036073984
735 3 2575.075075 67.500000 0.61651229476538427 0.014784739036073984
736 0 2578.578579 0.000000 0.61535969163536397 0.014554675297875803
736 1 2578.578579 22.500000 0.61535969163536397 0.014554675297875803
736 2 2578.578579 45.000000 0.61535969163536397 0.014554675297875803
736 3 2578.578579 67.500000 0.61535969163536397 0.014554675297875803
737 0 2582.082082 0.000000 0.61513025520046516 0.014309948642827039
737 1 2582.082082 22.500000 0.61513025520046516 0.014309948642827039
737 2 2582.082082 45.000000 0.61513025520046516 0.014309948642827039
737 3 2582.082082 67.500000 0.61513025520046516 0.014309948642827039
738 0 2585.585586 0.000000 0.61585948303835081 0.014092401256982776
738 1 2585.585586 22.500000 0.61585948303835081 0.014092401256982776
738 2 2585.585586 45.000000 0.61585948303835081 0.014092401256982776
738 3 2585.585586 67.500000 0.61585948303835081 0.014092401256982776
739 0 2589.089089 0.000000 0.61741951435982323 0.01393894886374623
739 1 2589.089089 22.500000 0.61741951435982323 0.01393894886374623
739 2 2589.089089 45.000000 0.61741951435982323 0.01393894886374623
739 3 2589.089089 67.500000 0.61741951435982323 0.01393894886374623
740 0 2592.592593 0.000000 0.6195414098303067 0.013875305787055103
740 1 2592.592593 22.500000 0.6195414098303067 0.013875305787055103
740 2 2592.592593 45.000000 0.6195414098303067 0.013875305787055103
740 3 2592.592593 67.500000 0.6195414098303067 0.013875305787055103
741 0 2596.096096 0.000000 0.62186109617258734 0.013911670267110803
741 1 2596.096096 22.500000 0.62186109617258734 0.013911670267110803
741 2 2596.096096 45.000000 0.62186109617258734 0.013911670267110803
741 3 2596.096096 67.500000 0.62186109617258734 0.013911670267110803
742 0 2599.599600 0.000000 0.62398154230896608 0.014041093342093469
742 1 2599.599600 22.500000 0.62398154230896608 0.014041093342093469
742 2 2599.599600 45.000000 0.62398154230896608 0.014041093342093469
742 3 2599.599600 67.500000 0.62398154230896608 0.014041093342093469
743 0 2603.103103 0.000000 0.62554086845950208 0.014240790542183114
743 1 2603.103103 22.500000 0.62554086845950208 0.014240790542183114
743 2 2603.103103 45.000000 0.62554086845950208 0.014240790542183114
743 3 2603.103103 67.500000 0.62554086845950208 0.014240790542183114
744 0 2606.606607 0.000000 0.62627471413501035 0.014476150705970156
744 1 2606.606607 22.500000 0.62627471413501035 0.014476150705970156
744 2 2606.606607 45.000000 0.62627471413501035 0.014476150705970156
744 3 2606.606607 67.500000 0.62627471413501035 0.014476150705970156
745 0 2610.110110 0.000000 0.62606180900714836 0.014706736994859275
745 1 2610.110110 22.500000 0.62606180900714836 0.014706736994859275
745 2 2610.110110 45.000000 0.62606180900714836 0.014706736994859275
745 3 2610.110110 67.500000 0.62606180900714836 0.014706736994859275
746 0 2613.613614 0.000000 0.62494446820073335 0.014893239775810526
746 1 2613.613614 22.500000 0.62494446820073335 0.014893239775810526
746 2 2613.613614 45.000000 0.62494446820073335 0.014893239775810526
746 3 2613.613614 67.500000 0.62494446820073335 0.014893239775810526
747 0 2617.117117 0.000000 0.62312028691283072 0.015004185872764761
747 1 2617.117117 22.500000 0.62312028691283072 0.015004185872764761
747 2 2617.117117 45.000000 0.62312028691283072 0.015004185872764761
747 3 2617.117117 67.500000 0.62312028691283072 0.015004185872764761
748 0 2620.620621 0.000000 0.62090670714150731 0.015021258962984957
748 1 2620.620621 22.500000 0.62090670714150731 0.015021258962984957
748 2 2620.620621 45.000000 0.62090670714150731 0.015021258962984957
748 3 2620.620621 67.500000 0.62090670714150731 0.015021258962984957
749 0 2624.124124 0.000000 0.61868515017486692 0.014942331550754409
749 1 2624.124124 22.500000 0.61868515017486692 0.014942331550754409
749 2 2624.124124 45.000000 0.61868515017486692 0.014942331550754409
749 3 2624.124124 67.500000 0.61868515017486692 0.014942331550754409
750 0 2627.627628 0.000000 0.61683494397642979 0.014781706616207488
750 1 2627.627628 22.500000 0.61683494397642979 0.014781706616207488
750 2 2627.627628 45.000000 0.61683494397642979 0.014781706616207488
750 3 2627.627628 67.500000 0.61683494397642979 0.014781706616207488
751 0 2631.131131 0.000000 0.61566868216375792 0.014567547677477513
751 1 2631.131131 22.500000 0.61566868216375792 0.014567547677477513
751 2 2631.131131 45.000000 0.61566868216375792 0.014567547677477513
751 3 2631.131131 67.500000 0.61566868216375792 0.014567547677477513
752 0 2634.634635 0.000000 0.61537988936233445 0.014336956893808683
752 1 2634.634635 22.500000 0.61537988936233445 0.014336956893808683
752 2 2634.634635 45.000000 0.61537988936233445 0.014336956893808683
752 3 2634.634635 67.500000 0.61537988936233445 0.014336956893808683
753 0 2638.138138 0.000000 0.61601137468478728 0.014129559783412951
753 1 2638.138138 22.500000 0.61601137468478728 0.014129559783412951
753 2 2638.138138 45.000000 0.61601137468478728 0.014129559783412951
753 3 2638.138138 67.500000 0.61601137468478728 0.014129559783412951
754 0 2641.641642 0.000000 0.61744907719700981 0.013980704510344243
754 1 2641.641642 22.500000 0.61744907719700981 0.013980704510344243
754 2 2641.641642 45.000000 0.61744907719700981 0.013980704510344243
754 3 2641.641642 67.500000 0.61744907719700981 0.013980704510344243
755 0 2645.145145 0.000000 0.61944215084259657 0.013915441909536485
755 1 2645.145145 22.500000 0.61944215084259657 0.013915441909536485
755 2 2645.145145 45.000000 0.61944215084259657 0.013915441909536485
755 3 2645.145145 67.500000 0.61944215084259657 0.013915441909536485
756 0 2648.648649 0.000000 0.62164597483583095 0.013944310821096309
756 1 2648.648649 22.500000 0.62164597483583095 0.013944310821096309
756 2 2648.648649 45.000000 0.62164597483583095 0.013944310821096309
756 3 2648.648649 67.500000 0.62164597483583095 0.013944310821096309
757 0 2652.152152 0.000000 0.62368111786857172 0.014061637454754933
757 1 2652.152152 22.500000 0.62368111786857172 0.014061637454754933
757 2 2652.152152 45.000000 0.62368111786857172 0.014061637454754933
757 3 2652.152152 67.500000 0.62368111786857172 0.014061637454754933
758 0 2655.655656 0.000000 0.62519849336036148 0.014246622575904295
758 1 2655.655656 22.500000 0.62519849336036148 0.014246622575904295
758 2 2655.655656 45.000000 0.62519849336036148 0.014246622575904295
758 3 2655.655656 67.500000 0.62519849336036148 0.014246622575904295
759 0 2659.159159 0.000000 0.62593955960579095 0.014467011456660876
759 1 2659.159159 22.500000 0.62593955960579095 0.014467011456660876
759 2 2659.159159 45.000000 0.62593955960579095 0.014467011456660876
759 3 2659.159159 67.500000 0.62593955960579095 0.014467011456660876
760 0 2662.662663 0.000000 0.62578092248398565 0.014684700942084548
760 1 2662.662663 22.500000 0.62578092248398565 0.014684700942084548
760 2 2662.662663 45.000000 0.62578092248398565 0.014684700942084548
760 3 2662.662663 67.500000 0.62578092248398565 0.014684700942084548
761 0 2666.166166 0.000000 0.62475525952070443 0.014862310739360448
761 1 2666.166166 22.500000 0.62475525952070443 0.014862310739360448
761 2 2666.166166 45.000000 0.62475525952070443 0.014862310739360448
761 3 2666.166166 67.500000 0.62475525952070443 0.014862310739360448
762 0 2669.669670 0.000000 0.62304476114598117 0.014969587376781938
762 1 2669.669670 22.500000 0.62304476114598117 0.014969587376781938
762 2 2669.669670 45.000000 0.62304476114598117 0.014969587376781938
762 3 2669.669670 67.500000 0.62304476114598117 0.014969587376781938
763 0 2673.173173 0.000000 0.62094841706720205 0.014988545251294384
763 1 2673.173173 22.500000 0.62094841706720205 0.014988545251294384
763 2 2673.173173 45.000000 0.62094841706720205 0.014988545251294384
763 3 2673.173173 67.500000 0.62094841706720205 0.014988545251294384
764 0 2676.676677 0.000000 0.61882931306082578 0.014916472393285692
764 1 2676.676677 22.500000 0.61882931306082578 0.014916472393285692
764 2 2676.676677 45.000000 0.61882931306082578 0.014916472393285692
764 3 2676.676677 67.500000 0.61882931306082578 0.014916472393285692
765 0 2680.180180 0.000000 0.61705158195857612 0.014766299658863251
765 1 2680.180180 22.500000 0.61705158195857612 0.014766299658863251
765 2 2680.180180 45.000000 0.61705158195857612 0.014766299658863251
765 3 2680.180180 67.500000 0.61705158195857612 0.014766299658863251
766 0 2683.683684 0.000000 0.61591813032973675 0.014564286604947759
766 1 2683.683684 22.500000 0.61591813032973675 0.014564286604947759
766 2 2683.683684 45.000000 0.61591813032973675 0.014564286604947759
766 3 2683.683684 67.500000 0.61591813032973675 0.014564286604947759
767 0 2687.187187 0.000000 0.61561966047154171 0.014345437028171358
767 1 2687.187187 22.500000 0.61561966047154171 0.014345437028171358
767 2 2687.187187 45.000000 0.61561966047154171 0.014345437028171358
767 3 2687.187187 67.500000 0.61561966047154171 0.014345437028171358
768 0 2690.690691 0.000000 0.61620321086728425 0.014147443366829437
768 1 2690.690691 22.500000 0.61620321086728425 0.014147443366829437
768 2 2690.690691 45.000000 0.61620321086728425 0.014147443366829437
768 3 2690.690691 67.500000 0.61620321086728425 0.014147443366829437
769 0 2694.194194 0.000000 0.61756504902464149 0.0140042062402058
769 1 2694.194194 22.500000 0.61756504902464149 0.0140042062402058
769 2 2694.194194 45.000000 0.61756504902464149 0.0140042062402058
769 3 2694.194194 67.500000 0.61756504902464149 0.0140042062402058
770 0 2697.697698 0.000000 0.61946885268396257 0.013940041892637577
770 1 2697.697698 22.500000 0.61946885268396257 0.013940041892637577
770 2 2697.697698 45.000000 0.61946885268396257 0.013940041892637577
770 3 2697.697698 67.500000 0.61946885268396257 0.013940041892637577
771 0 2701.201201 0.000000 0.62158617866103383 0.013965565920411328
771 1 2701.201201 22.500000 0.62158617866103383 0.013965565920411328
771 2 2701.201201 45.000000 0.62158617866103383 0.013965565920411328
771 3 2701.201201 67.500000 0.62158617866103383 0.013965565920411328
772 0 2704.704705 0.000000 0.62355265222002054 0.014075948803094334
772 1 2704.704705 22.500000 0.62355265222002054 0.014075948803094334
772 2 2704.704705 45.000000 0.62355265222002054 0.014075948803094334
772 3 2704.704705 67.500000 0.62355265222002054 0.014075948803094334
773 0 2708.208208 0.000000 0.62503056734068529 0.014251828541873032
773 1 2708.208208 22.500000 0.62503056734068529 0.014251828541873032
773 2 2708.208208 45.000000 0.62503056734068529 0.014251828541873032
773 3 2708.208208 67.500000 0.62503056734068529 0.014251828541873032
774 0 2711.711712 0.000000 0.62576719065406328 0.01446270901237811
774 1 2711.711712 22.500000 0.62576719065406328 0.01446270901237811
774 2 2711.711712 45.000000 0.62576719065406328 0.01446270901237811
774 3 2711.711712 67.500000 0.62576719065406328 0.01446270901237811
775 0 2715.215215 0.000000 0.62563847020524055 0.014672247897860455
775 1 2715.215215 22.500000 0.62563847020524055 0.014672247897860455
775 2 2715.215215 45.000000 0.62563847020524055 0.014672247897860455
775 3 2715.215215 67.500000 0.62563847020524055 0.014672247897860455
776 0 2718.718719 0.000000 0.6246702356741014 0.014844517794582925
776 1 2718.718719 22.500000 0.6246702356741014 0.014844517794582925
776 2 2718.718719 45.000000 0.6246702356741014 0.014844517794582925
776 3 2718.718719 67.500000 0.6246702356741014 0.014844517794582925
777 0 2722.222222 0.000000 0.6230330284218899 0.014950162503242079
777 1 2722.222222 22.500000 0.6230330284218899 0.014950162503242079
777 2 2722.222222 45.000000 0.6230330284218899 0.014950162503242079
777 3 2722.222222 67.500000 0.6230330284218899 0.014950162503242079
778 0 2725.725726 0.000000 0.62101161120690196 0.01497139440711036
778 1 2725.725726 22.500000 0.62101161120690196 0.01497139440711036
778 2 2725.725726 45.000000 0.62101161120690196 0.01497139440711036
778 3 2725.725726 67.500000 0.62101161120690196 0.01497139440711036
779 0 2729.229229 0.000000 0.61895488702452761 0.014904983072877095
779 1 2729.229229 22.500000 0.61895488702452761 0.014904983072877095
779 2 2729.229229 45.000000 0.61895488702452761 0.014904983072877095
779 3 2729.229229 67.500000 0.61895488702452761 0.014904983072877095
780 0 2732.732733 0.000000 0.61721537832926743 0.014762733843613922
780 1 2732.732733 22.500000 0.61721537832926743 0.014762733843613922
780 2 2732.732733 45.000000 0.61721537832926743 0.014762733843613922
780 3 2732.732733 67.500000 0.61721537832926743 0.014762733843613922
781 0 2736.236236 0.000000 0.61608894446629991 0.014569387760568491
781 1 2736.236236 22.500000 0.61608894446629991 0.014569387760568491
781 2 2736.236236 45.000000 0.61608894446629991 0.014569387760568491
781 3 2736.236236 67.500000 0.61608894446629991 0.014569387760568491
782 0 2739.739740 0.000000 0.61576494089488676 0.014358316151389168
782 1 2739.739740 22.500000 0.61576494089488676 0.014358316151389168
782 2 2739.739740 45.000000 0.61576494089488676 0.014358316151389168
782 3 2739.739740 67.500000 0.61576494089488676 0.014358316151389168
783 0 2743.243243 0.000000 0.61629489241611546 0.014165758943184495
783 1 2743.243243 22.500000 0.61629489241611546 0.014165758943184495
783 2 2743.243243 45.000000 0.61629489241611546 0.014165758943184495
783 3 2743.243243 67.500000 0.61629489241611546 0.014165758943184495
784 0 2746.746747 0.000000 0.61758452930189134 0.01402460123348497
784 1 2746.746747 22.500000 0.61758452930189134 0.01402460123348497
784 2 2746.746747 45.000000 0.61758452930189134 0.01402460123348497
784 3 2746.746747 67.500000 0.61758452930189134 0.01402460123348497
785 0 2750.250250 0.000000 0.61941028323056857 0.01395875654495716
785 1 2750.250250 22.500000 0.61941028323056857 0.01395875654495716
785 2 2750.250250 45.000000 0.61941028323056857 0.01395875654495716
785 3 2750.250250 67.500000 0.61941028323056857 0.01395875654495716
786 0 2753.753754 0.000000 0.6214575218166426 0.013979115749001833
786 1 2753.753754 22.500000 0.6214575218166426 0.013979115749001833
786 2 2753.753754 45.000000 0.6214575218166426 0.013979115749001833
786 3 2753.753754 67.500000 0.6214575218166426 0.013979115749001833
787 0 2757.257257 0.000000 0.6233743207421879 0.014081747557899402
787 1 2757.257257 22.500000 0.6233743207421879 0.014081747557899402
787 2 2757.257257 45.000000 0.6233743207421879 0.014081747557899402
787 3 2757.257257 67.500000 0.6233743207421879 0.014081747557899402
788 0 2760.760761 0.000000 0.62483187296981157 0.014248647351792994
788 1 2760.760761 22.500000 0.62483187296981157 0.014248647351792994
788 2 2760.760761 45.000000 0.62483187296981157 0.014248647351792994
788 3 2760.760761 67.500000 0.62483187296981157 0.014248647351792994
789 0 2764.264264 0.000000 0.62558121821530954 0.014450893141613113
789 1 2764.264264 22.500000 0.62558121821530954 0.014450893141613113
789 2 2764.264264 45.000000 0.62558121821530954 0.014450893141613113
789 3 2764.264264 67.500000 0.62558121821530954 0.014450893141613113
790 0 2767.767768 0.000000 0.62549629010318608 0.014653655904189846
790 1 2767.767768 22.500000 0.62549629010318608 0.014653655904189846
790 2 2767.767768 45.000000 0.62549629010318608 0.014653655904189846
790 3 2767.767768 67.500000 0.62549629010318608 0.014653655904189846
791 0 2771.271271 0.000000 0.62459549935049274 0.01482219669359673
791 1 2771.271271 22.500000 0.62459549935049274 0.01482219669359673
791 2 2771.271271 45.000000 0.62459549935049274 0.01482219669359673
791 3 2771.271271 67.500000 0.62459549935049274 0.01482219669359673
792 0 2774.774775 0.000000 0.62303791894058347 0.01492781825332829
792 1 2774.774775 22.500000 0.62303791894058347 0.01492781825332829
792 2 2774.774775 45.000000 0.62303791894058347 0.01492781825332829
792 3 2774.774775 67.500000 0.62303791894058347 0.01492781825332829
793 0 2778.278278 0.000000 0.62109485502597861 0.014952751776632987
793 1 2778.278278 22.500000 0.62109485502597861 0.014952751776632987
793 2 2778.278278 45.000000 0.62109485502597861 0.014952751776632987
793 3 2778.278278 67.500000 0.62109485502597861 0.014952751776632987
794 0 2781.781782 0.000000 0.61910213444131146 0.014893146896460319
794 1 2781.781782 22.500000 0.61910213444131146 0.014893146896460319
794 2 2781.781782 45.000000 0.61910213444131146 0.014893146896460319
794 3 2781.781782 67.500000 0.61910213444131146 0.014893146896460319
795 0 2785.285285 0.000000 0.61740182152085632 0.014759661980376478
795 1 2785.285285 22.500000 0.61740182152085632 0.014759661980376478
795 2 2785.285285 45.000000 0.61740182152085632 0.014759661980376478
795 3 2785.285285 67.500000 0.61740182152085632 0.014759661980376478
796 0 2788.788789 0.000000 0.61628365650998929 0.014575565332931441
796 1 2788.788789 22.500000 0.61628365650998929 0.014575565332931441
796 2 2788.788789 45.000000 0.61628365650998929 0.014575565332931441
796 3 2788.788789 67.500000 0.61628365650998929 0.014575565332931441
797 0 2792.292292 0.000000 0.6159361532182519 0.014372684745049819
797 1 2792.292292 22.500000 0.6159361532182519 0.014372684745049819
797 2 2792.292292 45.000000 0.6159361532182519 0.014372684745049819
797 3 2792.292292 67.500000 0.6159361532182519 0.014372684745049819
798 0 2795.795796 0.000000 0.61641531045228015 0.014185909817300181
798 1 2795.795796 22.500000 0.61641531045228015 0.014185909817300181
798 2 2795.795796 45.000000 0.61641531045228015 0.014185909817300181
798 3 2795.795796 67.500000 0.61641531045228015 0.014185909817300181
799 0 2799.299299 0.000000 0.61763581333493334 0.014047196058258883
799 1 2799.299299 22.500000 0.61763581333493334 0.014047196058258883
799 2 2799.299299 45.000000 0.61763581333493334 0.014047196058258883
799 3 2799.299299 67.500000 0.61763581333493334 0.014047196058258883
800 0 2802.802803 0.000000 0.61938597324080458 0.013980100614230573
800 1 2802.802803 22.500000 0.61938597324080458 0.013980100614230573
800 2 2802.802803 45.000000 0.61938597324080458 0.013980100614230573
800 3 2802.802803 67.500000 0.61938597324080458 0.013980100614230573
801 0 2806.306306 0.000000 0.62136393680541291 0.013995783544248342
801 1 2806.306306 22.500000 0.62136393680541291 0.013995783544248342
801 2 2806.306306 45.000000 0.62136393680541291 0.013995783544248342
801 3 2806.306306 67.500000 0.62136393680541291 0.013995783544248342
802 0 2809.809810 0.000000 0.62322928723226423 0.01409115307207771
802 1 2809.809810 22.500000 0.62322928723226423 0.01409115307207771
802 2 2809.809810 45.000000 0.62322928723226423 0.01409115307207771
802 3 2809.809810 67.500000 0.62322928723226423 0.01409115307207771
803 0 2813.313313 0.000000 0.62466149739863941 0.014249462722878029
803 1 2813.313313 22.500000 0.62466149739863941 0.014249462722878029
803 2 2813.313313 45.000000 0.62466149739863941 0.014249462722878029
803 3 2813.313313 67.500000 0.62466149739863941 0.014249462722878029
804 0 2816.816817 0.000000 0.6254152608564284 0.014443246680745368
804 1 2816.816817 22.500000 0.6254152608564284 0.014443246680745368
804 2 2816.816817 45.000000 0.6254152608564284 0.014443246680745368
804 3 2816.816817 67.500000 0.6254152608564284 0.014443246680745368
805 0 2820.320320 0.000000 0.62536295815612342 0.014639079529462425
805 1 2820.320320 22.500000 0.62536295815612342 0.014639079529462425
805 2 2820.320320 45.000000 0.62536295815612342 0.014639079529462425
805 3 2820.320320 67.500000 0.62536295815612342 0.014639079529462425
806 0 2823.823824 0.000000 0.62451659160636552 0.01480333621489874
806 1 2823.823824 22.500000 0.62451659160636552 0.01480333621489874
806 2 2823.823824 45.000000 0.62451659160636552 0.01480333621489874
806 3 2823.823824 67.500000 0.62451659160636552 0.01480333621489874
807 0 2827.327327 0.000000 0.62302518824849762 0.014907960350294489
807 1 2827.327327 22.500000 0.62302518824849762 0.014907960350294489
807 2 2827.327327 45.000000 0.62302518824849762 0.014907960350294489
807 3 2827.327327 67.500000 0.62302518824849762 0.014907960350294489
808 0 2830.830831 0.000000 0.62114821608580617 0.014935251971867741
808 1 2830.830831 22.500000 0.62114821608580617 0.014935251971867741
808 2 2830.830831 45.000000 0.62114821608580617 0.014935251971867741
808 3 2830.830831 67.500000 0.62114821608580617 0.014935251971867741
809 0 2834.334334 0.000000 0.61920998713895303 0.0148808582762123
809 1 2834.334334 22.500000 0.61920998713895303 0.0148808582762123
809 2 2834.334334 45.000000 0.61920998713895303 0.0148808582762123
809 3 2834.334334 67.500000 0.61920998713895303 0.0148808582762123
810 0 2837.837838 0.000000 0.61754336656396847 0.014754462450345014
810 1 2837.837838 22.500000 0.61754336656396847 0.014754462450345014
810 2 2837.837838 45.000000 0.61754336656396847 0.014754462450345014
810 3 2837.837838 67.500000 0.61754336656396847 0.014754462450345014
811 0 2841.341341 0.000000 0.61643273430008994 0.014578062453003643
811 1 2841.341341 22.500000 0.61643273430008994 0.014578062453003643
811 2 2841.341341 45.000000 0.61643273430008994 0.014578062453003643
811 3 2841.341341 67.500000 0.61643273430008994 0.014578062453003643
812 0 2844.844845 0.000000 0.61606589946555035 0.014382145178542529
812 1 2844.844845 22.500000 0.61606589946555035 0.014382145178542529
812 2 2844.844845 45.000000 0.61606589946555035 0.014382145178542529
812 3 2844.844845 67.500000 0.61606589946555035 0.014382145178542529
813 0 2848.348348 0.000000 0.61650281980283561 0.014200420899317915
813 1 2848.348348 22.500000 0.61650281980283561 0.014200420899317915
813 2 2848.348348 45.000000 0.61650281980283561 0.014200420899317915
813 3 2848.348348 67.500000 0.61650281980283561 0.014200420899317915
814 0 2851.851852 0.000000 0.61766603256298491 0.014064026875696545
814 1 2851.851852 22.500000 0.61766603256298491 0.014064026875696545
814 2 2851.851852 45.000000 0.61766603256298491 0.014064026875696545
814 3 2851.851852 67.500000 0.61766603256298491 0.014064026875696545
815 0 2855.355355 0.000000 0.61935418925065788 0.013996196221662281
815 1 2855.355355 22.500000 0.61935418925065788 0.013996196221662281
815 2 2855.355355 45.000000 0.61935418925065788 0.013996196221662281
815 3 2855.355355 67.500000 0.61935418925065788 0.013996196221662281
816 0 2858.858859 0.000000 0.62127645740342174 0.01400830422961509
816 1 2858.858859 22.500000 0.62127645740342174 0.01400830422961509
816 2 2858.858859 45.000000 0.62127645740342174 0.01400830422961509
816 3 2858.858859 67.500000 0.62127645740342174 0.01400830422961509
817 0 2862.362362 0.000000 0.62310220720705678 0.014097964471337373
817 1 2862.362362 22.500000 0.62310220720705678 0.014097964471337373
817 2 2862.362362 45.000000 0.62310220720705678 0.014097964471337373
817 3 2862.362362 67.500000 0.62310220720705678 0.014097964471337373
818 0 2865.865866 0.000000 0.62451776384901425 0.014249492850060856
818 1 2865.865866 22.500000 0.62451776384901425 0.014249492850060856
818 2 2865.865866 45.000000 0.62451776384901425 0.014249492850060856
818 3 2865.865866 67.500000 0.62451776384901425 0.014249492850060856
819 0 2869.369369 0.000000 0.6252805519717759 0.014436650533867524
819 1 2869.369369 22.500000 0.6252805519717759 0.014436650533867524
819 2 2869.369369 45.000000 0.6252805519717759 0.014436650533867524
819 3 2869.369369 67.500000 0.6252805519717759 0.014436650533867524
820 0 2872.872873 0.000000 0.62526111120134242 0.014627186357842333
820 1 2872.872873 22.500000 0.62526111120134242 0.014627186357842333
820 2 2872.872873 45.000000 0.62526111120134242 0.014627186357842333
820 3 2872.872873 67.500000 0.62526111120134242 0.014627186357842333
821 0 2876.376376 0.000000 0.62446540574449438 0.014788392669865532
821 1 2876.376376 22.500000 0.62446540574449438 0.014788392669865532
821 2 2876.376376 45.000000 0.62446540574449438 0.014788392669865532
821 3 2876.376376 67.500000 0.62446540574449438 0.014788392669865532
822 0 2879.879880 0.000000 0.62303335741680421 0.014892717928920241
822 1 2879.879880 22.500000 0.62303335741680421 0.014892717928920241
822 2 2879.879880 45.000000 0.62303335741680421 0.014892717928920241
822 3 2879.879880 67.500000 0.62303335741680421 0.014892717928920241
823 0 2883.383383 0.000000 0.6212139266255674 0.014922473361344521
823 1 2883.383383 22.500000 0.6212139266255674 0.014922473361344521
823 2 2883.383383 45.000000 0.6212139266255674 0.014922473361344521
823 3 2883.383383 67.500000 0.6212139266255674 0.014922473361344521
824 0 2886.886887 0.000000 0.61932139368786454 0.014872830027581423
824 1 2886.886887 22.500000 0.61932139368786454 0.014872830027581423
824 2 2886.886887 45.000000 0.61932139368786454 0.014872830027581423
824 3 2886.886887 67.500000 0.61932139368786454 0.014872830027581423
825 0 2890.390390 0.000000 0.61768081121663487 0.014752598853007032
825 1 2890.390390 22.500000 0.61768081121663487 0.014752598853007032
825 2 2890.390390 45.000000 0.61768081121663487 0.014752598853007032
825 3 2890.390390 67.500000 0.61768081121663487 0.014752598853007032
826 0 2893.893894 0.000000 0.61657227166027739 0.014582668238369855
826 1 2893.893894 22.500000 0.61657227166027739 0.014582668238369855
826 2 2893.893894 45.000000 0.61657227166027739 0.014582668238369855
826 3 2893.893894 67.500000 0.61657227166027739 0.014582668238369855
827 0 2897.397397 0.000000 0.61618348646485954 0.014392375976590092
827 1 2897.397397 22.500000 0.61618348646485954 0.014392375976590092
827 2 2897.397397 45.000000 0.61618348646485954 0.014392375976590092
827 3 2897.397397 67.500000 0.61618348646485954 0.014392375976590092
828 0 2900.900901 0.000000 0.61657844652815297 0.014214445363954196
828 1 2900.900901 22.500000 0.61657844652815297 0.014214445363954196
828 2 2900.900901 45.000000 0.61657844652815297 0.014214445363954196
828 3 2900.900901 67.500000 0.61657844652815297 0.014214445363954196
829 0 2904.404404 0.000000 0.61768710554573336 0.014079359253071152
829 1 2904.404404 22.500000 0.61768710554573336 0.014079359253071152
829 2 2904.404404 45.000000 0.61768710554573336 0.014079359253071152
829 3 2904.404404 67.500000 0.61768710554573336 0.014079359253071152
830 0 2907.907908 0.000000 0.61931761417947262 0.014010138956625257
830 1 2907.907908 22.500000 0.61931761417947262 0.014010138956625257
830 2 2907.907908 45.000000 0.61931761417947262 0.014010138956625257
830 3 2907.907908 67.500000 0.61931761417947262 0.014010138956625257
831 0 2911.411411 0.000000 0.62118908182062305 0.014018421958997893
831 1 2911.411411 22.500000 0.62118908182062305 0.014018421958997893
831 2 2911.411411 45.000000 0.62118908182062305 0.014018421958997893
831 3 2911.411411 67.500000 0.62118908182062305 0.014018421958997893
832 0 2914.914915 0.000000 0.6229795505239657 0.014102506437643072
832 1 2914.914915 22.500000 0.6229795505239657 0.014102506437643072
832 2 2914.914915 45.000000 0.6229795505239657 0.014102506437643072
832 3 2914.914915 67.500000 0.6229795505239657 0.014102506437643072
833 0 2918.418418 0.000000 0.62438124983048948 0.014247690924345725
833 1 2918.418418 22.500000 0.62438124983048948 0.014247690924345725
833 2 2918.418418 45.000000 0.62438124983048948 0.014247690924345725
833 3 2918.418418 67.500000 0.62438124983048948 0.014247690924345725
834 0 2921.921922 0.000000 0.62515372417468884 0.014428842684485793
834 1 2921.921922 22.500000 0.62515372417468884 0.014428842684485793
834 2 2921.921922 45.000000 0.62515372417468884 0.014428842684485793
834 3 2921.921922 67.500000 0.62515372417468884 0.014428842684485793
835 0 2925.425425 0.000000 0.62516550319202002 0.014614746428542469
835 1 2925.425425 22.500000 0.62516550319202002 0.014614746428542469
835 2 2925.425425 45.000000 0.62516550319202002 0.014614746428542469
835 3 2925.425425 67.500000 0.62516550319202002 0.014614746428542469
836 0 2928.928929 0.000000 0.62441680878309302 0.014773481231099846
836 1 2928.928929 22.500000 0.62441680878309302 0.014773481231099846
836 2 2928.928929 45.000000 0.62441680878309302 0.014773481231099846
836 3 2928.928929 67.500000 0.62441680878309302 0.014773481231099846
837 0 2932.432432 0.000000 0.62303915474607852 0.014877899817768497
837 1 2932.432432 22.500000 0.62303915474607852 0.014877899817768497
837 2 2932.432432 45.000000 0.62303915474607852 0.014877899817768497
837 3 2932.432432 67.500000 0.62303915474607852 0.014877899817768497
838 0 2935.935936 0.000000 0.62127195671741975 0.014910270021244268
838 1 2935.935936 22.500000 0.62127195671741975 0.014910270021244268
838 2 2935.935936 45.000000 0.62127195671741975 0.014910270021244268
838 3 2935.935936 67.500000 0.62127195671741975 0.014910270021244268
839 0 2939.439439 0.000000 0.61942051086117389 0.014865285118421358
839 1 2939.439439 22.500000 0.61942051086117389 0.014865285118421358
839 2 2939.439439 45.000000 0.61942051086117389 0.014865285118421358
839 3 2939.439439 67.500000 0.61942051086117389 0.014865285118421358
840 0 2942.942943 0.000000 0.61780299778294245 0.01475093220368294
840 1 2942.942943 22.500000 0.61780299778294245 0.01475093220368294
840 2 2942.942943 45.000000 0.61780299778294245 0.01475093220368294
840 3 2942.942943 67.500000 0.61780299778294245 0.01475093220368294
841 0 2946.446446 0.000000 0.61669588721259716 0.014587076845234572
841 1 2946.446446 22.500000 0.61669588721259716 0.014587076845234572
841 2 2946.446446 45.000000 0.61669588721259716 0.014587076845234572
841 3 2946.446446 67.500000 0.61669588721259716 0.014587076845234572
842 0 2949.949950 0.000000 0.61628706360035723 0.014402014437582156
842 1 2949.949950 22.500000 0.61628706360035723 0.014402014437582156
842 2 2949.949950 45.000000 0.61628706360035723 0.014402014437582156
842 3 2949.949950 67.500000 0.61628706360035723 0.014402014437582156
843 0 2953.453453 0.000000 0.61664437722140397 0.014227586585693255
843 1 2953.453453 22.500000 0.61664437722140397 0.014227586585693255
843 2 2953.453453 45.000000 0.61664437722140397 0.014227586585693255
843 3 2953.453453 67.500000 0.61664437722140397 0.014227586585693255
844 0 2956.956957 0.000000 0.61770460417771378 0.014093705023767729
844 1 2956.956957 22.500000 0.61770460417771378 0.014093705023767729
844 2 2956.956957 45.000000 0.61770460417771378 0.014093705023767729
844 3 2956.956957 67.500000 0.61770460417771378 0.014093705023767729
845 0 2960.460460 0.000000 0.61928447452034951 0.014023224455078186
845 1 2960.460460 22.500000 0.61928447452034951 0.014023224455078186
845 2 2960.460460 45.000000 0.61928447452034951 0.014023224455078186
845 3 2960.460460 67.500000 0.61928447452034951 0.014023224455078186
846 0 2963.963964 0.000000 0.62111194448524343 0.014028042813031221
846 1 2963.963964 22.500000 0.62111194448524343 0.014028042813031221
846 2 2963.963964 45.000000 0.62111194448524343 0.014028042813031221
846 3 2963.963964 67.500000 0.62111194448524343 0.014028042813031221
847 0 2967.467467 0.000000 0.62287264073637938 0.014107094089725316
847 1 2967.467467 22.500000 0.62287264073637938 0.014107094089725316
847 2 2967.467467 45.000000 0.62287264073637938 0.014107094089725316
847 3 2967.467467 67.500000 0.62287264073637938 0.014107094089725316
848 0 2970.970971 0.000000 0.62426380293116368 0.014246572121297471
848 1 2970.970971 22.500000 0.62426380293116368 0.014246572121297471
848 2 2970.970971 45.000000 0.62426380293116368 0.014246572121297471
848 3 2970.970971 67.500000 0.62426380293116368 0.014246572121297471
849 0 2974.474474 0.000000 0.62504654898749035 0.014422339950552499
849 1 2974.474474 22.500000 0.62504654898749035 0.014422339950552499
849 2 2974.474474 45.000000 0.62504654898749035 0.014422339950552499
849 3 2974.474474 67.500000 0.62504654898749035 0.014422339950552499
850 0 2977.977978 0.000000 0.62508729581316325 0.014604104597062574
850 1 2977.977978 22.500000 0.62508729581316325 0.014604104597062574
850 2 2977.977978 45.000000 0.62508729581316325 0.014604104597062574
850 3 2977.977978 67.500000 0.62508729581316325 0.014604104597062574
851 0 2981.481481 0.000000 0.6243808816848414 0.014760635499470117
851 1 2981.481481 22.500000 0.6243808816848414 0.014760635499470117
851 2 2981.481481 45.000000 0.6243808816848414 0.014760635499470117
851 3 2981.481481 67.500000 0.6243808816848414 0.014760635499470117
852 0 2984.984985 0.000000 0.62305116915656344 0.014865128047490669
852 1 2984.984985 22.500000 0.62305116915656344 0.014865128047490669
852 2 2984.984985 45.000000 0.62305116915656344 0.014865128047490669
852 3 2984.984985 67.500000 0.62305116915656344 0.014865128047490669
853 0 2988.488488 0.000000 0.6213290522716427 0.014899791443079522
853 1 2988.488488 22.500000 0.6213290522716427 0.014899791443079522
853 2 2988.488488 45.000000 0.6213290522716427 0.014899791443079522
853 3 2988.488488 67.500000 0.6213290522716427 0.014899791443079522
854 0 2991.991992 0.000000 0.61951195835005546 0.014858875960013822
854 1 2991.991992 22.500000 0.61951195835005546 0.014858875960013822
854 2 2991.991992 45.000000 0.61951195835005546 0.014858875960013822
854 3 2991.991992 67.500000 0.61951195835005546 0.014858875960013822
855 0 2995.495495 0.000000 0.61791221892468984 0.014749624742204337
855 1 2995.495495 22.500000 0.61791221892468984 0.014749624742204337
855 2 2995.495495 45.000000 0.61791221892468984 0.014749624742204337
855 3 2995.495495 67.500000 0.61791221892468984 0.014749624742204337
856 0 2998.998999 0.000000 0.61680344856675828 0.014590992876922308
856 1 2998.998999 22.500000 0.61680344856675828 0.014590992876922308
856 2 2998.998999 45.000000 0.61680344856675828 0.014590992876922308
856 3 2998.998999 67.500000 0.61680344856675828 0.014590992876922308
857 0 3002.502503 0.000000 0.61637410077906674 0.014410360010793497
857 1 3002.502503 22.500000 0.61637410077906674 0.014410360010793497
857 2 3002.502503 45.000000 0.61637410077906674 0.014410360010793497
857 3 3002.502503 67.500000 0.61637410077906674 0.014410360010793497
858 0 3006.006006 0.000000 0.61669585632689528 0.014238806385810475
858 1 3006.006006 22.500000 0.61669585632689528 0.014238806385810475
858 2 3006.006006 45.000000 0.61669585632689528 0.014238806385810475
858 3 3006.006006 67.500000 0.61669585632689528 0.014238806385810475
859 0 3009.509510 0.000000 0.6177118748149738 0.014105767037412984
859 1 3009.509510 22.500000 0.6177118748149738 0.014105767037412984
859 2 3009.509510 45.000000 0.6177118748149738 0.014105767037412984
859 3 3009.509510 67.500000 0.6177118748149738 0.014105767037412984
860 0 3013.013013 0.000000 0.61924669607050642 0.014033983296496305
860 1 3013.013013 22.500000 0.61924669607050642 0.014033983296496305
860 2 3013.013013 45.000000 0.61924669607050642 0.014033983296496305
860 3 3013.013013 67.500000 0.61924669607050642 0.014033983296496305
861 0 3016.516517 0.000000 0.62103615395356504 0.014035617159213986
861 1 3016.516517 22.500000 0.62103615395356504 0.014035617159213986
861 2 3016.516517 45.000000 0.62103615395356504 0.014035617159213986
861 3 3016.516517 67.500000 0.62103615395356504 0.014035617159213986
862 0 3020.020020 0.000000 0.62277245363610667 0.014110192162707133
862 1 3020.020020 22.500000 0.62277245363610667 0.014110192162707133
862 2 3020.020020 45.000000 0.62277245363610667 0.014110192162707133
862 3 3020.020020 67.500000 0.62277245363610667 0.014110192162707133
863 0 3023.523524 0.000000 0.6241569703002996 0.01424470917774363
863 1 3023.523524 22.500000 0.6241569703002996 0.01424470917774363
863 2 3023.523524 45.000000 0.6241569703002996 0.01424470917774363
863 3 3023.523524 67.500000 0.6241569703002996 0.01424470917774363
864 0 3027.027027 0.000000 0.62495179788253741 0.014415911383611993
864 1 3027.027027 22.500000 0.62495179788253741 0.014415911383611993
864 2 3027.027027 45.000000 0.62495179788253741 0.014415911383611993
864 3 3027.027027 67.500000 0.62495179788253741 0.014415911383611993
865 0 3030.530531 0.000000 0.62502101712802693 0.014594303967427853
865 1 3030.530531 22.500000 0.62502101712802693 0.014594303967427853
865 2 3030.530531 45.000000 0.62502101712802693 0.014594303967427853
865 3 3030.530531 67.500000 0.62502101712802693 0.014594303967427853
866 0 3034.034034 0.000000 0.62435426365132918 0.014749234027519199
866 1 3034.034034 22.500000 0.62435426365132918 0.014749234027519199
866 2 3034.034034 45.000000 0.62435426365132918 0.014749234027519199
866 3 3034.034034 67.500000 0.62435426365132918 0.014749234027519199
867 0 3037.537538 0.000000 0.62306829269370323 0.014854156052202859
867 1 3037.537538 22.500000 0.62306829269370323 0.014854156052202859
867 2 3037.537538 45.000000 0.62306829269370323 0.014854156052202859
867 3 3037.537538 67.500000 0.62306829269370323 0.014854156052202859
868 0 3041.041041 0.000000 0.62138627921066381 0.014891178774473716
868 1 3041.041041 22.500000 0.62138627921066381 0.014891178774473716
868 2 3041.041041 45.000000 0.62138627921066381 0.014891178774473716
868 3 3041.041041 67.500000 0.62138627921066381 0.014891178774473716
869 0 3044.544545 0.000000 0.61959869617687491 0.014854114852281958
869 1 3044.544545 22.500000 0.61959869617687491 0.014854114852281958
869 2 3044.544545 45.000000 0.61959869617687491 0.014854114852281958
869 3 3044.544545 67.500000 0.61959869617687491 0.014854114852281958
870 0 3048.048048 0.000000 0.61801289147691685 0.014749513738419978
870 1 3048.048048 22.500000 0.61801289147691685 0.014749513738419978
870 2 3048.048048 45.000000 0.61801289147691685 0.014749513738419978
870 3 3048.048048 67.500000 0.61801289147691685 0.014749513738419978
871 0 3051.551552 0.000000 0.61690029377316502 0.014595505525268518
871 1 3051.551552 22.500000 0.61690029377316502 0.014595505525268518
871 2 3051.551552 45.000000 0.61690029377316502 0.014595505525268518
871 3 3051.551552 67.500000 0.61690029377316502 0.014595505525268518
872 0 3055.055055 0.000000 0.61645028945019065 0.014418659650214374
872 1 3055.055055 22.500000 0.61645028945019065 0.014418659650214374
872 2 3055.055055 45.000000 0.61645028945019065 0.014418659650214374
872 3 3055.055055 67.500000 0.61645028945019065 0.014418659650214374
873 0 3058.558559 0.000000 0.61673839278844445 0.014249402529726308
873 1 3058.558559 22.500000 0.61673839278844445 0.014249402529726308
873 2 3058.558559 45.000000 0.61673839278844445 0.014249402529726308
873 3 3058.558559 67.500000 0.61673839278844445 0.014249402529726308
874 0 3062.062062 0.000000 0.61771379448699415 0.014116784177464998
874 1 3062.062062 22.500000 0.61771379448699415 0.014116784177464998
874 2 3062.062062 45.000000 0.61771379448699415 0.014116784177464998
874 3 3062.062062 67.500000 0.61771379448699415 0.014116784177464998
875 0 3065.565566 0.000000 0.61920820030534274 0.014043493679433654
875 1 3065.565566 22.500000 0.61920820030534274 0.014043493679433654
875 2 3065.565566 45.000000 0.61920820030534274 0.014043493679433654
875 3 3065.565566 67.500000 0.61920820030534274 0.014043493679433654
876 0 3069.069069 0.000000 0.62096449858724367 0.014041978533621316
876 1 3069.069069 22.500000 0.62096449858724367 0.014041978533621316
876 2 3069.069069 45.000000 0.62096449858724367 0.014041978533621316
876 3 3069.069069 67.500000 0.62096449858724367 0.014041978533621316
877 0 3072.572573 0.000000 0.62268061301803623 0.01411233138012678
877 1 3072.572573 22.500000 0.62268061301803623 0.01411233138012678
877 2 3072.572573 45.000000 0.62268061301803623 0.01411233138012678
877 3 3072.572573 67.500000 0.62268061301803623 0.01411233138012678
878 0 3076.076076 0.000000 0.62406130680910399 0.014242302751367054
878 1 3076.076076 22.500000 0.62406130680910399 0.014242302751367054
878 2 3076.076076 45.000000 0.62406130680910399 0.014242302751367054
878 3 3076.076076 67.500000 0.62406130680910399 0.014242302751367054
879 0 3079.579580 0.000000 0.62486914539095062 0.014409432741142258
879 1 3079.579580 22.500000 0.62486914539095062 0.014409432741142258
879 2 3079.579580 45.000000 0.62486914539095062 0.014409432741142258
879 3 3079.579580 67.500000 0.62486914539095062 0.014409432741142258
880 0 3083.083083 0.000000 0.62496569974412974 0.014584930821436743
880 1 3083.083083 22.500000 0.62496569974412974 0.014584930821436743
880 2 3083.083083 45.000000 0.62496569974412974 0.014584930821436743
880 3 3083.083083 67.500000 0.62496569974412974 0.014584930821436743
881 0 3086.586587 0.000000 0.62433558913419662 0.014738633824370776
881 1 3086.586587 22.500000 0.62433558913419662 0.014738633824370776
881 2 3086.586587 45.000000 0.62433558913419662 0.014738633824370776
881 3 3086.586587 67.500000 0.62433558913419662 0.014738633824370776
882 0 3090.090090 0.000000 0.62308897249373929 0.014844188550564751
882 1 3090.090090 22.500000 0.62308897249373929 0.014844188550564751
882 2 3090.090090 45.000000 0.62308897249373929 0.014844188550564751
882 3 3090.090090 67.500000 0.62308897249373929 0.014844188550564751
883 0 3093.593594 0.000000 0.62144204926220126 0.014883568803240104
883 1 3093.593594 22.500000 0.62144204926220126 0.014883568803240104
883 2 3093.593594 45.000000 0.62144204926220126 0.014883568803240104
883 3 3093.593594 67.500000 0.62144204926220126 0.014883568803240104
884 0 3097.097097 0.000000 0.61967918327466565 0.014850152846003075
884 1 3097.097097 22.500000 0.61967918327466565 0.014850152846003075
884 2 3097.097097 45.000000 0.61967918327466565 0.014850152846003075
884 3 3097.097097 67.500000 0.61967918327466565 0.014850152846003075
885 0 3100.600601 0.000000 0.61810354033772297 0.014749836067362875
885 1 3100.600601 22.500000 0.61810354033772297 0.014749836067362875
885 2 3100.600601 45.000000 0.61810354033772297 0.014749836067362875
885 3 3100.600601 67.500000 0.61810354033772297 0.014749836067362875
886 0 3104.104104 0.000000 0.61698498698490867 0.014599992027345732
886 1 3104.104104 22.500000 0.61698498698490867 0.014599992027345732
886 2 3104.104104 45.000000 0.61698498698490867 0.014599992027345732
886 3 3104.104104 67.500000 0.61698498698490867 0.014599992027345732
887 0 3107.607608 0.000000 0.61651418712648798 0.014426464798923476
887 1 3107.607608 22.500000 0.61651418712648798 0.014426464798923476
887 2 3107.607608 45.000000 0.61651418712648798 0.014426464798923476
887 3 3107.607608 67.500000 0.61651418712648798 0.014426464798923476
888 0 3111.111111 0.000000 0.61677050046586501 0.014259113082353081
888 1 3111.111111 22.500000 0.61677050046586501 0.014259113082353081
888 2 3111.111111 45.000000 0.61677050046586501 0.014259113082353081
888 3 3111.111111 67.500000 0.61677050046586501 0.014259113082353081
889 0 3114.614615 0.000000 0.61770882908731817 0.014126674100308731
889 1 3114.614615 22.500000 0.61770882908731817 0.014126674100308731
889 2 3114.614615 45.000000 0.61770882908731817 0.014126674100308731
889 3 3114.614615 67.500000 0.61770882908731817 0.014126674100308731
890 0 3118.118118 0.000000 0.61916744816490565 0.014051830481415135
890 1 3118.118118 22.500000 0.61916744816490565 0.014051830481415135
890 2 3118.118118 45.000000 0.61916744816490565 0.014051830481415135
890 3 3118.118118 67.500000 0.61916744816490565 0.014051830481415135
891 0 3121.621622 0.000000 0.62089552710081897 0.01404732670860873
891 1 3121.621622 22.500000 0.62089552710081897 0.01404732670860873
891 2 3121.621622 45.000000 0.62089552710081897 0.01404732670860873
891 3 3121.621622 67.500000 0.62089552710081897 0.01404732670860873
892 0 3125.125125 0.000000 0.62259588732727256 0.014113799839011244
892 1 3125.125125 22.500000 0.62259588732727256 0.014113799839011244
892 2 3125.125125 45.000000 0.62259588732727256 0.014113799839011244
892 3 3125.125125 67.500000 0.62259588732727256 0.014113799839011244
893 0 3128.628629 0.000000 0.62397595038543519 0.014239693595832876
893 1 3128.628629 22.500000 0.62397595038543519 0.014239693595832876
893 2 3128.628629 45.000000 0.62397595038543519 0.014239693595832876
893 3 3128.628629 67.500000 0.62397595038543519 0.014239693595832876
894 0 3132.132132 0.000000 0.62479823829980996 0.014403266547754531
894 1 3132.132132 22.500000 0.62479823829980996 0.014403266547754531
894 2 3132.132132 45.000000 0.62479823829980996 0.014403266547754531
894 3 3132.132132 67.500000 0.62479823829980996 0.014403266547754531
895 0 3135.635636 0.000000 0.62492159908510136 0.014576345558759718
895 1 3135.635636 22.500000 0.62492159908510136 0.014576345558759718
895 2 3135.635636 45.000000 0.62492159908510136 0.014576345558759718
895 3 3135.635636 67.500000 0.62492159908510136 0.014576345558759718
896 0 3139.139139 0.000000 0.6243257580936532 0.014729176721346552
896 1 3139.139139 22.500000 0.6243257580936532 0.014729176721346552
896 2 3139.139139 45.000000 0.6243257580936532 0.014729176721346552
896 3 3139.139139 67.500000 0.6243257580936532 0.014729176721346552
897 0 3142.642643 0.000000 0.62311471075956348 0.014835538777891996
897 1 3142.642643 22.500000 0.62311471075956348 0.014835538777891996
897 2 3142.642643 45.000000 0.62311471075956348 0.014835538777891996
897 3 3142.642643 67.500000 0.62311471075956348 0.014835538777891996
898 0 3146.146146 0.000000 0.62149834501348689 0.014877240512192141
898 1 3146.146146 22.500000 0.62149834501348689 0.014877240512192141
898 2 3146.146146 45.000000 0.62149834501348689 0.014877240512192141
898 3 3146.146146 67.500000 0.62149834501348689 0.014877240512192141
899 0 3149.649650 0.000000 0.61975569319601675 0.014847230961457646
899 1 3149.649650 22.500000 0.61975569319601675 0.014847230961457646
899 2 3149.649650 45.000000 0.61975569319601675 0.014847230961457646
899 3 3149.649650 67.500000 0.61975569319601675 0.014847230961457646
900 0 3153.153153 0.000000 0.61818649639690337 0.014750790854875798
900 1 3153.153153 22.500000 0.61818649639690337 0.014750790854875798
900 2 3153.153153 45.000000 0.61818649639690337 0.014750790854875798
900 3 3153.153153 67.500000 0.61818649639690337 0.014750790854875798
901 0 3156.656657 0.000000 0.61705966941471857 0.014604604072207997
901 1 3156.656657 22.500000 0.61705966941471857 0.014604604072207997
901 2 3156.656657 45.000000 0.61705966941471857 0.014604604072207997
901 3 3156.656657 67.500000 0.61705966941471857 0.014604604072207997
902 0 3160.160160 0.000000 0.61656751835846235 0.014433872263311406
902 1 3160.160160 22.500000 0.61656751835846235 0.014433872263311406
902 2 3160.160160 45.000000 0.61656751835846235 0.014433872263311406
902 3 3160.160160 67.500000 0.61656751835846235 0.014433872263311406
903 0 3163.663664 0.000000 0.61679331124189496 0.014267971476803051
903 1 3163.663664 22.500000 0.61679331124189496 0.014267971476803051
903 2 3163.663664 45.000000 0.61679331124189496 0.014267971476803051
903 3 3163.663664 67.500000 0.61679331124189496 0.014267971476803051
904 0 3167.167167 0.000000 0.61769741672130551 0.014135399137025471
904 1 3167.167167 22.500000 0.61769741672130551 0.014135399137025471
904 2 3167.167167 45.000000 0.61769741672130551 0.014135399137025471
904 3 3167.167167 67.500000 0.61769741672130551 0.014135399137025471
905 0 3170.670671 0.000000 0.61912417107344464 0.014058880302594792
905 1 3170.670671 22.500000 0.61912417107344464 0.014058880302594792
905 2 3170.670671 45.000000 0.61912417107344464 0.014058880302594792
905 3 3170.670671 67.500000 0.61912417107344464 0.014058880302594792
906 0 3174.174174 0.000000 0.62082834009849375 0.014051473351806858
906 1 3174.174174 22.500000 0.62082834009849375 0.014051473351806858
906 2 3174.174174 45.000000 0.62082834009849375 0.014051473351806858
906 3 3174.174174 67.500000 0.62082834009849375 0.014051473351806858
907 0 3177.677678 0.000000 0.62251689844636859 0.014114342258427049
907 1 3177.677678 22.500000 0.62251689844636859 0.014114342258427049
907 2 3177.677678 45.000000 0.62251689844636859 0.014114342258427049
907 3 3177.677678 67.500000 0.62251689844636859 0.014114342258427049
908 0 3181.181181 0.000000 0.62389924863577739 0.014236575375316743
908 1 3181.181181 22.500000 0.62389924863577739 0.014236575375316743
908 2 3181.181181 45.000000 0.62389924863577739 0.014236575375316743
908 3 3181.181181 67.500000 0.62389924863577739 0.014236575375316743
909 0 3184.684685 0.000000 0.62473737520917927 0.014397078626843021
909 1 3184.684685 22.500000 0.62473737520917927 0.014397078626843021
909 2 3184.684685 45.000000 0.62473737520917927 0.014397078626843021
909 3 3184.684685 67.500000 0.62473737520917927 0.014397078626843021
910 0 3188.188188 0.000000 0.62488717691700246 0.014568214756912933
910 1 3188.188188 22.500000 0.62488717691700246 0.014568214756912933
910 2 3188.188188 45.000000 0.62488717691700246 0.014568214756912933
910 3 3188.188188 67.500000 0.62488717691700246 0.014568214756912933
911 0 3191.691692 0.000000 0.62432356401120948 0.01472056095322804
911 1 3191.691692 22.500000 0.62432356401120948 0.01472056095322804
911 2 3191.691692 45.000000 0.62432356401120948 0.01472056095322804
911 3 3191.691692 67.500000 0.62432356401120948 0.01472056095322804
912 0 3195.195195 0.000000 0.62314473564857753 0.014827966069388155
912 1 3195.195195 22.500000 0.62314473564857753 0.014827966069388155
912 2 3195.195195 45.000000 0.62314473564857753 0.014827966069388155
912 3 3195.195195 67.500000 0.62314473564857753 0.014827966069388155
913 0 3198.698699 0.000000 0.62155485670494848 0.014872038438705774
913 1 3198.698699 22.500000 0.62155485670494848 0.014872038438705774
913 2 3198.698699 45.000000 0.62155485670494848 0.014872038438705774
913 3 3198.698699 67.500000 0.62155485670494848 0.014872038438705774
914 0 3202.202202 0.000000 0.61982833321034347 0.014845294330732372
914 1 3202.202202 22.500000 0.61982833321034347 0.014845294330732372
914 2 3202.202202 45.000000 0.61982833321034347 0.014845294330732372
914 3 3202.202202 67.500000 0.61982833321034347 0.014845294330732372
915 0 3205.705706 0.000000 0.61826218118985699 0.014752428218837342
915 1 3205.705706 22.500000 0.61826218118985699 0.014752428218837342
915 2 3205.705706 45.000000 0.61826218118985699 0.014752428218837342
915 3 3205.705706 67.500000 0.61826218118985699 0.014752428218837342
916 0 3209.209209 0.000000 0.61712493944876534 0.014609489335371302
916 1 3209.209209 22.500000 0.61712493944876534 0.014609489335371302
916 2 3209.209209 45.000000 0.61712493944876534 0.014609489335371302
916 3 3209.209209 67.500000 0.61712493944876534 0.014609489335371302
917 0 3212.712713 0.000000 0.6166109131882227 0.014441108851670909
917 1 3212.712713 22.500000 0.6166109131882227 0.014441108851670909
917 2 3212.712713 45.000000 0.6166109131882227 0.014441108851670909
917 3 3212.712713 67.500000 0.6166109131882227 0.014441108851670909
918 0 3216.216216 0.000000 0.61680735979583989 0.014276256598319362
918 1 3216.216216 22.500000 0.61680735979583989 0.014276256598319362
918 2 3216.216216 45.000000 0.61680735979583989 0.014276256598319362
918 3 3216.216216 67.500000 0.61680735979583989 0.014276256598319362
919 0 3219.719720 0.000000 0.61767990868015721 0.014143258127075117
919 1 3219.719720 22.500000 0.61767990868015721 0.014143258127075117
919 2 3219.719720 45.000000 0.61767990868015721 0.014143258127075117
919 3 3219.719720 67.500000 0.61767990868015721 0.014143258127075117
920 0 3223.223223 0.000000 0.61907850042255053 0.014064928973850303
920 1 3223.223223 22.500000 0.61907850042255053 0.014064928973850303
920 2 3223.223223 45.000000 0.61907850042255053 0.014064928973850303
920 3 3223.223223 67.500000 0.61907850042255053 0.014064928973850303
921 0 3226.726727 0.000000 0.6207628665735514 0.014054661735022556
921 1 3226.726727 22.500000 0.6207628665735514 0.014054661735022556
921 2 3226.726727 45.000000 0.6207628665735514 0.014054661735022556
921 3 3226.726727 67.500000 0.6207628665735514 0.014054661735022556
922 0 3230.230230 0.000000 0.62244343689481718 0.014114136857018567
922 1 3230.230230 22.500000 0.62244343689481718 0.014114136857018567
922 2 3230.230230 45.000000 0.62244343689481718 0.014114136857018567
922 3 3230.230230 67.500000 0.62244343689481718 0.014114136857018567
923 0 3233.733734 0.000000 0.62383094791558591 0.014233048326236748
923 1 3233.733734 22.500000 0.62383094791558591 0.014233048326236748
923 2 3233.733734 45.000000 0.62383094791558591 0.014233048326236748
923 3 3233.733734 67.500000 0.62383094791558591 0.014233048326236748
924 0 3237.237237 0.000000 0.62468636166802316 0.014390888905054692
924 1 3237.237237 22.500000 0.62468636166802316 0.014390888905054692
924 2 3237.237237 45.000000 0.62468636166802316 0.014390888905054692
924 3 3237.237237 67.500000 0.62468636166802316 0.014390888905054692
925 0 3240.740741 0.000000 0.62486238789896009 0.014560485775437415
925 1 3240.740741 22.500000 0.62486238789896009 0.014560485775437415
925 2 3240.740741 45.000000 0.62486238789896009 0.014560485775437415
925 3 3240.740741 67.500000 0.62486238789896009 0.014560485775437415
926 0 3244.244244 0.000000 0.62432916785425607 0.014712677180921561
926 1 3244.244244 22.500000 0.62432916785425607 0.014712677180921561
926 2 3244.244244 45.000000 0.62432916785425607 0.014712677180921561
926 3 3244.244244 67.500000 0.62432916785425607 0.014712677180921561
927 0 3247.747748 0.000000 0.62317942652803759 0.014821325396581216
927 1 3247.747748 22.500000 0.62317942652803759 0.014821325396581216
927 2 3247.747748 45.000000 0.62317942652803759 0.014821325396581216
927 3 3247.747748 67.500000 0.62317942652803759 0.014821325396581216
928 0 3251.251251 0.000000 0.62161214582034863 0.014867804511521553
928 1 3251.251251 22.500000 0.62161214582034863 0.014867804511521553
928 2 3251.251251 45.000000 0.62161214582034863 0.014867804511521553
928 3 3251.251251 67.500000 0.62161214582034863 0.014867804511521553
929 0 3254.754755 0.000000 0.6198977684795115 0.014844192682571918
929 1 3254.754755 22.500000 0.6198977684795115 0.014844192682571918
929 2 3254.754755 45.000000 0.6198977684795115 0.014844192682571918
929 3 3254.754755 67.500000 0.6198977684795115 0.014844192682571918
930 0 3258.258258 0.000000 0.61833125721850501 0.014754621889284027
930 1 3258.258258 22.500000 0.61833125721850501 0.014754621889284027
930 2 3258.258258 45.000000 0.61833125721850501 0.014754621889284027
930 3 3258.258258 67.500000 0.61833125721850501 0.014754621889284027
931 0 3261.761762 0.000000 0.61718134213501363 0.014614555286802966
931 1 3261.761762 22.500000 0.61718134213501363 0.014614555286802966
931 2 3261.761762 45.000000 0.61718134213501363 0.014614555286802966
931 3 3261.761762 67.500000 0.61718134213501363 0.014614555286802966
932 0 3265.265265 0.000000 0.61664469699047553 0.014448118466724714
932 1 3265.265265 22.500000 0.61664469699047553 0.014448118466724714
932 2 3265.265265 45.000000 0.61664469699047553 0.014448118466724714
932 3 3265.265265 67.500000 0.61664469699047553 0.014448118466724714
933 0 3268.768769 0.000000 0.61681268110764453 0.014283945084981877
933 1 3268.768769 22.500000 0.61681268110764453 0.014283945084981877
933 2 3268.768769 45.000000 0.61681268110764453 0.014283945084981877
933 3 3268.768769 67.500000 0.61681268110764453 0.014283945084981877
934 0 3272.272272 0.000000 0.61765602391232743 0.01415025204055553
934 1 3272.272272 22.500000 0.61765602391232743 0.01415025204055553
934 2 3272.272272 45.000000 0.61765602391232743 0.01415025204055553
934 3 3272.272272 67.500000 0.61765602391232743 0.01415025204055553
935 0 3275.775776 0.000000 0.61902986449476893 0.014069991025746981
935 1 3275.775776 22.500000 0.61902986449476893 0.014069991025746981
935 2 3275.775776 45.000000 0.61902986449476893 0.014069991025746981
935 3 3275.775776 67.500000 0.61902986449476893 0.014069991025746981
936 0 3279.279279 0.000000 0.62069831764194261 0.014056909332836282
936 1 3279.279279 22.500000 0.62069831764194261 0.014056909332836282
936 2 3279.279279 45.000000 0.62069831764194261 0.014056909332836282
936 3 3279.279279 67.500000 0.62069831764194261 0.014056909332836282
937 0 3282.782783 0.000000 0.62237460691739266 0.014113195826455769
937 1 3282.782783 22.500000 0.62237460691739266 0.014113195826455769
937 2 3282.782783 45.000000 0.62237460691739266 0.014113195826455769
937 3 3282.782783 67.500000 0.62237460691739266 0.014113195826455769
938 0 3286.286286 0.000000 0.62377017469081797 0.01422911506855962
938 1 3286.286286 22.500000 0.62377017469081797 0.01422911506855962
938 2 3286.286286 45.000000 0.62377017469081797 0.01422911506855962
938 3 3286.286286 67.500000 0.62377017469081797 0.01422911506855962
939 0 3289.789790 0.000000 0.62464447269405665 0.014384690690893062
939 1 3289.789790 22.500000 0.62464447269405665 0.014384690690893062
939 2 3289.789790 45.000000 0.62464447269405665 0.014384690690893062
939 3 3289.789790 67.500000 0.62464447269405665 0.014384690690893062
940 0 3293.293293 0.000000 0.62484675794271927 0.01455314702660878
940 1 3293.293293 22.500000 0.62484675794271927 0.01455314702660878
940 2 3293.293293 45.000000 0.62484675794271927 0.01455314702660878
940 3 3293.293293 67.500000 0.62484675794271927 0.01455314702660878
941 0 3296.796797 0.000000 0.62434240780956218 0.014705516214610428
941 1 3296.796797 22.500000 0.62434240780956218 0.014705516214610428
941 2 3296.796797 45.000000 0.62434240780956218 0.014705516214610428
941 3 3296.796797 67.500000 0.62434240780956218 0.014705516214610428
942 0 3300.300300 0.000000 0.62321894467260797 0.014815618266740833
942 1 3300.300300 22.500000 0.62321894467260797 0.014815618266740833
942 2 3300.300300 45.000000 0.62321894467260797 0.014815618266740833
942 3 3300.300300 67.500000 0.62321894467260797 0.014815618266740833
943 0 3303.803804 0.000000 0.62167065635768859 0.014864558156440791
943 1 3303.803804 22.500000 0.62167065635768859 0.014864558156440791
943 2 3303.803804 45.000000 0.62167065635768859 0.014864558156440791
943 3 3303.803804 67.500000 0.62167065635768859 0.014864558156440791
944 0 3307.307307 0.000000 0.61996464241797178 0.014843967632505874
944 1 3307.307307 22.500000 0.61996464241797178 0.014843967632505874
944 2 3307.307307 45.000000 0.61996464241797178 0.014843967632505874
944 3 3307.307307 67.500000 0.61996464241797178 0.014843967632505874
945 0 3310.810811 0.000000 0.61839445634335466 0.01475743570177347
945 1 3310.810811 22.500000 0.61839445634335466 0.01475743570177347
945 2 3310.810811 45.000000 0.61839445634335466 0.01475743570177347
945 3 3310.810811 67.500000 0.61839445634335466 0.01475743570177347
946 0 3314.314314 0.000000 0.61722957851121107 0.014619883319144347
946 1 3314.314314 22.500000 0.61722957851121107 0.014619883319144347
946 2 3314.314314 45.000000 0.61722957851121107 0.014619883319144347
946 3 3314.314314 67.500000 0.61722957851121107 0.014619883319144347
947 0 3317.817818 0.000000 0.61666943240566585 0.014454991183807437
947 1 3317.817818 22.500000 0.61666943240566585 0.014454991183807437
947 2 3317.817818 45.000000 0.61666943240566585 0.014454991183807437
947 3 3317.817818 67.500000 0.61666943240566585 0.014454991183807437
948 0 3321.321321 0.000000 0.61680962082819202 0.014291123944665264
948 1 3321.321321 22.500000 0.61680962082819202 0.014291123944665264
948 2 3321.321321 45.000000 0.61680962082819202 0.014291123944665264
948 3 3321.321321 67.500000 0.61680962082819202 0.014291123944665264
949 0 3324.824825 0.000000 0.61762585333127018 0.014156452141783401
949 1 3324.824825 22.500000 0.61762585333127018 0.014156452141783401
949 2 3324.824825 45.000000 0.61762585333127018 0.014156452141783401
949 3 3324.824825 67.500000 0.61762585333127018 0.014156452141783401
950 0 3328.328328 0.000000 0.61897810721489044 0.014074110586947039
950 1 3328.328328 22.500000 0.61897810721489044 0.014074110586947039
950 2 3328.328328 45.000000 0.61897810721489044 0.014074110586947039
950 3 3328.328328 67.500000 0.61897810721489044 0.014074110586947039
951 0 3331.831832 0.000000 0.62063434028655129 0.01405822509727123
951 1 3331.831832 22.500000 0.62063434028655129 0.01405822509727123
951 2 3331.831832 45.000000 0.62063434028655129 0.01405822509727123
951 3 3331.831832 67.500000 0.62063434028655129 0.01405822509727123
952 0 3335.335335 0.000000 0.62230994046104615 0.014111489797992111
952 1 3335.335335 22.500000 0.62230994046104615 0.014111489797992111
952 2 3335.335335 45.000000 0.62230994046104615 0.014111489797992111
952 3 3335.335335 67.500000 0.62230994046104615 0.014111489797992111
953 0 3338.838839 0.000000 0.6237164438002154 0.014224710403994197
953 1 3338.838839 22.500000 0.6237164438002154 0.014224710403994197
953 2 3338.838839 45.000000 0.6237164438002154 0.014224710403994197
953 3 3338.838839 67.500000 0.6237164438002154 0.014224710403994197
954 0 3342.342342 0.000000 0.62461130158239775 0.014378390872127635
954 1 3342.342342 22.500000 0.62461130158239775 0.014378390872127635
954 2 3342.342342 45.000000 0.62461130158239775 0.014378390872127635
954 3 3342.342342 67.500000 0.62461130158239775 0.014378390872127635
955 0 3345.845846 0.000000 0.6248400344663565 0.014546089690001212
955 1 3345.845846 22.500000 0.6248400344663565 0.014546089690001212
955 2 3345.845846 45.000000 0.6248400344663565 0.014546089690001212
955 3 3345.845846 67.500000 0.6248400344663565 0.014546089690001212
956 0 3349.349349 0.000000 0.62436322778681108 0.014698968153284059
956 1 3349.349349 22.500000 0.62436322778681108 0.014698968153284059
956 2 3349.349349 45.000000 0.62436322778681108 0.014698968153284059
956 3 3349.349349 67.500000 0.62436322778681108 0.014698968153284059
957 0 3352.852853 0.000000 0.62326343276129514 0.014810748463342197
957 1 3352.852853 22.500000 0.62326343276129514 0.014810748463342197
957 2 3352.852853 45.000000 0.62326343276129514 0.014810748463342197
957 3 3352.852853 67.500000 0.62326343276129514 0.014810748463342197
958 0 3356.356356 0.000000 0.62173069288842642 0.014862229433115303
958 1 3356.356356 22.500000 0.62173069288842642 0.014862229433115303
958 2 3356.356356 45.000000 0.62173069288842642 0.014862229433115303
958 3 3356.356356 67.500000 0.62173069288842642 0.014862229433115303
959 0 3359.859860 0.000000 0.62002935369036871 0.014844583989894217
959 1 3359.859860 22.500000 0.62002935369036871 0.014844583989894217
959 2 3359.859860 45.000000 0.62002935369036871 0.014844583989894217
959 3 3359.859860 67.500000 0.62002935369036871 0.014844583989894217
960 0 3363.363363 0.000000 0.6184521863120811 0.014760872318503772
960 1 3363.363363 22.500000 0.6184521863120811 0.014760872318503772
960 2 3363.363363 45.000000 0.6184521863120811 0.014760872318503772
960 3 3363.363363 67.500000 0.6184521863120811 0.014760872318503772
961 0 3366.866867 0.000000 0.61726997964510477 0.014625511324470241
961 1 3366.866867 22.500000 0.61726997964510477 0.014625511324470241
961 2 3366.866867 45.000000 0.61726997964510477 0.014625511324470241
961 3 3366.866867 67.500000 0.61726997964510477 0.014625511324470241
962 0 3370.370370 0.000000 0.61668530345393424 0.014461792363981108
962 1 3370.370370 22.500000 0.61668530345393424 0.014461792363981108
962 2 3370.370370 45.000000 0.61668530345393424 0.014461792363981108
962 3 3370.370370 67.500000 0.61668530345393424 0.014461792363981108
963 0 3373.873874 0.000000 0.61679817396753089 0.014297874524897478
963 1 3373.873874 22.500000 0.61679817396753089 0.014297874524897478
963 2 3373.873874 45.000000 0.61679817396753089 0.014297874524897478
963 3 3373.873874 67.500000 0.61679817396753089 0.014297874524897478
964 0 3377.377377 0.000000 0.61758919706970261 0.014161942548698727
964 1 3377.377377 22.500000 0.61758919706970261 0.014161942548698727
964 2 3377.377377 45.000000 0.61758919706970261 0.014161942548698727
964 3 3377.377377 67.500000 0.61758919706970261 0.014161942548698727
965 0 3380.880881 0.000000 0.61892286517399631 0.014077361805954088
965 1 3380.880881 22.500000 0.61892286517399631 0.014077361805954088
965 2 3380.880881 45.000000 0.61892286517399631 0.014077361805954088
965 3 3380.880881 67.500000 0.61892286517399631 0.014077361805954088
966 0 3384.384384 0.000000 0.62057047043555158 0.014058662993714464
966 1 3384.384384 22.500000 0.62057047043555158 0.014058662993714464
966 2 3384.384384 45.000000 0.62057047043555158 0.014058662993714464
966 3 3384.384384 67.500000 0.62057047043555158 0.014058662993714464
967 0 3387.887888 0.000000 0.62224895573337524 0.014109046411015569
967 1 3387.887888 22.500000 0.62224895573337524 0.014109046411015569
967 2 3387.887888 45.000000 0.62224895573337524 0.014109046411015569
967 3 3387.887888 67.500000 0.62224895573337524 0.014109046411015569
968 0 3391.391391 0.000000 0.62366934344033498 0.014219834363191229
968 1 3391.391391 22.500000 0.62366934344033498 0.014219834363191229
968 2 3391.391391 45.000000 0.62366934344033498 0.014219834363191229
968 3 3391.391391 67.500000 0.62366934344033498 0.014219834363191229
969 0 3394.894895 0.000000 0.62458658266847289 0.014371965369734513
969 1 3394.894895 22.500000 0.62458658266847289 0.014371965369734513
969 2 3394.894895 45.000000 0.62458658266847289 0.014371965369734513
969 3 3394.894895 67.500000 0.62458658266847289 0.014371965369734513
970 0 3398.398398 0.000000 0.62484214826581741 0.014539272953869703
970 1 3398.398398 22.500000 0.62484214826581741 0.014539272953869703
970 2 3398.398398 45.000000 0.62484214826581741 0.014539272953869703
970 3 3398.398398 67.500000 0.62484214826581741 0.014539272953869703
971 0 3401.901902 0.000000 0.62439177009021285 0.014692985163909428
971 1 3401.901902 22.500000 0.62439177009021285 0.014692985163909428
971 2 3401.901902 45.000000 0.62439177009021285 0.014692985163909428
971 3 3401.901902 67.500000 0.62439177009021285 0.014692985163909428
972 0 3405.405405 0.000000 0.62331322158538627 0.014806671289198232
972 1 3405.405405 22.500000 0.62331322158538627 0.014806671289198232
972 2 3405.405405 45.000000 0.62331322158538627 0.014806671289198232
972 3 3405.405405 67.500000 0.62331322158538627 0.014806671289198232
973 0 3408.908909 0.000000 0.62179271793397406 0.014860785496700713
973 1 3408.908909 22.500000 0.62179271793397406 0.014860785496700713
973 2 3408.908909 45.000000 0.62179271793397406 0.014860785496700713
973 3 3408.908909 67.500000 0.62179271793397406 0.014860785496700713
974 0 3412.412412 0.000000 0.62009241656491365 0.014846026492694708
974 1 3412.412412 22.500000 0.62009241656491365 0.014846026492694708
974 2 3412.412412 45.000000 0.62009241656491365 0.014846026492694708
974 3 3412.412412 67.500000 0.62009241656491365 0.014846026492694708
975 0 3415.915916 0.000000 0.61850492450211447 0.014764935869153915
975 1 3415.915916 22.500000 0.61850492450211447 0.014764935869153915
975 2 3415.915916 45.000000 0.61850492450211447 0.014764935869153915
975 3 3415.915916 67.500000 0.61850492450211447 0.014764935869153915
976 0 3419.419419 0.000000 0.61730290459870441 0.014631460538587044
976 1 3419.419419 22.500000 0.61730290459870441 0.014631460538587044
976 2 3419.419419 45.000000 0.61730290459870441 0.014631460538587044
976 3 3419.419419 67.500000 0.61730290459870441 0.014631460538587044
977 0 3422.922923 0.000000 0.61669249098582979 0.014468554569747471
977 1 3422.922923 22.500000 0.61669249098582979 0.014468554569747471
977 2 3422.922923 45.000000 0.61669249098582979 0.014468554569747471
977 3 3422.922923 67.500000 0.61669249098582979 0.014468554569747471
978 0 3426.426426 0.000000 0.61677831512818304 0.014304232686127892
978 1 3426.426426 22.500000 0.61677831512818304 0.014304232686127892
978 2 3426.426426 45.000000 0.61677831512818304 0.014304232686127892
978 3 3426.426426 67.500000 0.61677831512818304 0.014304232686127892
979 0 3429.929930 0.000000 0.61754583196816026 0.014166753785207318
979 1 3429.929930 22.500000 0.61754583196816026 0.014166753785207318
979 2 3429.929930 45.000000 0.61754583196816026 0.014166753785207318
979 3 3429.929930 67.500000 0.61754583196816026 0.014166753785207318
980 0 3433.433433 0.000000 0.61886376071213922 0.014079762358979068
980 1 3433.433433 22.500000 0.61886376071213922 0.014079762358979068
980 2 3433.433433 45.000000 0.61886376071213922 0.014079762358979068
980 3 3433.433433 67.500000 0.61886376071213922 0.014079762358979068
981 0 3436.936937 0.000000 0.62050624608944471 0.014058222953197077
981 1 3436.936937 22.500000 0.62050624608944471 0.014058222953197077
981 2 3436.936937 45.000000 0.62050624608944471 0.014058222953197077
981 3 3436.936937 67.500000 0.62050624608944471 0.014058222953197077
982 0 3440.440440 0.000000 0.62219119074947749 0.014105846543336496
982 1 3440.440440 22.500000 0.62219119074947749 0.014105846543336496
982 2 3440.440440 45.000000 0.62219119074947749 0.014105846543336496
982 3 3440.440440 67.500000 0.62219119074947749 0.014105846543336496
983 0 3443.943944 0.000000 0.62362849483870897 0.014214451335758157
983 1 3443.943944 22.500000 0.62362849483870897 0.014214451335758157
983 2 3443.943944 45.000000 0.62362849483870897 0.014214451335758157
983 3 3443.943944 67.500000 0.62362849483870897 0.014214451335758157
984 0 3447.447447 0.000000 0.62457008721362484 0.014365368066566186
984 1 3447.447447 22.500000 0.62457008721362484 0.014365368066566186
984 2 3447.447447 45.000000 0.62457008721362484 0.014365368066566186
984 3 3447.447447 67.500000 0.62457008721362484 0.014365368066566186
985 0 3450.950951 0.000000 0.62485305886252984 0.014532648484296565
985 1 3450.950951 22.500000 0.62485305886252984 0.014532648484296565
985 2 3450.950951 45.000000 0.62485305886252984 0.014532648484296565
985 3 3450.950951 67.500000 0.62485305886252984 0.014532648484296565
986 0 3454.454454 0.000000 0.62442818529283384 0.014687525743768925
986 1 3454.454454 22.500000 0.62442818529283384 0.014687525743768925
986 2 3454.454454 45.000000 0.62442818529283384 0.014687525743768925
986 3 3454.454454 67.500000 0.62442818529283384 0.014687525743768925
987 0 3457.957958 0.000000 0.62336862000346327 0.014803360174745137
987 1 3457.957958 22.500000 0.62336862000346327 0.014803360174745137
987 2 3457.957958 45.000000 0.62336862000346327 0.014803360174745137
987 3 3457.957958 67.500000 0.62336862000346327 0.014803360174745137
988 0 3461.461461 0.000000 0.6218571368859791 0.014860220325691481
988 1 3461.461461 22.500000 0.6218571368859791 0.014860220325691481
988 2 3461.461461 45.000000 0.6218571368859791 0.014860220325691481
988 3 3461.461461 67.500000 0.6218571368859791 0.014860220325691481
989 0 3464.964965 0.000000 0.62015425412708181 0.01484831170290089
989 1 3464.964965 22.500000 0.62015425412708181 0.01484831170290089
989 2 3464.964965 45.000000 0.62015425412708181 0.01484831170290089
989 3 3464.964965 67.500000 0.62015425412708181 0.01484831170290089
990 0 3468.468468 0.000000 0.61855303062755718 0.014769663514217074
990 1 3468.468468 22.500000 0.61855303062755718 0.014769663514217074
990 2 3468.468468 45.000000 0.61855303062755718 0.014769663514217074
990 3 3468.468468 67.500000 0.61855303062755718 0.014769663514217074
991 0 3471.971972 0.000000 0.61732858142349623 0.01463778300876001
991 1 3471.971972 22.500000 0.61732858142349623 0.01463778300876001
991 2 3471.971972 45.000000 0.61732858142349623 0.01463778300876001
991 3 3471.971972 67.500000 0.61732858142349623 0.01463778300876001
992 0 3475.475475 0.000000 0.61669104830774257 0.014475336273915585
992 1 3475.475475 22.500000 0.61669104830774257 0.014475336273915585
992 2 3475.475475 45.000000 0.61669104830774257 0.014475336273915585
992 3 3475.475475 67.500000 0.61669104830774257 0.014475336273915585
993 0 3478.978979 0.000000 0.61674991273914059 0.014310253600740213
993 1 3478.978979 22.500000 0.61674991273914059 0.014310253600740213
993 2 3478.978979 45.000000 0.61674991273914059 0.014310253600740213
993 3 3478.978979 67.500000 0.61674991273914059 0.014310253600740213
994 0 3482.482482 0.000000 0.61749546617601292 0.014170928456300308
994 1 3482.482482 22.500000 0.61749546617601292 0.014170928456300308
994 2 3482.482482 45.000000 0.61749546617601292 0.014170928456300308
994 3 3482.482482 67.500000 0.61749546617601292 0.014170928456300308
995 0 3485.985986 0.000000 0.61880039656631858 0.014081335126211694
995 1 3485.985986 22.500000 0.61880039656631858 0.014081335126211694
995 2 3485.985986 45.000000 0.61880039656631858 0.014081335126211694
995 3 3485.985986 67.500000 0.61880039656631858 0.014081335126211694
996 0 3489.489489 0.000000 0.62044123973878951 0.01405690436157955
996 1 3489.489489 22.500000 0.62044123973878951 0.01405690436157955
996 2 3489.489489 45.000000 0.62044123973878951 0.01405690436157955
996 3 3489.489489 67.500000 0.62044123973878951 0.01405690436157955
997 0 3492.992993 0.000000 0.62213626940494127 0.014101866379249376
997 1 3492.992993 22.500000 0.62213626940494127 0.014101866379249376
997 2 3492.992993 45.000000 0.62213626940494127 0.014101866379249376
997 3 3492.992993 67.500000 0.62213626940494127 0.014101866379249376
998 0 3496.496496 0.000000 0.62359364619111468 0.014208518607611652
998 1 3496.496496 22.500000 0.62359364619111468 0.014208518607611652
998 2 3496.496496 45.000000 0.62359364619111468 0.014208518607611652
998 3 3496.496496 67.500000 0.62359364619111468 0.014208518607611652
999 0 3500.000000 0.000000 0.62456173798813874 0.014358544894672772
999 1 3500.000000 22.500000 0.62456173798813874 0.014358544894672772
999 2 3500.000000 45.000000 0.62456173798813874 0.014358544894672772
999 3 3500.000000 67.500000 0.62456173798813874 0.014358544894672772
