# Nx=1000 Ny=4 Lx=3500.0 Ly=67.5 lambda=13.50
# i j x_nm y_nm |E|^2 Re(Ey)
0 0 0.000000 0.000000 0.62911563305871865 0.050782799713348439
0 1 0.000000 22.500000 0.62911563305871865 0.050782799713348439
0 2 0.000000 45.000000 0.62911563305871865 0.050782799713348439
0 3 0.000000 67.500000 0.62911563305871865 0.050782799713348439
1 0 3.503504 0.000000 0.62866504176646998 0.05032449968612937
1 1 3.503504 22.500000 0.62866504176646998 0.05032449968612937
1 2 3.503504 45.000000 0.62866504176646998 0.05032449968612937
1 3 3.503504 67.500000 0.62866504176646998 0.05032449968612937
2 0 7.007007 0.000000 0.62763904555608929 0.049867843716088295
2 1 7.007007 22.500000 0.62763904555608929 0.049867843716088295
2 2 7.007007 45.000000 0.62763904555608929 0.049867843716088295
2 3 7.007007 67.500000 0.62763904555608929 0.049867843716088295
3 0 10.510511 0.000000 0.62621534613061913 0.049491305957335259
3 1 10.510511 22.500000 0.62621534613061913 0.049491305957335259
3 2 10.510511 45.000000 0.62621534613061913 0.049491305957335259
3 3 10.510511 67.500000 0.62621534613061913 0.049491305957335259
4 0 14.014014 0.000000 0.62463956611572724 0.049259545630864238
4 1 14.014014 22.500000 0.62463956611572724 0.049259545630864238
4 2 14.014014 45.000000 0.62463956611572724 0.049259545630864238
4 3 14.014014 67.500000 0.62463956611572724 0.049259545630864238
5 0 17.517518 0.000000 0.62318267138497774 0.04921230644918699
5 1 17.517518 22.500000 0.62318267138497774 0.04921230644918699
5 2 17.517518 45.000000 0.62318267138497774 0.04921230644918699
5 3 17.517518 67.500000 0.62318267138497774 0.04921230644918699
6 0 21.021021 0.000000 0.62209450818704748 0.049357602862982429
6 1 21.021021 22.500000 0.62209450818704748 0.049357602862982429
6 2 21.021021 45.000000 0.62209450818704748 0.049357602862982429
6 3 21.021021 67.500000 0.62209450818704748 0.049357602862982429
7 0 24.524525 0.000000 0.62156134072322122 0.049670360997617242
7 1 24.524525 22.500000 0.62156134072322122 0.049670360997617242
7 2 24.524525 45.000000 0.62156134072322122 0.049670360997617242
7 3 24.524525 67.500000 0.62156134072322122 0.049670360997617242
8 0 28.028028 0.000000 0.62167435686437578 0.05009674463604695
8 1 28.028028 22.500000 0.62167435686437578 0.05009674463604695
8 2 28.028028 45.000000 0.62167435686437578 0.05009674463604695
8 3 28.028028 67.500000 0.62167435686437578 0.05009674463604695
9 0 31.531532 0.000000 0.62241421354661364 0.050563420067067134
9 1 31.531532 22.500000 0.62241421354661364 0.050563420067067134
9 2 31.531532 45.000000 0.62241421354661364 0.050563420067067134
9 3 31.531532 67.500000 0.62241421354661364 0.050563420067067134
10 0 35.035035 0.000000 0.62365414969463984 0.050990165756794777
10 1 35.035035 22.500000 0.62365414969463984 0.050990165756794777
10 2 35.035035 45.000000 0.62365414969463984 0.050990165756794777
10 3 35.035035 67.500000 0.62365414969463984 0.050990165756794777
11 0 38.538539 0.000000 0.62518129789612398 0.051303659134788869
11 1 38.538539 22.500000 0.62518129789612398 0.051303659134788869
11 2 38.538539 45.000000 0.62518129789612398 0.051303659134788869
11 3 38.538539 67.500000 0.62518129789612398 0.051303659134788869
12 0 42.042042 0.000000 0.6267328786821672 0.051450071678857665
12 1 42.042042 22.500000 0.6267328786821672 0.051450071678857665
12 2 42.042042 45.000000 0.6267328786821672 0.051450071678857665
12 3 42.042042 67.500000 0.6267328786821672 0.051450071678857665
13 0 45.545546 0.000000 0.62804135006975348 0.051404309283067051
13 1 45.545546 22.500000 0.62804135006975348 0.051404309283067051
13 2 45.545546 45.000000 0.62804135006975348 0.051404309283067051
13 3 45.545546 67.500000 0.62804135006975348 0.051404309283067051
14 0 49.049049 0.000000 0.62888079396669949 0.051174312069752634
14 1 49.049049 22.500000 0.62888079396669949 0.051174312069752634
14 2 49.049049 45.000000 0.62888079396669949 0.051174312069752634
14 3 49.049049 67.500000 0.62888079396669949 0.051174312069752634
15 0 52.552553 0.000000 0.62910632471223837 0.050799677078870328
15 1 52.552553 22.500000 0.62910632471223837 0.050799677078870328
15 2 52.552553 45.000000 0.62910632471223837 0.050799677078870328
15 3 52.552553 67.500000 0.62910632471223837 0.050799677078870328
16 0 56.056056 0.000000 0.62867937703737131 0.050344842682695776
16 1 56.056056 22.500000 0.62867937703737131 0.050344842682695776
16 2 56.056056 45.000000 0.62867937703737131 0.050344842682695776
16 3 56.056056 67.500000 0.62867937703737131 0.050344842682695776
17 0 59.559560 0.000000 0.62767427243110196 0.049888007579530852
17 1 59.559560 22.500000 0.62767427243110196 0.049888007579530852
17 2 59.559560 45.000000 0.62767427243110196 0.049888007579530852
17 3 59.559560 67.500000 0.62767427243110196 0.049888007579530852
18 0 63.063063 0.000000 0.62626496370633222 0.049507689442650424
18 1 63.063063 22.500000 0.62626496370633222 0.049507689442650424
18 2 63.063063 45.000000 0.62626496370633222 0.049507689442650424
18 3 63.063063 67.500000 0.62626496370633222 0.049507689442650424
19 0 66.566567 0.000000 0.62469453101597783 0.049269233073895163
19 1 66.566567 22.500000 0.62469453101597783 0.049269233073895163
19 2 66.566567 45.000000 0.62469453101597783 0.049269233073895163
19 3 66.566567 67.500000 0.62469453101597783 0.049269233073895163
20 0 70.070070 0.000000 0.6232330429845101 0.049213585838486291
20 1 70.070070 22.500000 0.6232330429845101 0.049213585838486291
20 2 70.070070 45.000000 0.6232330429845101 0.049213585838486291
20 3 70.070070 67.500000 0.6232330429845101 0.049213585838486291
21 0 73.573574 0.000000 0.62213123219648681 0.049350268006731909
21 1 73.573574 22.500000 0.62213123219648681 0.049350268006731909
21 2 73.573574 45.000000 0.62213123219648681 0.049350268006731909
21 3 73.573574 67.500000 0.62213123219648681 0.049350268006731909
22 0 77.077077 0.000000 0.62157785775132313 0.049655744520880993
22 1 77.077077 22.500000 0.62157785775132313 0.049655744520880993
22 2 77.077077 45.000000 0.62157785775132313 0.049655744520880993
22 3 77.077077 67.500000 0.62157785775132313 0.049655744520880993
23 0 80.580581 0.000000 0.62166776058425999 0.050077476571728188
23 1 80.580581 22.500000 0.62166776058425999 0.050077476571728188
23 2 80.580581 45.000000 0.62166776058425999 0.050077476571728188
23 3 80.580581 67.500000 0.62166776058425999 0.050077476571728188
24 0 84.084084 0.000000 0.62238576145429647 0.050542955654712889
24 1 84.084084 22.500000 0.62238576145429647 0.050542955654712889
24 2 84.084084 45.000000 0.62238576145429647 0.050542955654712889
24 3 84.084084 67.500000 0.62238576145429647 0.050542955654712889
25 0 87.587588 0.000000 0.62360903640144882 0.050972167054191761
25 1 87.587588 22.500000 0.62360903640144882 0.050972167054191761
25 2 87.587588 45.000000 0.62360903640144882 0.050972167054191761
25 3 87.587588 67.500000 0.62360903640144882 0.050972167054191761
26 0 91.091091 0.000000 0.62512772398215011 0.051291340908705976
26 1 91.091091 22.500000 0.62512772398215011 0.051291340908705976
26 2 91.091091 45.000000 0.62512772398215011 0.051291340908705976
26 3 91.091091 67.500000 0.62512772398215011 0.051291340908705976
27 0 94.594595 0.000000 0.6266805718254248 0.051445628204459345
27 1 94.594595 22.500000 0.6266805718254248 0.051445628204459345
27 2 94.594595 45.000000 0.6266805718254248 0.051445628204459345
27 3 94.594595 67.500000 0.6266805718254248 0.051445628204459345
28 0 98.098098 0.000000 0.62799979919077176 0.051408524084268277
28 1 98.098098 22.500000 0.62799979919077176 0.051408524084268277
28 2 98.098098 45.000000 0.62799979919077176 0.051408524084268277
28 3 98.098098 67.500000 0.62799979919077176 0.051408524084268277
29 0 101.601602 0.000000 0.62885751883468155 0.051186419902432501
29 1 101.601602 22.500000 0.62885751883468155 0.051186419902432501
29 2 101.601602 45.000000 0.62885751883468155 0.051186419902432501
29 3 101.601602 67.500000 0.62885751883468155 0.051186419902432501
30 0 105.105105 0.000000 0.62910550459216175 0.050817502440407815
30 1 105.105105 22.500000 0.62910550459216175 0.050817502440407815
30 2 105.105105 45.000000 0.62910550459216175 0.050817502440407815
30 3 105.105105 67.500000 0.62910550459216175 0.050817502440407815
31 0 108.608609 0.000000 0.6287010968416783 0.050365189845407096
31 1 108.608609 22.500000 0.6287010968416783 0.050365189845407096
31 2 108.608609 45.000000 0.6287010968416783 0.050365189845407096
31 3 108.608609 67.500000 0.6287010968416783 0.050365189845407096
32 0 112.112112 0.000000 0.62771452515616399 0.049907232361971074
32 1 112.112112 22.500000 0.62771452515616399 0.049907232361971074
32 2 112.112112 45.000000 0.62771452515616399 0.049907232361971074
32 3 112.112112 67.500000 0.62771452515616399 0.049907232361971074
33 0 115.615616 0.000000 0.62631640069641348 0.049522350612138791
33 1 115.615616 22.500000 0.62631640069641348 0.049522350612138791
33 2 115.615616 45.000000 0.62631640069641348 0.049522350612138791
33 3 115.615616 67.500000 0.62631640069641348 0.049522350612138791
34 0 119.119119 0.000000 0.62474781062863882 0.049276707154904807
34 1 119.119119 22.500000 0.62474781062863882 0.049276707154904807
34 2 119.119119 45.000000 0.62474781062863882 0.049276707154904807
34 3 119.119119 67.500000 0.62474781062863882 0.049276707154904807
35 0 122.622623 0.000000 0.62327852313957066 0.049212535684258277
35 1 122.622623 22.500000 0.62327852313957066 0.049212535684258277
35 2 122.622623 45.000000 0.62327852313957066 0.049212535684258277
35 3 122.622623 67.500000 0.62327852313957066 0.049212535684258277
36 0 126.126126 0.000000 0.62216070026285952 0.049340881593969217
36 1 126.126126 22.500000 0.62216070026285952 0.049340881593969217
36 2 126.126126 45.000000 0.62216070026285952 0.049340881593969217
36 3 126.126126 67.500000 0.62216070026285952 0.049340881593969217
37 0 129.629630 0.000000 0.62158599506607815 0.049639701398510969
37 1 129.629630 22.500000 0.62158599506607815 0.049639701398510969
37 2 129.629630 45.000000 0.62158599506607815 0.049639701398510969
37 3 129.629630 67.500000 0.62158599506607815 0.049639701398510969
38 0 133.133133 0.000000 0.6216530909143676 0.050057647941301096
38 1 133.133133 22.500000 0.6216530909143676 0.050057647941301096
38 2 133.133133 45.000000 0.6216530909143676 0.050057647941301096
38 3 133.133133 67.500000 0.6216530909143676 0.050057647941301096
39 0 136.636637 0.000000 0.62235092080349597 0.050522891542983152
39 1 136.636637 22.500000 0.62235092080349597 0.050522891542983152
39 2 136.636637 45.000000 0.62235092080349597 0.050522891542983152
39 3 136.636637 67.500000 0.62235092080349597 0.050522891542983152
40 0 140.140140 0.000000 0.62356031324628058 0.050955462007810426
40 1 140.140140 22.500000 0.62356031324628058 0.050955462007810426
40 2 140.140140 45.000000 0.62356031324628058 0.050955462007810426
40 3 140.140140 67.500000 0.62356031324628058 0.050955462007810426
41 0 143.643644 0.000000 0.62507394140224815 0.05128099133713783
41 1 143.643644 22.500000 0.62507394140224815 0.05128099133713783
41 2 143.643644 45.000000 0.62507394140224815 0.05128099133713783
41 3 143.643644 67.500000 0.62507394140224815 0.05128099133713783
42 0 147.147147 0.000000 0.62663150024018821 0.051443496052439357
42 1 147.147147 22.500000 0.62663150024018821 0.051443496052439357
42 2 147.147147 45.000000 0.62663150024018821 0.051443496052439357
42 3 147.147147 67.500000 0.62663150024018821 0.051443496052439357
43 0 150.650651 0.000000 0.62796438041439606 0.051415002641654717
43 1 150.650651 22.500000 0.62796438041439606 0.051415002641654717
43 2 150.650651 45.000000 0.62796438041439606 0.051415002641654717
43 3 150.650651 67.500000 0.62796438041439606 0.051415002641654717
44 0 154.154154 0.000000 0.62884222745230334 0.05120036160254892
44 1 154.154154 22.500000 0.62884222745230334 0.05120036160254892
44 2 154.154154 45.000000 0.62884222745230334 0.05120036160254892
44 3 154.154154 67.500000 0.62884222745230334 0.05120036160254892
45 0 157.657658 0.000000 0.62911315557504355 0.050836421844056956
45 1 157.657658 22.500000 0.62911315557504355 0.050836421844056956
45 2 157.657658 45.000000 0.62911315557504355 0.050836421844056956
45 3 157.657658 67.500000 0.62911315557504355 0.050836421844056956
46 0 161.161161 0.000000 0.62873032685780639 0.050385705951132155
46 1 161.161161 22.500000 0.62873032685780639 0.050385705951132155
46 2 161.161161 45.000000 0.62873032685780639 0.050385705951132155
46 3 161.161161 67.500000 0.62873032685780639 0.050385705951132155
47 0 164.664665 0.000000 0.62776004463691537 0.049925671654143827
47 1 164.664665 22.500000 0.62776004463691537 0.049925671654143827
47 2 164.664665 45.000000 0.62776004463691537 0.049925671654143827
47 3 164.664665 67.500000 0.62776004463691537 0.049925671654143827
48 0 168.168168 0.000000 0.62636996397221167 0.049535403472086105
48 1 168.168168 22.500000 0.62636996397221167 0.049535403472086105
48 2 168.168168 45.000000 0.62636996397221167 0.049535403472086105
48 3 168.168168 67.500000 0.62636996397221167 0.049535403472086105
49 0 171.671672 0.000000 0.62479971662031053 0.049282020561419553
49 1 171.671672 22.500000 0.62479971662031053 0.049282020561419553
49 2 171.671672 45.000000 0.62479971662031053 0.049282020561419553
49 3 171.671672 67.500000 0.62479971662031053 0.049282020561419553
50 0 175.175175 0.000000 0.62331936703558533 0.049209136275439797
50 1 175.175175 22.500000 0.62331936703558533 0.049209136275439797
50 2 175.175175 45.000000 0.62331936703558533 0.049209136275439797
50 3 175.175175 67.500000 0.62331936703558533 0.049209136275439797
51 0 178.678679 0.000000 0.62218306130774548 0.049329353204119061
51 1 178.678679 22.500000 0.62218306130774548 0.049329353204119061
51 2 178.678679 45.000000 0.62218306130774548 0.049329353204119061
51 3 178.678679 67.500000 0.62218306130774548 0.049329353204119061
52 0 182.182182 0.000000 0.62158576637853291 0.049622084808551681
52 1 182.182182 22.500000 0.62158576637853291 0.049622084808551681
52 2 182.182182 45.000000 0.62158576637853291 0.049622084808551681
52 3 182.182182 67.500000 0.62158576637853291 0.049622084808551681
53 0 185.685686 0.000000 0.62163022373734012 0.050037080049236404
53 1 185.685686 22.500000 0.62163022373734012 0.050037080049236404
53 2 185.685686 45.000000 0.62163022373734012 0.050037080049236404
53 3 185.685686 67.500000 0.62163022373734012 0.050037080049236404
54 0 189.189189 0.000000 0.62230945404717086 0.050503047677386087
54 1 189.189189 22.500000 0.62230945404717086 0.050503047677386087
54 2 189.189189 45.000000 0.62230945404717086 0.050503047677386087
54 3 189.189189 67.500000 0.62230945404717086 0.050503047677386087
55 0 192.692693 0.000000 0.62350767634371607 0.050939900383287239
55 1 192.692693 22.500000 0.62350767634371607 0.050939900383287239
55 2 192.692693 45.000000 0.62350767634371607 0.050939900383287239
55 3 192.692693 67.500000 0.62350767634371607 0.050939900383287239
56 0 196.196196 0.000000 0.62501964100051455 0.051272516377783628
56 1 196.196196 22.500000 0.62501964100051455 0.051272516377783628
56 2 196.196196 45.000000 0.62501964100051455 0.051272516377783628
56 3 196.196196 67.500000 0.62501964100051455 0.051272516377783628
57 0 199.699700 0.000000 0.62658541288771874 0.051443654285587601
57 1 199.699700 22.500000 0.62658541288771874 0.051443654285587601
57 2 199.699700 45.000000 0.62658541288771874 0.051443654285587601
57 3 199.699700 67.500000 0.62658541288771874 0.051443654285587601
58 0 203.203203 0.000000 0.62793495406293276 0.051423801571141646
58 1 203.203203 22.500000 0.62793495406293276 0.051423801571141646
58 2 203.203203 45.000000 0.62793495406293276 0.051423801571141646
58 3 203.203203 67.500000 0.62793495406293276 0.051423801571141646
59 0 206.706707 0.000000 0.62883492379395467 0.051216262496919518
59 1 206.706707 22.500000 0.62883492379395467 0.051216262496919518
59 2 206.706707 45.000000 0.62883492379395467 0.051216262496919518
59 3 206.706707 67.500000 0.62883492379395467 0.051216262496919518
60 0 210.210210 0.000000 0.62912942973228392 0.050856608699557472
60 1 210.210210 22.500000 0.62912942973228392 0.050856608699557472
60 2 210.210210 45.000000 0.62912942973228392 0.050856608699557472
60 3 210.210210 67.500000 0.62912942973228392 0.050856608699557472
61 0 213.713714 0.000000 0.62876734238167831 0.050406583648840902
61 1 213.713714 22.500000 0.62876734238167831 0.050406583648840902
61 2 213.713714 45.000000 0.62876734238167831 0.050406583648840902
61 3 213.713714 67.500000 0.62876734238167831 0.050406583648840902
62 0 217.217217 0.000000 0.62781117951295284 0.049943505289724605
62 1 217.217217 22.500000 0.62781117951295284 0.049943505289724605
62 2 217.217217 45.000000 0.62781117951295284 0.049943505289724605
62 3 217.217217 67.500000 0.62781117951295284 0.049943505289724605
63 0 220.720721 0.000000 0.62642600984416452 0.049546985330053125
63 1 220.720721 22.500000 0.62642600984416452 0.049546985330053125
63 2 220.720721 45.000000 0.62642600984416452 0.049546985330053125
63 3 220.720721 67.500000 0.62642600984416452 0.049546985330053125
64 0 224.224224 0.000000 0.62485054377563976 0.049285245829856564
64 1 224.224224 22.500000 0.62485054377563976 0.049285245829856564
64 2 224.224224 45.000000 0.62485054377563976 0.049285245829856564
64 3 224.224224 67.500000 0.62485054377563976 0.049285245829856564
65 0 227.727728 0.000000 0.62335574816532513 0.049203384383649684
65 1 227.727728 22.500000 0.62335574816532513 0.049203384383649684
65 2 227.727728 45.000000 0.62335574816532513 0.049203384383649684
65 3 227.727728 67.500000 0.62335574816532513 0.049203384383649684
66 0 231.231231 0.000000 0.62219832847794942 0.049315605886024134
66 1 231.231231 22.500000 0.62219832847794942 0.049315605886024134
66 2 231.231231 45.000000 0.62219832847794942 0.049315605886024134
66 3 231.231231 67.500000 0.62219832847794942 0.049315605886024134
67 0 234.734735 0.000000 0.6215770138111063 0.049602758630922977
67 1 234.734735 22.500000 0.6215770138111063 0.049602758630922977
67 2 234.734735 45.000000 0.6215770138111063 0.049602758630922977
67 3 234.734735 67.500000 0.6215770138111063 0.049602758630922977
68 0 238.238238 0.000000 0.62159885060356213 0.050015601946001235
68 1 238.238238 22.500000 0.62159885060356213 0.050015601946001235
68 2 238.238238 45.000000 0.62159885060356213 0.050015601946001235
68 3 238.238238 67.500000 0.62159885060356213 0.050015601946001235
69 0 241.741742 0.000000 0.62226095106587442 0.050483247974774187
69 1 241.741742 22.500000 0.62226095106587442 0.050483247974774187
69 2 241.741742 45.000000 0.62226095106587442 0.050483247974774187
69 3 241.741742 67.500000 0.62226095106587442 0.050483247974774187
70 0 245.245245 0.000000 0.62345068342624466 0.050925330686986507
70 1 245.245245 22.500000 0.62345068342624466 0.050925330686986507
70 2 245.245245 45.000000 0.62345068342624466 0.050925330686986507
70 3 245.245245 67.500000 0.62345068342624466 0.050925330686986507
71 0 248.748749 0.000000 0.62496442664663854 0.051265813610695488
71 1 248.748749 22.500000 0.62496442664663854 0.051265813610695488
71 2 248.748749 45.000000 0.62496442664663854 0.051265813610695488
71 3 248.748749 67.500000 0.62496442664663854 0.051265813610695488
72 0 252.252252 0.000000 0.62654203285201548 0.051446064548255906
72 1 252.252252 22.500000 0.62654203285201548 0.051446064548255906
72 2 252.252252 45.000000 0.62654203285201548 0.051446064548255906
72 3 252.252252 67.500000 0.62654203285201548 0.051446064548255906
73 0 255.755756 0.000000 0.62791141670239969 0.051434949599045043
73 1 255.755756 22.500000 0.62791141670239969 0.051434949599045043
73 2 255.755756 45.000000 0.62791141670239969 0.051434949599045043
73 3 255.755756 67.500000 0.62791141670239969 0.051434949599045043
74 0 259.259259 0.000000 0.62883570277481737 0.051234209174433082
74 1 259.259259 22.500000 0.62883570277481737 0.051234209174433082
74 2 259.259259 45.000000 0.62883570277481737 0.051234209174433082
74 3 259.259259 67.500000 0.62883570277481737 0.051234209174433082
75 0 262.762763 0.000000 0.62915461042944865 0.050878187989148525
75 1 262.762763 22.500000 0.62915461042944865 0.050878187989148525
75 2 262.762763 45.000000 0.62915461042944865 0.050878187989148525
75 3 262.762763 67.500000 0.62915461042944865 0.050878187989148525
76 0 266.266266 0.000000 0.6288125716496924 0.050427960458057836
76 1 266.266266 22.500000 0.6288125716496924 0.050427960458057836
76 2 266.266266 45.000000 0.6288125716496924 0.050427960458057836
76 3 266.266266 67.500000 0.6288125716496924 0.050427960458057836
77 0 269.769770 0.000000 0.62786843305186413 0.04996085610109148
77 1 269.769770 22.500000 0.62786843305186413 0.04996085610109148
77 2 269.769770 45.000000 0.62786843305186413 0.04996085610109148
77 3 269.769770 67.500000 0.62786843305186413 0.04996085610109148
78 0 273.273273 0.000000 0.62648503282438983 0.049557180977382764
78 1 273.273273 22.500000 0.62648503282438983 0.049557180977382764
78 2 273.273273 45.000000 0.62648503282438983 0.049557180977382764
78 3 273.273273 67.500000 0.62648503282438983 0.049557180977382764
79 0 276.776777 0.000000 0.62490069492194111 0.049286414706593604
79 1 276.776777 22.500000 0.62490069492194111 0.049286414706593604
79 2 276.776777 45.000000 0.62490069492194111 0.049286414706593604
79 3 276.776777 67.500000 0.62490069492194111 0.049286414706593604
80 0 280.280280 0.000000 0.62338791011985017 0.049195254930922167
80 1 280.280280 22.500000 0.62338791011985017 0.049195254930922167
80 2 280.280280 45.000000 0.62338791011985017 0.049195254930922167
80 3 280.280280 67.500000 0.62338791011985017 0.049195254930922167
81 0 283.783784 0.000000 0.6222065456306729 0.049299565898238432
81 1 283.783784 22.500000 0.6222065456306729 0.049299565898238432
81 2 283.783784 45.000000 0.6222065456306729 0.049299565898238432
81 3 283.783784 67.500000 0.6222065456306729 0.049299565898238432
82 0 287.287287 0.000000 0.62155957495501979 0.049581618960964954
82 1 287.287287 22.500000 0.62155957495501979 0.049581618960964954
82 2 287.287287 45.000000 0.62155957495501979 0.049581618960964954
82 3 287.287287 67.500000 0.62155957495501979 0.049581618960964954
83 0 290.790791 0.000000 0.6215586313533692 0.049993104758985114
83 1 290.790791 22.500000 0.6215586313533692 0.049993104758985114
83 2 290.790791 45.000000 0.6215586313533692 0.049993104758985114
83 3 290.790791 67.500000 0.6215586313533692 0.049993104758985114
84 0 294.294294 0.000000 0.62220495260681674 0.050463405456394092
84 1 294.294294 22.500000 0.62220495260681674 0.050463405456394092
84 2 294.294294 45.000000 0.62220495260681674 0.050463405456394092
84 3 294.294294 67.500000 0.62220495260681674 0.050463405456394092
85 0 297.797798 0.000000 0.62338883479508722 0.050911710880710934
85 1 297.797798 22.500000 0.62338883479508722 0.050911710880710934
85 2 297.797798 45.000000 0.62338883479508722 0.050911710880710934
85 3 297.797798 67.500000 0.62338883479508722 0.050911710880710934
86 0 301.301301 0.000000 0.62490784301497193 0.05126090027052653
86 1 301.301301 22.500000 0.62490784301497193 0.05126090027052653
86 2 301.301301 45.000000 0.62490784301497193 0.05126090027052653
86 3 301.301301 67.500000 0.62490784301497193 0.05126090027052653
87 0 304.804805 0.000000 0.62650102499877547 0.051450805600519955
87 1 304.804805 22.500000 0.62650102499877547 0.051450805600519955
87 2 304.804805 45.000000 0.62650102499877547 0.051450805600519955
87 3 304.804805 67.500000 0.62650102499877547 0.051450805600519955
88 0 308.308308 0.000000 0.62789360642627723 0.05144857604314225
88 1 308.308308 22.500000 0.62789360642627723 0.05144857604314225
88 2 308.308308 45.000000 0.62789360642627723 0.05144857604314225
88 3 308.308308 67.500000 0.62789360642627723 0.05144857604314225
89 0 311.811812 0.000000 0.62884459628296652 0.051254358703591907
89 1 311.811812 22.500000 0.62884459628296652 0.051254358703591907
89 2 311.811812 45.000000 0.62884459628296652 0.051254358703591907
89 3 311.811812 67.500000 0.62884459628296652 0.051254358703591907
90 0 315.315315 0.000000 0.62918890789570658 0.050901313627031763
90 1 315.315315 22.500000 0.62918890789570658 0.050901313627031763
90 2 315.315315 45.000000 0.62918890789570658 0.050901313627031763
90 3 315.315315 67.500000 0.62918890789570658 0.050901313627031763
91 0 318.818819 0.000000 0.62886635518357392 0.050449953634396888
91 1 318.818819 22.500000 0.62886635518357392 0.050449953634396888
91 2 318.818819 45.000000 0.62886635518357392 0.050449953634396888
91 3 318.818819 67.500000 0.62886635518357392 0.050449953634396888
92 0 322.322322 0.000000 0.62793220518551307 0.049977774891586543
92 1 322.322322 22.500000 0.62793220518551307 0.049977774891586543
92 2 322.322322 45.000000 0.62793220518551307 0.049977774891586543
92 3 322.322322 67.500000 0.62793220518551307 0.049977774891586543
93 0 325.825826 0.000000 0.62654741264348401 0.049565954674082709
93 1 325.825826 22.500000 0.62654741264348401 0.049565954674082709
93 2 325.825826 45.000000 0.62654741264348401 0.049565954674082709
93 3 325.825826 67.500000 0.62654741264348401 0.049565954674082709
94 0 329.329329 0.000000 0.62495045684446848 0.049285399080905026
94 1 329.329329 22.500000 0.62495045684446848 0.049285399080905026
94 2 329.329329 45.000000 0.62495045684446848 0.049285399080905026
94 3 329.329329 67.500000 0.62495045684446848 0.049285399080905026
95 0 332.832833 0.000000 0.62341599491281086 0.049184538105148494
95 1 332.832833 22.500000 0.62341599491281086 0.049184538105148494
95 2 332.832833 45.000000 0.62341599491281086 0.049184538105148494
95 3 332.832833 67.500000 0.62341599491281086 0.049184538105148494
96 0 336.336336 0.000000 0.62220768901042633 0.049280968284564117
96 1 336.336336 22.500000 0.62220768901042633 0.049280968284564117
96 2 336.336336 45.000000 0.62220768901042633 0.049280968284564117
96 3 336.336336 67.500000 0.62220768901042633 0.049280968284564117
97 0 339.839840 0.000000 0.62153327415601978 0.049558384665177452
97 1 339.839840 22.500000 0.62153327415601978 0.049558384665177452
97 2 339.839840 45.000000 0.62153327415601978 0.049558384665177452
97 3 339.839840 67.500000 0.62153327415601978 0.049558384665177452
98 0 343.343343 0.000000 0.62150928464602306 0.049969336683729097
98 1 343.343343 22.500000 0.62150928464602306 0.049969336683729097
98 2 343.343343 45.000000 0.62150928464602306 0.049969336683729097
98 3 343.343343 67.500000 0.62150928464602306 0.049969336683729097
99 0 346.846847 0.000000 0.622141141462904 0.050443342346542151
99 1 346.846847 22.500000 0.622141141462904 0.050443342346542151
99 2 346.846847 45.000000 0.622141141462904 0.050443342346542151
99 3 346.846847 67.500000 0.622141141462904 0.050443342346542151
100 0 350.350350 0.000000 0.62332185721246902 0.050898973493234669
100 1 350.350350 22.500000 0.62332185721246902 0.050898973493234669
100 2 350.350350 45.000000 0.62332185721246902 0.050898973493234669
100 3 350.350350 67.500000 0.62332185721246902 0.050898973493234669
101 0 353.853854 0.000000 0.6248497344768974 0.051257840447289371
101 1 353.853854 22.500000 0.6248497344768974 0.051257840447289371
101 2 353.853854 45.000000 0.6248497344768974 0.051257840447289371
101 3 353.853854 67.500000 0.6248497344768974 0.051257840447289371
102 0 357.357357 0.000000 0.62646240283791288 0.051458074919542379
102 1 357.357357 22.500000 0.62646240283791288 0.051458074919542379
102 2 357.357357 45.000000 0.62646240283791288 0.051458074919542379
102 3 357.357357 67.500000 0.62646240283791288 0.051458074919542379
103 0 360.860861 0.000000 0.62788172286410204 0.051464992758641435
103 1 360.860861 22.500000 0.62788172286410204 0.051464992758641435
103 2 360.860861 45.000000 0.62788172286410204 0.051464992758641435
103 3 360.860861 67.500000 0.62788172286410204 0.051464992758641435
104 0 364.364364 0.000000 0.62886196635728975 0.051277099416332274
104 1 364.364364 22.500000 0.62886196635728975 0.051277099416332274
104 2 364.364364 45.000000 0.62886196635728975 0.051277099416332274
104 3 364.364364 67.500000 0.62886196635728975 0.051277099416332274
105 0 367.867868 0.000000 0.62923278407335659 0.050926398703299201
105 1 367.867868 22.500000 0.62923278407335659 0.050926398703299201
105 2 367.867868 45.000000 0.62923278407335659 0.050926398703299201
105 3 367.867868 67.500000 0.62923278407335659 0.050926398703299201
106 0 371.371371 0.000000 0.62892916357646467 0.050472942953700528
106 1 371.371371 22.500000 0.62892916357646467 0.050472942953700528
106 2 371.371371 45.000000 0.62892916357646467 0.050472942953700528
106 3 371.371371 67.500000 0.62892916357646467 0.050472942953700528
107 0 374.874875 0.000000 0.6280028716871412 0.049994552391964188
107 1 374.874875 22.500000 0.6280028716871412 0.049994552391964188
107 2 374.874875 45.000000 0.6280028716871412 0.049994552391964188
107 3 374.874875 67.500000 0.6280028716871412 0.049994552391964188
108 0 378.378378 0.000000 0.6266133344521656 0.04957346326288263
108 1 378.378378 22.500000 0.6266133344521656 0.04957346326288263
108 2 378.378378 45.000000 0.6266133344521656 0.04957346326288263
108 3 378.378378 67.500000 0.6266133344521656 0.04957346326288263
109 0 381.881882 0.000000 0.62499975534880081 0.049282194973029651
109 1 381.881882 22.500000 0.62499975534880081 0.049282194973029651
109 2 381.881882 45.000000 0.62499975534880081 0.049282194973029651
109 3 381.881882 67.500000 0.62499975534880081 0.049282194973029651
110 0 385.385385 0.000000 0.62343964262585827 0.049171064431148021
110 1 385.385385 22.500000 0.62343964262585827 0.049171064431148021
110 2 385.385385 45.000000 0.62343964262585827 0.049171064431148021
110 3 385.385385 67.500000 0.62343964262585827 0.049171064431148021
111 0 388.888889 0.000000 0.62220113725325832 0.049259496634580874
111 1 388.888889 22.500000 0.62220113725325832 0.049259496634580874
111 2 388.888889 45.000000 0.62220113725325832 0.049259496634580874
111 3 388.888889 67.500000 0.62220113725325832 0.049259496634580874
112 0 392.392392 0.000000 0.62149730335886311 0.049532631616471638
112 1 392.392392 22.500000 0.62149730335886311 0.049532631616471638
112 2 392.392392 45.000000 0.62149730335886311 0.049532631616471638
112 3 392.392392 67.500000 0.62149730335886311 0.049532631616471638
113 0 395.895896 0.000000 0.6214499320807626 0.049943820045675553
113 1 395.895896 22.500000 0.6214499320807626 0.049943820045675553
113 2 395.895896 45.000000 0.6214499320807626 0.049943820045675553
113 3 395.895896 67.500000 0.6214499320807626 0.049943820045675553
114 0 399.399399 0.000000 0.62206871027126942 0.050422588624179275
114 1 399.399399 22.500000 0.62206871027126942 0.050422588624179275
114 2 399.399399 45.000000 0.62206871027126942 0.050422588624179275
114 3 399.399399 67.500000 0.62206871027126942 0.050422588624179275
115 0 402.902903 0.000000 0.62324915870873188 0.050886715534751333
115 1 402.902903 22.500000 0.62324915870873188 0.050886715534751333
115 2 402.902903 45.000000 0.62324915870873188 0.050886715534751333
115 3 402.902903 67.500000 0.62324915870873188 0.050886715534751333
116 0 406.406406 0.000000 0.62478984736242338 0.051256347357528223
116 1 406.406406 22.500000 0.62478984736242338 0.051256347357528223
116 2 406.406406 45.000000 0.62478984736242338 0.051256347357528223
116 3 406.406406 67.500000 0.62478984736242338 0.051256347357528223
117 0 409.909910 0.000000 0.62642632960015532 0.051467734307761852
117 1 409.909910 22.500000 0.62642632960015532 0.051467734307761852
117 2 409.909910 45.000000 0.62642632960015532 0.051467734307761852
117 3 409.909910 67.500000 0.62642632960015532 0.051467734307761852
118 0 413.413413 0.000000 0.62787636333604047 0.051484221900637964
118 1 413.413413 22.500000 0.62787636333604047 0.051484221900637964
118 2 413.413413 45.000000 0.62787636333604047 0.051484221900637964
118 3 413.413413 67.500000 0.62787636333604047 0.051484221900637964
119 0 416.916917 0.000000 0.62888879248649543 0.051302604438273051
119 1 416.916917 22.500000 0.62888879248649543 0.051302604438273051
119 2 416.916917 45.000000 0.62888879248649543 0.051302604438273051
119 3 416.916917 67.500000 0.62888879248649543 0.051302604438273051
120 0 420.420420 0.000000 0.62928748351115238 0.050953739471602234
120 1 420.420420 22.500000 0.62928748351115238 0.050953739471602234
120 2 420.420420 45.000000 0.62928748351115238 0.050953739471602234
120 3 420.420420 67.500000 0.62928748351115238 0.050953739471602234
121 0 423.923924 0.000000 0.629002339707187 0.050497306810841198
121 1 423.923924 22.500000 0.629002339707187 0.050497306810841198
121 2 423.923924 45.000000 0.629002339707187 0.050497306810841198
121 3 423.923924 67.500000 0.629002339707187 0.050497306810841198
122 0 427.427427 0.000000 0.62808168224974681 0.050011601928687942
122 1 427.427427 22.500000 0.62808168224974681 0.050011601928687942
122 2 427.427427 45.000000 0.62808168224974681 0.050011601928687942
122 3 427.427427 67.500000 0.62808168224974681 0.050011601928687942
123 0 430.930931 0.000000 0.62668376824189143 0.049580108839226165
123 1 430.930931 22.500000 0.62668376824189143 0.049580108839226165
123 2 430.930931 45.000000 0.62668376824189143 0.049580108839226165
123 3 430.930931 67.500000 0.62668376824189143 0.049580108839226165
124 0 434.434434 0.000000 0.62504912868024254 0.049277154487415209
124 1 434.434434 22.500000 0.62504912868024254 0.049277154487415209
124 2 434.434434 45.000000 0.62504912868024254 0.049277154487415209
124 3 434.434434 67.500000 0.62504912868024254 0.049277154487415209
125 0 437.937938 0.000000 0.6234588663150662 0.049155109066642735
125 1 437.937938 22.500000 0.6234588663150662 0.049155109066642735
125 2 437.937938 45.000000 0.6234588663150662 0.049155109066642735
125 3 437.937938 67.500000 0.6234588663150662 0.049155109066642735
126 0 441.441441 0.000000 0.62218635836637692 0.049235335823749428
126 1 441.441441 22.500000 0.62218635836637692 0.049235335823749428
126 2 441.441441 45.000000 0.62218635836637692 0.049235335823749428
126 3 441.441441 67.500000 0.62218635836637692 0.049235335823749428
127 0 444.944945 0.000000 0.62145064300482056 0.049504453808106946
127 1 444.944945 22.500000 0.62145064300482056 0.049504453808106946
127 2 444.944945 45.000000 0.62145064300482056 0.049504453808106946
127 3 444.944945 67.500000 0.62145064300482056 0.049504453808106946
128 0 448.448448 0.000000 0.62137919360670379 0.049916566919960687
128 1 448.448448 22.500000 0.62137919360670379 0.049916566919960687
128 2 448.448448 45.000000 0.62137919360670379 0.049916566919960687
128 3 448.448448 67.500000 0.62137919360670379 0.049916566919960687
129 0 451.951952 0.000000 0.62198609716754893 0.050401088369853117
129 1 451.951952 22.500000 0.62198609716754893 0.050401088369853117
129 2 451.951952 45.000000 0.62198609716754893 0.050401088369853117
129 3 451.951952 67.500000 0.62198609716754893 0.050401088369853117
130 0 455.455455 0.000000 0.62316920023544886 0.050874827058813112
130 1 455.455455 22.500000 0.62316920023544886 0.050874827058813112
130 2 455.455455 45.000000 0.62316920023544886 0.050874827058813112
130 3 455.455455 67.500000 0.62316920023544886 0.050874827058813112
131 0 458.958959 0.000000 0.62472686631684382 0.051256266978252502
131 1 458.958959 22.500000 0.62472686631684382 0.051256266978252502
131 2 458.958959 45.000000 0.62472686631684382 0.051256266978252502
131 3 458.958959 67.500000 0.62472686631684382 0.051256266978252502
132 0 462.462462 0.000000 0.62639188139564872 0.051479589363157337
132 1 462.462462 22.500000 0.62639188139564872 0.051479589363157337
132 2 462.462462 45.000000 0.62639188139564872 0.051479589363157337
132 3 462.462462 67.500000 0.62639188139564872 0.051479589363157337
133 0 465.965966 0.000000 0.62787710575928202 0.051506026296057848
133 1 465.965966 22.500000 0.62787710575928202 0.051506026296057848
133 2 465.965966 45.000000 0.62787710575928202 0.051506026296057848
133 3 465.965966 67.500000 0.62787710575928202 0.051506026296057848
134 0 469.469469 0.000000 0.6289251922188942 0.051330587951798054
134 1 469.469469 22.500000 0.6289251922188942 0.051330587951798054
134 2 469.469469 45.000000 0.6289251922188942 0.051330587951798054
134 3 469.469469 67.500000 0.6289251922188942 0.051330587951798054
135 0 472.972973 0.000000 0.62935362561329655 0.050982996653510318
135 1 472.972973 22.500000 0.62935362561329655 0.050982996653510318
135 2 472.972973 45.000000 0.62935362561329655 0.050982996653510318
135 3 472.972973 67.500000 0.62935362561329655 0.050982996653510318
136 0 476.476476 0.000000 0.62908690094361364 0.050522654181301009
136 1 476.476476 22.500000 0.62908690094361364 0.050522654181301009
136 2 476.476476 45.000000 0.62908690094361364 0.050522654181301009
136 3 476.476476 67.500000 0.62908690094361364 0.050522654181301009
137 0 479.979980 0.000000 0.62816990227943326 0.050028494085552572
137 1 479.979980 22.500000 0.62816990227943326 0.050028494085552572
137 2 479.979980 45.000000 0.62816990227943326 0.050028494085552572
137 3 479.979980 67.500000 0.62816990227943326 0.050028494085552572
138 0 483.483483 0.000000 0.6267600580886461 0.049585451974356792
138 1 483.483483 22.500000 0.6267600580886461 0.049585451974356792
138 2 483.483483 45.000000 0.6267600580886461 0.049585451974356792
138 3 483.483483 67.500000 0.6267600580886461 0.049585451974356792
139 0 486.986987 0.000000 0.62509983861697871 0.049269872104217856
139 1 486.986987 22.500000 0.62509983861697871 0.049269872104217856
139 2 486.986987 45.000000 0.62509983861697871 0.049269872104217856
139 3 486.986987 67.500000 0.62509983861697871 0.049269872104217856
140 0 490.490490 0.000000 0.62347471680835775 0.049136356835040869
140 1 490.490490 22.500000 0.62347471680835775 0.049136356835040869
140 2 490.490490 45.000000 0.62347471680835775 0.049136356835040869
140 3 490.490490 67.500000 0.62347471680835775 0.049136356835040869
141 0 493.993994 0.000000 0.62216411184300646 0.049208323352780851
141 1 493.993994 22.500000 0.62216411184300646 0.049208323352780851
141 2 493.993994 45.000000 0.62216411184300646 0.049208323352780851
141 3 493.993994 67.500000 0.62216411184300646 0.049208323352780851
142 0 497.497497 0.000000 0.62139373489371086 0.049473900131725118
142 1 497.497497 22.500000 0.62139373489371086 0.049473900131725118
142 2 497.497497 45.000000 0.62139373489371086 0.049473900131725118
142 3 497.497497 67.500000 0.62139373489371086 0.049473900131725118
143 0 501.001001 0.000000 0.62129721629910017 0.049887881588434539
143 1 501.001001 22.500000 0.62129721629910017 0.049887881588434539
143 2 501.001001 45.000000 0.62129721629910017 0.049887881588434539
143 3 501.001001 67.500000 0.62129721629910017 0.049887881588434539
144 0 504.504505 0.000000 0.62189321319074042 0.050379419680531383
144 1 504.504505 22.500000 0.62189321319074042 0.050379419680531383
144 2 504.504505 45.000000 0.62189321319074042 0.050379419680531383
144 3 504.504505 67.500000 0.62189321319074042 0.050379419680531383
145 0 508.008008 0.000000 0.6230817317074524 0.050864144202167665
145 1 508.008008 22.500000 0.6230817317074524 0.050864144202167665
145 2 508.008008 45.000000 0.6230817317074524 0.050864144202167665
145 3 508.008008 67.500000 0.6230817317074524 0.050864144202167665
146 0 511.511512 0.000000 0.62466044996163683 0.051258638973129066
146 1 511.511512 22.500000 0.62466044996163683 0.051258638973129066
146 2 511.511512 45.000000 0.62466044996163683 0.051258638973129066
146 3 511.511512 67.500000 0.62466044996163683 0.051258638973129066
147 0 515.015015 0.000000 0.62635867176054949 0.051494790947145819
147 1 515.015015 22.500000 0.62635867176054949 0.051494790947145819
147 2 515.015015 45.000000 0.62635867176054949 0.051494790947145819
147 3 515.015015 67.500000 0.62635867176054949 0.051494790947145819
148 0 518.518519 0.000000 0.62788352968068251 0.051531544842964565
148 1 518.518519 22.500000 0.62788352968068251 0.051531544842964565
148 2 518.518519 45.000000 0.62788352968068251 0.051531544842964565
148 3 518.518519 67.500000 0.62788352968068251 0.051531544842964565
149 0 522.022022 0.000000 0.62897068571025883 0.051362035614653592
149 1 522.022022 22.500000 0.62897068571025883 0.051362035614653592
149 2 522.022022 45.000000 0.62897068571025883 0.051362035614653592
149 3 522.022022 67.500000 0.62897068571025883 0.051362035614653592
150 0 525.525526 0.000000 0.62943061888395779 0.051014860427906893
150 1 525.525526 22.500000 0.62943061888395779 0.051014860427906893
150 2 525.525526 45.000000 0.62943061888395779 0.051014860427906893
150 3 525.525526 67.500000 0.62943061888395779 0.051014860427906893
151 0 529.029029 0.000000 0.62918208399520781 0.050549256033487762
151 1 529.029029 22.500000 0.62918208399520781 0.050549256033487762
151 2 529.029029 45.000000 0.62918208399520781 0.050549256033487762
151 3 529.029029 67.500000 0.62918208399520781 0.050549256033487762
152 0 532.532533 0.000000 0.6282665528925393 0.050044994499767695
152 1 532.532533 22.500000 0.6282665528925393 0.050044994499767695
152 2 532.532533 45.000000 0.6282665528925393 0.050044994499767695
152 3 532.532533 67.500000 0.6282665528925393 0.050044994499767695
153 0 536.036036 0.000000 0.62684100597502113 0.049588720352062611
153 1 536.036036 22.500000 0.62684100597502113 0.049588720352062611
153 2 536.036036 45.000000 0.62684100597502113 0.049588720352062611
153 3 536.036036 67.500000 0.62684100597502113 0.049588720352062611
154 0 539.539540 0.000000 0.62515052261512116 0.049259068507635097
154 1 539.539540 22.500000 0.62515052261512116 0.049259068507635097
154 2 539.539540 45.000000 0.62515052261512116 0.049259068507635097
154 3 539.539540 67.500000 0.62515052261512116 0.049259068507635097
155 0 543.043043 0.000000 0.62348578709159996 0.049113118295958089
155 1 543.043043 22.500000 0.62348578709159996 0.049113118295958089
155 2 543.043043 45.000000 0.62348578709159996 0.049113118295958089
155 3 543.043043 67.500000 0.62348578709159996 0.049113118295958089
156 0 546.546547 0.000000 0.622133125834751 0.049176516143397679
156 1 546.546547 22.500000 0.622133125834751 0.049176516143397679
156 2 546.546547 45.000000 0.622133125834751 0.049176516143397679
156 3 546.546547 67.500000 0.622133125834751 0.049176516143397679
157 0 550.050050 0.000000 0.62132566219358887 0.049438975272814975
157 1 550.050050 22.500000 0.62132566219358887 0.049438975272814975
157 2 550.050050 45.000000 0.62132566219358887 0.049438975272814975
157 3 550.050050 67.500000 0.62132566219358887 0.049438975272814975
158 0 553.553554 0.000000 0.62120366734505339 0.049855941205802362
158 1 553.553554 22.500000 0.62120366734505339 0.049855941205802362
158 2 553.553554 45.000000 0.62120366734505339 0.049855941205802362
158 3 553.553554 67.500000 0.62120366734505339 0.049855941205802362
159 0 557.057057 0.000000 0.62179050861488183 0.050356154176356187
159 1 557.057057 22.500000 0.62179050861488183 0.050356154176356187
159 2 557.057057 45.000000 0.62179050861488183 0.050356154176356187
159 3 557.057057 67.500000 0.62179050861488183 0.050356154176356187
160 0 560.560561 0.000000 0.62298811385967023 0.0508538251495304
160 1 560.560561 22.500000 0.62298811385967023 0.0508538251495304
160 2 560.560561 45.000000 0.62298811385967023 0.0508538251495304
160 3 560.560561 67.500000 0.62298811385967023 0.0508538251495304
161 0 564.064064 0.000000 0.62459288750791697 0.051263345433232944
161 1 564.064064 22.500000 0.62459288750791697 0.051263345433232944
161 2 564.064064 45.000000 0.62459288750791697 0.051263345433232944
161 3 564.064064 67.500000 0.62459288750791697 0.051263345433232944
162 0 567.567568 0.000000 0.62632980101875901 0.051514008399490822
162 1 567.567568 22.500000 0.62632980101875901 0.051514008399490822
162 2 567.567568 45.000000 0.62632980101875901 0.051514008399490822
162 3 567.567568 67.500000 0.62632980101875901 0.051514008399490822
163 0 571.071071 0.000000 0.62789928649860383 0.051562212465113548
163 1 571.071071 22.500000 0.62789928649860383 0.051562212465113548
163 2 571.071071 45.000000 0.62789928649860383 0.051562212465113548
163 3 571.071071 67.500000 0.62789928649860383 0.051562212465113548
164 0 574.574575 0.000000 0.62902908897354493 0.051399040064353314
164 1 574.574575 22.500000 0.62902908897354493 0.051399040064353314
164 2 574.574575 45.000000 0.62902908897354493 0.051399040064353314
164 3 574.574575 67.500000 0.62902908897354493 0.051399040064353314
165 0 578.078078 0.000000 0.62952197166191726 0.051051895995565241
165 1 578.078078 22.500000 0.62952197166191726 0.051051895995565241
165 2 578.078078 45.000000 0.62952197166191726 0.051051895995565241
165 3 578.078078 67.500000 0.62952197166191726 0.051051895995565241
166 0 581.581582 0.000000 0.62929059207930571 0.05057990576802969
166 1 581.581582 22.500000 0.62929059207930571 0.05057990576802969
166 2 581.581582 45.000000 0.62929059207930571 0.05057990576802969
166 3 581.581582 67.500000 0.62929059207930571 0.05057990576802969
167 0 585.085085 0.000000 0.62837308137619219 0.050063846274618705
167 1 585.085085 22.500000 0.62837308137619219 0.050063846274618705
167 2 585.085085 45.000000 0.62837308137619219 0.050063846274618705
167 3 585.085085 67.500000 0.62837308137619219 0.050063846274618705
168 0 588.588589 0.000000 0.62692647018244496 0.049592323265840385
168 1 588.588589 22.500000 0.62692647018244496 0.049592323265840385
168 2 588.588589 45.000000 0.62692647018244496 0.049592323265840385
168 3 588.588589 67.500000 0.62692647018244496 0.049592323265840385
169 0 592.092092 0.000000 0.62519929298596977 0.049246560413043164
169 1 592.092092 22.500000 0.62519929298596977 0.049246560413043164
169 2 592.092092 45.000000 0.62519929298596977 0.049246560413043164
169 3 592.092092 67.500000 0.62519929298596977 0.049246560413043164
170 0 595.595596 0.000000 0.62348849871761725 0.049086410596836258
170 1 595.595596 22.500000 0.62348849871761725 0.049086410596836258
170 2 595.595596 45.000000 0.62348849871761725 0.049086410596836258
170 3 595.595596 67.500000 0.62348849871761725 0.049086410596836258
171 0 599.099099 0.000000 0.62208840673570043 0.049139997972487776
171 1 599.099099 22.500000 0.62208840673570043 0.049139997972487776
171 2 599.099099 45.000000 0.62208840673570043 0.049139997972487776
171 3 599.099099 67.500000 0.62208840673570043 0.049139997972487776
172 0 602.602603 0.000000 0.62124049131550307 0.049398782711096614
172 1 602.602603 22.500000 0.62124049131550307 0.049398782711096614
172 2 602.602603 45.000000 0.62124049131550307 0.049398782711096614
172 3 602.602603 67.500000 0.62124049131550307 0.049398782711096614
173 0 606.106106 0.000000 0.62109230058193821 0.049818913790108596
173 1 606.106106 22.500000 0.62109230058193821 0.049818913790108596
173 2 606.106106 45.000000 0.62109230058193821 0.049818913790108596
173 3 606.106106 67.500000 0.62109230058193821 0.049818913790108596
174 0 609.609610 0.000000 0.62167213562628276 0.050328657068833382
174 1 609.609610 22.500000 0.62167213562628276 0.050328657068833382
174 2 609.609610 45.000000 0.62167213562628276 0.050328657068833382
174 3 609.609610 67.500000 0.62167213562628276 0.050328657068833382
175 0 613.113113 0.000000 0.62288360870292836 0.050840640932784766
175 1 613.113113 22.500000 0.62288360870292836 0.050840640932784766
175 2 613.113113 45.000000 0.62288360870292836 0.050840640932784766
175 3 613.113113 67.500000 0.62288360870292836 0.050840640932784766
176 0 616.616617 0.000000 0.62452117455918243 0.051266829697486645
176 1 616.616617 22.500000 0.62452117455918243 0.051266829697486645
176 2 616.616617 45.000000 0.62452117455918243 0.051266829697486645
176 3 616.616617 67.500000 0.62452117455918243 0.051266829697486645
177 0 620.120120 0.000000 0.6263044514967413 0.051533659391592379
177 1 620.120120 22.500000 0.6263044514967413 0.051533659391592379
177 2 620.120120 45.000000 0.6263044514967413 0.051533659391592379
177 3 620.120120 67.500000 0.6263044514967413 0.051533659391592379
178 0 623.623624 0.000000 0.62792596177303017 0.051594734351936469
178 1 623.623624 22.500000 0.62792596177303017 0.051594734351936469
178 2 623.623624 45.000000 0.62792596177303017 0.051594734351936469
178 3 623.623624 67.500000 0.62792596177303017 0.051594734351936469
179 0 627.127127 0.000000 0.62910433256617049 0.05143889389061089
179 1 627.127127 22.500000 0.62910433256617049 0.05143889389061089
179 2 627.127127 45.000000 0.62910433256617049 0.05143889389061089
179 3 627.127127 67.500000 0.62910433256617049 0.05143889389061089
180 0 630.630631 0.000000 0.629633623969726 0.051092246986292653
180 1 630.630631 22.500000 0.629633623969726 0.051092246986292653
180 2 630.630631 45.000000 0.629633623969726 0.051092246986292653
180 3 630.630631 67.500000 0.629633623969726 0.051092246986292653
181 0 634.134134 0.000000 0.62941979703522433 0.050613805210054055
181 1 634.134134 22.500000 0.62941979703522433 0.050613805210054055
181 2 634.134134 45.000000 0.62941979703522433 0.050613805210054055
181 3 634.134134 67.500000 0.62941979703522433 0.050613805210054055
182 0 637.637638 0.000000 0.62849753989133528 0.050085443332473646
182 1 637.637638 22.500000 0.62849753989133528 0.050085443332473646
182 2 637.637638 45.000000 0.62849753989133528 0.050085443332473646
182 3 637.637638 67.500000 0.62849753989133528 0.050085443332473646
183 0 641.141141 0.000000 0.62702434842754851 0.049597894596258171
183 1 641.141141 22.500000 0.62702434842754851 0.049597894596258171
183 2 641.141141 45.000000 0.62702434842754851 0.049597894596258171
183 3 641.141141 67.500000 0.62702434842754851 0.049597894596258171
184 0 644.644645 0.000000 0.62525307337867331 0.049235175082031908
184 1 644.644645 22.500000 0.62525307337867331 0.049235175082031908
184 2 644.644645 45.000000 0.62525307337867331 0.049235175082031908
184 3 644.644645 67.500000 0.62525307337867331 0.049235175082031908
185 0 648.148148 0.000000 0.62348808829093438 0.049060109828916607
185 1 648.148148 22.500000 0.62348808829093438 0.049060109828916607
185 2 648.148148 45.000000 0.62348808829093438 0.049060109828916607
185 3 648.148148 67.500000 0.62348808829093438 0.049060109828916607
186 0 651.651652 0.000000 0.62203297048449591 0.049103453187837348
186 1 651.651652 22.500000 0.62203297048449591 0.049103453187837348
186 2 651.651652 45.000000 0.62203297048449591 0.049103453187837348
186 3 651.651652 67.500000 0.62203297048449591 0.049103453187837348
187 0 655.155155 0.000000 0.62113871004972476 0.049358486673041019
187 1 655.155155 22.500000 0.62113871004972476 0.049358486673041019
187 2 655.155155 45.000000 0.62113871004972476 0.049358486673041019
187 3 655.155155 67.500000 0.62113871004972476 0.049358486673041019
188 0 658.658659 0.000000 0.62096101306306517 0.049782042541108927
188 1 658.658659 22.500000 0.62096101306306517 0.049782042541108927
188 2 658.658659 45.000000 0.62096101306306517 0.049782042541108927
188 3 658.658659 67.500000 0.62096101306306517 0.049782042541108927
189 0 662.162162 0.000000 0.62153357554372735 0.05030180001197123
189 1 662.162162 22.500000 0.62153357554372735 0.05030180001197123
189 2 662.162162 45.000000 0.62153357554372735 0.05030180001197123
189 3 662.162162 67.500000 0.62153357554372735 0.05030180001197123
190 0 665.665666 0.000000 0.62276166562516255 0.050828622125653117
190 1 665.665666 22.500000 0.62276166562516255 0.050828622125653117
190 2 665.665666 45.000000 0.62276166562516255 0.050828622125653117
190 3 665.665666 67.500000 0.62276166562516255 0.050828622125653117
191 0 669.169169 0.000000 0.62443727676355654 0.051271830191851345
191 1 669.169169 22.500000 0.62443727676355654 0.051271830191851345
191 2 669.169169 45.000000 0.62443727676355654 0.051271830191851345
191 3 669.169169 67.500000 0.62443727676355654 0.051271830191851345
192 0 672.672673 0.000000 0.62627376392960465 0.051554800069030945
192 1 672.672673 22.500000 0.62627376392960465 0.051554800069030945
192 2 672.672673 45.000000 0.62627376392960465 0.051554800069030945
192 3 672.672673 67.500000 0.62627376392960465 0.051554800069030945
193 0 676.176176 0.000000 0.62795458386853997 0.051628199513224719
193 1 676.176176 22.500000 0.62795458386853997 0.051628199513224719
193 2 676.176176 45.000000 0.62795458386853997 0.051628199513224719
193 3 676.176176 67.500000 0.62795458386853997 0.051628199513224719
194 0 679.679680 0.000000 0.62918804421578023 0.05147858137046523
194 1 679.679680 22.500000 0.62918804421578023 0.05147858137046523
194 2 679.679680 45.000000 0.62918804421578023 0.05147858137046523
194 3 679.679680 67.500000 0.62918804421578023 0.05147858137046523
195 0 683.183183 0.000000 0.62975846606493602 0.051130837179593061
195 1 683.183183 22.500000 0.62975846606493602 0.051130837179593061
195 2 683.183183 45.000000 0.62975846606493602 0.051130837179593061
195 3 683.183183 67.500000 0.62975846606493602 0.051130837179593061
196 0 686.686687 0.000000 0.62956442785087652 0.05064406555182481
196 1 686.686687 22.500000 0.62956442785087652 0.05064406555182481
196 2 686.686687 45.000000 0.62956442785087652 0.05064406555182481
196 3 686.686687 67.500000 0.62956442785087652 0.05064406555182481
197 0 690.190190 0.000000 0.62863695683456522 0.050101540078859391
197 1 690.190190 22.500000 0.62863695683456522 0.050101540078859391
197 2 690.190190 45.000000 0.62863695683456522 0.050101540078859391
197 3 690.190190 67.500000 0.62863695683456522 0.050101540078859391
198 0 693.693694 0.000000 0.62713429348780569 0.049596478555516882
198 1 693.693694 22.500000 0.62713429348780569 0.049596478555516882
198 2 693.693694 45.000000 0.62713429348780569 0.049596478555516882
198 3 693.693694 67.500000 0.62713429348780569 0.049596478555516882
199 0 697.197197 0.000000 0.62531431561152673 0.049216043791879931
199 1 697.197197 22.500000 0.62531431561152673 0.049216043791879931
199 2 697.197197 45.000000 0.62531431561152673 0.049216043791879931
199 3 697.197197 67.500000 0.62531431561152673 0.049216043791879931
200 0 700.700701 0.000000 0.62348981882796695 0.049026319945444201
200 1 700.700701 22.500000 0.62348981882796695 0.049026319945444201
200 2 700.700701 45.000000 0.62348981882796695 0.049026319945444201
200 3 700.700701 67.500000 0.62348981882796695 0.049026319945444201
201 0 704.204204 0.000000 0.62197472869957837 0.049060851620227115
201 1 704.204204 22.500000 0.62197472869957837 0.049060851620227115
201 2 704.204204 45.000000 0.62197472869957837 0.049060851620227115
201 3 704.204204 67.500000 0.62197472869957837 0.049060851620227115
202 0 707.707708 0.000000 0.62103052818345339 0.049314731037186303
202 1 707.707708 22.500000 0.62103052818345339 0.049314731037186303
202 2 707.707708 45.000000 0.62103052818345339 0.049314731037186303
202 3 707.707708 67.500000 0.62103052818345339 0.049314731037186303
203 0 711.211211 0.000000 0.62082176238539311 0.049745273045719081
203 1 711.211211 22.500000 0.62082176238539311 0.049745273045719081
203 2 711.211211 45.000000 0.62082176238539311 0.049745273045719081
203 3 711.211211 67.500000 0.62082176238539311 0.049745273045719081
204 0 714.714715 0.000000 0.62138777742610762 0.050279189707565543
204 1 714.714715 22.500000 0.62138777742610762 0.050279189707565543
204 2 714.714715 45.000000 0.62138777742610762 0.050279189707565543
204 3 714.714715 67.500000 0.62138777742610762 0.050279189707565543
205 0 718.218218 0.000000 0.62263527092068782 0.050825058715536081
205 1 718.218218 22.500000 0.62263527092068782 0.050825058715536081
205 2 718.218218 45.000000 0.62263527092068782 0.050825058715536081
205 3 718.218218 67.500000 0.62263527092068782 0.050825058715536081
206 0 721.721722 0.000000 0.62435309781766957 0.051288965034598184
206 1 721.721722 22.500000 0.62435309781766957 0.051288965034598184
206 2 721.721722 45.000000 0.62435309781766957 0.051288965034598184
206 3 721.721722 67.500000 0.62435309781766957 0.051288965034598184
207 0 725.225225 0.000000 0.62624733950100775 0.051590640865038236
207 1 725.225225 22.500000 0.62624733950100775 0.051590640865038236
207 2 725.225225 45.000000 0.62624733950100775 0.051590640865038236
207 3 725.225225 67.500000 0.62624733950100775 0.051590640865038236
208 0 728.728729 0.000000 0.62799123460971251 0.051677332020241676
208 1 728.728729 22.500000 0.62799123460971251 0.051677332020241676
208 2 728.728729 45.000000 0.62799123460971251 0.051677332020241676
208 3 728.728729 67.500000 0.62799123460971251 0.051677332020241676
209 0 732.232232 0.000000 0.62928170935459182 0.051532997629470362
209 1 732.232232 22.500000 0.62928170935459182 0.051532997629470362
209 2 732.232232 45.000000 0.62928170935459182 0.051532997629470362
209 3 732.232232 67.500000 0.62928170935459182 0.051532997629470362
210 0 735.735736 0.000000 0.62989260576851369 0.051181241615861503
210 1 735.735736 22.500000 0.62989260576851369 0.051181241615861503
210 2 735.735736 45.000000 0.62989260576851369 0.051181241615861503
210 3 735.735736 67.500000 0.62989260576851369 0.051181241615861503
211 0 739.239239 0.000000 0.62971488123241692 0.050681444418025565
211 1 739.239239 22.500000 0.62971488123241692 0.050681444418025565
211 2 739.239239 45.000000 0.62971488123241692 0.050681444418025565
211 3 739.239239 67.500000 0.62971488123241692 0.050681444418025565
212 0 742.742743 0.000000 0.62877625206526655 0.050118729298846032
212 1 742.742743 22.500000 0.62877625206526655 0.050118729298846032
212 2 742.742743 45.000000 0.62877625206526655 0.050118729298846032
212 3 742.742743 67.500000 0.62877625206526655 0.050118729298846032
213 0 746.246246 0.000000 0.62723661315653223 0.049589459479344289
213 1 746.246246 22.500000 0.62723661315653223 0.049589459479344289
213 2 746.246246 45.000000 0.62723661315653223 0.049589459479344289
213 3 746.246246 67.500000 0.62723661315653223 0.049589459479344289
214 0 749.749750 0.000000 0.62536019918100783 0.049184737436744258
214 1 749.749750 22.500000 0.62536019918100783 0.049184737436744258
214 2 749.749750 45.000000 0.62536019918100783 0.049184737436744258
214 3 749.749750 67.500000 0.62536019918100783 0.049184737436744258
215 0 753.253253 0.000000 0.62346975352966438 0.048974731687283696
215 1 753.253253 22.500000 0.62346975352966438 0.048974731687283696
215 2 753.253253 45.000000 0.62346975352966438 0.048974731687283696
215 3 753.253253 67.500000 0.62346975352966438 0.048974731687283696
216 0 756.756757 0.000000 0.6218910051718689 0.048996526658247837
216 1 756.756757 22.500000 0.6218910051718689 0.048996526658247837
216 2 756.756757 45.000000 0.6218910051718689 0.048996526658247837
216 3 756.756757 67.500000 0.6218910051718689 0.048996526658247837
217 0 760.260260 0.000000 0.6208970508483409 0.049247598054123334
217 1 760.260260 22.500000 0.6208970508483409 0.049247598054123334
217 2 760.260260 45.000000 0.6208970508483409 0.049247598054123334
217 3 760.260260 67.500000 0.6208970508483409 0.049247598054123334
218 0 763.763764 0.000000 0.62066184020554149 0.049686059319555116
218 1 763.763764 22.500000 0.62066184020554149 0.049686059319555116
218 2 763.763764 45.000000 0.62066184020554149 0.049686059319555116
218 3 763.763764 67.500000 0.62066184020554149 0.049686059319555116
219 0 767.267267 0.000000 0.62123023266707955 0.050237667130977742
219 1 767.267267 22.500000 0.62123023266707955 0.050237667130977742
219 2 767.267267 45.000000 0.62123023266707955 0.050237667130977742
219 3 767.267267 67.500000 0.62123023266707955 0.050237667130977742
220 0 770.770771 0.000000 0.62250946774300919 0.050808413223362381
220 1 770.770771 22.500000 0.62250946774300919 0.050808413223362381
220 2 770.770771 45.000000 0.62250946774300919 0.050808413223362381
220 3 770.770771 67.500000 0.62250946774300919 0.050808413223362381
221 0 774.274274 0.000000 0.62428369027554986 0.051300565544248208
221 1 774.274274 22.500000 0.62428369027554986 0.051300565544248208
221 2 774.274274 45.000000 0.62428369027554986 0.051300565544248208
221 3 774.274274 67.500000 0.62428369027554986 0.051300565544248208
222 0 777.777778 0.000000 0.62624964026198748 0.051629420139170511
222 1 777.777778 22.500000 0.62624964026198748 0.051629420139170511
222 2 777.777778 45.000000 0.62624964026198748 0.051629420139170511
222 3 777.777778 67.500000 0.62624964026198748 0.051629420139170511
223 0 781.281281 0.000000 0.62806807052489966 0.051737891166815084
223 1 781.281281 22.500000 0.62806807052489966 0.051737891166815084
223 2 781.281281 45.000000 0.62806807052489966 0.051737891166815084
223 3 781.281281 67.500000 0.62806807052489966 0.051737891166815084
224 0 784.784785 0.000000 0.62942242568393758 0.05160642505211703
224 1 784.784785 22.500000 0.62942242568393758 0.05160642505211703
224 2 784.784785 45.000000 0.62942242568393758 0.05160642505211703
224 3 784.784785 67.500000 0.62942242568393758 0.05160642505211703
225 0 788.288288 0.000000 0.63007451309837814 0.051256516581519071
225 1 788.288288 22.500000 0.63007451309837814 0.051256516581519071
225 2 788.288288 45.000000 0.63007451309837814 0.051256516581519071
225 3 788.288288 67.500000 0.63007451309837814 0.051256516581519071
226 0 791.791792 0.000000 0.62990696963135062 0.050747195671550421
226 1 791.791792 22.500000 0.62990696963135062 0.050747195671550421
226 2 791.791792 45.000000 0.62990696963135062 0.050747195671550421
226 3 791.791792 67.500000 0.62990696963135062 0.050747195671550421
227 0 795.295295 0.000000 0.62894453461580846 0.050165057607765975
227 1 795.295295 22.500000 0.62894453461580846 0.050165057607765975
227 2 795.295295 45.000000 0.62894453461580846 0.050165057607765975
227 3 795.295295 67.500000 0.62894453461580846 0.050165057607765975
228 0 798.798799 0.000000 0.62735012549343683 0.049609520528316034
228 1 798.798799 22.500000 0.62735012549343683 0.049609520528316034
228 2 798.798799 45.000000 0.62735012549343683 0.049609520528316034
228 3 798.798799 67.500000 0.62735012549343683 0.049609520528316034
229 0 802.302302 0.000000 0.62539655779988501 0.049175820664361415
229 1 802.302302 22.500000 0.62539655779988501 0.049175820664361415
229 2 802.302302 45.000000 0.62539655779988501 0.049175820664361415
229 3 802.302302 67.500000 0.62539655779988501 0.049175820664361415
230 0 805.805806 0.000000 0.62341928151526882 0.048938655153426908
230 1 805.805806 22.500000 0.62341928151526882 0.048938655153426908
230 2 805.805806 45.000000 0.62341928151526882 0.048938655153426908
230 3 805.805806 67.500000 0.62341928151526882 0.048938655153426908
231 0 809.309309 0.000000 0.62175872090917317 0.048939283665075391
231 1 809.309309 22.500000 0.62175872090917317 0.048939283665075391
231 2 809.309309 45.000000 0.62175872090917317 0.048939283665075391
231 3 809.309309 67.500000 0.62175872090917317 0.048939283665075391
232 0 812.812813 0.000000 0.6207021972658241 0.049178318338296403
232 1 812.812813 22.500000 0.6207021972658241 0.049178318338296403
232 2 812.812813 45.000000 0.6207021972658241 0.049178318338296403
232 3 812.812813 67.500000 0.6207021972658241 0.049178318338296403
233 0 816.316316 0.000000 0.62043502643752479 0.049615464361288608
233 1 816.316316 22.500000 0.62043502643752479 0.049615464361288608
233 2 816.316316 45.000000 0.62043502643752479 0.049615464361288608
233 3 816.316316 67.500000 0.62043502643752479 0.049615464361288608
234 0 819.819820 0.000000 0.6210086143904251 0.050176285273815138
234 1 819.819820 22.500000 0.6210086143904251 0.050176285273815138
234 2 819.819820 45.000000 0.6210086143904251 0.050176285273815138
234 3 819.819820 67.500000 0.6210086143904251 0.050176285273815138
235 0 823.323323 0.000000 0.62233068495395649 0.050764860787594797
235 1 823.323323 22.500000 0.62233068495395649 0.050764860787594797
235 2 823.323323 45.000000 0.62233068495395649 0.050764860787594797
235 3 823.323323 67.500000 0.62233068495395649 0.050764860787594797
236 0 826.826827 0.000000 0.6241794986041278 0.051280187669117072
236 1 826.826827 22.500000 0.6241794986041278 0.051280187669117072
236 2 826.826827 45.000000 0.6241794986041278 0.051280187669117072
236 3 826.826827 67.500000 0.6241794986041278 0.051280187669117072
237 0 830.330330 0.000000 0.62624028592486602 0.051633521571840237
237 1 830.330330 22.500000 0.62624028592486602 0.051633521571840237
237 2 830.330330 45.000000 0.62624028592486602 0.051633521571840237
237 3 830.330330 67.500000 0.62624028592486602 0.051633521571840237
238 0 833.833834 0.000000 0.62815842302955283 0.05176368340997254
238 1 833.833834 22.500000 0.62815842302955283 0.05176368340997254
238 2 833.833834 45.000000 0.62815842302955283 0.05176368340997254
238 3 833.833834 67.500000 0.62815842302955283 0.05176368340997254
239 0 837.337337 0.000000 0.62960065429354062 0.051647690094743619
239 1 837.337337 22.500000 0.62960065429354062 0.051647690094743619
239 2 837.337337 45.000000 0.62960065429354062 0.051647690094743619
239 3 837.337337 67.500000 0.62960065429354062 0.051647690094743619
240 0 840.840841 0.000000 0.63031367207226496 0.05130486085616804
240 1 840.840841 22.500000 0.63031367207226496 0.05130486085616804
240 2 840.840841 45.000000 0.63031367207226496 0.05130486085616804
240 3 840.840841 67.500000 0.63031367207226496 0.05130486085616804
241 0 844.344344 0.000000 0.63016930928135517 0.050793663177261819
241 1 844.344344 22.500000 0.63016930928135517 0.050793663177261819
241 2 844.344344 45.000000 0.63016930928135517 0.050793663177261819
241 3 844.344344 67.500000 0.63016930928135517 0.050793663177261819
242 0 847.847848 0.000000 0.62918780583165224 0.050201806972364989
242 1 847.847848 22.500000 0.62918780583165224 0.050201806972364989
242 2 847.847848 45.000000 0.62918780583165224 0.050201806972364989
242 3 847.847848 67.500000 0.62918780583165224 0.050201806972364989
243 0 851.351351 0.000000 0.62753473841802387 0.049631258896897248
243 1 851.351351 22.500000 0.62753473841802387 0.049631258896897248
243 2 851.351351 45.000000 0.62753473841802387 0.049631258896897248
243 3 851.351351 67.500000 0.62753473841802387 0.049631258896897248
244 0 854.854855 0.000000 0.62549229677339679 0.04918073036123493
244 1 854.854855 22.500000 0.62549229677339679 0.04918073036123493
244 2 854.854855 45.000000 0.62549229677339679 0.04918073036123493
244 3 854.854855 67.500000 0.62549229677339679 0.04918073036123493
245 0 858.358358 0.000000 0.62341039561032563 0.048928640077746874
245 1 858.358358 22.500000 0.62341039561032563 0.048928640077746874
245 2 858.358358 45.000000 0.62341039561032563 0.048928640077746874
245 3 858.358358 67.500000 0.62341039561032563 0.048928640077746874
246 0 861.861862 0.000000 0.62164654739006364 0.048919485774444361
246 1 861.861862 22.500000 0.62164654739006364 0.048919485774444361
246 2 861.861862 45.000000 0.62164654739006364 0.048919485774444361
246 3 861.861862 67.500000 0.62164654739006364 0.048919485774444361
247 0 865.365365 0.000000 0.62050493037157139 0.049155988805789037
247 1 865.365365 22.500000 0.62050493037157139 0.049155988805789037
247 2 865.365365 45.000000 0.62050493037157139 0.049155988805789037
247 3 865.365365 67.500000 0.62050493037157139 0.049155988805789037
248 0 868.868869 0.000000 0.62018471256186103 0.049598395232005002
248 1 868.868869 22.500000 0.62018471256186103 0.049598395232005002
248 2 868.868869 45.000000 0.62018471256186103 0.049598395232005002
248 3 868.868869 67.500000 0.62018471256186103 0.049598395232005002
249 0 872.372372 0.000000 0.62074586925316555 0.05017109373514992
249 1 872.372372 22.500000 0.62074586925316555 0.05017109373514992
249 2 872.372372 45.000000 0.62074586925316555 0.05017109373514992
249 3 872.372372 67.500000 0.62074586925316555 0.05017109373514992
250 0 875.875876 0.000000 0.62209796023840058 0.050775453299916937
250 1 875.875876 22.500000 0.62209796023840058 0.050775453299916937
250 2 875.875876 45.000000 0.62209796023840058 0.050775453299916937
250 3 875.875876 67.500000 0.62209796023840058 0.050775453299916937
251 0 879.379379 0.000000 0.62401396169265611 0.051306707693080982
251 1 879.379379 22.500000 0.62401396169265611 0.051306707693080982
251 2 879.379379 45.000000 0.62401396169265611 0.051306707693080982
251 3 879.379379 67.500000 0.62401396169265611 0.051306707693080982
252 0 882.882883 0.000000 0.62616749091204504 0.051672005192342448
252 1 882.882883 22.500000 0.62616749091204504 0.051672005192342448
252 2 882.882883 45.000000 0.62616749091204504 0.051672005192342448
252 3 882.882883 67.500000 0.62616749091204504 0.051672005192342448
253 0 886.386386 0.000000 0.62818789825509158 0.051806524454379083
253 1 886.386386 22.500000 0.62818789825509158 0.051806524454379083
253 2 886.386386 45.000000 0.62818789825509158 0.051806524454379083
253 3 886.386386 67.500000 0.62818789825509158 0.051806524454379083
254 0 889.889890 0.000000 0.62972426879706633 0.051684870977013027
254 1 889.889890 22.500000 0.62972426879706633 0.051684870977013027
254 2 889.889890 45.000000 0.62972426879706633 0.051684870977013027
254 3 889.889890 67.500000 0.62972426879706633 0.051684870977013027
255 0 893.393393 0.000000 0.63050717198548489 0.051325762473803563
255 1 893.393393 22.500000 0.63050717198548489 0.051325762473803563
255 2 893.393393 45.000000 0.63050717198548489 0.051325762473803563
255 3 893.393393 67.500000 0.63050717198548489 0.051325762473803563
256 0 896.896897 0.000000 0.63039680899924677 0.05078915211636667
256 1 896.896897 22.500000 0.63039680899924677 0.05078915211636667
256 2 896.896897 45.000000 0.63039680899924677 0.05078915211636667
256 3 896.896897 67.500000 0.63039680899924677 0.05078915211636667
257 0 900.400400 0.000000 0.62940841669171743 0.05016623224907673
257 1 900.400400 22.500000 0.62940841669171743 0.05016623224907673
257 2 900.400400 45.000000 0.62940841669171743 0.05016623224907673
257 3 900.400400 67.500000 0.62940841669171743 0.05016623224907673
258 0 903.903904 0.000000 0.62771007755618091 0.049563986752976616
258 1 903.903904 22.500000 0.62771007755618091 0.049563986752976616
258 2 903.903904 45.000000 0.62771007755618091 0.049563986752976616
258 3 903.903904 67.500000 0.62771007755618091 0.049563986752976616
259 0 907.407407 0.000000 0.62559345564052915 0.049086907080137222
259 1 907.407407 22.500000 0.62559345564052915 0.049086907080137222
259 2 907.407407 45.000000 0.62559345564052915 0.049086907080137222
259 3 907.407407 67.500000 0.62559345564052915 0.049086907080137222
260 0 910.910911 0.000000 0.62342308842432237 0.048818991061478585
260 1 910.910911 22.500000 0.62342308842432237 0.048818991061478585
260 2 910.910911 45.000000 0.62342308842432237 0.048818991061478585
260 3 910.910911 67.500000 0.62342308842432237 0.048818991061478585
261 0 914.414414 0.000000 0.62157354158473921 0.048809115867297144
261 1 914.414414 22.500000 0.62157354158473921 0.048809115867297144
261 2 914.414414 45.000000 0.62157354158473921 0.048809115867297144
261 3 914.414414 67.500000 0.62157354158473921 0.048809115867297144
262 0 917.917918 0.000000 0.62036536971999523 0.049062318591167046
262 1 917.917918 22.500000 0.62036536971999523 0.049062318591167046
262 2 917.917918 45.000000 0.62036536971999523 0.049062318591167046
262 3 917.917918 67.500000 0.62036536971999523 0.049062318591167046
263 0 921.421421 0.000000 0.62001046817650685 0.049538522334043385
263 1 921.421421 22.500000 0.62001046817650685 0.049538522334043385
263 2 921.421421 45.000000 0.62001046817650685 0.049538522334043385
263 3 921.421421 67.500000 0.62001046817650685 0.049538522334043385
264 0 924.924925 0.000000 0.62057552289399887 0.050158980406501671
264 1 924.924925 22.500000 0.62057552289399887 0.050158980406501671
264 2 924.924925 45.000000 0.62057552289399887 0.050158980406501671
264 3 924.924925 67.500000 0.62057552289399887 0.050158980406501671
265 0 928.428428 0.000000 0.6219694062185287 0.05081939150393968
265 1 928.428428 22.500000 0.6219694062185287 0.05081939150393968
265 2 928.428428 45.000000 0.6219694062185287 0.05081939150393968
265 3 928.428428 67.500000 0.6219694062185287 0.05081939150393968
266 0 931.931932 0.000000 0.6239568854295815 0.05140749013720796
266 1 931.931932 22.500000 0.6239568854295815 0.05140749013720796
266 2 931.931932 45.000000 0.6239568854295815 0.05140749013720796
266 3 931.931932 67.500000 0.6239568854295815 0.05140749013720796
267 0 935.435435 0.000000 0.62619710039924681 0.051822136845503596
267 1 935.435435 22.500000 0.62619710039924681 0.051822136845503596
267 2 935.435435 45.000000 0.62619710039924681 0.051822136845503596
267 3 935.435435 67.500000 0.62619710039924681 0.051822136845503596
268 0 938.938939 0.000000 0.62830118430312643 0.051990657339741099
268 1 938.938939 22.500000 0.62830118430312643 0.051990657339741099
268 2 938.938939 45.000000 0.62830118430312643 0.051990657339741099
268 3 938.938939 67.500000 0.62830118430312643 0.051990657339741099
269 0 942.442442 0.000000 0.62989970005142681 0.051881458675026533
269 1 942.442442 22.500000 0.62989970005142681 0.051881458675026533
269 2 942.442442 45.000000 0.62989970005142681 0.051881458675026533
269 3 942.442442 67.500000 0.62989970005142681 0.051881458675026533
270 0 945.945946 0.000000 0.63070810714443526 0.051509739171596791
270 1 945.945946 22.500000 0.63070810714443526 0.051509739171596791
270 2 945.945946 45.000000 0.63070810714443526 0.051509739171596791
270 3 945.945946 67.500000 0.63070810714443526 0.051509739171596791
271 0 949.449449 0.000000 0.63057814413314972 0.050935274978890062
271 1 949.449449 22.500000 0.63057814413314972 0.050935274978890062
271 2 949.449449 45.000000 0.63057814413314972 0.050935274978890062
271 3 949.449449 67.500000 0.63057814413314972 0.050935274978890062
272 0 952.952953 0.000000 0.62952527067024677 0.050252612500636493
272 1 952.952953 22.500000 0.62952527067024677 0.050252612500636493
272 2 952.952953 45.000000 0.62952527067024677 0.050252612500636493
272 3 952.952953 67.500000 0.62952527067024677 0.050252612500636493
273 0 956.456456 0.000000 0.62772685350892454 0.049575293130393709
273 1 956.456456 22.500000 0.62772685350892454 0.049575293130393709
273 2 956.456456 45.000000 0.62772685350892454 0.049575293130393709
273 3 956.456456 67.500000 0.62772685350892454 0.049575293130393709
274 0 959.959960 0.000000 0.6254915276542512 0.049016762890226252
274 1 959.959960 22.500000 0.6254915276542512 0.049016762890226252
274 2 959.959960 45.000000 0.6254915276542512 0.049016762890226252
274 3 959.959960 67.500000 0.6254915276542512 0.049016762890226252
275 0 963.463463 0.000000 0.6232056514479648 0.048671197896702878
275 1 963.463463 22.500000 0.6232056514479648 0.048671197896702878
275 2 963.463463 45.000000 0.6232056514479648 0.048671197896702878
275 3 963.463463 67.500000 0.6232056514479648 0.048671197896702878
276 0 966.966967 0.000000 0.62126671443473069 0.048597506113479821
276 1 966.966967 22.500000 0.62126671443473069 0.048597506113479821
276 2 966.966967 45.000000 0.62126671443473069 0.048597506113479821
276 3 966.966967 67.500000 0.62126671443473069 0.048597506113479821
277 0 970.470470 0.000000 0.62001529149981749 0.048809238989976307
277 1 970.470470 22.500000 0.62001529149981749 0.048809238989976307
277 2 970.470470 45.000000 0.62001529149981749 0.048809238989976307
277 3 970.470470 67.500000 0.62001529149981749 0.048809238989976307
278 0 973.973974 0.000000 0.61967674232266923 0.049272150862335828
278 1 973.973974 22.500000 0.61967674232266923 0.049272150862335828
278 2 973.973974 45.000000 0.61967674232266923 0.049272150862335828
278 3 973.973974 67.500000 0.61967674232266923 0.049272150862335828
279 0 977.477477 0.000000 0.62032188076390926 0.049909847531222643
279 1 977.477477 22.500000 0.62032188076390926 0.049909847531222643
279 2 977.477477 45.000000 0.62032188076390926 0.049909847531222643
279 3 977.477477 67.500000 0.62032188076390926 0.049909847531222643
280 0 980.980981 0.000000 0.62185288512828718 0.050616588545901245
280 1 980.980981 22.500000 0.62185288512828718 0.050616588545901245
280 2 980.980981 45.000000 0.62185288512828718 0.050616588545901245
280 3 980.980981 67.500000 0.62185288512828718 0.050616588545901245
281 0 984.484484 0.000000 0.62401714811658993 0.051275085445561849
281 1 984.484484 22.500000 0.62401714811658993 0.051275085445561849
281 2 984.484484 45.000000 0.62401714811658993 0.051275085445561849
281 3 984.484484 67.500000 0.62401714811658993 0.051275085445561849
282 0 987.987988 0.000000 0.62644771358622364 0.051776280113301591
282 1 987.987988 22.500000 0.62644771358622364 0.051776280113301591
282 2 987.987988 45.000000 0.62644771358622364 0.051776280113301591
282 3 987.987988 67.500000 0.62644771358622364 0.051776280113301591
283 0 991.491491 0.000000 0.62872461205743957 0.05203774161282352
283 1 991.491491 22.500000 0.62872461205743957 0.05203774161282352
283 2 991.491491 45.000000 0.62872461205743957 0.05203774161282352
283 3 991.491491 67.500000 0.62872461205743957 0.05203774161282352
284 0 994.994995 0.000000 0.63044733876087566 0.05201754744580199
284 1 994.994995 22.500000 0.63044733876087566 0.05201754744580199
284 2 994.994995 45.000000 0.63044733876087566 0.05201754744580199
284 3 994.994995 67.500000 0.63044733876087566 0.05201754744580199
285 0 998.498498 0.000000 0.63130586759556517 0.05172127921403033
285 1 998.498498 22.500000 0.63130586759556517 0.05172127921403033
285 2 998.498498 45.000000 0.63130586759556517 0.05172127921403033
285 3 998.498498 67.500000 0.63130586759556517 0.05172127921403033
286 0 1002.002002 0.000000 0.63113700060300226 0.05120093429605542
286 1 1002.002002 22.500000 0.63113700060300226 0.05120093429605542
286 2 1002.002002 45.000000 0.63113700060300226 0.05120093429605542
286 3 1002.002002 67.500000 0.63113700060300226 0.05120093429605542
287 0 1005.505506 0.000000 0.62995511716506192 0.050545935121297458
287 1 1005.505506 22.500000 0.62995511716506192 0.050545935121297458
287 2 1005.505506 45.000000 0.62995511716506192 0.050545935121297458
287 3 1005.505506 67.500000 0.62995511716506192 0.050545935121297458
288 0 1009.009009 0.000000 0.62795124915520084 0.049867770225917638
288 1 1009.009009 22.500000 0.62795124915520084 0.049867770225917638
288 2 1009.009009 45.000000 0.62795124915520084 0.049867770225917638
288 3 1009.009009 67.500000 0.62795124915520084 0.049867770225917638
289 0 1012.512513 0.000000 0.62546070396964937 0.049280894550888812
289 1 1012.512513 22.500000 0.62546070396964937 0.049280894550888812
289 2 1012.512513 45.000000 0.62546070396964937 0.049280894550888812
289 3 1012.512513 67.500000 0.62546070396964937 0.049280894550888812
290 0 1016.016016 0.000000 0.62290553256535064 0.048883162000708219
290 1 1016.016016 22.500000 0.62290553256535064 0.048883162000708219
290 2 1016.016016 45.000000 0.62290553256535064 0.048883162000708219
290 3 1016.016016 67.500000 0.62290553256535064 0.048883162000708219
291 0 1019.519520 0.000000 0.62072250931021744 0.048739148793834224
291 1 1019.519520 22.500000 0.62072250931021744 0.048739148793834224
291 2 1019.519520 45.000000 0.62072250931021744 0.048739148793834224
291 3 1019.519520 67.500000 0.62072250931021744 0.048739148793834224
292 0 1023.023023 0.000000 0.61928918753240059 0.048869234950836921
292 1 1023.023023 22.500000 0.61928918753240059 0.048869234950836921
292 2 1023.023023 45.000000 0.61928918753240059 0.048869234950836921
292 3 1023.023023 67.500000 0.61928918753240059 0.048869234950836921
293 0 1026.526527 0.000000 0.61886011807580965 0.049246325690870965
293 1 1026.526527 22.500000 0.61886011807580965 0.049246325690870965
293 2 1026.526527 45.000000 0.61886011807580965 0.049246325690870965
293 3 1026.526527 67.500000 0.61886011807580965 0.049246325690870965
294 0 1030.030030 0.000000 0.6195231383841775 0.04980078212645498
294 1 1030.030030 22.500000 0.6195231383841775 0.04980078212645498
294 2 1030.030030 45.000000 0.6195231383841775 0.04980078212645498
294 3 1030.030030 67.500000 0.6195231383841775 0.04980078212645498
295 0 1033.533534 0.000000 0.62118248972014733 0.050432715936894461
295 1 1033.533534 22.500000 0.62118248972014733 0.050432715936894461
295 2 1033.533534 45.000000 0.62118248972014733 0.050432715936894461
295 3 1033.533534 67.500000 0.62118248972014733 0.050432715936894461
296 0 1037.037037 0.000000 0.62357181834963626 0.051029528736383327
296 1 1037.037037 22.500000 0.62357181834963626 0.051029528736383327
296 2 1037.037037 45.000000 0.62357181834963626 0.051029528736383327
296 3 1037.037037 67.500000 0.62357181834963626 0.051029528736383327
297 0 1040.540541 0.000000 0.62629595565887564 0.05148566362836967
297 1 1040.540541 22.500000 0.62629595565887564 0.05148566362836967
297 2 1040.540541 45.000000 0.62629595565887564 0.05148566362836967
297 3 1040.540541 67.500000 0.62629595565887564 0.05148566362836967
298 0 1044.044044 0.000000 0.62889584528767173 0.05172114294158392
298 1 1044.044044 22.500000 0.62889584528767173 0.05172114294158392
298 2 1044.044044 45.000000 0.62889584528767173 0.05172114294158392
298 3 1044.044044 67.500000 0.62889584528767173 0.05172114294158392
299 0 1047.547548 0.000000 0.63092657417154507 0.051695662713352165
299 1 1047.547548 22.500000 0.63092657417154507 0.051695662713352165
299 2 1047.547548 45.000000 0.63092657417154507 0.051695662713352165
299 3 1047.547548 67.500000 0.63092657417154507 0.051695662713352165
300 0 1051.051051 0.000000 0.63203515920647668 0.051415770249157847
300 1 1051.051051 22.500000 0.63203515920647668 0.051415770249157847
300 2 1051.051051 45.000000 0.63203515920647668 0.051415770249157847
300 3 1051.051051 67.500000 0.63203515920647668 0.051415770249157847
301 0 1054.554555 0.000000 0.63202373440808424 0.050933838718911731
301 1 1054.554555 22.500000 0.63202373440808424 0.050933838718911731
301 2 1054.554555 45.000000 0.63202373440808424 0.050933838718911731
301 3 1054.554555 67.500000 0.63202373440808424 0.050933838718911731
302 0 1058.058058 0.000000 0.63088587104891214 0.050338969831789745
302 1 1058.058058 22.500000 0.63088587104891214 0.050338969831789745
302 2 1058.058058 45.000000 0.63088587104891214 0.050338969831789745
302 3 1058.058058 67.500000 0.63088587104891214 0.050338969831789745
303 0 1061.561562 0.000000 0.62880881051087101 0.049741359032925668
303 1 1061.561562 22.500000 0.62880881051087101 0.049741359032925668
303 2 1061.561562 45.000000 0.62880881051087101 0.049741359032925668
303 3 1061.561562 67.500000 0.62880881051087101 0.049741359032925668
304 0 1065.065065 0.000000 0.62614121111066656 0.04925280511971928
304 1 1065.065065 22.500000 0.62614121111066656 0.04925280511971928
304 2 1065.065065 45.000000 0.62614121111066656 0.04925280511971928
304 3 1065.065065 67.500000 0.62614121111066656 0.04925280511971928
305 0 1068.568569 0.000000 0.62333278252780244 0.048966737948554363
305 1 1068.568569 22.500000 0.62333278252780244 0.048966737948554363
305 2 1068.568569 45.000000 0.62333278252780244 0.048966737948554363
305 3 1068.568569 67.500000 0.62333278252780244 0.048966737948554363
306 0 1072.072072 0.000000 0.6208571840420497 0.048941251402687479
306 1 1072.072072 22.500000 0.6208571840420497 0.048941251402687479
306 2 1072.072072 45.000000 0.6208571840420497 0.048941251402687479
306 3 1072.072072 67.500000 0.6208571840420497 0.048941251402687479
307 0 1075.575576 0.000000 0.61913184078174111 0.049188140137718758
307 1 1075.575576 22.500000 0.61913184078174111 0.049188140137718758
307 2 1075.575576 45.000000 0.61913184078174111 0.049188140137718758
307 3 1075.575576 67.500000 0.61913184078174111 0.049188140137718758
308 0 1079.079079 0.000000 0.61844792493107403 0.049669927386481058
308 1 1079.079079 22.500000 0.61844792493107403 0.049669927386481058
308 2 1079.079079 45.000000 0.61844792493107403 0.049669927386481058
308 3 1079.079079 67.500000 0.61844792493107403 0.049669927386481058
309 0 1082.582583 0.000000 0.61892139755670672 0.050305507327806816
309 1 1082.582583 22.500000 0.61892139755670672 0.050305507327806816
309 2 1082.582583 45.000000 0.61892139755670672 0.050305507327806816
309 3 1082.582583 67.500000 0.61892139755670672 0.050305507327806816
310 0 1086.086086 0.000000 0.62047257627015395 0.05098354109899135
310 1 1086.086086 22.500000 0.62047257627015395 0.05098354109899135
310 2 1086.086086 45.000000 0.62047257627015395 0.05098354109899135
310 3 1086.086086 67.500000 0.62047257627015395 0.05098354109899135
311 0 1089.589590 0.000000 0.62283770532781291 0.051581394810464712
311 1 1089.589590 22.500000 0.62283770532781291 0.051581394810464712
311 2 1089.589590 45.000000 0.62283770532781291 0.051581394810464712
311 3 1089.589590 67.500000 0.62283770532781291 0.051581394810464712
312 0 1093.093093 0.000000 0.62561157384148958 0.051986424203961115
312 1 1093.093093 22.500000 0.62561157384148958 0.051986424203961115
312 2 1093.093093 45.000000 0.62561157384148958 0.051986424203961115
312 3 1093.093093 67.500000 0.62561157384148958 0.051986424203961115
313 0 1096.596597 0.000000 0.62831540981956813 0.052115965965310561
313 1 1096.596597 22.500000 0.62831540981956813 0.052115965965310561
313 2 1096.596597 45.000000 0.62831540981956813 0.052115965965310561
313 3 1096.596597 67.500000 0.62831540981956813 0.052115965965310561
314 0 1100.100100 0.000000 0.63047952389354878 0.051932571103587261
314 1 1100.100100 22.500000 0.63047952389354878 0.051932571103587261
314 2 1100.100100 45.000000 0.63047952389354878 0.051932571103587261
314 3 1100.100100 67.500000 0.63047952389354878 0.051932571103587261
315 0 1103.603604 0.000000 0.63172651615795683 0.051451786561277912
315 1 1103.603604 22.500000 0.63172651615795683 0.051451786561277912
315 2 1103.603604 45.000000 0.63172651615795683 0.051451786561277912
315 3 1103.603604 67.500000 0.63172651615795683 0.051451786561277912
316 0 1107.107107 0.000000 0.63183959985675997 0.050741030554027018
316 1 1107.107107 22.500000 0.63183959985675997 0.050741030554027018
316 2 1107.107107 45.000000 0.63183959985675997 0.050741030554027018
316 3 1107.107107 67.500000 0.63183959985675997 0.050741030554027018
317 0 1110.610611 0.000000 0.63080266383290207 0.049909607230100669
317 1 1110.610611 22.500000 0.63080266383290207 0.049909607230100669
317 2 1110.610611 45.000000 0.63080266383290207 0.049909607230100669
317 3 1110.610611 67.500000 0.63080266383290207 0.049909607230100669
318 0 1114.114114 0.000000 0.6288040169060547 0.049091413259717477
318 1 1114.114114 22.500000 0.6288040169060547 0.049091413259717477
318 2 1114.114114 45.000000 0.6288040169060547 0.049091413259717477
318 3 1114.114114 67.500000 0.6288040169060547 0.049091413259717477
319 0 1117.617618 0.000000 0.62620308267815816 0.048423146200744831
319 1 1117.617618 22.500000 0.62620308267815816 0.048423146200744831
319 2 1117.617618 45.000000 0.62620308267815816 0.048423146200744831
319 3 1117.617618 67.500000 0.62620308267815816 0.048423146200744831
320 0 1121.121121 0.000000 0.62346665499390752 0.048021616200382047
320 1 1121.121121 22.500000 0.62346665499390752 0.048021616200382047
320 2 1121.121121 45.000000 0.62346665499390752 0.048021616200382047
320 3 1121.121121 67.500000 0.62346665499390752 0.048021616200382047
321 0 1124.624625 0.000000 0.62108678468706979 0.047963951092632587
321 1 1124.624625 22.500000 0.62108678468706979 0.047963951092632587
321 2 1124.624625 45.000000 0.62108678468706979 0.047963951092632587
321 3 1124.624625 67.500000 0.62108678468706979 0.047963951092632587
322 0 1128.128128 0.000000 0.61949489783422074 0.04827403451124871
322 1 1128.128128 22.500000 0.61949489783422074 0.04827403451124871
322 2 1128.128128 45.000000 0.61949489783422074 0.04827403451124871
322 3 1128.128128 67.500000 0.61949489783422074 0.04827403451124871
323 0 1131.631632 0.000000 0.61898640785081405 0.04891750007830753
323 1 1131.631632 22.500000 0.61898640785081405 0.04891750007830753
323 2 1131.631632 45.000000 0.61898640785081405 0.04891750007830753
323 3 1131.631632 67.500000 0.61898640785081405 0.04891750007830753
324 0 1135.135135 0.000000 0.61966771266456944 0.049806191467883044
324 1 1135.135135 22.500000 0.61966771266456944 0.049806191467883044
324 2 1135.135135 45.000000 0.61966771266456944 0.049806191467883044
324 3 1135.135135 67.500000 0.61966771266456944 0.049806191467883044
325 0 1138.638639 0.000000 0.62143399003526634 0.05081142567452504
325 1 1138.638639 22.500000 0.62143399003526634 0.05081142567452504
325 2 1138.638639 45.000000 0.62143399003526634 0.05081142567452504
325 3 1138.638639 67.500000 0.62143399003526634 0.05081142567452504
326 0 1142.142142 0.000000 0.62398209401929272 0.051783930425187336
326 1 1142.142142 22.500000 0.62398209401929272 0.051783930425187336
326 2 1142.142142 45.000000 0.62398209401929272 0.051783930425187336
326 3 1142.142142 67.500000 0.62398209401929272 0.051783930425187336
327 0 1145.645646 0.000000 0.6268580927707782 0.052577214269076702
327 1 1145.645646 22.500000 0.6268580927707782 0.052577214269076702
327 2 1145.645646 45.000000 0.6268580927707782 0.052577214269076702
327 3 1145.645646 67.500000 0.6268580927707782 0.052577214269076702
328 0 1149.149149 0.000000 0.62953351243967992 0.053070557648560064
328 1 1149.149149 22.500000 0.62953351243967992 0.053070557648560064
328 2 1149.149149 45.000000 0.62953351243967992 0.053070557648560064
328 3 1149.149149 67.500000 0.62953351243967992 0.053070557648560064
329 0 1152.652653 0.000000 0.63149866067024951 0.053187881425368844
329 1 1152.652653 22.500000 0.63149866067024951 0.053187881425368844
329 2 1152.652653 45.000000 0.63149866067024951 0.053187881425368844
329 3 1152.652653 67.500000 0.63149866067024951 0.053187881425368844
330 0 1156.156156 0.000000 0.63235679476474116 0.052909443626421207
330 1 1156.156156 22.500000 0.63235679476474116 0.052909443626421207
330 2 1156.156156 45.000000 0.63235679476474116 0.052909443626421207
330 3 1156.156156 67.500000 0.63235679476474116 0.052909443626421207
331 0 1159.659660 0.000000 0.63190109170049158 0.05227451680161322
331 1 1159.659660 22.500000 0.63190109170049158 0.05227451680161322
331 2 1159.659660 45.000000 0.63190109170049158 0.05227451680161322
331 3 1159.659660 67.500000 0.63190109170049158 0.05227451680161322
332 0 1163.163163 0.000000 0.63015864237832098 0.051374702369734716
332 1 1163.163163 22.500000 0.63015864237832098 0.051374702369734716
332 2 1163.163163 45.000000 0.63015864237832098 0.051374702369734716
332 3 1163.163163 67.500000 0.63015864237832098 0.051374702369734716
333 0 1166.666667 0.000000 0.62739201776144216 0.050339088620407035
333 1 1166.666667 22.500000 0.62739201776144216 0.050339088620407035
333 2 1166.666667 45.000000 0.62739201776144216 0.050339088620407035
333 3 1166.666667 67.500000 0.62739201776144216 0.050339088620407035
334 0 1170.170170 0.000000 0.62405777901108139 0.049313792486112881
334 1 1170.170170 22.500000 0.62405777901108139 0.049313792486112881
334 2 1170.170170 45.000000 0.62405777901108139 0.049313792486112881
334 3 1170.170170 67.500000 0.62405777901108139 0.049313792486112881
335 0 1173.673674 0.000000 0.62073007126627489 0.048439316763072823
335 1 1173.673674 22.500000 0.62073007126627489 0.048439316763072823
335 2 1173.673674 45.000000 0.62073007126627489 0.048439316763072823
335 3 1173.673674 67.500000 0.62073007126627489 0.048439316763072823
336 0 1177.177177 0.000000 0.61800371120359177 0.047829455902037604
336 1 1177.177177 22.500000 0.61800371120359177 0.047829455902037604
336 2 1177.177177 45.000000 0.61800371120359177 0.047829455902037604
336 3 1177.177177 67.500000 0.61800371120359177 0.047829455902037604
337 0 1180.680681 0.000000 0.61639368002593675 0.047555148788262419
337 1 1180.680681 22.500000 0.61639368002593675 0.047555148788262419
337 2 1180.680681 45.000000 0.61639368002593675 0.047555148788262419
337 3 1180.680681 67.500000 0.61639368002593675 0.047555148788262419
338 0 1184.184184 0.000000 0.6162469533758107 0.047635770013338762
338 1 1184.184184 22.500000 0.6162469533758107 0.047635770013338762
338 2 1184.184184 45.000000 0.6162469533758107 0.047635770013338762
338 3 1184.184184 67.500000 0.6162469533758107 0.047635770013338762
339 0 1187.687688 0.000000 0.61767950747911171 0.04803903454187982
339 1 1187.687688 22.500000 0.61767950747911171 0.04803903454187982
339 2 1187.687688 45.000000 0.61767950747911171 0.04803903454187982
339 3 1187.687688 67.500000 0.61767950747911171 0.04803903454187982
340 0 1191.191191 0.000000 0.62054757393209159 0.048689197018208952
340 1 1191.191191 22.500000 0.62054757393209159 0.048689197018208952
340 2 1191.191191 45.000000 0.62054757393209159 0.048689197018208952
340 3 1191.191191 67.500000 0.62054757393209159 0.048689197018208952
341 0 1194.694695 0.000000 0.62445839336321229 0.04948181820541845
341 1 1194.694695 22.500000 0.62445839336321229 0.04948181820541845
341 2 1194.694695 45.000000 0.62445839336321229 0.04948181820541845
341 3 1194.694695 67.500000 0.62445839336321229 0.04948181820541845
342 0 1198.198198 0.000000 0.62882146487356316 0.050302292575820272
342 1 1198.198198 22.500000 0.62882146487356316 0.050302292575820272
342 2 1198.198198 45.000000 0.62882146487356316 0.050302292575820272
342 3 1198.198198 67.500000 0.62882146487356316 0.050302292575820272
343 0 1201.701702 0.000000 0.63293587464367485 0.051044768578502597
343 1 1201.701702 22.500000 0.63293587464367485 0.051044768578502597
343 2 1201.701702 45.000000 0.63293587464367485 0.051044768578502597
343 3 1201.701702 67.500000 0.63293587464367485 0.051044768578502597
344 0 1205.205205 0.000000 0.63610264781539927 0.05162813994583431
344 1 1205.205205 22.500000 0.63610264781539927 0.05162813994583431
344 2 1205.205205 45.000000 0.63610264781539927 0.05162813994583431
344 3 1205.205205 67.500000 0.63610264781539927 0.05162813994583431
345 0 1208.708709 0.000000 0.63774446362733694 0.05200642708624445
345 1 1208.708709 22.500000 0.63774446362733694 0.05200642708624445
345 2 1208.708709 45.000000 0.63774446362733694 0.05200642708624445
345 3 1208.708709 67.500000 0.63774446362733694 0.05200642708624445
346 0 1212.212212 0.000000 0.63751086093677367 0.052171980548535259
346 1 1212.212212 22.500000 0.63751086093677367 0.052171980548535259
346 2 1212.212212 45.000000 0.63751086093677367 0.052171980548535259
346 3 1212.212212 67.500000 0.63751086093677367 0.052171980548535259
347 0 1215.715716 0.000000 0.63534758359495891 0.052151317567249528
347 1 1215.715716 22.500000 0.63534758359495891 0.052151317567249528
347 2 1215.715716 45.000000 0.63534758359495891 0.052151317567249528
347 3 1215.715716 67.500000 0.63534758359495891 0.052151317567249528
348 0 1219.219219 0.000000 0.63151492446503177 0.051994793783900324
348 1 1219.219219 22.500000 0.63151492446503177 0.051994793783900324
348 2 1219.219219 45.000000 0.63151492446503177 0.051994793783900324
348 3 1219.219219 67.500000 0.63151492446503177 0.051994793783900324
349 0 1222.722723 0.000000 0.62655057037131079 0.051762458994959001
349 1 1222.722723 22.500000 0.62655057037131079 0.051762458994959001
349 2 1222.722723 45.000000 0.62655057037131079 0.051762458994959001
349 3 1222.722723 67.500000 0.62655057037131079 0.051762458994959001
350 0 1226.226226 0.000000 0.62118438193549497 0.051509135734375822
350 1 1226.226226 22.500000 0.62118438193549497 0.051509135734375822
350 2 1226.226226 45.000000 0.62118438193549497 0.051509135734375822
350 3 1226.226226 67.500000 0.62118438193549497 0.051509135734375822
351 0 1229.729730 0.000000 0.61622206717024353 0.051271862959636656
351 1 1229.729730 22.500000 0.61622206717024353 0.051271862959636656
351 2 1229.729730 45.000000 0.61622206717024353 0.051271862959636656
351 3 1229.729730 67.500000 0.61622206717024353 0.051271862959636656
352 0 1233.233233 0.000000 0.61241924611136067 0.051062341565848414
352 1 1233.233233 22.500000 0.61241924611136067 0.051062341565848414
352 2 1233.233233 45.000000 0.61241924611136067 0.051062341565848414
352 3 1233.233233 67.500000 0.61241924611136067 0.051062341565848414
353 0 1236.736737 0.000000 0.61036655277480767 0.050865994004932309
353 1 1236.736737 22.500000 0.61036655277480767 0.050865994004932309
353 2 1236.736737 45.000000 0.61036655277480767 0.050865994004932309
353 3 1236.736737 67.500000 0.61036655277480767 0.050865994004932309
354 0 1240.240240 0.000000 0.61040183510217183 0.050647894845779161
354 1 1240.240240 22.500000 0.61040183510217183 0.050647894845779161
354 2 1240.240240 45.000000 0.61040183510217183 0.050647894845779161
354 3 1240.240240 67.500000 0.61040183510217183 0.050647894845779161
355 0 1243.743744 0.000000 0.61255972301777339 0.050364395672449901
355 1 1243.743744 22.500000 0.61255972301777339 0.050364395672449901
355 2 1243.743744 45.000000 0.61255972301777339 0.050364395672449901
355 3 1243.743744 67.500000 0.61255972301777339 0.050364395672449901
356 0 1247.247247 0.000000 0.61656374001843373 0.049978029270165404
356 1 1247.247247 22.500000 0.61656374001843373 0.049978029270165404
356 2 1247.247247 45.000000 0.61656374001843373 0.049978029270165404
356 3 1247.247247 67.500000 0.61656374001843373 0.049978029270165404
357 0 1250.750751 0.000000 0.62186209463163256 0.049472477936908787
357 1 1250.750751 22.500000 0.62186209463163256 0.049472477936908787
357 2 1250.750751 45.000000 0.62186209463163256 0.049472477936908787
357 3 1250.750751 67.500000 0.62186209463163256 0.049472477936908787
358 0 1254.254254 0.000000 0.62770432659644626 0.048864197288512039
358 1 1254.254254 22.500000 0.62770432659644626 0.048864197288512039
358 2 1254.254254 45.000000 0.62770432659644626 0.048864197288512039
358 3 1254.254254 67.500000 0.62770432659644626 0.048864197288512039
359 0 1257.757758 0.000000 0.63325091597776528 0.04820776043327181
359 1 1257.757758 22.500000 0.63325091597776528 0.04820776043327181
359 2 1257.757758 45.000000 0.63325091597776528 0.04820776043327181
359 3 1257.757758 67.500000 0.63325091597776528 0.04820776043327181
360 0 1261.261261 0.000000 0.63770169371570817 0.047593065953448727
360 1 1261.261261 22.500000 0.63770169371570817 0.047593065953448727
360 2 1261.261261 45.000000 0.63770169371570817 0.047593065953448727
360 3 1261.261261 67.500000 0.63770169371570817 0.047593065953448727
361 0 1264.764765 0.000000 0.64042297757395217 0.047134059930633847
361 1 1264.764765 22.500000 0.64042297757395217 0.047134059930633847
361 2 1264.764765 45.000000 0.64042297757395217 0.047134059930633847
361 3 1264.764765 67.500000 0.64042297757395217 0.047134059930633847
362 0 1268.268268 0.000000 0.64105043844027665 0.046950293876597327
362 1 1268.268268 22.500000 0.64105043844027665 0.046950293876597327
362 2 1268.268268 45.000000 0.64105043844027665 0.046950293876597327
362 3 1268.268268 67.500000 0.64105043844027665 0.046950293876597327
363 0 1271.771772 0.000000 0.63954707423297408 0.04714417162118973
363 1 1271.771772 22.500000 0.63954707423297408 0.04714417162118973
363 2 1271.771772 45.000000 0.63954707423297408 0.04714417162118973
363 3 1271.771772 67.500000 0.63954707423297408 0.04714417162118973
364 0 1275.275275 0.000000 0.6362038418989745 0.04777783559022334
364 1 1275.275275 22.500000 0.6362038418989745 0.04777783559022334
364 2 1275.275275 45.000000 0.6362038418989745 0.04777783559022334
364 3 1275.275275 67.500000 0.6362038418989745 0.04777783559022334
365 0 1278.778779 0.000000 0.63158261157015927 0.048854078438728549
365 1 1278.778779 22.500000 0.63158261157015927 0.048854078438728549
365 2 1278.778779 45.000000 0.63158261157015927 0.048854078438728549
365 3 1278.778779 67.500000 0.63158261157015927 0.048854078438728549
366 0 1282.282282 0.000000 0.626413581087227 0.050305320674147773
366 1 1282.282282 22.500000 0.626413581087227 0.050305320674147773
366 2 1282.282282 45.000000 0.626413581087227 0.050305320674147773
366 3 1282.282282 67.500000 0.626413581087227 0.050305320674147773
367 0 1285.785786 0.000000 0.62146837006709821 0.051993584630287158
367 1 1285.785786 22.500000 0.62146837006709821 0.051993584630287158
367 2 1285.785786 45.000000 0.62146837006709821 0.051993584630287158
367 3 1285.785786 67.500000 0.62146837006709821 0.051993584630287158
368 0 1289.289289 0.000000 0.61743336719543052 0.053722673770305276
368 1 1289.289289 22.500000 0.61743336719543052 0.053722673770305276
368 2 1289.289289 45.000000 0.61743336719543052 0.053722673770305276
368 3 1289.289289 67.500000 0.61743336719543052 0.053722673770305276
369 0 1292.792793 0.000000 0.61480542408297556 0.055261704311560349
369 1 1292.792793 22.500000 0.61480542408297556 0.055261704311560349
369 2 1292.792793 45.000000 0.61480542408297556 0.055261704311560349
369 3 1292.792793 67.500000 0.61480542408297556 0.055261704311560349
370 0 1296.296296 0.000000 0.61382545847997894 0.056377078185945798
370 1 1296.296296 22.500000 0.61382545847997894 0.056377078185945798
370 2 1296.296296 45.000000 0.61382545847997894 0.056377078185945798
370 3 1296.296296 67.500000 0.61382545847997894 0.056377078185945798
371 0 1299.799800 0.000000 0.61445747317044097 0.056868293888232467
371 1 1299.799800 22.500000 0.61445747317044097 0.056868293888232467
371 2 1299.799800 45.000000 0.61445747317044097 0.056868293888232467
371 3 1299.799800 67.500000 0.61445747317044097 0.056868293888232467
372 0 1303.303303 0.000000 0.61641294193959562 0.056601980846876329
372 1 1303.303303 22.500000 0.61641294193959562 0.056601980846876329
372 2 1303.303303 45.000000 0.61641294193959562 0.056601980846876329
372 3 1303.303303 67.500000 0.61641294193959562 0.056601980846876329
373 0 1306.806807 0.000000 0.61921435885615372 0.055538427175831073
373 1 1306.806807 22.500000 0.61921435885615372 0.055538427175831073
373 2 1306.806807 45.000000 0.61921435885615372 0.055538427175831073
373 3 1306.806807 67.500000 0.61921435885615372 0.055538427175831073
374 0 1310.310310 0.000000 0.62228696227564428 0.053745719753961488
374 1 1310.310310 22.500000 0.62228696227564428 0.053745719753961488
374 2 1310.310310 45.000000 0.62228696227564428 0.053745719753961488
374 3 1310.310310 67.500000 0.62228696227564428 0.053745719753961488
375 0 1313.813814 0.000000 0.62506399355768594 0.051398337102512758
375 1 1313.813814 22.500000 0.62506399355768594 0.051398337102512758
375 2 1313.813814 45.000000 0.62506399355768594 0.051398337102512758
375 3 1313.813814 67.500000 0.62506399355768594 0.051398337102512758
376 0 1317.317317 0.000000 0.62708852857282416 0.048759383775964928
376 1 1317.317317 22.500000 0.62708852857282416 0.048759383775964928
376 2 1317.317317 45.000000 0.62708852857282416 0.048759383775964928
376 3 1317.317317 67.500000 0.62708852857282416 0.048759383775964928
377 0 1320.820821 0.000000 0.62809465480201876 0.046148266382627041
377 1 1320.820821 22.500000 0.62809465480201876 0.046148266382627041
377 2 1320.820821 45.000000 0.62809465480201876 0.046148266382627041
377 3 1320.820821 67.500000 0.62809465480201876 0.046148266382627041
378 0 1324.324324 0.000000 0.62805333963155008 0.043898061383171816
378 1 1324.324324 22.500000 0.62805333963155008 0.043898061383171816
378 2 1324.324324 45.000000 0.62805333963155008 0.043898061383171816
378 3 1324.324324 67.500000 0.62805333963155008 0.043898061383171816
379 0 1327.827828 0.000000 0.62717391119619836 0.042308697396298257
379 1 1327.827828 22.500000 0.62717391119619836 0.042308697396298257
379 2 1327.827828 45.000000 0.62717391119619836 0.042308697396298257
379 3 1327.827828 67.500000 0.62717391119619836 0.042308697396298257
380 0 1331.331331 0.000000 0.62585983464394435 0.041603032801506366
380 1 1331.331331 22.500000 0.62585983464394435 0.041603032801506366
380 2 1331.331331 45.000000 0.62585983464394435 0.041603032801506366
380 3 1331.331331 67.500000 0.62585983464394435 0.041603032801506366
381 0 1334.834835 0.000000 0.62462581604304035 0.041892754738910472
381 1 1334.834835 22.500000 0.62462581604304035 0.041892754738910472
381 2 1334.834835 45.000000 0.62462581604304035 0.041892754738910472
381 3 1334.834835 67.500000 0.62462581604304035 0.041892754738910472
382 0 1338.338338 0.000000 0.62399044753127075 0.043159737391391312
382 1 1338.338338 22.500000 0.62399044753127075 0.043159737391391312
382 2 1338.338338 45.000000 0.62399044753127075 0.043159737391391312
382 3 1338.338338 67.500000 0.62399044753127075 0.043159737391391312
383 0 1341.841842 0.000000 0.62436332779184311 0.045256242572888683
383 1 1341.841842 22.500000 0.62436332779184311 0.045256242572888683
383 2 1341.841842 45.000000 0.62436332779184311 0.045256242572888683
383 3 1341.841842 67.500000 0.62436332779184311 0.045256242572888683
384 0 1345.345345 0.000000 0.62594726002192302 0.04792445778132437
384 1 1345.345345 22.500000 0.62594726002192302 0.04792445778132437
384 2 1345.345345 45.000000 0.62594726002192302 0.04792445778132437
384 3 1345.345345 67.500000 0.62594726002192302 0.04792445778132437
385 0 1348.848849 0.000000 0.62867465337239015 0.050832796926536937
385 1 1348.848849 22.500000 0.62867465337239015 0.050832796926536937
385 2 1348.848849 45.000000 0.62867465337239015 0.050832796926536937
385 3 1348.848849 67.500000 0.62867465337239015 0.050832796926536937
386 0 1352.352352 0.000000 0.63219269178303539 0.053623634368425412
386 1 1352.352352 22.500000 0.63219269178303539 0.053623634368425412
386 2 1352.352352 45.000000 0.63219269178303539 0.053623634368425412
386 3 1352.352352 67.500000 0.63219269178303539 0.053623634368425412
387 0 1355.855856 0.000000 0.63590429811777149 0.055965166808648978
387 1 1355.855856 22.500000 0.63590429811777149 0.055965166808648978
387 2 1355.855856 45.000000 0.63590429811777149 0.055965166808648978
387 3 1355.855856 67.500000 0.63590429811777149 0.055965166808648978
388 0 1359.359359 0.000000 0.63906190271680641 0.057599250860515545
388 1 1359.359359 22.500000 0.63906190271680641 0.057599250860515545
388 2 1359.359359 45.000000 0.63906190271680641 0.057599250860515545
388 3 1359.359359 67.500000 0.63906190271680641 0.057599250860515545
389 0 1362.862863 0.000000 0.64089990640897054 0.058377523604252989
389 1 1362.862863 22.500000 0.64089990640897054 0.058377523604252989
389 2 1362.862863 45.000000 0.64089990640897054 0.058377523604252989
389 3 1362.862863 67.500000 0.64089990640897054 0.058377523604252989
390 0 1366.366366 0.000000 0.64078197336098308 0.058279846825836458
390 1 1366.366366 22.500000 0.64078197336098308 0.058279846825836458
390 2 1366.366366 45.000000 0.64078197336098308 0.058279846825836458
390 3 1366.366366 67.500000 0.64078197336098308 0.058279846825836458
391 0 1369.869870 0.000000 0.63833391188430955 0.057411879865899504
391 1 1369.869870 22.500000 0.63833391188430955 0.057411879865899504
391 2 1369.869870 45.000000 0.63833391188430955 0.057411879865899504
391 3 1369.869870 67.500000 0.63833391188430955 0.057411879865899504
392 0 1373.373373 0.000000 0.63353425933766239 0.05598196025276151
392 1 1373.373373 22.500000 0.63353425933766239 0.05598196025276151
392 2 1373.373373 45.000000 0.63353425933766239 0.05598196025276151
392 3 1373.373373 67.500000 0.63353425933766239 0.05598196025276151
393 0 1376.876877 0.000000 0.62674319127320721 0.054260920312840875
393 1 1376.876877 22.500000 0.62674319127320721 0.054260920312840875
393 2 1376.876877 45.000000 0.62674319127320721 0.054260920312840875
393 3 1376.876877 67.500000 0.62674319127320721 0.054260920312840875
394 0 1380.380380 0.000000 0.61866390428703455 0.052531426159872933
394 1 1380.380380 22.500000 0.61866390428703455 0.052531426159872933
394 2 1380.380380 45.000000 0.61866390428703455 0.052531426159872933
394 3 1380.380380 67.500000 0.61866390428703455 0.052531426159872933
395 0 1383.883884 0.000000 0.61024514568564736 0.051035388626341618
395 1 1383.883884 22.500000 0.61024514568564736 0.051035388626341618
395 2 1383.883884 45.000000 0.61024514568564736 0.051035388626341618
395 3 1383.883884 67.500000 0.61024514568564736 0.051035388626341618
396 0 1387.387387 0.000000 0.60254478468391859 0.0499286054121569
396 1 1387.387387 22.500000 0.60254478468391859 0.0499286054121569
396 2 1387.387387 45.000000 0.60254478468391859 0.0499286054121569
396 3 1387.387387 67.500000 0.60254478468391859 0.0499286054121569
397 0 1390.890891 0.000000 0.5965795164008415 0.049250900689425933
397 1 1390.890891 22.500000 0.5965795164008415 0.049250900689425933
397 2 1390.890891 45.000000 0.5965795164008415 0.049250900689425933
397 3 1390.890891 67.500000 0.5965795164008415 0.049250900689425933
398 0 1394.394394 0.000000 0.5931848318429862 0.048917723580658858
398 1 1394.394394 22.500000 0.5931848318429862 0.048917723580658858
398 2 1394.394394 45.000000 0.5931848318429862 0.048917723580658858
398 3 1394.394394 67.500000 0.5931848318429862 0.048917723580658858
399 0 1397.897898 0.000000 0.59290437036878729 0.048735774607168374
399 1 1397.897898 22.500000 0.59290437036878729 0.048735774607168374
399 2 1397.897898 45.000000 0.59290437036878729 0.048735774607168374
399 3 1397.897898 67.500000 0.59290437036878729 0.048735774607168374
400 0 1401.401401 0.000000 0.59592151895411383 0.048441262039799142
400 1 1401.401401 22.500000 0.59592151895411383 0.048441262039799142
400 2 1401.401401 45.000000 0.59592151895411383 0.048441262039799142
400 3 1401.401401 67.500000 0.59592151895411383 0.048441262039799142
401 0 1404.904905 0.000000 0.60204050693970823 0.047755472362072879
401 1 1404.904905 22.500000 0.60204050693970823 0.047755472362072879
401 2 1404.904905 45.000000 0.60204050693970823 0.047755472362072879
401 3 1404.904905 67.500000 0.60204050693970823 0.047755472362072879
402 0 1408.408408 0.000000 0.61071937918045649 0.046449109706212161
402 1 1408.408408 22.500000 0.61071937918045649 0.046449109706212161
402 2 1408.408408 45.000000 0.61071937918045649 0.046449109706212161
402 3 1408.408408 67.500000 0.61071937918045649 0.046449109706212161
403 0 1411.911912 0.000000 0.62115199789597697 0.044404869555780595
403 1 1411.911912 22.500000 0.62115199789597697 0.044404869555780595
403 2 1411.911912 45.000000 0.62115199789597697 0.044404869555780595
403 3 1411.911912 67.500000 0.62115199789597697 0.044404869555780595
404 0 1415.415415 0.000000 0.63238970099848901 0.041667335044375385
404 1 1415.415415 22.500000 0.63238970099848901 0.041667335044375385
404 2 1415.415415 45.000000 0.63238970099848901 0.041667335044375385
404 3 1415.415415 67.500000 0.63238970099848901 0.041667335044375385
405 0 1418.918919 0.000000 0.64348595591235369 0.038470648924559342
405 1 1418.918919 22.500000 0.64348595591235369 0.038470648924559342
405 2 1418.918919 45.000000 0.64348595591235369 0.038470648924559342
405 3 1418.918919 67.500000 0.64348595591235369 0.038470648924559342
406 0 1422.422422 0.000000 0.65364138081408929 0.035237377991494914
406 1 1422.422422 22.500000 0.65364138081408929 0.035237377991494914
406 2 1422.422422 45.000000 0.65364138081408929 0.035237377991494914
406 3 1422.422422 67.500000 0.65364138081408929 0.035237377991494914
407 0 1425.925926 0.000000 0.66232432755113302 0.032546149042418808
407 1 1425.925926 22.500000 0.66232432755113302 0.032546149042418808
407 2 1425.925926 45.000000 0.66232432755113302 0.032546149042418808
407 3 1425.925926 67.500000 0.66232432755113302 0.032546149042418808
408 0 1429.429429 0.000000 0.66934500148900722 0.031070393620448097
408 1 1429.429429 22.500000 0.66934500148900722 0.031070393620448097
408 2 1429.429429 45.000000 0.66934500148900722 0.031070393620448097
408 3 1429.429429 67.500000 0.66934500148900722 0.031070393620448097
409 0 1432.932933 0.000000 0.67486780005529057 0.031495176340128356
409 1 1432.932933 22.500000 0.67486780005529057 0.031495176340128356
409 2 1432.932933 45.000000 0.67486780005529057 0.031495176340128356
409 3 1432.932933 67.500000 0.67486780005529057 0.031495176340128356
410 0 1436.436436 0.000000 0.67935464105416066 0.034422876845227962
410 1 1436.436436 22.500000 0.67935464105416066 0.034422876845227962
410 2 1436.436436 45.000000 0.67935464105416066 0.034422876845227962
410 3 1436.436436 67.500000 0.67935464105416066 0.034422876845227962
411 0 1439.939940 0.000000 0.68343944610225094 0.040280833497445406
411 1 1439.939940 22.500000 0.68343944610225094 0.040280833497445406
411 2 1439.939940 45.000000 0.68343944610225094 0.040280833497445406
411 3 1439.939940 67.500000 0.68343944610225094 0.040280833497445406
412 0 1443.443443 0.000000 0.68774088700726321 0.049244527452174461
412 1 1443.443443 22.500000 0.68774088700726321 0.049244527452174461
412 2 1443.443443 45.000000 0.68774088700726321 0.049244527452174461
412 3 1443.443443 67.500000 0.68774088700726321 0.049244527452174461
413 0 1446.946947 0.000000 0.69262967705876821 0.061188351391207187
413 1 1446.946947 22.500000 0.69262967705876821 0.061188351391207187
413 2 1446.946947 45.000000 0.69262967705876821 0.061188351391207187
413 3 1446.946947 67.500000 0.69262967705876821 0.061188351391207187
414 0 1450.450450 0.000000 0.69798095535476601 0.075672630659343348
414 1 1450.450450 22.500000 0.69798095535476601 0.075672630659343348
414 2 1450.450450 45.000000 0.69798095535476601 0.075672630659343348
414 3 1450.450450 67.500000 0.69798095535476601 0.075672630659343348
415 0 1453.953954 0.000000 0.70296111133139094 0.091970790687285253
415 1 1453.953954 22.500000 0.70296111133139094 0.091970790687285253
415 2 1453.953954 45.000000 0.70296111133139094 0.091970790687285253
415 3 1453.953954 67.500000 0.70296111133139094 0.091970790687285253
416 0 1457.457457 0.000000 0.70591522573118315 0.10913505833336049
416 1 1457.457457 22.500000 0.70591522573118315 0.10913505833336049
416 2 1457.457457 45.000000 0.70591522573118315 0.10913505833336049
416 3 1457.457457 67.500000 0.70591522573118315 0.10913505833336049
417 0 1460.960961 0.000000 0.70442465341526161 0.12609363482741096
417 1 1460.960961 22.500000 0.70442465341526161 0.12609363482741096
417 2 1460.960961 45.000000 0.70442465341526161 0.12609363482741096
417 3 1460.960961 67.500000 0.70442465341526161 0.12609363482741096
418 0 1464.464464 0.000000 0.69558272662714371 0.14176768014460664
418 1 1464.464464 22.500000 0.69558272662714371 0.14176768014460664
418 2 1464.464464 45.000000 0.69558272662714371 0.14176768014460664
418 3 1464.464464 67.500000 0.69558272662714371 0.14176768014460664
419 0 1467.967968 0.000000 0.67648615882387741 0.15519338663905588
419 1 1467.967968 22.500000 0.67648615882387741 0.15519338663905588
419 2 1467.967968 45.000000 0.67648615882387741 0.15519338663905588
419 3 1467.967968 67.500000 0.67648615882387741 0.15519338663905588
420 0 1471.471471 0.000000 0.64486969208225431 0.16563336191787417
420 1 1471.471471 22.500000 0.64486969208225431 0.16563336191787417
420 2 1471.471471 45.000000 0.64486969208225431 0.16563336191787417
420 3 1471.471471 67.500000 0.64486969208225431 0.16563336191787417
421 0 1474.974975 0.000000 0.59974431719459076 0.17266266820590997
421 1 1474.974975 22.500000 0.59974431719459076 0.17266266820590997
421 2 1474.974975 45.000000 0.59974431719459076 0.17266266820590997
421 3 1474.974975 67.500000 0.59974431719459076 0.17266266820590997
422 0 1478.478478 0.000000 0.54186354715324425 0.17621804235973323
422 1 1478.478478 22.500000 0.54186354715324425 0.17621804235973323
422 2 1478.478478 45.000000 0.54186354715324425 0.17621804235973323
422 3 1478.478478 67.500000 0.54186354715324425 0.17621804235973323
423 0 1481.981982 0.000000 0.47386011087963736 0.17660361349633821
423 1 1481.981982 22.500000 0.47386011087963736 0.17660361349633821
423 2 1481.981982 45.000000 0.47386011087963736 0.17660361349633821
423 3 1481.981982 67.500000 0.47386011087963736 0.17660361349633821
424 0 1485.485485 0.000000 0.39997132518142747 0.17445217476653377
424 1 1485.485485 22.500000 0.39997132518142747 0.17445217476653377
424 2 1485.485485 45.000000 0.39997132518142747 0.17445217476653377
424 3 1485.485485 67.500000 0.39997132518142747 0.17445217476653377
425 0 1488.988989 0.000000 0.3253860712518209 0.17064694562658361
425 1 1488.988989 22.500000 0.3253860712518209 0.17064694562658361
425 2 1488.988989 45.000000 0.3253860712518209 0.17064694562658361
425 3 1488.988989 67.500000 0.3253860712518209 0.17064694562658361
426 0 1492.492492 0.000000 0.25536188784543462 0.1662139555556279
426 1 1492.492492 22.500000 0.25536188784543462 0.1662139555556279
426 2 1492.492492 45.000000 0.25536188784543462 0.1662139555556279
426 3 1492.492492 67.500000 0.25536188784543462 0.1662139555556279
427 0 1495.995996 0.000000 0.19433482278447989 0.16219896582550428
427 1 1495.995996 22.500000 0.19433482278447989 0.16219896582550428
427 2 1495.995996 45.000000 0.19433482278447989 0.16219896582550428
427 3 1495.995996 67.500000 0.19433482278447989 0.16219896582550428
428 0 1499.499499 0.000000 0.14524808236484904 0.15954470570474405
428 1 1499.499499 22.500000 0.14524808236484904 0.15954470570474405
428 2 1499.499499 45.000000 0.14524808236484904 0.15954470570474405
428 3 1499.499499 67.500000 0.14524808236484904 0.15954470570474405
429 0 1503.003003 0.000000 0.10925512814836259 0.15898389666204035
429 1 1503.003003 22.500000 0.10925512814836259 0.15898389666204035
429 2 1503.003003 45.000000 0.10925512814836259 0.15898389666204035
429 3 1503.003003 67.500000 0.10925512814836259 0.15898389666204035
430 0 1506.506507 0.000000 0.085834123846576002 0.16096114748964707
430 1 1506.506507 22.500000 0.085834123846576002 0.16096114748964707
430 2 1506.506507 45.000000 0.085834123846576002 0.16096114748964707
430 3 1506.506507 67.500000 0.085834123846576002 0.16096114748964707
431 0 1510.010010 0.000000 0.073227383202669222 0.16559269576949781
431 1 1510.010010 22.500000 0.073227383202669222 0.16559269576949781
431 2 1510.010010 45.000000 0.073227383202669222 0.16559269576949781
431 3 1510.010010 67.500000 0.073227383202669222 0.16559269576949781
432 0 1513.513514 0.000000 0.069035887648727007 0.17266775508484355
432 1 1513.513514 22.500000 0.069035887648727007 0.17266775508484355
432 2 1513.513514 45.000000 0.069035887648727007 0.17266775508484355
432 3 1513.513514 67.500000 0.069035887648727007 0.17266775508484355
433 0 1517.017017 0.000000 0.070781530041557031 0.18168965555378502
433 1 1517.017017 22.500000 0.070781530041557031 0.18168965555378502
433 2 1517.017017 45.000000 0.070781530041557031 0.18168965555378502
433 3 1517.017017 67.500000 0.070781530041557031 0.18168965555378502
434 0 1520.520521 0.000000 0.076297478707887723 0.19194982218506534
434 1 1520.520521 22.500000 0.076297478707887723 0.19194982218506534
434 2 1520.520521 45.000000 0.076297478707887723 0.19194982218506534
434 3 1520.520521 67.500000 0.076297478707887723 0.19194982218506534
435 0 1524.024024 0.000000 0.083893828306105089 0.20262362278702858
435 1 1524.024024 22.500000 0.083893828306105089 0.20262362278702858
435 2 1524.024024 45.000000 0.083893828306105089 0.20262362278702858
435 3 1524.024024 67.500000 0.083893828306105089 0.20262362278702858
436 0 1527.527528 0.000000 0.092333287615362636 0.21287475342633366
436 1 1527.527528 22.500000 0.092333287615362636 0.21287475342633366
436 2 1527.527528 45.000000 0.092333287615362636 0.21287475342633366
436 3 1527.527528 67.500000 0.092333287615362636 0.21287475342633366
437 0 1531.031031 0.000000 0.1007067888988083 0.22195438050076016
437 1 1531.031031 22.500000 0.1007067888988083 0.22195438050076016
437 2 1531.031031 45.000000 0.1007067888988083 0.22195438050076016
437 3 1531.031031 67.500000 0.1007067888988083 0.22195438050076016
438 0 1534.534535 0.000000 0.10830649141505967 0.22928270655257571
438 1 1534.534535 22.500000 0.10830649141505967 0.22928270655257571
438 2 1534.534535 45.000000 0.10830649141505967 0.22928270655257571
438 3 1534.534535 67.500000 0.10830649141505967 0.22928270655257571
439 0 1538.038038 0.000000 0.11456054916948512 0.23450368309287314
439 1 1538.038038 22.500000 0.11456054916948512 0.23450368309287314
439 2 1538.038038 45.000000 0.11456054916948512 0.23450368309287314
439 3 1538.038038 67.500000 0.11456054916948512 0.23450368309287314
440 0 1541.541542 0.000000 0.11904273315148022 0.2375077503486808
440 1 1541.541542 22.500000 0.11904273315148022 0.2375077503486808
440 2 1541.541542 45.000000 0.11904273315148022 0.2375077503486808
440 3 1541.541542 67.500000 0.11904273315148022 0.2375077503486808
441 0 1545.045045 0.000000 0.12152640594054413 0.23842209796453767
441 1 1545.045045 22.500000 0.12152640594054413 0.23842209796453767
441 2 1545.045045 45.000000 0.12152640594054413 0.23842209796453767
441 3 1545.045045 67.500000 0.12152640594054413 0.23842209796453767
442 0 1548.548549 0.000000 0.12203375964286817 0.23757233424808741
442 1 1548.548549 22.500000 0.12203375964286817 0.23757233424808741
442 2 1548.548549 45.000000 0.12203375964286817 0.23757233424808741
442 3 1548.548549 67.500000 0.12203375964286817 0.23757233424808741
443 0 1552.052052 0.000000 0.12084033650058025 0.23542301321098549
443 1 1552.052052 22.500000 0.12084033650058025 0.23542301321098549
443 2 1552.052052 45.000000 0.12084033650058025 0.23542301321098549
443 3 1552.052052 67.500000 0.12084033650058025 0.23542301321098549
444 0 1555.555556 0.000000 0.11842136828715585 0.23250674127615922
444 1 1555.555556 22.500000 0.11842136828715585 0.23250674127615922
444 2 1555.555556 45.000000 0.11842136828715585 0.23250674127615922
444 3 1555.555556 67.500000 0.11842136828715585 0.23250674127615922
445 0 1559.059059 0.000000 0.11535445979788479 0.22935232653752768
445 1 1559.059059 22.500000 0.11535445979788479 0.22935232653752768
445 2 1559.059059 45.000000 0.11535445979788479 0.22935232653752768
445 3 1559.059059 67.500000 0.11535445979788479 0.22935232653752768
446 0 1562.562563 0.000000 0.11220955682366103 0.22642164000433723
446 1 1562.562563 22.500000 0.11220955682366103 0.22642164000433723
446 2 1562.562563 45.000000 0.11220955682366103 0.22642164000433723
446 3 1562.562563 67.500000 0.11220955682366103 0.22642164000433723
447 0 1566.066066 0.000000 0.10945726012825731 0.22406275460142663
447 1 1566.066066 22.500000 0.10945726012825731 0.22406275460142663
447 2 1566.066066 45.000000 0.10945726012825731 0.22406275460142663
447 3 1566.066066 67.500000 0.10945726012825731 0.22406275460142663
448 0 1569.569570 0.000000 0.10741428320863758 0.22248391852636312
448 1 1569.569570 22.500000 0.10741428320863758 0.22248391852636312
448 2 1569.569570 45.000000 0.10741428320863758 0.22248391852636312
448 3 1569.569570 67.500000 0.10741428320863758 0.22248391852636312
449 0 1573.073073 0.000000 0.10622879965529282 0.22174951798060358
449 1 1573.073073 22.500000 0.10622879965529282 0.22174951798060358
449 2 1573.073073 45.000000 0.10622879965529282 0.22174951798060358
449 3 1573.073073 67.500000 0.10622879965529282 0.22174951798060358
450 0 1576.576577 0.000000 0.10589654277335404 0.22179592681574592
450 1 1576.576577 22.500000 0.10589654277335404 0.22179592681574592
450 2 1576.576577 45.000000 0.10589654277335404 0.22179592681574592
450 3 1576.576577 67.500000 0.10589654277335404 0.22179592681574592
451 0 1580.080080 0.000000 0.10629440788199752 0.22246250323820144
451 1 1580.080080 22.500000 0.10629440788199752 0.22246250323820144
451 2 1580.080080 45.000000 0.10629440788199752 0.22246250323820144
451 3 1580.080080 67.500000 0.10629440788199752 0.22246250323820144
452 0 1583.583584 0.000000 0.10722065648174091 0.22353132202164105
452 1 1583.583584 22.500000 0.10722065648174091 0.22353132202164105
452 2 1583.583584 45.000000 0.10722065648174091 0.22353132202164105
452 3 1583.583584 67.500000 0.10722065648174091 0.22353132202164105
453 0 1587.087087 0.000000 0.10843556433940246 0.22476869469736022
453 1 1587.087087 22.500000 0.10843556433940246 0.22476869469736022
453 2 1587.087087 45.000000 0.10843556433940246 0.22476869469736022
453 3 1587.087087 67.500000 0.10843556433940246 0.22476869469736022
454 0 1590.590591 0.000000 0.10969972833103542 0.22596210953443471
454 1 1590.590591 22.500000 0.10969972833103542 0.22596210953443471
454 2 1590.590591 45.000000 0.10969972833103542 0.22596210953443471
454 3 1590.590591 67.500000 0.10969972833103542 0.22596210953443471
455 0 1594.094094 0.000000 0.11080784566816444 0.22694772344861175
455 1 1594.094094 22.500000 0.11080784566816444 0.22694772344861175
455 2 1594.094094 45.000000 0.11080784566816444 0.22694772344861175
455 3 1594.094094 67.500000 0.11080784566816444 0.22694772344861175
456 0 1597.597598 0.000000 0.11161469051374948 0.22762563440952621
456 1 1597.597598 22.500000 0.11161469051374948 0.22762563440952621
456 2 1597.597598 45.000000 0.11161469051374948 0.22762563440952621
456 3 1597.597598 67.500000 0.11161469051374948 0.22762563440952621
457 0 1601.101101 0.000000 0.11204939962733858 0.22796246184950769
457 1 1601.101101 22.500000 0.11204939962733858 0.22796246184950769
457 2 1601.101101 45.000000 0.11204939962733858 0.22796246184950769
457 3 1601.101101 67.500000 0.11204939962733858 0.22796246184950769
458 0 1604.604605 0.000000 0.11211552370185539 0.2279828708395315
458 1 1604.604605 22.500000 0.11211552370185539 0.2279828708395315
458 2 1604.604605 45.000000 0.11211552370185539 0.2279828708395315
458 3 1604.604605 67.500000 0.11211552370185539 0.2279828708395315
459 0 1608.108108 0.000000 0.11187746411261247 0.22775326531749929
459 1 1608.108108 22.500000 0.11187746411261247 0.22775326531749929
459 2 1608.108108 45.000000 0.11187746411261247 0.22775326531749929
459 3 1608.108108 67.500000 0.11187746411261247 0.22775326531749929
460 0 1611.611612 0.000000 0.11143742266108926 0.22736173319565747
460 1 1611.611612 22.500000 0.11143742266108926 0.22736173319565747
460 2 1611.611612 45.000000 0.11143742266108926 0.22736173319565747
460 3 1611.611612 67.500000 0.11143742266108926 0.22736173319565747
461 0 1615.115115 0.000000 0.11090914211789782 0.22689838064941961
461 1 1615.115115 22.500000 0.11090914211789782 0.22689838064941961
461 2 1615.115115 45.000000 0.11090914211789782 0.22689838064941961
461 3 1615.115115 67.500000 0.11090914211789782 0.22689838064941961
462 0 1618.618619 0.000000 0.11039464690648934 0.22643951689512676
462 1 1618.618619 22.500000 0.11039464690648934 0.22643951689512676
462 2 1618.618619 45.000000 0.11039464690648934 0.22643951689512676
462 3 1618.618619 67.500000 0.11039464690648934 0.22643951689512676
463 0 1622.122122 0.000000 0.10996825892214203 0.22603793750453671
463 1 1622.122122 22.500000 0.10996825892214203 0.22603793750453671
463 2 1622.122122 45.000000 0.10996825892214203 0.22603793750453671
463 3 1622.122122 67.500000 0.10996825892214203 0.22603793750453671
464 0 1625.625626 0.000000 0.10966950428157184 0.22572007519871953
464 1 1625.625626 22.500000 0.10966950428157184 0.22572007519871953
464 2 1625.625626 45.000000 0.10966950428157184 0.22572007519871953
464 3 1625.625626 67.500000 0.10966950428157184 0.22572007519871953
465 0 1629.129129 0.000000 0.10950427283822137 0.22548933838213597
465 1 1629.129129 22.500000 0.10950427283822137 0.22548933838213597
465 2 1629.129129 45.000000 0.10950427283822137 0.22548933838213597
465 3 1629.129129 67.500000 0.10950427283822137 0.22548933838213597
466 0 1632.632633 0.000000 0.10945226975660864 0.22533380605169981
466 1 1632.632633 22.500000 0.10945226975660864 0.22533380605169981
466 2 1632.632633 45.000000 0.10945226975660864 0.22533380605169981
466 3 1632.632633 67.500000 0.10945226975660864 0.22533380605169981
467 0 1636.136136 0.000000 0.10947827196215225 0.22523578413480627
467 1 1636.136136 22.500000 0.10947827196215225 0.22523578413480627
467 2 1636.136136 45.000000 0.10947827196215225 0.22523578413480627
467 3 1636.136136 67.500000 0.10947827196215225 0.22523578413480627
468 0 1639.639640 0.000000 0.10954455960829163 0.22518063827973112
468 1 1639.639640 22.500000 0.10954455960829163 0.22518063827973112
468 2 1639.639640 45.000000 0.10954455960829163 0.22518063827973112
468 3 1639.639640 67.500000 0.10954455960829163 0.22518063827973112
469 0 1643.143143 0.000000 0.10962189578371122 0.22516277250540984
469 1 1643.143143 22.500000 0.10962189578371122 0.22516277250540984
469 2 1643.143143 45.000000 0.10962189578371122 0.22516277250540984
469 3 1643.143143 67.500000 0.10962189578371122 0.22516277250540984
470 0 1646.646647 0.000000 0.10969668158537062 0.22518749033577934
470 1 1646.646647 22.500000 0.10969668158537062 0.22518749033577934
470 2 1646.646647 45.000000 0.10969668158537062 0.22518749033577934
470 3 1646.646647 67.500000 0.10969668158537062 0.22518749033577934
471 0 1650.150150 0.000000 0.10977267490835851 0.22526855147075128
471 1 1650.150150 22.500000 0.10977267490835851 0.22526855147075128
471 2 1650.150150 45.000000 0.10977267490835851 0.22526855147075128
471 3 1650.150150 67.500000 0.10977267490835851 0.22526855147075128
472 0 1653.653654 0.000000 0.10986699466111084 0.22542228931584829
472 1 1653.653654 22.500000 0.10986699466111084 0.22542228931584829
472 2 1653.653654 45.000000 0.10986699466111084 0.22542228931584829
472 3 1653.653654 67.500000 0.10986699466111084 0.22542228931584829
473 0 1657.157157 0.000000 0.11000172037089337 0.22565996571127106
473 1 1657.157157 22.500000 0.11000172037089337 0.22565996571127106
473 2 1657.157157 45.000000 0.11000172037089337 0.22565996571127106
473 3 1657.157157 67.500000 0.11000172037089337 0.22565996571127106
474 0 1660.660661 0.000000 0.11019366282409235 0.2259804492682338
474 1 1660.660661 22.500000 0.11019366282409235 0.2259804492682338
474 2 1660.660661 45.000000 0.11019366282409235 0.2259804492682338
474 3 1660.660661 67.500000 0.11019366282409235 0.2259804492682338
475 0 1664.164164 0.000000 0.11044532644790599 0.22636523933437469
475 1 1664.164164 22.500000 0.11044532644790599 0.22636523933437469
475 2 1664.164164 45.000000 0.11044532644790599 0.22636523933437469
475 3 1664.164164 67.500000 0.11044532644790599 0.22636523933437469
476 0 1667.667668 0.000000 0.11073958922143348 0.2267773429974122
476 1 1667.667668 22.500000 0.11073958922143348 0.2267773429974122
476 2 1667.667668 45.000000 0.11073958922143348 0.2267773429974122
476 3 1667.667668 67.500000 0.11073958922143348 0.2267773429974122
477 0 1671.171171 0.000000 0.11103949252214429 0.22716466224823267
477 1 1671.171171 22.500000 0.11103949252214429 0.22716466224823267
477 2 1671.171171 45.000000 0.11103949252214429 0.22716466224823267
477 3 1671.171171 67.500000 0.11103949252214429 0.22716466224823267
478 0 1674.674675 0.000000 0.11129325499958541 0.22746754287027585
478 1 1674.674675 22.500000 0.11129325499958541 0.22746754287027585
478 2 1674.674675 45.000000 0.11129325499958541 0.22746754287027585
478 3 1674.674675 67.500000 0.11129325499958541 0.22746754287027585
479 0 1678.178178 0.000000 0.11144357430167474 0.2276291855127652
479 1 1678.178178 22.500000 0.11144357430167474 0.2276291855127652
479 2 1678.178178 45.000000 0.11144357430167474 0.2276291855127652
479 3 1678.178178 67.500000 0.11144357430167474 0.2276291855127652
480 0 1681.681682 0.000000 0.11143954966069483 0.22760692022304022
480 1 1681.681682 22.500000 0.11143954966069483 0.22760692022304022
480 2 1681.681682 45.000000 0.11143954966069483 0.22760692022304022
480 3 1681.681682 67.500000 0.11143954966069483 0.22760692022304022
481 0 1685.185185 0.000000 0.11124904754188031 0.22738204511251137
481 1 1685.185185 22.500000 0.11124904754188031 0.22738204511251137
481 2 1685.185185 45.000000 0.11124904754188031 0.22738204511251137
481 3 1685.185185 67.500000 0.11124904754188031 0.22738204511251137
482 0 1688.688689 0.000000 0.11086898734935625 0.22696609521727615
482 1 1688.688689 22.500000 0.11086898734935625 0.22696609521727615
482 2 1688.688689 45.000000 0.11086898734935625 0.22696609521727615
482 3 1688.688689 67.500000 0.11086898734935625 0.22696609521727615
483 0 1692.192192 0.000000 0.11033099401508836 0.2264020141562566
483 1 1692.192192 22.500000 0.11033099401508836 0.2264020141562566
483 2 1692.192192 45.000000 0.11033099401508836 0.2264020141562566
483 3 1692.192192 67.500000 0.11033099401508836 0.2264020141562566
484 0 1695.695696 0.000000 0.10970042859182236 0.22575963658448128
484 1 1695.695696 22.500000 0.10970042859182236 0.22575963658448128
484 2 1695.695696 45.000000 0.10970042859182236 0.22575963658448128
484 3 1695.695696 67.500000 0.10970042859182236 0.22575963658448128
485 0 1699.199199 0.000000 0.10906811072552156 0.22512597542985319
485 1 1699.199199 22.500000 0.10906811072552156 0.22512597542985319
485 2 1699.199199 45.000000 0.10906811072552156 0.22512597542985319
485 3 1699.199199 67.500000 0.10906811072552156 0.22512597542985319
486 0 1702.702703 0.000000 0.10853585386641629 0.22459183441423897
486 1 1702.702703 22.500000 0.10853585386641629 0.22459183441423897
486 2 1702.702703 45.000000 0.10853585386641629 0.22459183441423897
486 3 1702.702703 67.500000 0.10853585386641629 0.22459183441423897
487 0 1706.206206 0.000000 0.10819863552721644 0.22423703179675147
487 1 1706.206206 22.500000 0.10819863552721644 0.22423703179675147
487 2 1706.206206 45.000000 0.10819863552721644 0.22423703179675147
487 3 1706.206206 67.500000 0.10819863552721644 0.22423703179675147
488 0 1709.709710 0.000000 0.10812713354889485 0.22411687136988503
488 1 1709.709710 22.500000 0.10812713354889485 0.22411687136988503
488 2 1709.709710 45.000000 0.10812713354889485 0.22411687136988503
488 3 1709.709710 67.500000 0.10812713354889485 0.22411687136988503
489 0 1713.213213 0.000000 0.10835412263638344 0.22425235463027599
489 1 1713.213213 22.500000 0.10835412263638344 0.22425235463027599
489 2 1713.213213 45.000000 0.10835412263638344 0.22425235463027599
489 3 1713.213213 67.500000 0.10835412263638344 0.22425235463027599
490 0 1716.716717 0.000000 0.10886705847538508 0.22462600990423204
490 1 1716.716717 22.500000 0.10886705847538508 0.22462600990423204
490 2 1716.716717 45.000000 0.10886705847538508 0.22462600990423204
490 3 1716.716717 67.500000 0.10886705847538508 0.22462600990423204
491 0 1720.220220 0.000000 0.10960772641040398 0.22518422735860735
491 1 1720.220220 22.500000 0.10960772641040398 0.22518422735860735
491 2 1720.220220 45.000000 0.10960772641040398 0.22518422735860735
491 3 1720.220220 67.500000 0.10960772641040398 0.22518422735860735
492 0 1723.723724 0.000000 0.11047874152550333 0.22584581262233985
492 1 1723.723724 22.500000 0.11047874152550333 0.22584581262233985
492 2 1723.723724 45.000000 0.11047874152550333 0.22584581262233985
492 3 1723.723724 67.500000 0.11047874152550333 0.22584581262233985
493 0 1727.227227 0.000000 0.11135616308387702 0.22651532461922419
493 1 1727.227227 22.500000 0.11135616308387702 0.22651532461922419
493 2 1727.227227 45.000000 0.11135616308387702 0.22651532461922419
493 3 1727.227227 67.500000 0.11135616308387702 0.22651532461922419
494 0 1730.730731 0.000000 0.11210718860475091 0.22709886196884532
494 1 1730.730731 22.500000 0.11210718860475091 0.22709886196884532
494 2 1730.730731 45.000000 0.11210718860475091 0.22709886196884532
494 3 1730.730731 67.500000 0.11210718860475091 0.22709886196884532
495 0 1734.234234 0.000000 0.112611258817958 0.22751948115574716
495 1 1734.234234 22.500000 0.112611258817958 0.22751948115574716
495 2 1734.234234 45.000000 0.112611258817958 0.22751948115574716
495 3 1734.234234 67.500000 0.112611258817958 0.22751948115574716
496 0 1737.737738 0.000000 0.11278169192857086 0.22772946666407071
496 1 1737.737738 22.500000 0.11278169192857086 0.22772946666407071
496 2 1737.737738 45.000000 0.11278169192857086 0.22772946666407071
496 3 1737.737738 67.500000 0.11278169192857086 0.22772946666407071
497 0 1741.241241 0.000000 0.11258360882838996 0.2277172305895756
497 1 1741.241241 22.500000 0.11258360882838996 0.2277172305895756
497 2 1741.241241 45.000000 0.11258360882838996 0.2277172305895756
497 3 1741.241241 67.500000 0.11258360882838996 0.2277172305895756
498 0 1744.744745 0.000000 0.11204338048189302 0.22750760103049561
498 1 1744.744745 22.500000 0.11204338048189302 0.22750760103049561
498 2 1744.744745 45.000000 0.11204338048189302 0.22750760103049561
498 3 1744.744745 67.500000 0.11204338048189302 0.22750760103049561
499 0 1748.248248 0.000000 0.11124601389428089 0.22715548719646866
499 1 1748.248248 22.500000 0.11124601389428089 0.22715548719646866
499 2 1748.248248 45.000000 0.11124601389428089 0.22715548719646866
499 3 1748.248248 67.500000 0.11124601389428089 0.22715548719646866
500 0 1751.751752 0.000000 0.11031989305833127 0.22673415707437944
500 1 1751.751752 22.500000 0.11031989305833127 0.22673415707437944
500 2 1751.751752 45.000000 0.11031989305833127 0.22673415707437944
500 3 1751.751752 67.500000 0.11031989305833127 0.22673415707437944
501 0 1755.255255 0.000000 0.10941212075872915 0.22632039487848293
501 1 1755.255255 22.500000 0.10941212075872915 0.22632039487848293
501 2 1755.255255 45.000000 0.10941212075872915 0.22632039487848293
501 3 1755.255255 67.500000 0.10941212075872915 0.22632039487848293
502 0 1758.758759 0.000000 0.10866069477470171 0.22597942056623652
502 1 1758.758759 22.500000 0.10866069477470171 0.22597942056623652
502 2 1758.758759 45.000000 0.10866069477470171 0.22597942056623652
502 3 1758.758759 67.500000 0.10866069477470171 0.22597942056623652
503 0 1762.262262 0.000000 0.10817045851726056 0.22575252688854869
503 1 1762.262262 22.500000 0.10817045851726056 0.22575252688854869
503 2 1762.262262 45.000000 0.10817045851726056 0.22575252688854869
503 3 1762.262262 67.500000 0.10817045851726056 0.22575252688854869
504 0 1765.765766 0.000000 0.1079978672609947 0.22564989482957348
504 1 1765.765766 22.500000 0.1079978672609947 0.22564989482957348
504 2 1765.765766 45.000000 0.1079978672609947 0.22564989482957348
504 3 1765.765766 67.500000 0.1079978672609947 0.22564989482957348
505 0 1769.269269 0.000000 0.10814615677008142 0.22565006683587457
505 1 1769.269269 22.500000 0.10814615677008142 0.22565006683587457
505 2 1769.269269 45.000000 0.10814615677008142 0.22565006683587457
505 3 1769.269269 67.500000 0.10814615677008142 0.22565006683587457
506 0 1772.772773 0.000000 0.10856932671792878 0.22570626431153556
506 1 1772.772773 22.500000 0.10856932671792878 0.22570626431153556
506 2 1772.772773 45.000000 0.10856932671792878 0.22570626431153556
506 3 1772.772773 67.500000 0.10856932671792878 0.22570626431153556
507 0 1776.276276 0.000000 0.10918196844630151 0.22575837084349598
507 1 1776.276276 22.500000 0.10918196844630151 0.22575837084349598
507 2 1776.276276 45.000000 0.10918196844630151 0.22575837084349598
507 3 1776.276276 67.500000 0.10918196844630151 0.22575837084349598
508 0 1779.779780 0.000000 0.10987263110699767 0.22574822574742695
508 1 1779.779780 22.500000 0.10987263110699767 0.22574822574742695
508 2 1779.779780 45.000000 0.10987263110699767 0.22574822574742695
508 3 1779.779780 67.500000 0.10987263110699767 0.22574822574742695
509 0 1783.283283 0.000000 0.11052000257498569 0.2256351166125472
509 1 1783.283283 22.500000 0.11052000257498569 0.2256351166125472
509 2 1783.283283 45.000000 0.11052000257498569 0.2256351166125472
509 3 1783.283283 67.500000 0.11052000257498569 0.2256351166125472
510 0 1786.786787 0.000000 0.11101196407130692 0.22540818542430943
510 1 1786.786787 22.500000 0.11101196407130692 0.22540818542430943
510 2 1786.786787 45.000000 0.11101196407130692 0.22540818542430943
510 3 1786.786787 67.500000 0.11101196407130692 0.22540818542430943
511 0 1790.290290 0.000000 0.11126648532005097 0.2250929268776688
511 1 1790.290290 22.500000 0.11126648532005097 0.2250929268776688
511 2 1790.290290 45.000000 0.11126648532005097 0.2250929268776688
511 3 1790.290290 67.500000 0.11126648532005097 0.2250929268776688
512 0 1793.793794 0.000000 0.11125077685595737 0.22474999726384537
512 1 1793.793794 22.500000 0.11125077685595737 0.22474999726384537
512 2 1793.793794 45.000000 0.11125077685595737 0.22474999726384537
512 3 1793.793794 67.500000 0.11125077685595737 0.22474999726384537
513 0 1797.297297 0.000000 0.11099287480438366 0.22446599405810325
513 1 1797.297297 22.500000 0.11099287480438366 0.22446599405810325
513 2 1797.297297 45.000000 0.11099287480438366 0.22446599405810325
513 3 1797.297297 67.500000 0.11099287480438366 0.22446599405810325
514 0 1800.800801 0.000000 0.11057991291479666 0.22433745314965983
514 1 1800.800801 22.500000 0.11057991291479666 0.22433745314965983
514 2 1800.800801 45.000000 0.11057991291479666 0.22433745314965983
514 3 1800.800801 67.500000 0.11057991291479666 0.22433745314965983
515 0 1804.304304 0.000000 0.11014060337136802 0.22445074708153503
515 1 1804.304304 22.500000 0.11014060337136802 0.22445074708153503
515 2 1804.304304 45.000000 0.11014060337136802 0.22445074708153503
515 3 1804.304304 67.500000 0.11014060337136802 0.22445074708153503
516 0 1807.807808 0.000000 0.10981486576420346 0.22486157304787208
516 1 1807.807808 22.500000 0.10981486576420346 0.22486157304787208
516 2 1807.807808 45.000000 0.10981486576420346 0.22486157304787208
516 3 1807.807808 67.500000 0.10981486576420346 0.22486157304787208
517 0 1811.311311 0.000000 0.10971860206655985 0.22557808051338624
517 1 1811.311311 22.500000 0.10971860206655985 0.22557808051338624
517 2 1811.311311 45.000000 0.10971860206655985 0.22557808051338624
517 3 1811.311311 67.500000 0.10971860206655985 0.22557808051338624
518 0 1814.814815 0.000000 0.10991374184054903 0.22655130172295834
518 1 1814.814815 22.500000 0.10991374184054903 0.22655130172295834
518 2 1814.814815 45.000000 0.10991374184054903 0.22655130172295834
518 3 1814.814815 67.500000 0.10991374184054903 0.22655130172295834
519 0 1818.318318 0.000000 0.11039177513291572 0.22767544428237477
519 1 1818.318318 22.500000 0.11039177513291572 0.22767544428237477
519 2 1818.318318 45.000000 0.11039177513291572 0.22767544428237477
519 3 1818.318318 67.500000 0.11039177513291572 0.22767544428237477
520 0 1821.821822 0.000000 0.11107409500050439 0.2287989477839158
520 1 1821.821822 22.500000 0.11107409500050439 0.2287989477839158
520 2 1821.821822 45.000000 0.11107409500050439 0.2287989477839158
520 3 1821.821822 67.500000 0.11107409500050439 0.2287989477839158
521 0 1825.325325 0.000000 0.11182713566871716 0.22974527069944761
521 1 1825.325325 22.500000 0.11182713566871716 0.22974527069944761
521 2 1825.325325 45.000000 0.11182713566871716 0.22974527069944761
521 3 1825.325325 67.500000 0.11182713566871716 0.22974527069944761
522 0 1828.828829 0.000000 0.11248700439631959 0.23034049928518135
522 1 1828.828829 22.500000 0.11248700439631959 0.23034049928518135
522 2 1828.828829 45.000000 0.11248700439631959 0.23034049928518135
522 3 1828.828829 67.500000 0.11248700439631959 0.23034049928518135
523 0 1832.332332 0.000000 0.11288801488917131 0.23044340338477221
523 1 1832.332332 22.500000 0.11288801488917131 0.23044340338477221
523 2 1832.332332 45.000000 0.11288801488917131 0.23044340338477221
523 3 1832.332332 67.500000 0.11288801488917131 0.23044340338477221
524 0 1835.835836 0.000000 0.11289122185597816 0.22997279522814618
524 1 1835.835836 22.500000 0.11289122185597816 0.22997279522814618
524 2 1835.835836 45.000000 0.11289122185597816 0.22997279522814618
524 3 1835.835836 67.500000 0.11289122185597816 0.22997279522814618
525 0 1839.339339 0.000000 0.1124106489032435 0.22892715604300456
525 1 1839.339339 22.500000 0.1124106489032435 0.22892715604300456
525 2 1839.339339 45.000000 0.1124106489032435 0.22892715604300456
525 3 1839.339339 67.500000 0.1124106489032435 0.22892715604300456
526 0 1842.842843 0.000000 0.11143485179826351 0.22739251234362012
526 1 1842.842843 22.500000 0.11143485179826351 0.22739251234362012
526 2 1842.842843 45.000000 0.11143485179826351 0.22739251234362012
526 3 1842.842843 67.500000 0.11143485179826351 0.22739251234362012
527 0 1846.346346 0.000000 0.11003994406970086 0.22553633864668099
527 1 1846.346346 22.500000 0.11003994406970086 0.22553633864668099
527 2 1846.346346 45.000000 0.11003994406970086 0.22553633864668099
527 3 1846.346346 67.500000 0.11003994406970086 0.22553633864668099
528 0 1849.849850 0.000000 0.10838903659023659 0.22358755981908959
528 1 1849.849850 22.500000 0.10838903659023659 0.22358755981908959
528 2 1849.849850 45.000000 0.10838903659023659 0.22358755981908959
528 3 1849.849850 67.500000 0.10838903659023659 0.22358755981908959
529 0 1853.353353 0.000000 0.10671428070447705 0.22180514442036159
529 1 1853.353353 22.500000 0.10671428070447705 0.22180514442036159
529 2 1853.353353 45.000000 0.10671428070447705 0.22180514442036159
529 3 1853.353353 67.500000 0.10671428070447705 0.22180514442036159
530 0 1856.856857 0.000000 0.10528200247862639 0.22043989926640953
530 1 1856.856857 22.500000 0.10528200247862639 0.22043989926640953
530 2 1856.856857 45.000000 0.10528200247862639 0.22043989926640953
530 3 1856.856857 67.500000 0.10528200247862639 0.22043989926640953
531 0 1860.360360 0.000000 0.10434719307065082 0.21969550547221908
531 1 1860.360360 22.500000 0.10434719307065082 0.21969550547221908
531 2 1860.360360 45.000000 0.10434719307065082 0.21969550547221908
531 3 1860.360360 67.500000 0.10434719307065082 0.21969550547221908
532 0 1863.863864 0.000000 0.10410784281046899 0.21969528967829105
532 1 1863.863864 22.500000 0.10410784281046899 0.21969528967829105
532 2 1863.863864 45.000000 0.10410784281046899 0.21969528967829105
532 3 1863.863864 67.500000 0.10410784281046899 0.21969528967829105
533 0 1867.367367 0.000000 0.10466973265581515 0.22046057068489497
533 1 1867.367367 22.500000 0.10466973265581515 0.22046057068489497
533 2 1867.367367 45.000000 0.10466973265581515 0.22046057068489497
533 3 1867.367367 67.500000 0.10466973265581515 0.22046057068489497
534 0 1870.870871 0.000000 0.10602810494722906 0.22190471887417268
534 1 1870.870871 22.500000 0.10602810494722906 0.22190471887417268
534 2 1870.870871 45.000000 0.10602810494722906 0.22190471887417268
534 3 1870.870871 67.500000 0.10602810494722906 0.22190471887417268
535 0 1874.374374 0.000000 0.10806659881642303 0.22384455803520081
535 1 1874.374374 22.500000 0.10806659881642303 0.22384455803520081
535 2 1874.374374 45.000000 0.10806659881642303 0.22384455803520081
535 3 1874.374374 67.500000 0.10806659881642303 0.22384455803520081
536 0 1877.877878 0.000000 0.11056961286072171 0.226027824079369
536 1 1877.877878 22.500000 0.11056961286072171 0.226027824079369
536 2 1877.877878 45.000000 0.11056961286072171 0.226027824079369
536 3 1877.877878 67.500000 0.11056961286072171 0.226027824079369
537 0 1881.381381 0.000000 0.11324418155682052 0.22817256127794666
537 1 1881.381381 22.500000 0.11324418155682052 0.22817256127794666
537 2 1881.381381 45.000000 0.11324418155682052 0.22817256127794666
537 3 1881.381381 67.500000 0.11324418155682052 0.22817256127794666
538 0 1884.884885 0.000000 0.11575071748903693 0.23001208300794979
538 1 1884.884885 22.500000 0.11575071748903693 0.23001208300794979
538 2 1884.884885 45.000000 0.11575071748903693 0.23001208300794979
538 3 1884.884885 67.500000 0.11575071748903693 0.23001208300794979
539 0 1888.388388 0.000000 0.11774492959402909 0.23133787346531207
539 1 1888.388388 22.500000 0.11774492959402909 0.23133787346531207
539 2 1888.388388 45.000000 0.11774492959402909 0.23133787346531207
539 3 1888.388388 67.500000 0.11774492959402909 0.23133787346531207
540 0 1891.891892 0.000000 0.11893185368135896 0.2320328290772159
540 1 1891.891892 22.500000 0.11893185368135896 0.2320328290772159
540 2 1891.891892 45.000000 0.11893185368135896 0.2320328290772159
540 3 1891.891892 67.500000 0.11893185368135896 0.2320328290772159
541 0 1895.395395 0.000000 0.11912598710114845 0.23208859553284347
541 1 1895.395395 22.500000 0.11912598710114845 0.23208859553284347
541 2 1895.395395 45.000000 0.11912598710114845 0.23208859553284347
541 3 1895.395395 67.500000 0.11912598710114845 0.23208859553284347
542 0 1898.898899 0.000000 0.11830221422248585 0.23160328189902235
542 1 1898.898899 22.500000 0.11830221422248585 0.23160328189902235
542 2 1898.898899 45.000000 0.11830221422248585 0.23160328189902235
542 3 1898.898899 67.500000 0.11830221422248585 0.23160328189902235
543 0 1902.402402 0.000000 0.11661690698289466 0.23075914922037222
543 1 1902.402402 22.500000 0.11661690698289466 0.23075914922037222
543 2 1902.402402 45.000000 0.11661690698289466 0.23075914922037222
543 3 1902.402402 67.500000 0.11661690698289466 0.23075914922037222
544 0 1905.905906 0.000000 0.11438295347344292 0.22978344230865033
544 1 1905.905906 22.500000 0.11438295347344292 0.22978344230865033
544 2 1905.905906 45.000000 0.11438295347344292 0.22978344230865033
544 3 1905.905906 67.500000 0.11438295347344292 0.22978344230865033
545 0 1909.409409 0.000000 0.11199731782736598 0.22889875195083506
545 1 1909.409409 22.500000 0.11199731782736598 0.22889875195083506
545 2 1909.409409 45.000000 0.11199731782736598 0.22889875195083506
545 3 1909.409409 67.500000 0.11199731782736598 0.22889875195083506
546 0 1912.912913 0.000000 0.10983934951918004 0.22827157969573728
546 1 1912.912913 22.500000 0.10983934951918004 0.22827157969573728
546 2 1912.912913 45.000000 0.10983934951918004 0.22827157969573728
546 3 1912.912913 67.500000 0.10983934951918004 0.22827157969573728
547 0 1916.416416 0.000000 0.10817255979789001 0.22796867597987411
547 1 1916.416416 22.500000 0.10817255979789001 0.22796867597987411
547 2 1916.416416 45.000000 0.10817255979789001 0.22796867597987411
547 3 1916.416416 67.500000 0.10817255979789001 0.22796867597987411
548 0 1919.919920 0.000000 0.10708339054802381 0.22792999393066221
548 1 1919.919920 22.500000 0.10708339054802381 0.22792999393066221
548 2 1919.919920 45.000000 0.10708339054802381 0.22792999393066221
548 3 1919.919920 67.500000 0.10708339054802381 0.22792999393066221
549 0 1923.423423 0.000000 0.1064757911392898 0.22796476932226459
549 1 1923.423423 22.500000 0.1064757911392898 0.22796476932226459
549 2 1923.423423 45.000000 0.1064757911392898 0.22796476932226459
549 3 1923.423423 67.500000 0.1064757911392898 0.22796476932226459
550 0 1926.926927 0.000000 0.10611702871784751 0.22777359998673966
550 1 1926.926927 22.500000 0.10611702871784751 0.22777359998673966
550 2 1926.926927 45.000000 0.10611702871784751 0.22777359998673966
550 3 1926.926927 67.500000 0.10611702871784751 0.22777359998673966
551 0 1930.430430 0.000000 0.10571029910503976 0.22699499282826185
551 1 1930.430430 22.500000 0.10571029910503976 0.22699499282826185
551 2 1930.430430 45.000000 0.10571029910503976 0.22699499282826185
551 3 1930.430430 67.500000 0.10571029910503976 0.22699499282826185
552 0 1933.933934 0.000000 0.10496399444495647 0.2252703728249621
552 1 1933.933934 22.500000 0.10496399444495647 0.2252703728249621
552 2 1933.933934 45.000000 0.10496399444495647 0.2252703728249621
552 3 1933.933934 67.500000 0.10496399444495647 0.2252703728249621
553 0 1937.437437 0.000000 0.10363835064909196 0.22231775942991777
553 1 1937.437437 22.500000 0.10363835064909196 0.22231775942991777
553 2 1937.437437 45.000000 0.10363835064909196 0.22231775942991777
553 3 1937.437437 67.500000 0.10363835064909196 0.22231775942991777
554 0 1940.940941 0.000000 0.10156995249998431 0.21800189664322911
554 1 1940.940941 22.500000 0.10156995249998431 0.21800189664322911
554 2 1940.940941 45.000000 0.10156995249998431 0.21800189664322911
554 3 1940.940941 67.500000 0.10156995249998431 0.21800189664322911
555 0 1944.444444 0.000000 0.09868983200211108 0.2123880732409146
555 1 1944.444444 22.500000 0.09868983200211108 0.2123880732409146
555 2 1944.444444 45.000000 0.09868983200211108 0.2123880732409146
555 3 1944.444444 67.500000 0.09868983200211108 0.2123880732409146
556 0 1947.947948 0.000000 0.095051109054272886 0.2057684107737032
556 1 1947.947948 22.500000 0.095051109054272886 0.2057684107737032
556 2 1947.947948 45.000000 0.095051109054272886 0.2057684107737032
556 3 1947.947948 67.500000 0.095051109054272886 0.2057684107737032
557 0 1951.451451 0.000000 0.090867019250154557 0.19865292114094329
557 1 1951.451451 22.500000 0.090867019250154557 0.19865292114094329
557 2 1951.451451 45.000000 0.090867019250154557 0.19865292114094329
557 3 1951.451451 67.500000 0.090867019250154557 0.19865292114094329
558 0 1954.954955 0.000000 0.086540991431463127 0.19172270529166102
558 1 1954.954955 22.500000 0.086540991431463127 0.19172270529166102
558 2 1954.954955 45.000000 0.086540991431463127 0.19172270529166102
558 3 1954.954955 67.500000 0.086540991431463127 0.19172270529166102
559 0 1958.458458 0.000000 0.082663334947082404 0.18574856595194525
559 1 1958.458458 22.500000 0.082663334947082404 0.18574856595194525
559 2 1958.458458 45.000000 0.082663334947082404 0.18574856595194525
559 3 1958.458458 67.500000 0.082663334947082404 0.18574856595194525
560 0 1961.961962 0.000000 0.079964061811357942 0.18148415019546518
560 1 1961.961962 22.500000 0.079964061811357942 0.18148415019546518
560 2 1961.961962 45.000000 0.079964061811357942 0.18148415019546518
560 3 1961.961962 67.500000 0.079964061811357942 0.18148415019546518
561 0 1965.465465 0.000000 0.07924346453403025 0.17954758938909865
561 1 1965.465465 22.500000 0.07924346453403025 0.17954758938909865
561 2 1965.465465 45.000000 0.07924346453403025 0.17954758938909865
561 3 1965.465465 67.500000 0.07924346453403025 0.17954758938909865
562 0 1968.968969 0.000000 0.081331353598896344 0.18030863530230079
562 1 1968.968969 22.500000 0.081331353598896344 0.18030863530230079
562 2 1968.968969 45.000000 0.081331353598896344 0.18030863530230079
562 3 1968.968969 67.500000 0.081331353598896344 0.18030863530230079
563 0 1972.472472 0.000000 0.087127675904436902 0.18379891256307529
563 1 1972.472472 22.500000 0.087127675904436902 0.18379891256307529
563 2 1972.472472 45.000000 0.087127675904436902 0.18379891256307529
563 3 1972.472472 67.500000 0.087127675904436902 0.18379891256307529
564 0 1975.975976 0.000000 0.097738135838808568 0.18966087394351619
564 1 1975.975976 22.500000 0.097738135838808568 0.18966087394351619
564 2 1975.975976 45.000000 0.097738135838808568 0.18966087394351619
564 3 1975.975976 67.500000 0.097738135838808568 0.18966087394351619
565 0 1979.479479 0.000000 0.11464851576957802 0.19714650964397004
565 1 1979.479479 22.500000 0.11464851576957802 0.19714650964397004
565 2 1979.479479 45.000000 0.11464851576957802 0.19714650964397004
565 3 1979.479479 67.500000 0.11464851576957802 0.19714650964397004
566 0 1982.982983 0.000000 0.13981447491680735 0.20517037130042642
566 1 1982.982983 22.500000 0.13981447491680735 0.20517037130042642
566 2 1982.982983 45.000000 0.13981447491680735 0.20517037130042642
566 3 1982.982983 67.500000 0.13981447491680735 0.20517037130042642
567 0 1986.486486 0.000000 0.17552275068392276 0.21241389811441777
567 1 1986.486486 22.500000 0.17552275068392276 0.21241389811441777
567 2 1986.486486 45.000000 0.17552275068392276 0.21241389811441777
567 3 1986.486486 67.500000 0.17552275068392276 0.21241389811441777
568 0 1989.989990 0.000000 0.22393383412223089 0.21747045392865977
568 1 1989.989990 22.500000 0.22393383412223089 0.21747045392865977
568 2 1989.989990 45.000000 0.22393383412223089 0.21747045392865977
568 3 1989.989990 67.500000 0.22393383412223089 0.21747045392865977
569 0 1993.493493 0.000000 0.28634008744015621 0.21901402671358811
569 1 1993.493493 22.500000 0.28634008744015621 0.21901402671358811
569 2 1993.493493 45.000000 0.28634008744015621 0.21901402671358811
569 3 1993.493493 67.500000 0.28634008744015621 0.21901402671358811
570 0 1996.996997 0.000000 0.36232272582303376 0.21597021155786258
570 1 1996.996997 22.500000 0.36232272582303376 0.21597021155786258
570 2 1996.996997 45.000000 0.36232272582303376 0.21597021155786258
570 3 1996.996997 67.500000 0.36232272582303376 0.21597021155786258
571 0 2000.500501 0.000000 0.44909868048009965 0.20766662324696653
571 1 2000.500501 22.500000 0.44909868048009965 0.20766662324696653
571 2 2000.500501 45.000000 0.44909868048009965 0.20766662324696653
571 3 2000.500501 67.500000 0.44909868048009965 0.20766662324696653
572 0 2004.004004 0.000000 0.54135404204402127 0.19394159655973023
572 1 2004.004004 22.500000 0.54135404204402127 0.19394159655973023
572 2 2004.004004 45.000000 0.54135404204402127 0.19394159655973023
572 3 2004.004004 67.500000 0.54135404204402127 0.19394159655973023
573 0 2007.507508 0.000000 0.63174298994326372 0.17519480399396364
573 1 2007.507508 22.500000 0.63174298994326372 0.17519480399396364
573 2 2007.507508 45.000000 0.63174298994326372 0.17519480399396364
573 3 2007.507508 67.500000 0.63174298994326372 0.17519480399396364
574 0 2011.011011 0.000000 0.7120222609976079 0.15237067032616702
574 1 2011.011011 22.500000 0.7120222609976079 0.15237067032616702
574 2 2011.011011 45.000000 0.7120222609976079 0.15237067032616702
574 3 2011.011011 67.500000 0.7120222609976079 0.15237067032616702
575 0 2014.514515 0.000000 0.77456811590370966 0.12687422987174221
575 1 2014.514515 22.500000 0.77456811590370966 0.12687422987174221
575 2 2014.514515 45.000000 0.77456811590370966 0.12687422987174221
575 3 2014.514515 67.500000 0.77456811590370966 0.12687422987174221
576 0 2018.018018 0.000000 0.81387480048642136 0.10042814722513338
576 1 2018.018018 22.500000 0.81387480048642136 0.10042814722513338
576 2 2018.018018 45.000000 0.81387480048642136 0.10042814722513338
576 3 2018.018018 67.500000 0.81387480048642136 0.10042814722513338
577 0 2021.521522 0.000000 0.82762285479241149 0.074887723293323397
577 1 2021.521522 22.500000 0.82762285479241149 0.074887723293323397
577 2 2021.521522 45.000000 0.82762285479241149 0.074887723293323397
577 3 2021.521522 67.500000 0.82762285479241149 0.074887723293323397
578 0 2025.025025 0.000000 0.81703867368584127 0.052036666766467052
578 1 2025.025025 22.500000 0.81703867368584127 0.052036666766467052
578 2 2025.025025 45.000000 0.81703867368584127 0.052036666766467052
578 3 2025.025025 67.500000 0.81703867368584127 0.052036666766467052
579 0 2028.528529 0.000000 0.78649066301972292 0.033389345456134006
579 1 2028.528529 22.500000 0.78649066301972292 0.033389345456134006
579 2 2028.528529 45.000000 0.78649066301972292 0.033389345456134006
579 3 2028.528529 67.500000 0.78649066301972292 0.033389345456134006
580 0 2032.032032 0.000000 0.74249394202455388 0.020024682280501534
580 1 2032.032032 22.500000 0.74249394202455388 0.020024682280501534
580 2 2032.032032 45.000000 0.74249394202455388 0.020024682280501534
580 3 2032.032032 67.500000 0.74249394202455388 0.020024682280501534
581 0 2035.535536 0.000000 0.69244061970567516 0.012472861832261751
581 1 2035.535536 22.500000 0.69244061970567516 0.012472861832261751
581 2 2035.535536 45.000000 0.69244061970567516 0.012472861832261751
581 3 2035.535536 67.500000 0.69244061970567516 0.012472861832261751
582 0 2039.039039 0.000000 0.64339216587572245 0.010669095474179709
582 1 2039.039039 22.500000 0.64339216587572245 0.010669095474179709
582 2 2039.039039 45.000000 0.64339216587572245 0.010669095474179709
582 3 2039.039039 67.500000 0.64339216587572245 0.010669095474179709
583 0 2042.542543 0.000000 0.60117621395525578 0.013979808365132518
583 1 2042.542543 22.500000 0.60117621395525578 0.013979808365132518
583 2 2042.542543 45.000000 0.60117621395525578 0.013979808365132518
583 3 2042.542543 67.500000 0.60117621395525578 0.013979808365132518
584 0 2046.046046 0.000000 0.56987923441035804 0.021296999968442334
584 1 2046.046046 22.500000 0.56987923441035804 0.021296999968442334
584 2 2046.046046 45.000000 0.56987923441035804 0.021296999968442334
584 3 2046.046046 67.500000 0.56987923441035804 0.021296999968442334
585 0 2049.549550 0.000000 0.55169022578276716 0.031187537171811941
585 1 2049.549550 22.500000 0.55169022578276716 0.031187537171811941
585 2 2049.549550 45.000000 0.55169022578276716 0.031187537171811941
585 3 2049.549550 67.500000 0.55169022578276716 0.031187537171811941
586 0 2053.053053 0.000000 0.54698034712252863 0.042077024574260505
586 1 2053.053053 22.500000 0.54698034712252863 0.042077024574260505
586 2 2053.053053 45.000000 0.54698034712252863 0.042077024574260505
586 3 2053.053053 67.500000 0.54698034712252863 0.042077024574260505
587 0 2056.556557 0.000000 0.55451001118533327 0.05244364663880835
587 1 2056.556557 22.500000 0.55451001118533327 0.05244364663880835
587 2 2056.556557 45.000000 0.55451001118533327 0.05244364663880835
587 3 2056.556557 67.500000 0.55451001118533327 0.05244364663880835
588 0 2060.060060 0.000000 0.57170985006195818 0.06099656337001589
588 1 2060.060060 22.500000 0.57170985006195818 0.06099656337001589
588 2 2060.060060 45.000000 0.57170985006195818 0.06099656337001589
588 3 2060.060060 67.500000 0.57170985006195818 0.06099656337001589
589 0 2063.563564 0.000000 0.59503806430559092 0.066816140526135895
589 1 2063.563564 22.500000 0.59503806430559092 0.066816140526135895
589 2 2063.563564 45.000000 0.59503806430559092 0.066816140526135895
589 3 2063.563564 67.500000 0.59503806430559092 0.066816140526135895
590 0 2067.067067 0.000000 0.62043573926578899 0.069439078030491
590 1 2067.067067 22.500000 0.62043573926578899 0.069439078030491
590 2 2067.067067 45.000000 0.62043573926578899 0.069439078030491
590 3 2067.067067 67.500000 0.62043573926578899 0.069439078030491
591 0 2070.570571 0.000000 0.64387370558027046 0.068879498976761502
591 1 2070.570571 22.500000 0.64387370558027046 0.068879498976761502
591 2 2070.570571 45.000000 0.64387370558027046 0.068879498976761502
591 3 2070.570571 67.500000 0.64387370558027046 0.068879498976761502
592 0 2074.074074 0.000000 0.66192960613877938 0.065586101958562085
592 1 2074.074074 22.500000 0.66192960613877938 0.065586101958562085
592 2 2074.074074 45.000000 0.66192960613877938 0.065586101958562085
592 3 2074.074074 67.500000 0.66192960613877938 0.065586101958562085
593 0 2077.577578 0.000000 0.6722879433409783 0.060344255008298556
593 1 2077.577578 22.500000 0.6722879433409783 0.060344255008298556
593 2 2077.577578 45.000000 0.6722879433409783 0.060344255008298556
593 3 2077.577578 67.500000 0.6722879433409783 0.060344255008298556
594 0 2081.081081 0.000000 0.67404918253971768 0.054139175057127037
594 1 2081.081081 22.500000 0.67404918253971768 0.054139175057127037
594 2 2081.081081 45.000000 0.67404918253971768 0.054139175057127037
594 3 2081.081081 67.500000 0.67404918253971768 0.054139175057127037
595 0 2084.584585 0.000000 0.66777454305764095 0.04800109048749357
595 1 2084.584585 22.500000 0.66777454305764095 0.04800109048749357
595 2 2084.584585 45.000000 0.66777454305764095 0.04800109048749357
595 3 2084.584585 67.500000 0.66777454305764095 0.04800109048749357
596 0 2088.088088 0.000000 0.65526400937079976 0.042854910491510453
596 1 2088.088088 22.500000 0.65526400937079976 0.042854910491510453
596 2 2088.088088 45.000000 0.65526400937079976 0.042854910491510453
596 3 2088.088088 67.500000 0.65526400937079976 0.042854910491510453
597 0 2091.591592 0.000000 0.63913523775946623 0.039395278280622198
597 1 2091.591592 22.500000 0.63913523775946623 0.039395278280622198
597 2 2091.591592 45.000000 0.63913523775946623 0.039395278280622198
597 3 2091.591592 67.500000 0.63913523775946623 0.039395278280622198
598 0 2095.095095 0.000000 0.62231231879089155 0.03800330297215343
598 1 2095.095095 22.500000 0.62231231879089155 0.03800330297215343
598 2 2095.095095 45.000000 0.62231231879089155 0.03800330297215343
598 3 2095.095095 67.500000 0.62231231879089155 0.03800330297215343
599 0 2098.598599 0.000000 0.60753437259962118 0.038714506946644529
599 1 2098.598599 22.500000 0.60753437259962118 0.038714506946644529
599 2 2098.598599 45.000000 0.60753437259962118 0.038714506946644529
599 3 2098.598599 67.500000 0.60753437259962118 0.038714506946644529
600 0 2102.102102 0.000000 0.59696319472472703 0.041239651569489853
600 1 2102.102102 22.500000 0.59696319472472703 0.041239651569489853
600 2 2102.102102 45.000000 0.59696319472472703 0.041239651569489853
600 3 2102.102102 67.500000 0.59696319472472703 0.041239651569489853
601 0 2105.605606 0.000000 0.59192734288255477 0.045032309544148968
601 1 2105.605606 22.500000 0.59192734288255477 0.045032309544148968
601 2 2105.605606 45.000000 0.59192734288255477 0.045032309544148968
601 3 2105.605606 67.500000 0.59192734288255477 0.045032309544148968
602 0 2109.109109 0.000000 0.59280711797008856 0.049390485162800618
602 1 2109.109109 22.500000 0.59280711797008856 0.049390485162800618
602 2 2109.109109 45.000000 0.59280711797008856 0.049390485162800618
602 3 2109.109109 67.500000 0.59280711797008856 0.049390485162800618
603 0 2112.612613 0.000000 0.59904970497904186 0.053575174866571144
603 1 2112.612613 22.500000 0.59904970497904186 0.053575174866571144
603 2 2112.612613 45.000000 0.59904970497904186 0.053575174866571144
603 3 2112.612613 67.500000 0.59904970497904186 0.053575174866571144
604 0 2116.116116 0.000000 0.60930177967402066 0.056927088259548543
604 1 2116.116116 22.500000 0.60930177967402066 0.056927088259548543
604 2 2116.116116 45.000000 0.60930177967402066 0.056927088259548543
604 3 2116.116116 67.500000 0.60930177967402066 0.056927088259548543
605 0 2119.619620 0.000000 0.62164621868447667 0.058963962664721731
605 1 2119.619620 22.500000 0.62164621868447667 0.058963962664721731
605 2 2119.619620 45.000000 0.62164621868447667 0.058963962664721731
605 3 2119.619620 67.500000 0.62164621868447667 0.058963962664721731
606 0 2123.123123 0.000000 0.63392040864606869 0.059444710800950262
606 1 2123.123123 22.500000 0.63392040864606869 0.059444710800950262
606 2 2123.123123 45.000000 0.63392040864606869 0.059444710800950262
606 3 2123.123123 67.500000 0.63392040864606869 0.059444710800950262
607 0 2126.626627 0.000000 0.64407540454763901 0.058392366185547613
607 1 2126.626627 22.500000 0.64407540454763901 0.058392366185547613
607 2 2126.626627 45.000000 0.64407540454763901 0.058392366185547613
607 3 2126.626627 67.500000 0.64407540454763901 0.058392366185547613
608 0 2130.130130 0.000000 0.65051666728747093 0.05607449020507066
608 1 2130.130130 22.500000 0.65051666728747093 0.05607449020507066
608 2 2130.130130 45.000000 0.65051666728747093 0.05607449020507066
608 3 2130.130130 67.500000 0.65051666728747093 0.05607449020507066
609 0 2133.633634 0.000000 0.65236064605772026 0.052946317486812819
609 1 2133.633634 22.500000 0.65236064605772026 0.052946317486812819
609 2 2133.633634 45.000000 0.65236064605772026 0.052946317486812819
609 3 2133.633634 67.500000 0.65236064605772026 0.052946317486812819
610 0 2137.137137 0.000000 0.64955479260002069 0.049567430934885179
610 1 2137.137137 22.500000 0.64955479260002069 0.049567430934885179
610 2 2137.137137 45.000000 0.64955479260002069 0.049567430934885179
610 3 2137.137137 67.500000 0.64955479260002069 0.049567430934885179
611 0 2140.640641 0.000000 0.64283969596987811 0.046506367149487832
611 1 2140.640641 22.500000 0.64283969596987811 0.046506367149487832
611 2 2140.640641 45.000000 0.64283969596987811 0.046506367149487832
611 3 2140.640641 67.500000 0.64283969596987811 0.046506367149487832
612 0 2144.144144 0.000000 0.63356995116384107 0.044248771875389947
612 1 2144.144144 22.500000 0.63356995116384107 0.044248771875389947
612 2 2144.144144 45.000000 0.63356995116384107 0.044248771875389947
612 3 2144.144144 67.500000 0.63356995116384107 0.044248771875389947
613 0 2147.647648 0.000000 0.62344112008589492 0.043123456118193244
613 1 2147.647648 22.500000 0.62344112008589492 0.043123456118193244
613 2 2147.647648 45.000000 0.62344112008589492 0.043123456118193244
613 3 2147.647648 67.500000 0.62344112008589492 0.043123456118193244
614 0 2151.151151 0.000000 0.61418391232572511 0.043257239713677738
614 1 2151.151151 22.500000 0.61418391232572511 0.043257239713677738
614 2 2151.151151 45.000000 0.61418391232572511 0.043257239713677738
614 3 2151.151151 67.500000 0.61418391232572511 0.043257239713677738
615 0 2154.654655 0.000000 0.60728224686036014 0.044564436148618304
615 1 2154.654655 22.500000 0.60728224686036014 0.044564436148618304
615 2 2154.654655 45.000000 0.60728224686036014 0.044564436148618304
615 3 2154.654655 67.500000 0.60728224686036014 0.044564436148618304
616 0 2158.158158 0.000000 0.60375565950286036 0.046771080283093985
616 1 2158.158158 22.500000 0.60375565950286036 0.046771080283093985
616 2 2158.158158 45.000000 0.60375565950286036 0.046771080283093985
616 3 2158.158158 67.500000 0.60375565950286036 0.046771080283093985
617 0 2161.661662 0.000000 0.60402800522939115 0.049468463098806231
617 1 2161.661662 22.500000 0.60402800522939115 0.049468463098806231
617 2 2161.661662 45.000000 0.60402800522939115 0.049468463098806231
617 3 2161.661662 67.500000 0.60402800522939115 0.049468463098806231
618 0 2165.165165 0.000000 0.60789025992146195 0.052186082685212125
618 1 2165.165165 22.500000 0.60789025992146195 0.052186082685212125
618 2 2165.165165 45.000000 0.60789025992146195 0.052186082685212125
618 3 2165.165165 67.500000 0.60789025992146195 0.052186082685212125
619 0 2168.668669 0.000000 0.61455645295629191 0.054471415631472002
619 1 2168.668669 22.500000 0.61455645295629191 0.054471415631472002
619 2 2168.668669 45.000000 0.61455645295629191 0.054471415631472002
619 3 2168.668669 67.500000 0.61455645295629191 0.054471415631472002
620 0 2172.172172 0.000000 0.6228047980127005 0.055963325004856845
620 1 2172.172172 22.500000 0.6228047980127005 0.055963325004856845
620 2 2172.172172 45.000000 0.6228047980127005 0.055963325004856845
620 3 2172.172172 67.500000 0.6228047980127005 0.055963325004856845
621 0 2175.675676 0.000000 0.63118679902909292 0.056447468348091882
621 1 2175.675676 22.500000 0.63118679902909292 0.056447468348091882
621 2 2175.675676 45.000000 0.63118679902909292 0.056447468348091882
621 3 2175.675676 67.500000 0.63118679902909292 0.056447468348091882
622 0 2179.179179 0.000000 0.63827472179422662 0.055885428696296785
622 1 2179.179179 22.500000 0.63827472179422662 0.055885428696296785
622 2 2179.179179 45.000000 0.63827472179422662 0.055885428696296785
622 3 2179.179179 67.500000 0.63827472179422662 0.055885428696296785
623 0 2182.682683 0.000000 0.64290618377938047 0.054413861448352439
623 1 2182.682683 22.500000 0.64290618377938047 0.054413861448352439
623 2 2182.682683 45.000000 0.64290618377938047 0.054413861448352439
623 3 2182.682683 67.500000 0.64290618377938047 0.054413861448352439
624 0 2186.186186 0.000000 0.64438001621352936 0.052314953600737311
624 1 2186.186186 22.500000 0.64438001621352936 0.052314953600737311
624 2 2186.186186 45.000000 0.64438001621352936 0.052314953600737311
624 3 2186.186186 67.500000 0.64438001621352936 0.052314953600737311
625 0 2189.689690 0.000000 0.64256466357575648 0.049964108227411055
625 1 2189.689690 22.500000 0.64256466357575648 0.049964108227411055
625 2 2189.689690 45.000000 0.64256466357575648 0.049964108227411055
625 3 2189.689690 67.500000 0.64256466357575648 0.049964108227411055
626 0 2193.193193 0.000000 0.63789896765615328 0.047764263497888093
626 1 2193.193193 22.500000 0.63789896765615328 0.047764263497888093
626 2 2193.193193 45.000000 0.63789896765615328 0.047764263497888093
626 3 2193.193193 67.500000 0.63789896765615328 0.047764263497888093
627 0 2196.696697 0.000000 0.63128966393027075 0.04607810300765311
627 1 2196.696697 22.500000 0.63128966393027075 0.04607810300765311
627 2 2196.696697 45.000000 0.63128966393027075 0.04607810300765311
627 3 2196.696697 67.500000 0.63128966393027075 0.04607810300765311
628 0 2200.200200 0.000000 0.62393206209380847 0.045169366764428634
628 1 2200.200200 22.500000 0.62393206209380847 0.045169366764428634
628 2 2200.200200 45.000000 0.62393206209380847 0.045169366764428634
628 3 2200.200200 67.500000 0.62393206209380847 0.045169366764428634
629 0 2203.703704 0.000000 0.61709337998558789 0.045162598282426331
629 1 2203.703704 22.500000 0.61709337998558789 0.045162598282426331
629 2 2203.703704 45.000000 0.61709337998558789 0.045162598282426331
629 3 2203.703704 67.500000 0.61709337998558789 0.045162598282426331
630 0 2207.207207 0.000000 0.61189972608012244 0.046027325603765101
630 1 2207.207207 22.500000 0.61189972608012244 0.046027325603765101
630 2 2207.207207 45.000000 0.61189972608012244 0.046027325603765101
630 3 2207.207207 67.500000 0.61189972608012244 0.046027325603765101
631 0 2210.710711 0.000000 0.60916030306709579 0.047588462456965533
631 1 2210.710711 22.500000 0.60916030306709579 0.047588462456965533
631 2 2210.710711 45.000000 0.60916030306709579 0.047588462456965533
631 3 2210.710711 67.500000 0.60916030306709579 0.047588462456965533
632 0 2214.214214 0.000000 0.60925113576137846 0.049560344792328966
632 1 2214.214214 22.500000 0.60925113576137846 0.049560344792328966
632 2 2214.214214 45.000000 0.60925113576137846 0.049560344792328966
632 3 2214.214214 67.500000 0.60925113576137846 0.049560344792328966
633 0 2217.717718 0.000000 0.61206993097530538 0.051598007342860505
633 1 2217.717718 22.500000 0.61206993097530538 0.051598007342860505
633 2 2217.717718 45.000000 0.61206993097530538 0.051598007342860505
633 3 2217.717718 67.500000 0.61206993097530538 0.051598007342860505
634 0 2221.221221 0.000000 0.6170651184905046 0.05335666212391138
634 1 2221.221221 22.500000 0.6170651184905046 0.05335666212391138
634 2 2221.221221 45.000000 0.6170651184905046 0.05335666212391138
634 3 2221.221221 67.500000 0.6170651184905046 0.05335666212391138
635 0 2224.724725 0.000000 0.62333451456281863 0.054549265086996784
635 1 2224.724725 22.500000 0.62333451456281863 0.054549265086996784
635 2 2224.724725 45.000000 0.62333451456281863 0.054549265086996784
635 3 2224.724725 67.500000 0.62333451456281863 0.054549265086996784
636 0 2228.228228 0.000000 0.62978048034903389 0.054992679792799495
636 1 2228.228228 22.500000 0.62978048034903389 0.054992679792799495
636 2 2228.228228 45.000000 0.62978048034903389 0.054992679792799495
636 3 2228.228228 67.500000 0.62978048034903389 0.054992679792799495
637 0 2231.731732 0.000000 0.63529864280947546 0.054635117089144522
637 1 2231.731732 22.500000 0.63529864280947546 0.054635117089144522
637 2 2231.731732 45.000000 0.63529864280947546 0.054635117089144522
637 3 2231.731732 67.500000 0.63529864280947546 0.054635117089144522
638 0 2235.235235 0.000000 0.63896857612326097 0.053560846492562139
638 1 2235.235235 22.500000 0.63896857612326097 0.053560846492562139
638 2 2235.235235 45.000000 0.63896857612326097 0.053560846492562139
638 3 2235.235235 67.500000 0.63896857612326097 0.053560846492562139
639 0 2238.738739 0.000000 0.64021126841338394 0.051972059688554756
639 1 2238.738739 22.500000 0.64021126841338394 0.051972059688554756
639 2 2238.738739 45.000000 0.64021126841338394 0.051972059688554756
639 3 2238.738739 67.500000 0.64021126841338394 0.051972059688554756
640 0 2242.242242 0.000000 0.63888284713714316 0.050151562603855643
640 1 2242.242242 22.500000 0.63888284713714316 0.050151562603855643
640 2 2242.242242 45.000000 0.63888284713714316 0.050151562603855643
640 3 2242.242242 67.500000 0.63888284713714316 0.050151562603855643
641 0 2245.745746 0.000000 0.63528699570645331 0.048413055059103316
641 1 2245.745746 22.500000 0.63528699570645331 0.048413055059103316
641 2 2245.745746 45.000000 0.63528699570645331 0.048413055059103316
641 3 2245.745746 67.500000 0.63528699570645331 0.048413055059103316
642 0 2249.249249 0.000000 0.63010627703927491 0.047047635202893706
642 1 2249.249249 22.500000 0.63010627703927491 0.047047635202893706
642 2 2249.249249 45.000000 0.63010627703927491 0.047047635202893706
642 3 2249.249249 67.500000 0.63010627703927491 0.047047635202893706
643 0 2252.752753 0.000000 0.62426961817992443 0.046275560359677809
643 1 2252.752753 22.500000 0.62426961817992443 0.046275560359677809
643 2 2252.752753 45.000000 0.62426961817992443 0.046275560359677809
643 3 2252.752753 67.500000 0.62426961817992443 0.046275560359677809
644 0 2256.256256 0.000000 0.6187844827026675 0.046211179560417884
644 1 2256.256256 22.500000 0.6187844827026675 0.046211179560417884
644 2 2256.256256 45.000000 0.6187844827026675 0.046211179560417884
644 3 2256.256256 67.500000 0.6187844827026675 0.046211179560417884
645 0 2259.759760 0.000000 0.61456549867109322 0.046846549520228889
645 1 2259.759760 22.500000 0.61456549867109322 0.046846549520228889
645 2 2259.759760 45.000000 0.61456549867109322 0.046846549520228889
645 3 2259.759760 67.500000 0.61456549867109322 0.046846549520228889
646 0 2263.263263 0.000000 0.61228757134974721 0.048055986527862096
646 1 2263.263263 22.500000 0.61228757134974721 0.048055986527862096
646 2 2263.263263 45.000000 0.61228757134974721 0.048055986527862096
646 3 2263.263263 67.500000 0.61228757134974721 0.048055986527862096
647 0 2266.766767 0.000000 0.61228391985336617 0.049620254357947452
647 1 2266.766767 22.500000 0.61228391985336617 0.049620254357947452
647 2 2266.766767 45.000000 0.61228391985336617 0.049620254357947452
647 3 2266.766767 67.500000 0.61228391985336617 0.049620254357947452
648 0 2270.270270 0.000000 0.6145011340771892 0.051265840770405191
648 1 2270.270270 22.500000 0.6145011340771892 0.051265840770405191
648 2 2270.270270 45.000000 0.6145011340771892 0.051265840770405191
648 3 2270.270270 67.500000 0.6145011340771892 0.051265840770405191
649 0 2273.773774 0.000000 0.61851572677253674 0.052712365502089048
649 1 2273.773774 22.500000 0.61851572677253674 0.052712365502089048
649 2 2273.773774 45.000000 0.61851572677253674 0.052712365502089048
649 3 2273.773774 67.500000 0.61851572677253674 0.052712365502089048
650 0 2277.277277 0.000000 0.62360944106383298 0.053719972238990471
650 1 2277.277277 22.500000 0.62360944106383298 0.053719972238990471
650 2 2277.277277 45.000000 0.62360944106383298 0.053719972238990471
650 3 2277.277277 67.500000 0.62360944106383298 0.053719972238990471
651 0 2280.780781 0.000000 0.62889284227820397 0.054128755640525841
651 1 2280.780781 22.500000 0.62889284227820397 0.054128755640525841
651 2 2280.780781 45.000000 0.62889284227820397 0.054128755640525841
651 3 2280.780781 67.500000 0.62889284227820397 0.054128755640525841
652 0 2284.284284 0.000000 0.63345849524417341 0.053883796761008476
652 1 2284.284284 22.500000 0.63345849524417341 0.053883796761008476
652 2 2284.284284 45.000000 0.63345849524417341 0.053883796761008476
652 3 2284.284284 67.500000 0.63345849524417341 0.053883796761008476
653 0 2287.787788 0.000000 0.63653803045000512 0.053041941857937092
653 1 2287.787788 22.500000 0.63653803045000512 0.053041941857937092
653 2 2287.787788 45.000000 0.63653803045000512 0.053041941857937092
653 3 2287.787788 67.500000 0.63653803045000512 0.053041941857937092
654 0 2291.291291 0.000000 0.63763445090952053 0.051759609356102493
654 1 2291.291291 22.500000 0.63763445090952053 0.051759609356102493
654 2 2291.291291 45.000000 0.63763445090952053 0.051759609356102493
654 3 2291.291291 67.500000 0.63763445090952053 0.051759609356102493
655 0 2294.794795 0.000000 0.63660440618173253 0.050264108235029095
655 1 2294.794795 22.500000 0.63660440618173253 0.050264108235029095
655 2 2294.794795 45.000000 0.63660440618173253 0.050264108235029095
655 3 2294.794795 67.500000 0.63660440618173253 0.050264108235029095
656 0 2298.298298 0.000000 0.63367502210906967 0.048813662486686463
656 1 2298.298298 22.500000 0.63367502210906967 0.048813662486686463
656 2 2298.298298 45.000000 0.63367502210906967 0.048813662486686463
656 3 2298.298298 67.500000 0.63367502210906967 0.048813662486686463
657 0 2301.801802 0.000000 0.62939377262426244 0.047653117550986043
657 1 2301.801802 22.500000 0.62939377262426244 0.047653117550986043
657 2 2301.801802 45.000000 0.62939377262426244 0.047653117550986043
657 3 2301.801802 67.500000 0.62939377262426244 0.047653117550986043
658 0 2305.305305 0.000000 0.62452369948778363 0.046972877585305092
658 1 2305.305305 22.500000 0.62452369948778363 0.046972877585305092
658 2 2305.305305 45.000000 0.62452369948778363 0.046972877585305092
658 3 2305.305305 67.500000 0.62452369948778363 0.046972877585305092
659 0 2308.808809 0.000000 0.61990610544005154 0.046877916715026488
659 1 2308.808809 22.500000 0.61990610544005154 0.046877916715026488
659 2 2308.808809 45.000000 0.61990610544005154 0.046877916715026488
659 3 2308.808809 67.500000 0.61990610544005154 0.046877916715026488
660 0 2312.312312 0.000000 0.61631661375207691 0.047371868058112637
660 1 2312.312312 22.500000 0.61631661375207691 0.047371868058112637
660 2 2312.312312 45.000000 0.61631661375207691 0.047371868058112637
660 3 2312.312312 67.500000 0.61631661375207691 0.047371868058112637
661 0 2315.815816 0.000000 0.61433859022583226 0.048358553114805664
661 1 2315.815816 22.500000 0.61433859022583226 0.048358553114805664
661 2 2315.815816 45.000000 0.61433859022583226 0.048358553114805664
661 3 2315.815816 67.500000 0.61433859022583226 0.048358553114805664
662 0 2319.319319 0.000000 0.61427244219813615 0.049660330439897427
662 1 2319.319319 22.500000 0.61427244219813615 0.049660330439897427
662 2 2319.319319 45.000000 0.61427244219813615 0.049660330439897427
662 3 2319.319319 67.500000 0.61427244219813615 0.049660330439897427
663 0 2322.822823 0.000000 0.61609254370772792 0.051049823955242477
663 1 2322.822823 22.500000 0.61609254370772792 0.051049823955242477
663 2 2322.822823 45.000000 0.61609254370772792 0.051049823955242477
663 3 2322.822823 67.500000 0.61609254370772792 0.051049823955242477
664 0 2326.326326 0.000000 0.61945679137537446 0.052289407704225938
664 1 2326.326326 22.500000 0.61945679137537446 0.052289407704225938
664 2 2326.326326 45.000000 0.61945679137537446 0.052289407704225938
664 3 2326.326326 67.500000 0.61945679137537446 0.052289407704225938
665 0 2329.829830 0.000000 0.62376713765321756 0.05317162952326572
665 1 2329.829830 22.500000 0.62376713765321756 0.05317162952326572
665 2 2329.829830 45.000000 0.62376713765321756 0.05317162952326572
665 3 2329.829830 67.500000 0.62376713765321756 0.05317162952326572
666 0 2333.333333 0.000000 0.62827245426271849 0.053553732420805716
666 1 2333.333333 22.500000 0.62827245426271849 0.053553732420805716
666 2 2333.333333 45.000000 0.62827245426271849 0.053553732420805716
666 3 2333.333333 67.500000 0.62827245426271849 0.053553732420805716
667 0 2336.836837 0.000000 0.63219793141532798 0.053380560857880011
667 1 2336.836837 22.500000 0.63219793141532798 0.053380560857880011
667 2 2336.836837 45.000000 0.63219793141532798 0.053380560857880011
667 3 2336.836837 67.500000 0.63219793141532798 0.053380560857880011
668 0 2340.340340 0.000000 0.6348792902104311 0.052692207936515634
668 1 2340.340340 22.500000 0.6348792902104311 0.052692207936515634
668 2 2340.340340 45.000000 0.6348792902104311 0.052692207936515634
668 3 2340.340340 67.500000 0.6348792902104311 0.052692207936515634
669 0 2343.843844 0.000000 0.63587753648051482 0.051615402996853479
669 1 2343.843844 22.500000 0.63587753648051482 0.051615402996853479
669 2 2343.843844 45.000000 0.63587753648051482 0.051615402996853479
669 3 2343.843844 67.500000 0.63587753648051482 0.051615402996853479
670 0 2347.347347 0.000000 0.63505258338587567 0.050340401730032791
670 1 2347.347347 22.500000 0.63505258338587567 0.050340401730032791
670 2 2347.347347 45.000000 0.63505258338587567 0.050340401730032791
670 3 2347.347347 67.500000 0.63505258338587567 0.050340401730032791
671 0 2350.850851 0.000000 0.63258199207035049 0.049087555341919359
671 1 2350.850851 22.500000 0.63258199207035049 0.049087555341919359
671 2 2350.850851 45.000000 0.63258199207035049 0.049087555341919359
671 3 2350.850851 67.500000 0.63258199207035049 0.049087555341919359
672 0 2354.354354 0.000000 0.62892247204227947 0.048069401257304245
672 1 2354.354354 22.500000 0.62892247204227947 0.048069401257304245
672 2 2354.354354 45.000000 0.62892247204227947 0.048069401257304245
672 3 2354.354354 67.500000 0.62892247204227947 0.048069401257304245
673 0 2357.857858 0.000000 0.62472342323733554 0.047454768125478788
673 1 2357.857858 22.500000 0.62472342323733554 0.047454768125478788
673 2 2357.857858 45.000000 0.62472342323733554 0.047454768125478788
673 3 2357.857858 67.500000 0.62472342323733554 0.047454768125478788
674 0 2361.361361 0.000000 0.62071049088209407 0.047340930950058549
674 1 2361.361361 22.500000 0.62071049088209407 0.047340930950058549
674 2 2361.361361 45.000000 0.62071049088209407 0.047340930950058549
674 3 2361.361361 67.500000 0.62071049088209407 0.047340930950058549
675 0 2364.864865 0.000000 0.61756099736656733 0.047738384529414479
675 1 2364.864865 22.500000 0.61756099736656733 0.047738384529414479
675 2 2364.864865 45.000000 0.61756099736656733 0.047738384529414479
675 3 2364.864865 67.500000 0.61756099736656733 0.047738384529414479
676 0 2368.368368 0.000000 0.6157922576269439 0.04857059014778066
676 1 2368.368368 22.500000 0.6157922576269439 0.04857059014778066
676 2 2368.368368 45.000000 0.6157922576269439 0.04857059014778066
676 3 2368.368368 67.500000 0.6157922576269439 0.04857059014778066
677 0 2371.871872 0.000000 0.6156796347518908 0.049688477792065214
677 1 2371.871872 22.500000 0.6156796347518908 0.049688477792065214
677 2 2371.871872 45.000000 0.6156796347518908 0.049688477792065214
677 3 2371.871872 67.500000 0.6156796347518908 0.049688477792065214
678 0 2375.375375 0.000000 0.61721553584002231 0.050896994324014372
678 1 2375.375375 22.500000 0.61721553584002231 0.050896994324014372
678 2 2375.375375 45.000000 0.61721553584002231 0.050896994324014372
678 3 2375.375375 67.500000 0.61721553584002231 0.050896994324014372
679 0 2378.878879 0.000000 0.62011453254649629 0.051988996252181924
679 1 2378.878879 22.500000 0.62011453254649629 0.051988996252181924
679 2 2378.878879 45.000000 0.62011453254649629 0.051988996252181924
679 3 2378.878879 67.500000 0.62011453254649629 0.051988996252181924
680 0 2382.382382 0.000000 0.62386366590193587 0.052780621977182002
680 1 2382.382382 22.500000 0.62386366590193587 0.052780621977182002
680 2 2382.382382 45.000000 0.62386366590193587 0.052780621977182002
680 3 2382.382382 67.500000 0.62386366590193587 0.052780621977182002
681 0 2385.885886 0.000000 0.62781061716201259 0.053142125509106172
681 1 2385.885886 22.500000 0.62781061716201259 0.053142125509106172
681 2 2385.885886 45.000000 0.62781061716201259 0.053142125509106172
681 3 2385.885886 67.500000 0.62781061716201259 0.053142125509106172
682 0 2389.389389 0.000000 0.63127606817402881 0.053019020994760441
682 1 2389.389389 22.500000 0.63127606817402881 0.053019020994760441
682 2 2389.389389 45.000000 0.63127606817402881 0.053019020994760441
682 3 2389.389389 67.500000 0.63127606817402881 0.053019020994760441
683 0 2392.892893 0.000000 0.63367138595325156 0.052440111894780816
683 1 2392.892893 22.500000 0.63367138595325156 0.052440111894780816
683 2 2392.892893 45.000000 0.63367138595325156 0.052440111894780816
683 3 2392.892893 67.500000 0.63367138595325156 0.052440111894780816
684 0 2396.396396 0.000000 0.63460049073073377 0.051511255127868069
684 1 2396.396396 22.500000 0.63460049073073377 0.051511255127868069
684 2 2396.396396 45.000000 0.63460049073073377 0.051511255127868069
684 3 2396.396396 67.500000 0.63460049073073377 0.051511255127868069
685 0 2399.899900 0.000000 0.63392684101512897 0.050396145343050078
685 1 2399.899900 22.500000 0.63392684101512897 0.050396145343050078
685 2 2399.899900 45.000000 0.63392684101512897 0.050396145343050078
685 3 2399.899900 67.500000 0.63392684101512897 0.050396145343050078
686 0 2403.403403 0.000000 0.63179306684483438 0.049287583466877075
686 1 2403.403403 22.500000 0.63179306684483438 0.049287583466877075
686 2 2403.403403 45.000000 0.63179306684483438 0.049287583466877075
686 3 2403.403403 67.500000 0.63179306684483438 0.049287583466877075
687 0 2406.906907 0.000000 0.62859043520923197 0.048374252209177737
687 1 2406.906907 22.500000 0.62859043520923197 0.048374252209177737
687 2 2406.906907 45.000000 0.62859043520923197 0.048374252209177737
687 3 2406.906907 67.500000 0.62859043520923197 0.048374252209177737
688 0 2410.410410 0.000000 0.62488541016231447 0.047808705154253756
688 1 2410.410410 22.500000 0.62488541016231447 0.047808705154253756
688 2 2410.410410 45.000000 0.62488541016231447 0.047808705154253756
688 3 2410.410410 67.500000 0.62488541016231447 0.047808705154253756
689 0 2413.913914 0.000000 0.62131837856975891 0.047681982983556512
689 1 2413.913914 22.500000 0.62131837856975891 0.047681982983556512
689 2 2413.913914 45.000000 0.62131837856975891 0.047681982983556512
689 3 2413.913914 67.500000 0.62131837856975891 0.047681982983556512
690 0 2417.417417 0.000000 0.61849348138679439 0.048009064598364168
690 1 2417.417417 22.500000 0.61849348138679439 0.048009064598364168
690 2 2417.417417 45.000000 0.61849348138679439 0.048009064598364168
690 3 2417.417417 67.500000 0.61849348138679439 0.048009064598364168
691 0 2420.920921 0.000000 0.61687827196651035 0.04872746018787974
691 1 2420.920921 22.500000 0.61687827196651035 0.04872746018787974
691 2 2420.920921 45.000000 0.61687827196651035 0.04872746018787974
691 3 2420.920921 67.500000 0.61687827196651035 0.04872746018787974
692 0 2424.424424 0.000000 0.61672867737702408 0.049708989740986004
692 1 2424.424424 22.500000 0.61672867737702408 0.049708989740986004
692 2 2424.424424 45.000000 0.61672867737702408 0.049708989740986004
692 3 2424.424424 67.500000 0.61672867737702408 0.049708989740986004
693 0 2427.927928 0.000000 0.61804989812208821 0.050782552807726811
693 1 2427.927928 22.500000 0.61804989812208821 0.050782552807726811
693 2 2427.927928 45.000000 0.61804989812208821 0.050782552807726811
693 3 2427.927928 67.500000 0.61804989812208821 0.050782552807726811
694 0 2431.431431 0.000000 0.62059846297460597 0.051763862171245512
694 1 2431.431431 22.500000 0.62059846297460597 0.051763862171245512
694 2 2431.431431 45.000000 0.62059846297460597 0.051763862171245512
694 3 2431.431431 67.500000 0.62059846297460597 0.051763862171245512
695 0 2434.934935 0.000000 0.62392500189408961 0.052486990281000567
695 1 2434.934935 22.500000 0.62392500189408961 0.052486990281000567
695 2 2434.934935 45.000000 0.62392500189408961 0.052486990281000567
695 3 2434.934935 67.500000 0.62392500189408961 0.052486990281000567
696 0 2438.438438 0.000000 0.62745143317928997 0.052832343182762725
696 1 2438.438438 22.500000 0.62745143317928997 0.052832343182762725
696 2 2438.438438 45.000000 0.62745143317928997 0.052832343182762725
696 3 2438.438438 67.500000 0.62745143317928997 0.052832343182762725
697 0 2441.941942 0.000000 0.63057050405767867 0.052746359406175447
697 1 2441.941942 22.500000 0.63057050405767867 0.052746359406175447
697 2 2441.941942 45.000000 0.63057050405767867 0.052746359406175447
697 3 2441.941942 67.500000 0.63057050405767867 0.052746359406175447
698 0 2445.445445 0.000000 0.63275097397823576 0.052249702295516051
698 1 2445.445445 22.500000 0.63275097397823576 0.052249702295516051
698 2 2445.445445 45.000000 0.63275097397823576 0.052249702295516051
698 3 2445.445445 67.500000 0.63275097397823576 0.052249702295516051
699 0 2448.948949 0.000000 0.63362964772086383 0.051432713263504973
699 1 2448.948949 22.500000 0.63362964772086383 0.051432713263504973
699 2 2448.948949 45.000000 0.63362964772086383 0.051432713263504973
699 3 2448.948949 67.500000 0.63362964772086383 0.051432713263504973
700 0 2452.452452 0.000000 0.63307315812564835 0.050439074166521838
700 1 2452.452452 22.500000 0.63307315812564835 0.050439074166521838
700 2 2452.452452 45.000000 0.63307315812564835 0.050439074166521838
700 3 2452.452452 67.500000 0.63307315812564835 0.050439074166521838
701 0 2455.955956 0.000000 0.63119803545368069 0.049440617082526048
701 1 2455.955956 22.500000 0.63119803545368069 0.049440617082526048
701 2 2455.955956 45.000000 0.63119803545368069 0.049440617082526048
701 3 2455.955956 67.500000 0.63119803545368069 0.049440617082526048
702 0 2459.459459 0.000000 0.62834597906171075 0.048607684171727492
702 1 2459.459459 22.500000 0.62834597906171075 0.048607684171727492
702 2 2459.459459 45.000000 0.62834597906171075 0.048607684171727492
702 3 2459.459459 67.500000 0.62834597906171075 0.048607684171727492
703 0 2462.962963 0.000000 0.62502015638913744 0.048080137550821918
703 1 2462.962963 22.500000 0.62502015638913744 0.048080137550821918
703 2 2462.962963 45.000000 0.62502015638913744 0.048080137550821918
703 3 2462.962963 67.500000 0.62502015638913744 0.048080137550821918
704 0 2466.466466 0.000000 0.62179546533155217 0.047943941026247987
704 1 2466.466466 22.500000 0.62179546533155217 0.047943941026247987
704 2 2466.466466 45.000000 0.62179546533155217 0.047943941026247987
704 3 2466.466466 67.500000 0.62179546533155217 0.047943941026247987
705 0 2469.969970 0.000000 0.61921948421328399 0.04821722380134106
705 1 2469.969970 22.500000 0.61921948421328399 0.04821722380134106
705 2 2469.969970 45.000000 0.61921948421328399 0.04821722380134106
705 3 2469.969970 67.500000 0.61921948421328399 0.04821722380134106
706 0 2473.473473 0.000000 0.61772103472175599 0.048848073466238019
706 1 2473.473473 22.500000 0.61772103472175599 0.048848073466238019
706 2 2473.473473 45.000000 0.61772103472175599 0.048848073466238019
706 3 2473.473473 67.500000 0.61772103472175599 0.048848073466238019
707 0 2476.976977 0.000000 0.61754068625447833 0.049724282390678637
707 1 2476.976977 22.500000 0.61754068625447833 0.049724282390678637
707 2 2476.976977 45.000000 0.61754068625447833 0.049724282390678637
707 3 2476.976977 67.500000 0.61754068625447833 0.049724282390678637
708 0 2480.480480 0.000000 0.61869331364395597 0.050693236218256124
708 1 2480.480480 22.500000 0.61869331364395597 0.050693236218256124
708 2 2480.480480 45.000000 0.61869331364395597 0.050693236218256124
708 3 2480.480480 67.500000 0.61869331364395597 0.050693236218256124
709 0 2483.983984 0.000000 0.62096789349230552 0.051588431342098985
709 1 2483.983984 22.500000 0.62096789349230552 0.051588431342098985
709 2 2483.983984 45.000000 0.62096789349230552 0.051588431342098985
709 3 2483.983984 67.500000 0.62096789349230552 0.051588431342098985
710 0 2487.487487 0.000000 0.62396447827637525 0.052258024911257681
710 1 2487.487487 22.500000 0.62396447827637525 0.052258024911257681
710 2 2487.487487 45.000000 0.62396447827637525 0.052258024911257681
710 3 2487.487487 67.500000 0.62396447827637525 0.052258024911257681
711 0 2490.990991 0.000000 0.62716284686909918 0.052590532426751657
711 1 2490.990991 22.500000 0.62716284686909918 0.052590532426751657
711 2 2490.990991 45.000000 0.62716284686909918 0.052590532426751657
711 3 2490.990991 67.500000 0.62716284686909918 0.052590532426751657
712 0 2494.494494 0.000000 0.63001204602275829 0.052533333560903978
712 1 2494.494494 22.500000 0.63001204602275829 0.052533333560903978
712 2 2494.494494 45.000000 0.63001204602275829 0.052533333560903978
712 3 2494.494494 67.500000 0.63001204602275829 0.052533333560903978
713 0 2497.997998 0.000000 0.6320257953849423 0.052100923578612741
713 1 2497.997998 22.500000 0.6320257953849423 0.052100923578612741
713 2 2497.997998 45.000000 0.6320257953849423 0.052100923578612741
713 3 2497.997998 67.500000 0.6320257953849423 0.052100923578612741
714 0 2501.501502 0.000000 0.63286678681012842 0.051371629817934528
714 1 2501.501502 22.500000 0.63286678681012842 0.051371629817934528
714 2 2501.501502 45.000000 0.63286678681012842 0.051371629817934528
714 3 2501.501502 67.500000 0.63286678681012842 0.051371629817934528
715 0 2505.005005 0.000000 0.63240430921876767 0.050473491128872769
715 1 2505.005005 22.500000 0.63240430921876767 0.050473491128872769
715 2 2505.005005 45.000000 0.63240430921876767 0.050473491128872769
715 3 2505.005005 67.500000 0.63240430921876767 0.050473491128872769
716 0 2508.508509 0.000000 0.63073453925950695 0.049561834313317114
716 1 2508.508509 22.500000 0.63073453925950695 0.049561834313317114
716 2 2508.508509 45.000000 0.63073453925950695 0.049561834313317114
716 3 2508.508509 67.500000 0.63073453925950695 0.049561834313317114
717 0 2512.012012 0.000000 0.62816024533146142 0.048792464963937618
717 1 2512.012012 22.500000 0.62816024533146142 0.048792464963937618
717 2 2512.012012 45.000000 0.62816024533146142 0.048792464963937618
717 3 2512.012012 67.500000 0.62816024533146142 0.048792464963937618
718 0 2515.515516 0.000000 0.62513465639733734 0.048295090747095239
718 1 2515.515516 22.500000 0.62513465639733734 0.048295090747095239
718 2 2515.515516 45.000000 0.62513465639733734 0.048295090747095239
718 3 2515.515516 67.500000 0.62513465639733734 0.048295090747095239
719 0 2519.019019 0.000000 0.62218079613026989 0.048151501892088368
719 1 2519.019019 22.500000 0.62218079613026989 0.048151501892088368
719 2 2519.019019 45.000000 0.62218079613026989 0.048151501892088368
719 3 2519.019019 67.500000 0.62218079613026989 0.048151501892088368
720 0 2522.522523 0.000000 0.61980127154922349 0.048382171443963728
720 1 2522.522523 22.500000 0.61980127154922349 0.048382171443963728
720 2 2522.522523 45.000000 0.61980127154922349 0.048382171443963728
720 3 2522.522523 67.500000 0.61980127154922349 0.048382171443963728
721 0 2526.026026 0.000000 0.61839399614147317 0.048943462149284314
721 1 2526.026026 22.500000 0.61839399614147317 0.048943462149284314
721 2 2526.026026 45.000000 0.61839399614147317 0.048943462149284314
721 3 2526.026026 67.500000 0.61839399614147317 0.048943462149284314
722 0 2529.529530 0.000000 0.61818721605154348 0.049735795660542585
722 1 2529.529530 22.500000 0.61818721605154348 0.049735795660542585
722 2 2529.529530 45.000000 0.61818721605154348 0.049735795660542585
722 3 2529.529530 67.500000 0.61818721605154348 0.049735795660542585
723 0 2533.033033 0.000000 0.61920348362614319 0.050621268607491651
723 1 2533.033033 22.500000 0.61920348362614319 0.050621268607491651
723 2 2533.033033 45.000000 0.61920348362614319 0.050621268607491651
723 3 2533.033033 67.500000 0.61920348362614319 0.050621268607491651
724 0 2536.536537 0.000000 0.62125770606868425 0.051447607818484863
724 1 2536.536537 22.500000 0.62125770606868425 0.051447607818484863
724 2 2536.536537 45.000000 0.62125770606868425 0.051447607818484863
724 3 2536.536537 67.500000 0.62125770606868425 0.051447607818484863
725 0 2540.040040 0.000000 0.62398950243443119 0.052074311458132724
725 1 2540.040040 22.500000 0.62398950243443119 0.052074311458132724
725 2 2540.040040 45.000000 0.62398950243443119 0.052074311458132724
725 3 2540.040040 67.500000 0.62398950243443119 0.052074311458132724
726 0 2543.543544 0.000000 0.62692502050287369 0.052396496020391981
726 1 2543.543544 22.500000 0.62692502050287369 0.052396496020391981
726 2 2543.543544 45.000000 0.62692502050287369 0.052396496020391981
726 3 2543.543544 67.500000 0.62692502050287369 0.052396496020391981
727 0 2547.047047 0.000000 0.62955846169791452 0.052362408789266096
727 1 2547.047047 22.500000 0.62955846169791452 0.052362408789266096
727 2 2547.047047 45.000000 0.62955846169791452 0.052362408789266096
727 3 2547.047047 67.500000 0.62955846169791452 0.052362408789266096
728 0 2550.550551 0.000000 0.63143963803038683 0.051981688437458422
728 1 2550.550551 22.500000 0.63143963803038683 0.051981688437458422
728 2 2550.550551 45.000000 0.63143963803038683 0.051981688437458422
728 3 2550.550551 67.500000 0.63143963803038683 0.051981688437458422
729 0 2554.054054 0.000000 0.63225204715412975 0.051323064367869653
729 1 2554.054054 22.500000 0.63225204715412975 0.051323064367869653
729 2 2554.054054 45.000000 0.63225204715412975 0.051323064367869653
729 3 2554.054054 67.500000 0.63225204715412975 0.051323064367869653
730 0 2557.557558 0.000000 0.63186711953380792 0.050501999297316039
730 1 2557.557558 22.500000 0.63186711953380792 0.050501999297316039
730 2 2557.557558 45.000000 0.63186711953380792 0.050501999297316039
730 3 2557.557558 67.500000 0.63186711953380792 0.050501999297316039
731 0 2561.061061 0.000000 0.63036462949234306 0.049660488402529589
731 1 2561.061061 22.500000 0.63036462949234306 0.049660488402529589
731 2 2561.061061 45.000000 0.63036462949234306 0.049660488402529589
731 3 2561.061061 67.500000 0.63036462949234306 0.049660488402529589
732 0 2564.564565 0.000000 0.62801590541760599 0.048942542194100193
732 1 2564.564565 22.500000 0.62801590541760599 0.048942542194100193
732 2 2564.564565 45.000000 0.62801590541760599 0.048942542194100193
732 3 2564.564565 67.500000 0.62801590541760599 0.048942542194100193
733 0 2568.068068 0.000000 0.62523375826232608 0.048469579492188886
733 1 2568.068068 22.500000 0.62523375826232608 0.048469579492188886
733 2 2568.068068 45.000000 0.62523375826232608 0.048469579492188886
733 3 2568.068068 67.500000 0.62523375826232608 0.048469579492188886
734 0 2571.571572 0.000000 0.62249913641536192 0.048319928682471092
734 1 2571.571572 22.500000 0.62249913641536192 0.048319928682471092
734 2 2571.571572 45.000000 0.62249913641536192 0.048319928682471092
734 3 2571.571572 67.500000 0.62249913641536192 0.048319928682471092
735 0 2575.075075 0.000000 0.62027810178130038 0.048515892063759003
735 1 2575.075075 22.500000 0.62027810178130038 0.048515892063759003
735 2 2575.075075 45.000000 0.62027810178130038 0.048515892063759003
735 3 2575.075075 67.500000 0.62027810178130038 0.048515892063759003
736 0 2578.578579 0.000000 0.61894342135092484 0.049020503444813721
736 1 2578.578579 22.500000 0.61894342135092484 0.049020503444813721
736 2 2578.578579 45.000000 0.61894342135092484 0.049020503444813721
736 3 2578.578579 67.500000 0.61894342135092484 0.049020503444813721
737 0 2582.082082 0.000000 0.6187133331223823 0.049744434735244675
737 1 2582.082082 22.500000 0.6187133331223823 0.049744434735244675
737 2 2582.082082 45.000000 0.6187133331223823 0.049744434735244675
737 3 2582.082082 67.500000 0.6187133331223823 0.049744434735244675
738 0 2585.585586 0.000000 0.61961671892994563 0.050561771890765696
738 1 2585.585586 22.500000 0.61961671892994563 0.050561771890765696
738 2 2585.585586 45.000000 0.61961671892994563 0.050561771890765696
738 3 2585.585586 67.500000 0.61961671892994563 0.050561771890765696
739 0 2589.089089 0.000000 0.62148974639958443 0.05133188053078213
739 1 2589.089089 22.500000 0.62148974639958443 0.05133188053078213
739 2 2589.089089 45.000000 0.62148974639958443 0.05133188053078213
739 3 2589.089089 67.500000 0.62148974639958443 0.05133188053078213
740 0 2592.592593 0.000000 0.62400445170828867 0.051923570163152397
740 1 2592.592593 22.500000 0.62400445170828867 0.051923570163152397
740 2 2592.592593 45.000000 0.62400445170828867 0.051923570163152397
740 3 2592.592593 67.500000 0.62400445170828867 0.051923570163152397
741 0 2596.096096 0.000000 0.62672495793419314 0.052237410830223173
741 1 2596.096096 22.500000 0.62672495793419314 0.052237410830223173
741 2 2596.096096 45.000000 0.62672495793419314 0.052237410830223173
741 3 2596.096096 67.500000 0.62672495793419314 0.052237410830223173
742 0 2599.599600 0.000000 0.62918243267391982 0.052222411307422965
742 1 2599.599600 22.500000 0.62918243267391982 0.052222411307422965
742 2 2599.599600 45.000000 0.62918243267391982 0.052222411307422965
742 3 2599.599600 67.500000 0.62918243267391982 0.052222411307422965
743 0 2603.103103 0.000000 0.6309562173603146 0.05188426634948147
743 1 2603.103103 22.500000 0.6309562173603146 0.05188426634948147
743 2 2603.103103 45.000000 0.6309562173603146 0.05188426634948147
743 3 2603.103103 67.500000 0.6309562173603146 0.05188426634948147
744 0 2606.606607 0.000000 0.63174680072358114 0.051283845566713858
744 1 2606.606607 22.500000 0.63174680072358114 0.051283845566713858
744 2 2606.606607 45.000000 0.63174680072358114 0.051283845566713858
744 3 2606.606607 67.500000 0.63174680072358114 0.051283845566713858
745 0 2610.110110 0.000000 0.63142728594916542 0.050526274133896792
745 1 2610.110110 22.500000 0.63142728594916542 0.050526274133896792
745 2 2610.110110 45.000000 0.63142728594916542 0.050526274133896792
745 3 2610.110110 67.500000 0.63142728594916542 0.050526274133896792
746 0 2613.613614 0.000000 0.63006387859106694 0.049742557661072002
746 1 2613.613614 22.500000 0.63006387859106694 0.049742557661072002
746 2 2613.613614 45.000000 0.63006387859106694 0.049742557661072002
746 3 2613.613614 67.500000 0.63006387859106694 0.049742557661072002
747 0 2617.117117 0.000000 0.62790195038611984 0.049066957713746889
747 1 2617.117117 22.500000 0.62790195038611984 0.049066957713746889
747 2 2617.117117 45.000000 0.62790195038611984 0.049066957713746889
747 3 2617.117117 67.500000 0.62790195038611984 0.049066957713746889
748 0 2620.620621 0.000000 0.62532093315918258 0.048614020016404129
748 1 2620.620621 22.500000 0.62532093315918258 0.048614020016404129
748 2 2620.620621 45.000000 0.62532093315918258 0.048614020016404129
748 3 2620.620621 67.500000 0.62532093315918258 0.048614020016404129
749 0 2624.124124 0.000000 0.62276700395581641 0.04845918082343563
749 1 2624.124124 22.500000 0.62276700395581641 0.04845918082343563
749 2 2624.124124 45.000000 0.62276700395581641 0.04845918082343563
749 3 2624.124124 67.500000 0.62276700395581641 0.04845918082343563
750 0 2627.627628 0.000000 0.62067601228783209 0.048626230424132388
750 1 2627.627628 22.500000 0.62067601228783209 0.048626230424132388
750 2 2627.627628 45.000000 0.62067601228783209 0.048626230424132388
750 3 2627.627628 67.500000 0.62067601228783209 0.048626230424132388
751 0 2631.131131 0.000000 0.61939995557028604 0.049083712597236547
751 1 2631.131131 22.500000 0.61939995557028604 0.049083712597236547
751 2 2631.131131 45.000000 0.61939995557028604 0.049083712597236547
751 3 2631.131131 67.500000 0.61939995557028604 0.049083712597236547
752 0 2634.634635 0.000000 0.61914887285137232 0.049750794732871924
752 1 2634.634635 22.500000 0.61914887285137232 0.049750794732871924
752 2 2634.634635 45.000000 0.61914887285137232 0.049750794732871924
752 3 2634.634635 67.500000 0.61914887285137232 0.049750794732871924
753 0 2638.138138 0.000000 0.61995702911174311 0.050511521762350541
753 1 2638.138138 22.500000 0.61995702911174311 0.050511521762350541
753 2 2638.138138 45.000000 0.61995702911174311 0.050511521762350541
753 3 2638.138138 67.500000 0.61995702911174311 0.050511521762350541
754 0 2641.641642 0.000000 0.62167838756063043 0.051234945300744593
754 1 2641.641642 22.500000 0.62167838756063043 0.051234945300744593
754 2 2641.641642 45.000000 0.62167838756063043 0.051234945300744593
754 3 2641.641642 67.500000 0.62167838756063043 0.051234945300744593
755 0 2645.145145 0.000000 0.62401204093707163 0.051797638316348295
755 1 2645.145145 22.500000 0.62401204093707163 0.051797638316348295
755 2 2645.145145 45.000000 0.62401204093707163 0.051797638316348295
755 3 2645.145145 67.500000 0.62401204093707163 0.051797638316348295
756 0 2648.648649 0.000000 0.62655375705847671 0.052104728743614527
756 1 2648.648649 22.500000 0.62655375705847671 0.052104728743614527
756 2 2648.648649 45.000000 0.62655375705847671 0.052104728743614527
756 3 2648.648649 67.500000 0.62655375705847671 0.052104728743614527
757 0 2652.152152 0.000000 0.62886546257796094 0.05210587182839535
757 1 2652.152152 22.500000 0.62886546257796094 0.05210587182839535
757 2 2652.152152 45.000000 0.62886546257796094 0.05210587182839535
757 3 2652.152152 67.500000 0.62886546257796094 0.05210587182839535
758 0 2655.655656 0.000000 0.63055102238536576 0.051803476065080199
758 1 2655.655656 22.500000 0.63055102238536576 0.051803476065080199
758 2 2655.655656 45.000000 0.63055102238536576 0.051803476065080199
758 3 2655.655656 67.500000 0.63055102238536576 0.051803476065080199
759 0 2659.159159 0.000000 0.63132497075368976 0.051251843410817621
759 1 2659.159159 22.500000 0.63132497075368976 0.051251843410817621
759 2 2659.159159 45.000000 0.63132497075368976 0.051251843410817621
759 3 2659.159159 67.500000 0.63132497075368976 0.051251843410817621
760 0 2662.662663 0.000000 0.6310616670686845 0.050547447537602541
760 1 2662.662663 22.500000 0.6310616670686845 0.050547447537602541
760 2 2662.662663 45.000000 0.6310616670686845 0.050547447537602541
760 3 2662.662663 67.500000 0.6310616670686845 0.050547447537602541
761 0 2666.166166 0.000000 0.62981584751805531 0.049812085602824623
761 1 2666.166166 22.500000 0.62981584751805531 0.049812085602824623
761 2 2666.166166 45.000000 0.62981584751805531 0.049812085602824623
761 3 2666.166166 67.500000 0.62981584751805531 0.049812085602824623
762 0 2669.669670 0.000000 0.62781106644922646 0.049171841783788764
762 1 2669.669670 22.500000 0.62781106644922646 0.049171841783788764
762 2 2669.669670 45.000000 0.62781106644922646 0.049171841783788764
762 3 2669.669670 67.500000 0.62781106644922646 0.049171841783788764
763 0 2673.173173 0.000000 0.62539873697531301 0.048735491888153411
763 1 2673.173173 22.500000 0.62539873697531301 0.048735491888153411
763 2 2673.173173 45.000000 0.62539873697531301 0.048735491888153411
763 3 2673.173173 67.500000 0.62539873697531301 0.048735491888153411
764 0 2676.676677 0.000000 0.62299586662228013 0.048576043966048123
764 1 2676.676677 22.500000 0.62299586662228013 0.048576043966048123
764 2 2676.676677 45.000000 0.62299586662228013 0.048576043966048123
764 3 2676.676677 67.500000 0.62299586662228013 0.048576043966048123
765 0 2680.180180 0.000000 0.62101298440284702 0.048718543924958252
765 1 2680.180180 22.500000 0.62101298440284702 0.048718543924958252
765 2 2680.180180 45.000000 0.62101298440284702 0.048718543924958252
765 3 2680.180180 67.500000 0.62101298440284702 0.048718543924958252
766 0 2683.683684 0.000000 0.61978473102686127 0.049136179432181633
766 1 2683.683684 22.500000 0.61978473102686127 0.049136179432181633
766 2 2683.683684 45.000000 0.61978473102686127 0.049136179432181633
766 3 2683.683684 67.500000 0.61978473102686127 0.049136179432181633
767 0 2687.187187 0.000000 0.61951439211313719 0.04975528123211314
767 1 2687.187187 22.500000 0.61951439211313719 0.04975528123211314
767 2 2687.187187 45.000000 0.61951439211313719 0.04975528123211314
767 3 2687.187187 67.500000 0.61951439211313719 0.04975528123211314
768 0 2690.690691 0.000000 0.62024093222294208 0.050468295993178494
768 1 2690.690691 22.500000 0.62024093222294208 0.050468295993178494
768 2 2690.690691 45.000000 0.62024093222294208 0.050468295993178494
768 3 2690.690691 67.500000 0.62024093222294208 0.050468295993178494
769 0 2694.194194 0.000000 0.62183346743659873 0.051152450058708575
769 1 2694.194194 22.500000 0.62183346743659873 0.051152450058708575
769 2 2694.194194 45.000000 0.62183346743659873 0.051152450058708575
769 3 2694.194194 67.500000 0.62183346743659873 0.051152450058708575
770 0 2697.697698 0.000000 0.6240140184998002 0.051690869005782555
770 1 2697.697698 22.500000 0.6240140184998002 0.051690869005782555
770 2 2697.697698 45.000000 0.6240140184998002 0.051690869005782555
770 3 2697.697698 67.500000 0.6240140184998002 0.051690869005782555
771 0 2701.201201 0.000000 0.62640509617735962 0.051992523577706111
771 1 2701.201201 22.500000 0.62640509617735962 0.051992523577706111
771 2 2701.201201 45.000000 0.62640509617735962 0.051992523577706111
771 3 2701.201201 67.500000 0.62640509617735962 0.051992523577706111
772 0 2704.704705 0.000000 0.62859455786831486 0.052007601335945702
772 1 2704.704705 22.500000 0.62859455786831486 0.052007601335945702
772 2 2704.704705 45.000000 0.62859455786831486 0.052007601335945702
772 3 2704.704705 67.500000 0.62859455786831486 0.052007601335945702
773 0 2708.208208 0.000000 0.63020687578448675 0.051735711385466038
773 1 2708.208208 22.500000 0.63020687578448675 0.051735711385466038
773 2 2708.208208 45.000000 0.63020687578448675 0.051735711385466038
773 3 2708.208208 67.500000 0.63020687578448675 0.051735711385466038
774 0 2711.711712 0.000000 0.63096829967328794 0.051225574307970048
774 1 2711.711712 22.500000 0.63096829967328794 0.051225574307970048
774 2 2711.711712 45.000000 0.63096829967328794 0.051225574307970048
774 3 2711.711712 67.500000 0.63096829967328794 0.051225574307970048
775 0 2715.215215 0.000000 0.6307540762413627 0.050566315038808894
775 1 2715.215215 22.500000 0.6307540762413627 0.050566315038808894
775 2 2715.215215 45.000000 0.6307540762413627 0.050566315038808894
775 3 2715.215215 67.500000 0.6307540762413627 0.050566315038808894
776 0 2718.718719 0.000000 0.62960906831514374 0.04987191081965426
776 1 2718.718719 22.500000 0.62960906831514374 0.04987191081965426
776 2 2718.718719 45.000000 0.62960906831514374 0.04987191081965426
776 3 2718.718719 67.500000 0.62960906831514374 0.04987191081965426
777 0 2722.222222 0.000000 0.62773821670208463 0.049261504748527606
777 1 2722.222222 22.500000 0.62773821670208463 0.049261504748527606
777 2 2722.222222 45.000000 0.62773821670208463 0.049261504748527606
777 3 2722.222222 67.500000 0.62773821670208463 0.049261504748527606
778 0 2725.725726 0.000000 0.62546909879091905 0.048838981995133784
778 1 2725.725726 22.500000 0.62546909879091905 0.048838981995133784
778 2 2725.725726 45.000000 0.62546909879091905 0.048838981995133784
778 3 2725.725726 67.500000 0.62546909879091905 0.048838981995133784
779 0 2729.229229 0.000000 0.62319395233842878 0.048675306656398
779 1 2729.229229 22.500000 0.62319395233842878 0.048675306656398
779 2 2729.229229 45.000000 0.62319395233842878 0.048675306656398
779 3 2729.229229 67.500000 0.62319395233842878 0.048675306656398
780 0 2732.732733 0.000000 0.62130185324995535 0.048796619565292028
780 1 2732.732733 22.500000 0.62130185324995535 0.048796619565292028
780 2 2732.732733 45.000000 0.62130185324995535 0.048796619565292028
780 3 2732.732733 67.500000 0.62130185324995535 0.048796619565292028
781 0 2736.236236 0.000000 0.6201128069910864 0.049180090543298811
781 1 2736.236236 22.500000 0.6201128069910864 0.049180090543298811
781 2 2736.236236 45.000000 0.6201128069910864 0.049180090543298811
781 3 2736.236236 67.500000 0.6201128069910864 0.049180090543298811
782 0 2739.739740 0.000000 0.61982452449050862 0.049758178336876457
782 1 2739.739740 22.500000 0.61982452449050862 0.049758178336876457
782 2 2739.739740 45.000000 0.61982452449050862 0.049758178336876457
782 3 2739.739740 67.500000 0.61982452449050862 0.049758178336876457
783 0 2743.243243 0.000000 0.62048016625126112 0.050430509226351339
783 1 2743.243243 22.500000 0.62048016625126112 0.050430509226351339
783 2 2743.243243 45.000000 0.62048016625126112 0.050430509226351339
783 3 2743.243243 67.500000 0.62048016625126112 0.050430509226351339
784 0 2746.746747 0.000000 0.62196193986365789 0.051081288235215364
784 1 2746.746747 22.500000 0.62196193986365789 0.051081288235215364
784 2 2746.746747 45.000000 0.62196193986365789 0.051081288235215364
784 3 2746.746747 67.500000 0.62196193986365789 0.051081288235215364
785 0 2750.250250 0.000000 0.62401154301662043 0.051599225628342023
785 1 2750.250250 22.500000 0.62401154301662043 0.051599225628342023
785 2 2750.250250 45.000000 0.62401154301662043 0.051599225628342023
785 3 2750.250250 67.500000 0.62401154301662043 0.051599225628342023
786 0 2753.753754 0.000000 0.62627434948286365 0.051896552537832145
786 1 2753.753754 22.500000 0.62627434948286365 0.051896552537832145
786 2 2753.753754 45.000000 0.62627434948286365 0.051896552537832145
786 3 2753.753754 67.500000 0.62627434948286365 0.051896552537832145
787 0 2757.257257 0.000000 0.62836030871047932 0.051923879308217999
787 1 2757.257257 22.500000 0.62836030871047932 0.051923879308217999
787 2 2757.257257 45.000000 0.62836030871047932 0.051923879308217999
787 3 2757.257257 67.500000 0.62836030871047932 0.051923879308217999
788 0 2760.760761 0.000000 0.62991136967618688 0.051678383685360339
788 1 2760.760761 22.500000 0.62991136967618688 0.051678383685360339
788 2 2760.760761 45.000000 0.62991136967618688 0.051678383685360339
788 3 2760.760761 67.500000 0.62991136967618688 0.051678383685360339
789 0 2764.264264 0.000000 0.63066361488815892 0.051203974074145529
789 1 2764.264264 22.500000 0.63066361488815892 0.051203974074145529
789 2 2764.264264 45.000000 0.63066361488815892 0.051203974074145529
789 3 2764.264264 67.500000 0.63066361488815892 0.051203974074145529
790 0 2767.767768 0.000000 0.63049284954968621 0.050583454882748673
790 1 2767.767768 22.500000 0.63049284954968621 0.050583454882748673
790 2 2767.767768 45.000000 0.63049284954968621 0.050583454882748673
790 3 2767.767768 67.500000 0.63049284954968621 0.050583454882748673
791 0 2771.271271 0.000000 0.62943530146255666 0.049924088723138402
791 1 2771.271271 22.500000 0.62943530146255666 0.049924088723138402
791 2 2771.271271 45.000000 0.62943530146255666 0.049924088723138402
791 3 2771.271271 67.500000 0.62943530146255666 0.049924088723138402
792 0 2774.774775 0.000000 0.62767982960901503 0.049339070227605732
792 1 2774.774775 22.500000 0.62767982960901503 0.049339070227605732
792 2 2774.774775 45.000000 0.62767982960901503 0.049339070227605732
792 3 2774.774775 67.500000 0.62767982960901503 0.049339070227605732
793 0 2778.278278 0.000000 0.62553350740601177 0.048928108667281471
793 1 2778.278278 22.500000 0.62553350740601177 0.048928108667281471
793 2 2778.278278 45.000000 0.62553350740601177 0.048928108667281471
793 3 2778.278278 67.500000 0.62553350740601177 0.048928108667281471
794 0 2781.781782 0.000000 0.6233673289883338 0.048760447675679809
794 1 2781.781782 22.500000 0.6233673289883338 0.048760447675679809
794 2 2781.781782 45.000000 0.6233673289883338 0.048760447675679809
794 3 2781.781782 67.500000 0.6233673289883338 0.048760447675679809
795 0 2785.285285 0.000000 0.62155203608473286 0.048863211431315098
795 1 2785.285285 22.500000 0.62155203608473286 0.048863211431315098
795 2 2785.285285 45.000000 0.62155203608473286 0.048863211431315098
795 3 2785.285285 67.500000 0.62155203608473286 0.048863211431315098
796 0 2788.788789 0.000000 0.62039521203461745 0.049217036448089675
796 1 2788.788789 22.500000 0.62039521203461745 0.049217036448089675
796 2 2788.788789 45.000000 0.62039521203461745 0.049217036448089675
796 3 2788.788789 67.500000 0.62039521203461745 0.049217036448089675
797 0 2792.292292 0.000000 0.62008997260428744 0.049759688929068541
797 1 2792.292292 22.500000 0.62008997260428744 0.049759688929068541
797 2 2792.292292 45.000000 0.62008997260428744 0.049759688929068541
797 3 2792.292292 67.500000 0.62008997260428744 0.049759688929068541
798 0 2795.795796 0.000000 0.62068329868936245 0.050396996910474036
798 1 2795.795796 22.500000 0.62068329868936245 0.050396996910474036
798 2 2795.795796 45.000000 0.62068329868936245 0.050396996910474036
798 3 2795.795796 67.500000 0.62068329868936245 0.050396996910474036
799 0 2799.299299 0.000000 0.6220688516759495 0.051019179272104385
799 1 2799.299299 22.500000 0.6220688516759495 0.051019179272104385
799 2 2799.299299 45.000000 0.6220688516759495 0.051019179272104385
799 3 2799.299299 67.500000 0.6220688516759495 0.051019179272104385
800 0 2802.802803 0.000000 0.62400539788397558 0.051519742595031968
800 1 2802.802803 22.500000 0.62400539788397558 0.051519742595031968
800 2 2802.802803 45.000000 0.62400539788397558 0.051519742595031968
800 3 2802.802803 67.500000 0.62400539788397558 0.051519742595031968
801 0 2806.306306 0.000000 0.62615804484743587 0.051813695474588313
801 1 2806.306306 22.500000 0.62615804484743587 0.051813695474588313
801 2 2806.306306 45.000000 0.62615804484743587 0.051813695474588313
801 3 2806.306306 67.500000 0.62615804484743587 0.051813695474588313
802 0 2809.809810 0.000000 0.62815572419263099 0.051851967209531093
802 1 2809.809810 22.500000 0.62815572419263099 0.051851967209531093
802 2 2809.809810 45.000000 0.62815572419263099 0.051851967209531093
802 3 2809.809810 67.500000 0.62815572419263099 0.051851967209531093
803 0 2813.313313 0.000000 0.62965531140947828 0.051629586790760469
803 1 2813.313313 22.500000 0.62965531140947828 0.051629586790760469
803 2 2813.313313 45.000000 0.62965531140947828 0.051629586790760469
803 3 2813.313313 67.500000 0.62965531140947828 0.051629586790760469
804 0 2816.816817 0.000000 0.63040117140141616 0.05118626106422363
804 1 2816.816817 22.500000 0.63040117140141616 0.05118626106422363
804 2 2816.816817 45.000000 0.63040117140141616 0.05118626106422363
804 3 2816.816817 67.500000 0.63040117140141616 0.05118626106422363
805 0 2820.320320 0.000000 0.63026937144877693 0.050599300048915247
805 1 2820.320320 22.500000 0.63026937144877693 0.050599300048915247
805 2 2820.320320 45.000000 0.63026937144877693 0.050599300048915247
805 3 2820.320320 67.500000 0.63026937144877693 0.050599300048915247
806 0 2823.823824 0.000000 0.62928848077555188 0.049970147342761763
806 1 2823.823824 22.500000 0.62928848077555188 0.049970147342761763
806 2 2823.823824 45.000000 0.62928848077555188 0.049970147342761763
806 3 2823.823824 67.500000 0.62928848077555188 0.049970147342761763
807 0 2827.327327 0.000000 0.62763331214726925 0.049406860272031138
807 1 2827.327327 22.500000 0.62763331214726925 0.049406860272031138
807 2 2827.327327 45.000000 0.62763331214726925 0.049406860272031138
807 3 2827.327327 67.500000 0.62763331214726925 0.049406860272031138
808 0 2830.830831 0.000000 0.62559313558563701 0.049005563397441082
808 1 2830.830831 22.500000 0.62559313558563701 0.049005563397441082
808 2 2830.830831 45.000000 0.62559313558563701 0.049005563397441082
808 3 2830.830831 67.500000 0.62559313558563701 0.049005563397441082
809 0 2834.334334 0.000000 0.62352057742294209 0.04883405649768198
809 1 2834.334334 22.500000 0.62352057742294209 0.04883405649768198
809 2 2834.334334 45.000000 0.62352057742294209 0.04883405649768198
809 3 2834.334334 67.500000 0.62352057742294209 0.04883405649768198
810 0 2837.837838 0.000000 0.62177060479627022 0.048920370389052281
810 1 2837.837838 22.500000 0.62177060479627022 0.048920370389052281
810 2 2837.837838 45.000000 0.62177060479627022 0.048920370389052281
810 3 2837.837838 67.500000 0.62177060479627022 0.048920370389052281
811 0 2841.341341 0.000000 0.62064021043281603 0.049248200491139996
811 1 2841.341341 22.500000 0.62064021043281603 0.049248200491139996
811 2 2841.341341 45.000000 0.62064021043281603 0.049248200491139996
811 3 2841.341341 67.500000 0.62064021043281603 0.049248200491139996
812 0 2844.844845 0.000000 0.62031874346115279 0.049759959446357346
812 1 2844.844845 22.500000 0.62031874346115279 0.049759959446357346
812 2 2844.844845 45.000000 0.62031874346115279 0.049759959446357346
812 3 2844.844845 67.500000 0.62031874346115279 0.049759959446357346
813 0 2848.348348 0.000000 0.62085672398050995 0.050366881611138517
813 1 2848.348348 22.500000 0.62085672398050995 0.050366881611138517
813 2 2848.348348 45.000000 0.62085672398050995 0.050366881611138517
813 3 2848.348348 67.500000 0.62085672398050995 0.050366881611138517
814 0 2851.851852 0.000000 0.62215794617638709 0.050964408433299663
814 1 2851.851852 22.500000 0.62215794617638709 0.050964408433299663
814 2 2851.851852 45.000000 0.62215794617638709 0.050964408433299663
814 3 2851.851852 67.500000 0.62215794617638709 0.050964408433299663
815 0 2855.355355 0.000000 0.62399611878537264 0.051450189978144864
815 1 2855.355355 22.500000 0.62399611878537264 0.051450189978144864
815 2 2855.355355 45.000000 0.62399611878537264 0.051450189978144864
815 3 2855.355355 67.500000 0.62399611878537264 0.051450189978144864
816 0 2858.858859 0.000000 0.62605351796667208 0.051741605308032214
816 1 2858.858859 22.500000 0.62605351796667208 0.051741605308032214
816 2 2858.858859 45.000000 0.62605351796667208 0.051741605308032214
816 3 2858.858859 67.500000 0.62605351796667208 0.051741605308032214
817 0 2862.362362 0.000000 0.62797549619122717 0.051789804436823156
817 1 2862.362362 22.500000 0.62797549619122717 0.051789804436823156
817 2 2862.362362 45.000000 0.62797549619122717 0.051789804436823156
817 3 2862.362362 67.500000 0.62797549619122717 0.051789804436823156
818 0 2865.865866 0.000000 0.62943174277901626 0.051587887034880563
818 1 2865.865866 22.500000 0.62943174277901626 0.051587887034880563
818 2 2865.865866 45.000000 0.62943174277901626 0.051587887034880563
818 3 2865.865866 67.500000 0.62943174277901626 0.051587887034880563
819 0 2869.369369 0.000000 0.63017360610096329 0.05117185025855997
819 1 2869.369369 22.500000 0.63017360610096329 0.05117185025855997
819 2 2869.369369 45.000000 0.63017360610096329 0.05117185025855997
819 3 2869.369369 67.500000 0.63017360610096329 0.05117185025855997
820 0 2872.872873 0.000000 0.63007714466974862 0.050614183682657937
820 1 2872.872873 22.500000 0.63007714466974862 0.050614183682657937
820 2 2872.872873 45.000000 0.63007714466974862 0.050614183682657937
820 3 2872.872873 67.500000 0.63007714466974862 0.050614183682657937
821 0 2876.376376 0.000000 0.62916404876460807 0.050011248889310633
821 1 2876.376376 22.500000 0.62916404876460807 0.050011248889310633
821 2 2876.376376 45.000000 0.62916404876460807 0.050011248889310633
821 3 2876.376376 67.500000 0.62916404876460807 0.050011248889310633
822 0 2879.879880 0.000000 0.62759674587394021 0.049466639171599013
822 1 2879.879880 22.500000 0.62759674587394021 0.049466639171599013
822 2 2879.879880 45.000000 0.62759674587394021 0.049466639171599013
822 3 2879.879880 67.500000 0.62759674587394021 0.049466639171599013
823 0 2883.383383 0.000000 0.62564892503150715 0.049073391095078314
823 1 2883.383383 22.500000 0.62564892503150715 0.049073391095078314
823 2 2883.383383 45.000000 0.62564892503150715 0.049073391095078314
823 3 2883.383383 67.500000 0.62564892503150715 0.049073391095078314
824 0 2886.886887 0.000000 0.62365722652582778 0.048898100657448818
824 1 2886.886887 22.500000 0.62365722652582778 0.048898100657448818
824 2 2886.886887 45.000000 0.62365722652582778 0.048898100657448818
824 3 2886.886887 67.500000 0.62365722652582778 0.048898100657448818
825 0 2890.390390 0.000000 0.62196297640220943 0.048969654196126353
825 1 2890.390390 22.500000 0.62196297640220943 0.048969654196126353
825 2 2890.390390 45.000000 0.62196297640220943 0.048969654196126353
825 3 2890.390390 67.500000 0.62196297640220943 0.048969654196126353
826 0 2893.893894 0.000000 0.62085411680029101 0.049274479466800677
826 1 2893.893894 22.500000 0.62085411680029101 0.049274479466800677
826 2 2893.893894 45.000000 0.62085411680029101 0.049274479466800677
826 3 2893.893894 67.500000 0.62085411680029101 0.049274479466800677
827 0 2897.397397 0.000000 0.62051694288205739 0.049759095661450689
827 1 2897.397397 22.500000 0.62051694288205739 0.049759095661450689
827 2 2897.397397 45.000000 0.62051694288205739 0.049759095661450689
827 3 2897.397397 67.500000 0.62051694288205739 0.049759095661450689
828 0 2900.900901 0.000000 0.62100530446024871 0.050339487109361661
828 1 2900.900901 22.500000 0.62100530446024871 0.050339487109361661
828 2 2900.900901 45.000000 0.62100530446024871 0.050339487109361661
828 3 2900.900901 67.500000 0.62100530446024871 0.050339487109361661
829 0 2904.404404 0.000000 0.62223204959395517 0.050915659340207593
829 1 2904.404404 22.500000 0.62223204959395517 0.050915659340207593
829 2 2904.404404 45.000000 0.62223204959395517 0.050915659340207593
829 3 2904.404404 67.500000 0.62223204959395517 0.050915659340207593
830 0 2907.907908 0.000000 0.62398407223588848 0.051388857234104829
830 1 2907.907908 22.500000 0.62398407223588848 0.051388857234104829
830 2 2907.907908 45.000000 0.62398407223588848 0.051388857234104829
830 3 2907.907908 67.500000 0.62398407223588848 0.051388857234104829
831 0 2911.411411 0.000000 0.62595868418368583 0.051678482115319314
831 1 2911.411411 22.500000 0.62595868418368583 0.051678482115319314
831 2 2911.411411 45.000000 0.62595868418368583 0.051678482115319314
831 3 2911.411411 67.500000 0.62595868418368583 0.051678482115319314
832 0 2914.914915 0.000000 0.62781551791893064 0.051735811431756082
832 1 2914.914915 22.500000 0.62781551791893064 0.051735811431756082
832 2 2914.914915 45.000000 0.62781551791893064 0.051735811431756082
832 3 2914.914915 67.500000 0.62781551791893064 0.051735811431756082
833 0 2918.418418 0.000000 0.62923529958636326 0.051552187058926904
833 1 2918.418418 22.500000 0.62923529958636326 0.051552187058926904
833 2 2918.418418 45.000000 0.62923529958636326 0.051552187058926904
833 3 2918.418418 67.500000 0.62923529958636326 0.051552187058926904
834 0 2921.921922 0.000000 0.62997525518029918 0.051160297471473756
834 1 2921.921922 22.500000 0.62997525518029918 0.051160297471473756
834 2 2921.921922 45.000000 0.62997525518029918 0.051160297471473756
834 3 2921.921922 67.500000 0.62997525518029918 0.051160297471473756
835 0 2925.425425 0.000000 0.62991118333383755 0.050628368811314155
835 1 2925.425425 22.500000 0.62991118333383755 0.050628368811314155
835 2 2925.425425 45.000000 0.62991118333383755 0.050628368811314155
835 3 2925.425425 67.500000 0.62991118333383755 0.050628368811314155
836 0 2928.928929 0.000000 0.62905852366678949 0.050048295387102426
836 1 2928.928929 22.500000 0.62905852366678949 0.050048295387102426
836 2 2928.928929 45.000000 0.62905852366678949 0.050048295387102426
836 3 2928.928929 67.500000 0.62905852366678949 0.050048295387102426
837 0 2932.432432 0.000000 0.62756869070577459 0.04951977312165385
837 1 2932.432432 22.500000 0.62756869070577459 0.04951977312165385
837 2 2932.432432 45.000000 0.62756869070577459 0.04951977312165385
837 3 2932.432432 67.500000 0.62756869070577459 0.04951977312165385
838 0 2935.935936 0.000000 0.62570164591820487 0.049133173955698571
838 1 2935.935936 22.500000 0.62570164591820487 0.049133173955698571
838 2 2935.935936 45.000000 0.62570164591820487 0.049133173955698571
838 3 2935.935936 67.500000 0.62570164591820487 0.049133173955698571
839 0 2939.439439 0.000000 0.62378004341639248 0.048954101487176167
839 1 2939.439439 22.500000 0.62378004341639248 0.048954101487176167
839 2 2939.439439 45.000000 0.62378004341639248 0.048954101487176167
839 3 2939.439439 67.500000 0.62378004341639248 0.048954101487176167
840 0 2942.942943 0.000000 0.62213337180830364 0.049012265842688758
840 1 2942.942943 22.500000 0.62213337180830364 0.049012265842688758
840 2 2942.942943 45.000000 0.62213337180830364 0.049012265842688758
840 3 2942.942943 67.500000 0.62213337180830364 0.049012265842688758
841 0 2946.446446 0.000000 0.62104183678808855 0.049296563146406402
841 1 2946.446446 22.500000 0.62104183678808855 0.049296563146406402
841 2 2946.446446 45.000000 0.62104183678808855 0.049296563146406402
841 3 2946.446446 67.500000 0.62104183678808855 0.049296563146406402
842 0 2949.949950 0.000000 0.6206893025309167 0.049757173018062865
842 1 2949.949950 22.500000 0.6206893025309167 0.049757173018062865
842 2 2949.949950 45.000000 0.6206893025309167 0.049757173018062865
842 3 2949.949950 67.500000 0.6206893025309167 0.049757173018062865
843 0 2953.453453 0.000000 0.62113279514834874 0.050314281383709247
843 1 2953.453453 22.500000 0.62113279514834874 0.050314281383709247
843 2 2953.453453 45.000000 0.62113279514834874 0.050314281383709247
843 3 2953.453453 67.500000 0.62113279514834874 0.050314281383709247
844 0 2956.956957 0.000000 0.62229332629742351 0.050871902709496993
844 1 2956.956957 22.500000 0.62229332629742351 0.050871902709496993
844 2 2956.956957 45.000000 0.62229332629742351 0.050871902709496993
844 3 2956.956957 67.500000 0.62229332629742351 0.050871902709496993
845 0 2960.460460 0.000000 0.62396950540812335 0.051334409287195751
845 1 2960.460460 22.500000 0.62396950540812335 0.051334409287195751
845 2 2960.460460 45.000000 0.62396950540812335 0.051334409287195751
845 3 2960.460460 67.500000 0.62396950540812335 0.051334409287195751
846 0 2963.963964 0.000000 0.62587188349534095 0.051622922556297572
846 1 2963.963964 22.500000 0.62587188349534095 0.051622922556297572
846 2 2963.963964 45.000000 0.62587188349534095 0.051622922556297572
846 3 2963.963964 67.500000 0.62587188349534095 0.051622922556297572
847 0 2967.467467 0.000000 0.62767255962082302 0.051688758241735348
847 1 2967.467467 22.500000 0.62767255962082302 0.051688758241735348
847 2 2967.467467 45.000000 0.62767255962082302 0.051688758241735348
847 3 2967.467467 67.500000 0.62767255962082302 0.051688758241735348
848 0 2970.970971 0.000000 0.6290617809884439 0.051521634760988019
848 1 2970.970971 22.500000 0.6290617809884439 0.051521634760988019
848 2 2970.970971 45.000000 0.6290617809884439 0.051521634760988019
848 3 2970.970971 67.500000 0.6290617809884439 0.051521634760988019
849 0 2974.474474 0.000000 0.6298016954154495 0.051151262045744612
849 1 2974.474474 22.500000 0.6298016954154495 0.051151262045744612
849 2 2974.474474 45.000000 0.6298016954154495 0.051151262045744612
849 3 2974.474474 67.500000 0.6298016954154495 0.051151262045744612
850 0 2977.977978 0.000000 0.6297676053394321 0.050642068393034256
850 1 2977.977978 22.500000 0.6297676053394321 0.050642068393034256
850 2 2977.977978 45.000000 0.6297676053394321 0.050642068393034256
850 3 2977.977978 67.500000 0.6297676053394321 0.050642068393034256
851 0 2981.481481 0.000000 0.62896920917819599 0.050081999818099292
851 1 2981.481481 22.500000 0.62896920917819599 0.050081999818099292
851 2 2981.481481 45.000000 0.62896920917819599 0.050081999818099292
851 3 2981.481481 67.500000 0.62896920917819599 0.050081999818099292
852 0 2984.984985 0.000000 0.62754805457421248 0.049567337885286979
852 1 2984.984985 22.500000 0.62754805457421248 0.049567337885286979
852 2 2984.984985 45.000000 0.62754805457421248 0.049567337885286979
852 3 2984.984985 67.500000 0.62754805457421248 0.049567337885286979
853 0 2988.488488 0.000000 0.62575193955742625 0.049186155619519931
853 1 2988.488488 22.500000 0.62575193955742625 0.049186155619519931
853 2 2988.488488 45.000000 0.62575193955742625 0.049186155619519931
853 3 2988.488488 67.500000 0.62575193955742625 0.049186155619519931
854 0 2991.991992 0.000000 0.62389123236450472 0.049003252953700012
854 1 2991.991992 22.500000 0.62389123236450472 0.049003252953700012
854 2 2991.991992 45.000000 0.62389123236450472 0.049003252953700012
854 3 2991.991992 67.500000 0.62389123236450472 0.049003252953700012
855 0 2995.495495 0.000000 0.62228512900991007 0.049049147224483169
855 1 2995.495495 22.500000 0.62228512900991007 0.049049147224483169
855 2 2995.495495 45.000000 0.62228512900991007 0.049049147224483169
855 3 2995.495495 67.500000 0.62228512900991007 0.049049147224483169
856 0 2998.998999 0.000000 0.62120723579409054 0.049314988169952764
856 1 2998.998999 22.500000 0.62120723579409054 0.049314988169952764
856 2 2998.998999 45.000000 0.62120723579409054 0.049314988169952764
856 3 2998.998999 67.500000 0.62120723579409054 0.049314988169952764
857 0 3002.502503 0.000000 0.62083953905639566 0.049754243561777121
857 1 3002.502503 22.500000 0.62083953905639566 0.049754243561777121
857 2 3002.502503 45.000000 0.62083953905639566 0.049754243561777121
857 3 3002.502503 67.500000 0.62083953905639566 0.049754243561777121
858 0 3006.006006 0.000000 0.62124213287850538 0.050290837687696113
858 1 3006.006006 22.500000 0.62124213287850538 0.050290837687696113
858 2 3006.006006 45.000000 0.62124213287850538 0.050290837687696113
858 3 3006.006006 67.500000 0.62124213287850538 0.050290837687696113
859 0 3009.509510 0.000000 0.62234345183966377 0.050832320381784847
859 1 3009.509510 22.500000 0.62234345183966377 0.050832320381784847
859 2 3009.509510 45.000000 0.62234345183966377 0.050832320381784847
859 3 3009.509510 67.500000 0.62234345183966377 0.050832320381784847
860 0 3013.013013 0.000000 0.62395257850334074 0.051285788152741103
860 1 3013.013013 22.500000 0.62395257850334074 0.051285788152741103
860 2 3013.013013 45.000000 0.62395257850334074 0.051285788152741103
860 3 3013.013013 67.500000 0.62395257850334074 0.051285788152741103
861 0 3016.516517 0.000000 0.62579177254323648 0.051573816818874942
861 1 3016.516517 22.500000 0.62579177254323648 0.051573816818874942
861 2 3016.516517 45.000000 0.62579177254323648 0.051573816818874942
861 3 3016.516517 67.500000 0.62579177254323648 0.051573816818874942
862 0 3020.020020 0.000000 0.62754404445462686 0.051647674457677033
862 1 3020.020020 22.500000 0.62754404445462686 0.051647674457677033
862 2 3020.020020 45.000000 0.62754404445462686 0.051647674457677033
862 3 3020.020020 67.500000 0.62754404445462686 0.051647674457677033
863 0 3023.523524 0.000000 0.62890785244888991 0.051495560856986304
863 1 3023.523524 22.500000 0.62890785244888991 0.051495560856986304
863 2 3023.523524 45.000000 0.62890785244888991 0.051495560856986304
863 3 3023.523524 67.500000 0.62890785244888991 0.051495560856986304
864 0 3027.027027 0.000000 0.62964942800246915 0.051144481301073491
864 1 3027.027027 22.500000 0.62964942800246915 0.051144481301073491
864 2 3027.027027 45.000000 0.62964942800246915 0.051144481301073491
864 3 3027.027027 67.500000 0.62964942800246915 0.051144481301073491
865 0 3030.530531 0.000000 0.6296433516537342 0.050655459239577739
865 1 3030.530531 22.500000 0.6296433516537342 0.050655459239577739
865 2 3030.530531 45.000000 0.6296433516537342 0.050655459239577739
865 3 3030.530531 67.500000 0.6296433516537342 0.050655459239577739
866 0 3034.034034 0.000000 0.6288939949700636 0.050112935306232419
866 1 3034.034034 22.500000 0.6288939949700636 0.050112935306232419
866 2 3034.034034 45.000000 0.6288939949700636 0.050112935306232419
866 3 3034.034034 67.500000 0.6288939949700636 0.050112935306232419
867 0 3037.537538 0.000000 0.62753400469651344 0.049610193258087305
867 1 3037.537538 22.500000 0.62753400469651344 0.049610193258087305
867 2 3037.537538 45.000000 0.62753400469651344 0.049610193258087305
867 3 3037.537538 67.500000 0.62753400469651344 0.049610193258087305
868 0 3041.041041 0.000000 0.62580034960004161 0.049233327124012106
868 1 3041.041041 22.500000 0.62580034960004161 0.049233327124012106
868 2 3041.041041 45.000000 0.62580034960004161 0.049233327124012106
868 3 3041.041041 67.500000 0.62580034960004161 0.049233327124012106
869 0 3044.544545 0.000000 0.62399257440266476 0.049046504003600312
869 1 3044.544545 22.500000 0.62399257440266476 0.049046504003600312
869 2 3044.544545 45.000000 0.62399257440266476 0.049046504003600312
869 3 3044.544545 67.500000 0.62399257440266476 0.049046504003600312
870 0 3048.048048 0.000000 0.6224209220306296 0.049081044094993351
870 1 3048.048048 22.500000 0.6224209220306296 0.049081044094993351
870 2 3048.048048 45.000000 0.6224209220306296 0.049081044094993351
870 3 3048.048048 67.500000 0.6224209220306296 0.049081044094993351
871 0 3051.551552 0.000000 0.62135339635676778 0.049330175399652766
871 1 3051.551552 22.500000 0.62135339635676778 0.049330175399652766
871 2 3051.551552 45.000000 0.62135339635676778 0.049330175399652766
871 3 3051.551552 67.500000 0.62135339635676778 0.049330175399652766
872 0 3055.055055 0.000000 0.62097060458211095 0.049750340630161927
872 1 3055.055055 22.500000 0.62097060458211095 0.049750340630161927
872 2 3055.055055 45.000000 0.62097060458211095 0.049750340630161927
872 3 3055.055055 67.500000 0.62097060458211095 0.049750340630161927
873 0 3058.558559 0.000000 0.62133563767476341 0.050268807273271592
873 1 3058.558559 22.500000 0.62133563767476341 0.050268807273271592
873 2 3058.558559 45.000000 0.62133563767476341 0.050268807273271592
873 3 3058.558559 67.500000 0.62133563767476341 0.050268807273271592
874 0 3062.062062 0.000000 0.62238373298924654 0.050796252156077214
874 1 3062.062062 22.500000 0.62238373298924654 0.050796252156077214
874 2 3062.062062 45.000000 0.62238373298924654 0.050796252156077214
874 3 3062.062062 67.500000 0.62238373298924654 0.050796252156077214
875 0 3065.565566 0.000000 0.62393338620237682 0.051242144068214479
875 1 3065.565566 22.500000 0.62393338620237682 0.051242144068214479
875 2 3065.565566 45.000000 0.62393338620237682 0.051242144068214479
875 3 3065.565566 67.500000 0.62393338620237682 0.051242144068214479
876 0 3069.069069 0.000000 0.62571724766302361 0.051530276431534475
876 1 3069.069069 22.500000 0.62571724766302361 0.051530276431534475
876 2 3069.069069 45.000000 0.62571724766302361 0.051530276431534475
876 3 3069.069069 67.500000 0.62571724766302361 0.051530276431534475
877 0 3072.572573 0.000000 0.62742789014072142 0.051611786097194919
877 1 3072.572573 22.500000 0.62742789014072142 0.051611786097194919
877 2 3072.572573 45.000000 0.62742789014072142 0.051611786097194919
877 3 3072.572573 67.500000 0.62742789014072142 0.051611786097194919
878 0 3076.076076 0.000000 0.62877083630062347 0.051473435131832598
878 1 3076.076076 22.500000 0.62877083630062347 0.051473435131832598
878 2 3076.076076 45.000000 0.62877083630062347 0.051473435131832598
878 3 3076.076076 67.500000 0.62877083630062347 0.051473435131832598
879 0 3079.579580 0.000000 0.62951565587058689 0.051139752709596351
879 1 3079.579580 22.500000 0.62951565587058689 0.051139752709596351
879 2 3079.579580 45.000000 0.62951565587058689 0.051139752709596351
879 3 3079.579580 67.500000 0.62951565587058689 0.051139752709596351
880 0 3083.083083 0.000000 0.6295359888097658 0.05066869198877004
880 1 3083.083083 22.500000 0.6295359888097658 0.05066869198877004
880 2 3083.083083 45.000000 0.6295359888097658 0.05066869198877004
880 3 3083.083083 67.500000 0.6295359888097658 0.05066869198877004
881 0 3086.586587 0.000000 0.62883121666899666 0.050141569966514782
881 1 3086.586587 22.500000 0.62883121666899666 0.050141569966514782
881 2 3086.586587 45.000000 0.62883121666899666 0.050141569966514782
881 3 3086.586587 67.500000 0.62883121666899666 0.050141569966514782
882 0 3090.090090 0.000000 0.62752590592919832 0.049649035786956709
882 1 3090.090090 22.500000 0.62752590592919832 0.049649035786956709
882 2 3090.090090 45.000000 0.62752590592919832 0.049649035786956709
882 3 3090.090090 67.500000 0.62752590592919832 0.049649035786956709
883 0 3093.593594 0.000000 0.62584734529089459 0.049275487764959013
883 1 3093.593594 22.500000 0.62584734529089459 0.049275487764959013
883 2 3093.593594 45.000000 0.62584734529089459 0.049275487764959013
883 3 3093.593594 67.500000 0.62584734529089459 0.049275487764959013
884 0 3097.097097 0.000000 0.62408552735291556 0.049084616884805893
884 1 3097.097097 22.500000 0.62408552735291556 0.049084616884805893
884 2 3097.097097 45.000000 0.62408552735291556 0.049084616884805893
884 3 3097.097097 67.500000 0.62408552735291556 0.049084616884805893
885 0 3100.600601 0.000000 0.62254291710789977 0.049108552061991106
885 1 3100.600601 22.500000 0.62254291710789977 0.049108552061991106
885 2 3100.600601 45.000000 0.62254291710789977 0.049108552061991106
885 3 3100.600601 67.500000 0.62254291710789977 0.049108552061991106
886 0 3104.104104 0.000000 0.6214828014696685 0.049342456320028344
886 1 3104.104104 22.500000 0.6214828014696685 0.049342456320028344
886 2 3104.104104 45.000000 0.6214828014696685 0.049342456320028344
886 3 3104.104104 67.500000 0.6214828014696685 0.049342456320028344
887 0 3107.607608 0.000000 0.62108486488258796 0.049745482021660473
887 1 3107.607608 22.500000 0.62108486488258796 0.049745482021660473
887 2 3107.607608 45.000000 0.62108486488258796 0.049745482021660473
887 3 3107.607608 67.500000 0.62108486488258796 0.049745482021660473
888 0 3111.111111 0.000000 0.62141515572568895 0.050247899788979228
888 1 3111.111111 22.500000 0.62141515572568895 0.050247899788979228
888 2 3111.111111 45.000000 0.62141515572568895 0.050247899788979228
888 3 3111.111111 67.500000 0.62141515572568895 0.050247899788979228
889 0 3114.614615 0.000000 0.62241519252880151 0.050763157718710025
889 1 3114.614615 22.500000 0.62241519252880151 0.050763157718710025
889 2 3114.614615 45.000000 0.62241519252880151 0.050763157718710025
889 3 3114.614615 67.500000 0.62241519252880151 0.050763157718710025
890 0 3118.118118 0.000000 0.62391197200264492 0.051202786202208
890 1 3118.118118 22.500000 0.62391197200264492 0.051202786202208
890 2 3118.118118 45.000000 0.62391197200264492 0.051202786202208
890 3 3118.118118 67.500000 0.62391197200264492 0.051202786202208
891 0 3121.621622 0.000000 0.62564738891139837 0.051491582595323944
891 1 3121.621622 22.500000 0.62564738891139837 0.051491582595323944
891 2 3121.621622 45.000000 0.62564738891139837 0.051491582595323944
891 3 3121.621622 67.500000 0.62564738891139837 0.051491582595323944
892 0 3125.125125 0.000000 0.62732239486362584 0.051580470430317257
892 1 3125.125125 22.500000 0.62732239486362584 0.051580470430317257
892 2 3125.125125 45.000000 0.62732239486362584 0.051580470430317257
892 3 3125.125125 67.500000 0.62732239486362584 0.051580470430317257
893 0 3128.628629 0.000000 0.62864856124362334 0.051454835153066023
893 1 3128.628629 22.500000 0.62864856124362334 0.051454835153066023
893 2 3128.628629 45.000000 0.62864856124362334 0.051454835153066023
893 3 3128.628629 67.500000 0.62864856124362334 0.051454835153066023
894 0 3132.132132 0.000000 0.6293981239085682 0.051136921224553648
894 1 3132.132132 22.500000 0.6293981239085682 0.051136921224553648
894 2 3132.132132 45.000000 0.6293981239085682 0.051136921224553648
894 3 3132.132132 67.500000 0.6293981239085682 0.051136921224553648
895 0 3135.635636 0.000000 0.62944356744412189 0.050681898419425241
895 1 3135.635636 22.500000 0.62944356744412189 0.050681898419425241
895 2 3135.635636 45.000000 0.62944356744412189 0.050681898419425241
895 3 3135.635636 67.500000 0.62944356744412189 0.050681898419425241
896 0 3139.139139 0.000000 0.62877955590804935 0.050168292129970531
896 1 3139.139139 22.500000 0.62877955590804935 0.050168292129970531
896 2 3139.139139 45.000000 0.62877955590804935 0.050168292129970531
896 3 3139.139139 67.500000 0.62877955590804935 0.050168292129970531
897 0 3142.642643 0.000000 0.6275232773489301 0.049684436877406028
897 1 3142.642643 22.500000 0.6275232773489301 0.049684436877406028
897 2 3142.642643 45.000000 0.6275232773489301 0.049684436877406028
897 3 3142.642643 67.500000 0.6275232773489301 0.049684436877406028
898 0 3146.146146 0.000000 0.625893339262802 0.049313289082320383
898 1 3146.146146 22.500000 0.625893339262802 0.049313289082320383
898 2 3146.146146 45.000000 0.625893339262802 0.049313289082320383
898 3 3146.146146 67.500000 0.625893339262802 0.049313289082320383
899 0 3149.649650 0.000000 0.62417129894443779 0.04911820930045372
899 1 3149.649650 22.500000 0.62417129894443779 0.04911820930045372
899 2 3149.649650 45.000000 0.62417129894443779 0.04911820930045372
899 3 3149.649650 67.500000 0.62417129894443779 0.04911820930045372
900 0 3153.153153 0.000000 0.62265288621719028 0.049132149828542186
900 1 3153.153153 22.500000 0.62265288621719028 0.049132149828542186
900 2 3153.153153 45.000000 0.62265288621719028 0.049132149828542186
900 3 3153.153153 67.500000 0.62265288621719028 0.049132149828542186
901 0 3156.656657 0.000000 0.62159746749387834 0.049352092089487876
901 1 3156.656657 22.500000 0.62159746749387834 0.049352092089487876
901 2 3156.656657 45.000000 0.62159746749387834 0.049352092089487876
901 3 3156.656657 67.500000 0.62159746749387834 0.049352092089487876
902 0 3160.160160 0.000000 0.62118422830912912 0.049739672205893315
902 1 3160.160160 22.500000 0.62118422830912912 0.049739672205893315
902 2 3160.160160 45.000000 0.62118422830912912 0.049739672205893315
902 3 3160.160160 67.500000 0.62118422830912912 0.049739672205893315
903 0 3163.663664 0.000000 0.62148216254059208 0.050227868963837304
903 1 3163.663664 22.500000 0.62148216254059208 0.050227868963837304
903 2 3163.663664 45.000000 0.62148216254059208 0.050227868963837304
903 3 3163.663664 67.500000 0.62148216254059208 0.050227868963837304
904 0 3167.167167 0.000000 0.6224386300028486 0.050732588907528457
904 1 3167.167167 22.500000 0.6224386300028486 0.050732588907528457
904 2 3167.167167 45.000000 0.6224386300028486 0.050732588907528457
904 3 3167.167167 67.500000 0.6224386300028486 0.050732588907528457
905 0 3170.670671 0.000000 0.62388833768506935 0.051167146756570601
905 1 3170.670671 22.500000 0.62388833768506935 0.051167146756570601
905 2 3170.670671 45.000000 0.62388833768506935 0.051167146756570601
905 3 3170.670671 67.500000 0.62388833768506935 0.051167146756570601
906 0 3174.174174 0.000000 0.62558141842305826 0.051457148553062243
906 1 3174.174174 22.500000 0.62558141842305826 0.051457148553062243
906 2 3174.174174 45.000000 0.62558141842305826 0.051457148553062243
906 3 3174.174174 67.500000 0.62558141842305826 0.051457148553062243
907 0 3177.677678 0.000000 0.62722615344469679 0.05155322307793201
907 1 3177.677678 22.500000 0.62722615344469679 0.05155322307793201
907 2 3177.677678 45.000000 0.62722615344469679 0.05155322307793201
907 3 3177.677678 67.500000 0.62722615344469679 0.05155322307793201
908 0 3181.181181 0.000000 0.62853925220175644 0.051439423495823491
908 1 3181.181181 22.500000 0.62853925220175644 0.051439423495823491
908 2 3181.181181 45.000000 0.62853925220175644 0.051439423495823491
908 3 3181.181181 67.500000 0.62853925220175644 0.051439423495823491
909 0 3184.684685 0.000000 0.62929500231477042 0.051135870091107864
909 1 3184.684685 22.500000 0.62929500231477042 0.051135870091107864
909 2 3184.684685 45.000000 0.62929500231477042 0.051135870091107864
909 3 3184.684685 67.500000 0.62929500231477042 0.051135870091107864
910 0 3188.188188 0.000000 0.62936451927619641 0.05069519686014351
910 1 3188.188188 22.500000 0.62936451927619641 0.05069519686014351
910 2 3188.188188 45.000000 0.62936451927619641 0.05069519686014351
910 3 3188.188188 67.500000 0.62936451927619641 0.05069519686014351
911 0 3191.691692 0.000000 0.62873796787073599 0.050193428841735901
911 1 3191.691692 22.500000 0.62873796787073599 0.050193428841735901
911 2 3191.691692 45.000000 0.62873796787073599 0.050193428841735901
911 3 3191.691692 67.500000 0.62873796787073599 0.050193428841735901
912 0 3195.195195 0.000000 0.62752576131095616 0.049716870708582155
912 1 3195.195195 22.500000 0.62752576131095616 0.049716870708582155
912 2 3195.195195 45.000000 0.62752576131095616 0.049716870708582155
912 3 3195.195195 67.500000 0.62752576131095616 0.049716870708582155
913 0 3198.698699 0.000000 0.62593870149219111 0.04934726706625666
913 1 3198.698699 22.500000 0.62593870149219111 0.04934726706625666
913 2 3198.698699 45.000000 0.62593870149219111 0.04934726706625666
913 3 3198.698699 67.500000 0.62593870149219111 0.04934726706625666
914 0 3202.202202 0.000000 0.62425090129571748 0.049147785255170169
914 1 3202.202202 22.500000 0.62425090129571748 0.049147785255170169
914 2 3202.202202 45.000000 0.62425090129571748 0.049147785255170169
914 3 3202.202202 67.500000 0.62425090129571748 0.049147785255170169
915 0 3205.705706 0.000000 0.62275229108128694 0.049152223485117254
915 1 3205.705706 22.500000 0.62275229108128694 0.049152223485117254
915 2 3205.705706 45.000000 0.62275229108128694 0.049152223485117254
915 3 3205.705706 67.500000 0.62275229108128694 0.049152223485117254
916 0 3209.209209 0.000000 0.62169904221115491 0.049359287405108712
916 1 3209.209209 22.500000 0.62169904221115491 0.049359287405108712
916 2 3209.209209 45.000000 0.62169904221115491 0.049359287405108712
916 3 3209.209209 67.500000 0.62169904221115491 0.049359287405108712
917 0 3212.712713 0.000000 0.62127024067401493 0.049732903815736286
917 1 3212.712713 22.500000 0.62127024067401493 0.049732903815736286
917 2 3212.712713 45.000000 0.62127024067401493 0.049732903815736286
917 3 3212.712713 67.500000 0.62127024067401493 0.049732903815736286
918 0 3216.216216 0.000000 0.62153783863261358 0.050208501964313118
918 1 3216.216216 22.500000 0.62153783863261358 0.050208501964313118
918 2 3216.216216 45.000000 0.62153783863261358 0.050208501964313118
918 3 3216.216216 67.500000 0.62153783863261358 0.050208501964313118
919 0 3219.719720 0.000000 0.62245466596943089 0.050704169228528752
919 1 3219.719720 22.500000 0.62245466596943089 0.050704169228528752
919 2 3219.719720 45.000000 0.62245466596943089 0.050704169228528752
919 3 3219.719720 67.500000 0.62245466596943089 0.050704169228528752
920 0 3223.223223 0.000000 0.62386244964088056 0.051134754523982841
920 1 3223.223223 22.500000 0.62386244964088056 0.051134754523982841
920 2 3223.223223 45.000000 0.62386244964088056 0.051134754523982841
920 3 3223.223223 67.500000 0.62386244964088056 0.051134754523982841
921 0 3226.726727 0.000000 0.62551866899790065 0.051426491933314077
921 1 3226.726727 22.500000 0.62551866899790065 0.051426491933314077
921 2 3226.726727 45.000000 0.62551866899790065 0.051426491933314077
921 3 3226.726727 67.500000 0.62551866899790065 0.051426491933314077
922 0 3230.230230 0.000000 0.62713799483850119 0.051529633910334584
922 1 3230.230230 22.500000 0.62713799483850119 0.051529633910334584
922 2 3230.230230 45.000000 0.62713799483850119 0.051529633910334584
922 3 3230.230230 67.500000 0.62713799483850119 0.051529633910334584
923 0 3233.733734 0.000000 0.62844144850029993 0.05142693117371238
923 1 3233.733734 22.500000 0.62844144850029993 0.05142693117371238
923 2 3233.733734 45.000000 0.62844144850029993 0.05142693117371238
923 3 3233.733734 67.500000 0.62844144850029993 0.05142693117371238
924 0 3237.237237 0.000000 0.62920480013166213 0.051136514349276407
924 1 3237.237237 22.500000 0.62920480013166213 0.051136514349276407
924 2 3237.237237 45.000000 0.62920480013166213 0.051136514349276407
924 3 3237.237237 67.500000 0.62920480013166213 0.051136514349276407
925 0 3240.740741 0.000000 0.62929758090700039 0.050708696487796356
925 1 3240.740741 22.500000 0.62929758090700039 0.050708696487796356
925 2 3240.740741 45.000000 0.62929758090700039 0.050708696487796356
925 3 3240.740741 67.500000 0.62929758090700039 0.050708696487796356
926 0 3244.244244 0.000000 0.62870562788261197 0.050217259807660224
926 1 3244.244244 22.500000 0.62870562788261197 0.050217259807660224
926 2 3244.244244 45.000000 0.62870562788261197 0.050217259807660224
926 3 3244.244244 67.500000 0.62870562788261197 0.050217259807660224
927 0 3247.747748 0.000000 0.62753310091882275 0.049746735075636719
927 1 3247.747748 22.500000 0.62753310091882275 0.049746735075636719
927 2 3247.747748 45.000000 0.62753310091882275 0.049746735075636719
927 3 3247.747748 67.500000 0.62753310091882275 0.049746735075636719
928 0 3251.251251 0.000000 0.6259837701152664 0.049377866067489284
928 1 3251.251251 22.500000 0.6259837701152664 0.049377866067489284
928 2 3251.251251 45.000000 0.6259837701152664 0.049377866067489284
928 3 3251.251251 67.500000 0.6259837701152664 0.049377866067489284
929 0 3254.754755 0.000000 0.62432519178802248 0.049173757823285216
929 1 3254.754755 22.500000 0.62432519178802248 0.049173757823285216
929 2 3254.754755 45.000000 0.62432519178802248 0.049173757823285216
929 3 3254.754755 67.500000 0.62432519178802248 0.049173757823285216
930 0 3258.258258 0.000000 0.62284234588934428 0.04916908427580876
930 1 3258.258258 22.500000 0.62284234588934428 0.04916908427580876
930 2 3258.258258 45.000000 0.62284234588934428 0.04916908427580876
930 3 3258.258258 67.500000 0.62284234588934428 0.04916908427580876
931 0 3261.761762 0.000000 0.62178887785047332 0.04936420040335826
931 1 3261.761762 22.500000 0.62178887785047332 0.04936420040335826
931 2 3261.761762 45.000000 0.62178887785047332 0.04936420040335826
931 3 3261.761762 67.500000 0.62178887785047332 0.04936420040335826
932 0 3265.265265 0.000000 0.62134415577284507 0.049725158268079529
932 1 3265.265265 22.500000 0.62134415577284507 0.049725158268079529
932 2 3265.265265 45.000000 0.62134415577284507 0.049725158268079529
932 3 3265.265265 67.500000 0.62134415577284507 0.049725158268079529
933 0 3268.768769 0.000000 0.62158312562142171 0.050189610958935212
933 1 3268.768769 22.500000 0.62158312562142171 0.050189610958935212
933 2 3268.768769 45.000000 0.62158312562142171 0.050189610958935212
933 3 3268.768769 67.500000 0.62158312562142171 0.050189610958935212
934 0 3272.272272 0.000000 0.62246377461737046 0.050677578129565443
934 1 3272.272272 22.500000 0.62246377461737046 0.050677578129565443
934 2 3272.272272 45.000000 0.62246377461737046 0.050677578129565443
934 3 3272.272272 67.500000 0.62246377461737046 0.050677578129565443
935 0 3275.775776 0.000000 0.62383424322602898 0.051105214821254907
935 1 3275.775776 22.500000 0.62383424322602898 0.051105214821254907
935 2 3275.775776 45.000000 0.62383424322602898 0.051105214821254907
935 3 3275.775776 67.500000 0.62383424322602898 0.051105214821254907
936 0 3279.279279 0.000000 0.6254585603981655 0.051399213933482131
936 1 3279.279279 22.500000 0.6254585603981655 0.051399213933482131
936 2 3279.279279 45.000000 0.6254585603981655 0.051399213933482131
936 3 3279.279279 67.500000 0.6254585603981655 0.051399213933482131
937 0 3282.782783 0.000000 0.62705693539089569 0.051509369074738104
937 1 3282.782783 22.500000 0.62705693539089569 0.051509369074738104
937 2 3282.782783 45.000000 0.62705693539089569 0.051509369074738104
937 3 3282.782783 67.500000 0.62705693539089569 0.051509369074738104
938 0 3286.286286 0.000000 0.62835394290616153 0.051417145496111288
938 1 3286.286286 22.500000 0.62835394290616153 0.051417145496111288
938 2 3286.286286 45.000000 0.62835394290616153 0.051417145496111288
938 3 3286.286286 67.500000 0.62835394290616153 0.051417145496111288
939 0 3289.789790 0.000000 0.62912630102903511 0.051138796408791883
939 1 3289.789790 22.500000 0.62912630102903511 0.051138796408791883
939 2 3289.789790 45.000000 0.62912630102903511 0.051138796408791883
939 3 3289.789790 67.500000 0.62912630102903511 0.051138796408791883
940 0 3293.293293 0.000000 0.62924173744784051 0.050722501125805348
940 1 3293.293293 22.500000 0.62924173744784051 0.050722501125805348
940 2 3293.293293 45.000000 0.62924173744784051 0.050722501125805348
940 3 3293.293293 67.500000 0.62924173744784051 0.050722501125805348
941 0 3296.796797 0.000000 0.62868189218152115 0.050240028500924162
941 1 3296.796797 22.500000 0.62868189218152115 0.050240028500924162
941 2 3296.796797 45.000000 0.62868189218152115 0.050240028500924162
941 3 3296.796797 67.500000 0.62868189218152115 0.050240028500924162
942 0 3300.300300 0.000000 0.62754512388915562 0.0497743676729797
942 1 3300.300300 22.500000 0.62754512388915562 0.0497743676729797
942 2 3300.300300 45.000000 0.62754512388915562 0.0497743676729797
942 3 3300.300300 67.500000 0.62754512388915562 0.0497743676729797
943 0 3303.803804 0.000000 0.62602886012854886 0.049405457313261451
943 1 3303.803804 22.500000 0.62602886012854886 0.049405457313261451
943 2 3303.803804 45.000000 0.62602886012854886 0.049405457313261451
943 3 3303.803804 67.500000 0.62602886012854886 0.049405457313261451
944 0 3307.307307 0.000000 0.62439490403781539 0.049196466670070875
944 1 3307.307307 22.500000 0.62439490403781539 0.049196466670070875
944 2 3307.307307 45.000000 0.62439490403781539 0.049196466670070875
944 3 3307.307307 67.500000 0.62439490403781539 0.049196466670070875
945 0 3310.810811 0.000000 0.62292406431028702 0.049182982172699292
945 1 3310.810811 22.500000 0.62292406431028702 0.049182982172699292
945 2 3310.810811 45.000000 0.62292406431028702 0.049182982172699292
945 3 3310.810811 67.500000 0.62292406431028702 0.049182982172699292
946 0 3314.314314 0.000000 0.62186808545339944 0.049366950103495032
946 1 3314.314314 22.500000 0.62186808545339944 0.049366950103495032
946 2 3314.314314 45.000000 0.62186808545339944 0.049366950103495032
946 3 3314.314314 67.500000 0.62186808545339944 0.049366950103495032
947 0 3317.817818 0.000000 0.62140698750410084 0.049716406005454905
947 1 3317.817818 22.500000 0.62140698750410084 0.049716406005454905
947 2 3317.817818 45.000000 0.62140698750410084 0.049716406005454905
947 3 3317.817818 67.500000 0.62140698750410084 0.049716406005454905
948 0 3321.321321 0.000000 0.62161876723353948 0.050171026344781607
948 1 3321.321321 22.500000 0.62161876723353948 0.050171026344781607
948 2 3321.321321 45.000000 0.62161876723353948 0.050171026344781607
948 3 3321.321321 67.500000 0.62161876723353948 0.050171026344781607
949 0 3324.824825 0.000000 0.62246630696224614 0.050652538581311982
949 1 3324.824825 22.500000 0.62246630696224614 0.050652538581311982
949 2 3324.824825 45.000000 0.62246630696224614 0.050652538581311982
949 3 3324.824825 67.500000 0.62246630696224614 0.050652538581311982
950 0 3328.328328 0.000000 0.62380362472549489 0.051078193704539511
950 1 3328.328328 22.500000 0.62380362472549489 0.051078193704539511
950 2 3328.328328 45.000000 0.62380362472549489 0.051078193704539511
950 3 3328.328328 67.500000 0.62380362472549489 0.051078193704539511
951 0 3331.831832 0.000000 0.62540058041434654 0.051374982941356707
951 1 3331.831832 22.500000 0.62540058041434654 0.051374982941356707
951 2 3331.831832 45.000000 0.62540058041434654 0.051374982941356707
951 3 3331.831832 67.500000 0.62540058041434654 0.051374982941356707
952 0 3335.335335 0.000000 0.62698214294816235 0.05149215680072744
952 1 3335.335335 22.500000 0.62698214294816235 0.05149215680072744
952 2 3335.335335 45.000000 0.62698214294816235 0.05149215680072744
952 3 3335.335335 67.500000 0.62698214294816235 0.05149215680072744
953 0 3338.838839 0.000000 0.62827573554593397 0.051409900369957177
953 1 3338.838839 22.500000 0.62827573554593397 0.051409900369957177
953 2 3338.838839 45.000000 0.62827573554593397 0.051409900369957177
953 3 3338.838839 67.500000 0.62827573554593397 0.051409900369957177
954 0 3342.342342 0.000000 0.6290585153482503 0.051142682319510503
954 1 3342.342342 22.500000 0.6290585153482503 0.051142682319510503
954 2 3342.342342 45.000000 0.6290585153482503 0.051142682319510503
954 3 3342.342342 67.500000 0.6290585153482503 0.051142682319510503
955 0 3345.845846 0.000000 0.62919618104254271 0.050736711896299733
955 1 3345.845846 22.500000 0.62919618104254271 0.050736711896299733
955 2 3345.845846 45.000000 0.62919618104254271 0.050736711896299733
955 3 3345.845846 67.500000 0.62919618104254271 0.050736711896299733
956 0 3349.349349 0.000000 0.62866626983432528 0.05026195051855558
956 1 3349.349349 22.500000 0.62866626983432528 0.05026195051855558
956 2 3349.349349 45.000000 0.62866626983432528 0.05026195051855558
956 3 3349.349349 67.500000 0.62866626983432528 0.05026195051855558
957 0 3352.852853 0.000000 0.62756173219422207 0.049800058542167194
957 1 3352.852853 22.500000 0.62756173219422207 0.049800058542167194
957 2 3352.852853 45.000000 0.62756173219422207 0.049800058542167194
957 3 3352.852853 67.500000 0.62756173219422207 0.049800058542167194
958 0 3356.356356 0.000000 0.62607427186586961 0.049430353206151315
958 1 3356.356356 22.500000 0.62607427186586961 0.049430353206151315
958 2 3356.356356 45.000000 0.62607427186586961 0.049430353206151315
958 3 3356.356356 67.500000 0.62607427186586961 0.049430353206151315
959 0 3359.859860 0.000000 0.62446067304772368 0.049216191736907992
959 1 3359.859860 22.500000 0.62446067304772368 0.049216191736907992
959 2 3359.859860 45.000000 0.62446067304772368 0.049216191736907992
959 3 3359.859860 67.500000 0.62446067304772368 0.049216191736907992
960 0 3363.363363 0.000000 0.6229982963972972 0.049194116685038154
960 1 3363.363363 22.500000 0.6229982963972972 0.049194116685038154
960 2 3363.363363 45.000000 0.6229982963972972 0.049194116685038154
960 3 3363.363363 67.500000 0.6229982963972972 0.049194116685038154
961 0 3366.866867 0.000000 0.62193757679148032 0.049367622656466416
961 1 3366.866867 22.500000 0.62193757679148032 0.049367622656466416
961 2 3366.866867 45.000000 0.62193757679148032 0.049367622656466416
961 3 3366.866867 67.500000 0.62193757679148032 0.049367622656466416
962 0 3370.370370 0.000000 0.62145954943225201 0.049706607341434804
962 1 3370.370370 22.500000 0.62145954943225201 0.049706607341434804
962 2 3370.370370 45.000000 0.62145954943225201 0.049706607341434804
962 3 3370.370370 67.500000 0.62145954943225201 0.049706607341434804
963 0 3373.873874 0.000000 0.62164533976737624 0.050152592296632929
963 1 3373.873874 22.500000 0.62164533976737624 0.050152592296632929
963 2 3373.873874 45.000000 0.62164533976737624 0.050152592296632929
963 3 3373.873874 67.500000 0.62164533976737624 0.050152592296632929
964 0 3377.377377 0.000000 0.6224625072056561 0.05062880833065251
964 1 3377.377377 22.500000 0.6224625072056561 0.05062880833065251
964 2 3377.377377 45.000000 0.6224625072056561 0.05062880833065251
964 3 3377.377377 67.500000 0.6224625072056561 0.05062880833065251
965 0 3380.880881 0.000000 0.62377047113892614 0.051053406612762295
965 1 3380.880881 22.500000 0.62377047113892614 0.051053406612762295
965 2 3380.880881 45.000000 0.62377047113892614 0.051053406612762295
965 3 3380.880881 67.500000 0.62377047113892614 0.051053406612762295
966 0 3384.384384 0.000000 0.62534426851409453 0.051353522622361494
966 1 3384.384384 22.500000 0.62534426851409453 0.051353522622361494
966 2 3384.384384 45.000000 0.62534426851409453 0.051353522622361494
966 3 3384.384384 67.500000 0.62534426851409453 0.051353522622361494
967 0 3387.887888 0.000000 0.62691290757213936 0.051477776984895744
967 1 3387.887888 22.500000 0.62691290757213936 0.051477776984895744
967 2 3387.887888 45.000000 0.62691290757213936 0.051477776984895744
967 3 3387.887888 67.500000 0.62691290757213936 0.051477776984895744
968 0 3391.391391 0.000000 0.62820599703500746 0.051405069081404506
968 1 3391.391391 22.500000 0.62820599703500746 0.051405069081404506
968 2 3391.391391 45.000000 0.62820599703500746 0.051405069081404506
968 3 3391.391391 67.500000 0.62820599703500746 0.051405069081404506
969 0 3394.894895 0.000000 0.62900064214717177 0.051148158816985617
969 1 3394.894895 22.500000 0.62900064214717177 0.051148158816985617
969 2 3394.894895 45.000000 0.62900064214717177 0.051148158816985617
969 3 3394.894895 67.500000 0.62900064214717177 0.051148158816985617
970 0 3398.398398 0.000000 0.629160278312483 0.050751428805380902
970 1 3398.398398 22.500000 0.629160278312483 0.050751428805380902
970 2 3398.398398 45.000000 0.629160278312483 0.050751428805380902
970 3 3398.398398 67.500000 0.629160278312483 0.050751428805380902
971 0 3401.901902 0.000000 0.62865840092019321 0.050283219176228341
971 1 3401.901902 22.500000 0.62865840092019321 0.050283219176228341
971 2 3401.901902 45.000000 0.62865840092019321 0.050283219176228341
971 3 3401.901902 67.500000 0.62865840092019321 0.050283219176228341
972 0 3405.405405 0.000000 0.62758289429808622 0.049824058466378635
972 1 3405.405405 22.500000 0.62758289429808622 0.049824058466378635
972 2 3405.405405 45.000000 0.62758289429808622 0.049824058466378635
972 3 3405.405405 67.500000 0.62758289429808622 0.049824058466378635
973 0 3408.908909 0.000000 0.62612029809819281 0.049452816869103369
973 1 3408.908909 22.500000 0.62612029809819281 0.049452816869103369
973 2 3408.908909 45.000000 0.62612029809819281 0.049452816869103369
973 3 3408.908909 67.500000 0.62612029809819281 0.049452816869103369
974 0 3412.412412 0.000000 0.62452305545208464 0.049233162157301696
974 1 3412.412412 22.500000 0.62452305545208464 0.049233162157301696
974 2 3412.412412 45.000000 0.62452305545208464 0.049233162157301696
974 3 3412.412412 67.500000 0.62452305545208464 0.049233162157301696
975 0 3415.915916 0.000000 0.62306575813336318 0.049202643557208416
975 1 3415.915916 22.500000 0.62306575813336318 0.049202643557208416
975 2 3415.915916 45.000000 0.62306575813336318 0.049202643557208416
975 3 3415.915916 67.500000 0.62306575813336318 0.049202643557208416
976 0 3419.419419 0.000000 0.62199809796779149 0.049366274702870756
976 1 3419.419419 22.500000 0.62199809796779149 0.049366274702870756
976 2 3419.419419 45.000000 0.62199809796779149 0.049366274702870756
976 3 3419.419419 67.500000 0.62199809796779149 0.049366274702870756
977 0 3422.922923 0.000000 0.62150248672346087 0.049695712008655746
977 1 3422.922923 22.500000 0.62150248672346087 0.049695712008655746
977 2 3422.922923 45.000000 0.62150248672346087 0.049695712008655746
977 3 3422.922923 67.500000 0.62150248672346087 0.049695712008655746
978 0 3426.426426 0.000000 0.62166327712260716 0.050134162750721453
978 1 3426.426426 22.500000 0.62166327712260716 0.050134162750721453
978 2 3426.426426 45.000000 0.62166327712260716 0.050134162750721453
978 3 3426.426426 67.500000 0.62166327712260716 0.050134162750721453
979 0 3429.929930 0.000000 0.6224525269484753 0.050606173215861888
979 1 3429.929930 22.500000 0.6224525269484753 0.050606173215861888
979 2 3429.929930 45.000000 0.6224525269484753 0.050606173215861888
979 3 3429.929930 67.500000 0.6224525269484753 0.050606173215861888
980 0 3433.433433 0.000000 0.62373463160770981 0.051030610380311078
980 1 3433.433433 22.500000 0.62373463160770981 0.051030610380311078
980 2 3433.433433 45.000000 0.62373463160770981 0.051030610380311078
980 3 3433.433433 67.500000 0.62373463160770981 0.051030610380311078
981 0 3436.936937 0.000000 0.62528920472469118 0.051334604206987711
981 1 3436.936937 22.500000 0.62528920472469118 0.051334604206987711
981 2 3436.936937 45.000000 0.62528920472469118 0.051334604206987711
981 3 3436.936937 67.500000 0.62528920472469118 0.051334604206987711
982 0 3440.440440 0.000000 0.62684862022010812 0.051466055250261232
982 1 3440.440440 22.500000 0.62684862022010812 0.051466055250261232
982 2 3440.440440 45.000000 0.62684862022010812 0.051466055250261232
982 3 3440.440440 67.500000 0.62684862022010812 0.051466055250261232
983 0 3443.943944 0.000000 0.62814404092258092 0.051402561273405881
983 1 3443.943944 22.500000 0.62814404092258092 0.051402561273405881
983 2 3443.943944 45.000000 0.62814404092258092 0.051402561273405881
983 3 3443.943944 67.500000 0.62814404092258092 0.051402561273405881
984 0 3447.447447 0.000000 0.62895204025449558 0.051155233809706359
984 1 3447.447447 22.500000 0.62895204025449558 0.051155233809706359
984 2 3447.447447 45.000000 0.62895204025449558 0.051155233809706359
984 3 3447.447447 67.500000 0.62895204025449558 0.051155233809706359
985 0 3450.950951 0.000000 0.62913354486174433 0.05076675467516982
985 1 3450.950951 22.500000 0.62913354486174433 0.05076675467516982
985 2 3450.950951 45.000000 0.62913354486174433 0.05076675467516982
985 3 3450.950951 67.500000 0.62913354486174433 0.05076675467516982
986 0 3454.454454 0.000000 0.62865803848554169 0.05030401218028191
986 1 3454.454454 22.500000 0.62865803848554169 0.05030401218028191
986 2 3454.454454 45.000000 0.62865803848554169 0.05030401218028191
986 3 3454.454454 67.500000 0.62865803848554169 0.05030401218028191
987 0 3457.957958 0.000000 0.62760863707213388 0.049846587167159562
987 1 3457.957958 22.500000 0.62760863707213388 0.049846587167159562
987 2 3457.957958 45.000000 0.62760863707213388 0.049846587167159562
987 3 3457.957958 67.500000 0.62760863707213388 0.049846587167159562
988 0 3461.461461 0.000000 0.62616722658743496 0.049473070359658818
988 1 3461.461461 22.500000 0.62616722658743496 0.049473070359658818
988 2 3461.461461 45.000000 0.62616722658743496 0.049473070359658818
988 3 3461.461461 67.500000 0.62616722658743496 0.049473070359658818
989 0 3464.964965 0.000000 0.62458254154927872 0.049247562957367284
989 1 3464.964965 22.500000 0.62458254154927872 0.049247562957367284
989 2 3464.964965 45.000000 0.62458254154927872 0.049247562957367284
989 3 3464.964965 67.500000 0.62458254154927872 0.049247562957367284
990 0 3468.468468 0.000000 0.62312705025467829 0.049208678670634554
990 1 3468.468468 22.500000 0.62312705025467829 0.049208678670634554
990 2 3468.468468 45.000000 0.62312705025467829 0.049208678670634554
990 3 3468.468468 67.500000 0.62312705025467829 0.049208678670634554
991 0 3471.971972 0.000000 0.62205025136378678 0.049362933663920153
991 1 3471.971972 22.500000 0.62205025136378678 0.049362933663920153
991 2 3471.971972 45.000000 0.62205025136378678 0.049362933663920153
991 3 3471.971972 67.500000 0.62205025136378678 0.049362933663920153
992 0 3475.475475 0.000000 0.6215362972475118 0.049683655642362962
992 1 3475.475475 22.500000 0.6215362972475118 0.049683655642362962
992 2 3475.475475 45.000000 0.6215362972475118 0.049683655642362962
992 3 3475.475475 67.500000 0.6215362972475118 0.049683655642362962
993 0 3478.978979 0.000000 0.62167288748351313 0.050115594537526335
993 1 3478.978979 22.500000 0.62167288748351313 0.050115594537526335
993 2 3478.978979 45.000000 0.62167288748351313 0.050115594537526335
993 3 3478.978979 67.500000 0.62167288748351313 0.050115594537526335
994 0 3482.482482 0.000000 0.62243643487661571 0.05058443798450963
994 1 3482.482482 22.500000 0.62243643487661571 0.05058443798450963
994 2 3482.482482 45.000000 0.62243643487661571 0.05058443798450963
994 3 3482.482482 67.500000 0.62243643487661571 0.05058443798450963
995 0 3485.985986 0.000000 0.62369592892763925 0.051009593183869703
995 1 3485.985986 22.500000 0.62369592892763925 0.051009593183869703
995 2 3485.985986 45.000000 0.62369592892763925 0.051009593183869703
995 3 3485.985986 67.500000 0.62369592892763925 0.051009593183869703
996 0 3489.489489 0.000000 0.62523500335061877 0.051318037179946083
996 1 3489.489489 22.500000 0.62523500335061877 0.051318037179946083
996 2 3489.489489 45.000000 0.62523500335061877 0.051318037179946083
996 3 3489.489489 67.500000 0.62523500335061877 0.051318037179946083
997 0 3492.992993 0.000000 0.6267887604637109 0.051456855895955542
997 1 3492.992993 22.500000 0.6267887604637109 0.051456855895955542
997 2 3492.992993 45.000000 0.6267887604637109 0.051456855895955542
997 3 3492.992993 67.500000 0.6267887604637109 0.051456855895955542
998 0 3496.496496 0.000000 0.62808930823187958 0.051402319332311194
998 1 3496.496496 22.500000 0.62808930823187958 0.051402319332311194
998 2 3496.496496 45.000000 0.62808930823187958 0.051402319332311194
998 3 3496.496496 67.500000 0.62808930823187958 0.051402319332311194
999 0 3500.000000 0.000000 0.62891221289705335 0.051163936848962414
999 1 3500.000000 22.500000 0.62891221289705335 0.051163936848962414
999 2 3500.000000 45.000000 0.62891221289705335 0.051163936848962414
999 3 3500.000000 67.500000 0.62891221289705335 0.051163936848962414
