# Nx=1000 Ny=4 Lx=3500.0 Ly=67.5 lambda=13.50
# i j x_nm y_nm |E|^2 Re(Ey)
0 0 0.000000 0.000000 0.62919349849487627 0.070610533229245084
0 1 0.000000 22.500000 0.62919349849487627 0.070610533229245084
0 2 0.000000 45.000000 0.62919349849487627 0.070610533229245084
0 3 0.000000 67.500000 0.62919349849487627 0.070610533229245084
1 0 3.503504 0.000000 0.62815463973296615 0.069917731154117077
1 1 3.503504 22.500000 0.62815463973296615 0.069917731154117077
1 2 3.503504 45.000000 0.62815463973296615 0.069917731154117077
1 3 3.503504 67.500000 0.62815463973296615 0.069917731154117077
2 0 7.007007 0.000000 0.62662951079148221 0.069442418459352728
2 1 7.007007 22.500000 0.62662951079148221 0.069442418459352728
2 2 7.007007 45.000000 0.62662951079148221 0.069442418459352728
2 3 7.007007 67.500000 0.62662951079148221 0.069442418459352728
3 0 10.510511 0.000000 0.62488135979094761 0.069266223815115616
3 1 10.510511 22.500000 0.62488135979094761 0.069266223815115616
3 2 10.510511 45.000000 0.62488135979094761 0.069266223815115616
3 3 10.510511 67.500000 0.62488135979094761 0.069266223815115616
4 0 14.014014 0.000000 0.62321113214061508 0.069419317787173543
4 1 14.014014 22.500000 0.62321113214061508 0.069419317787173543
4 2 14.014014 45.000000 0.62321113214061508 0.069419317787173543
4 3 14.014014 67.500000 0.62321113214061508 0.069419317787173543
5 0 17.517518 0.000000 0.62190560167244047 0.069875247966972087
5 1 17.517518 22.500000 0.62190560167244047 0.069875247966972087
5 2 17.517518 45.000000 0.62190560167244047 0.069875247966972087
5 3 17.517518 67.500000 0.62190560167244047 0.069875247966972087
6 0 21.021021 0.000000 0.62118834090862174 0.07055550834924755
6 1 21.021021 22.500000 0.62118834090862174 0.07055550834924755
6 2 21.021021 45.000000 0.62118834090862174 0.07055550834924755
6 3 21.021021 67.500000 0.62118834090862174 0.07055550834924755
7 0 24.524525 0.000000 0.62118178073361063 0.071343053856569361
7 1 24.524525 22.500000 0.62118178073361063 0.071343053856569361
7 2 24.524525 45.000000 0.62118178073361063 0.071343053856569361
7 3 24.524525 67.500000 0.62118178073361063 0.071343053856569361
8 0 28.028028 0.000000 0.62188657336040642 0.072102434107398555
8 1 28.028028 22.500000 0.62188657336040642 0.072102434107398555
8 2 28.028028 45.000000 0.62188657336040642 0.072102434107398555
8 3 28.028028 67.500000 0.62188657336040642 0.072102434107398555
9 0 31.531532 0.000000 0.62318156736396702 0.072703083919953906
9 1 31.531532 22.500000 0.62318156736396702 0.072703083919953906
9 2 31.531532 45.000000 0.62318156736396702 0.072703083919953906
9 3 31.531532 67.500000 0.62318156736396702 0.072703083919953906
10 0 35.035035 0.000000 0.62484438100747786 0.073041766759536192
10 1 35.035035 22.500000 0.62484438100747786 0.073041766759536192
10 2 35.035035 45.000000 0.62484438100747786 0.073041766759536192
10 3 35.035035 67.500000 0.62484438100747786 0.073041766759536192
11 0 38.538539 0.000000 0.62658924472453637 0.073060314162980672
11 1 38.538539 22.500000 0.62658924472453637 0.073060314162980672
11 2 38.538539 45.000000 0.62658924472453637 0.073060314162980672
11 3 38.538539 67.500000 0.62658924472453637 0.073060314162980672
12 0 42.042042 0.000000 0.62811589707558757 0.072755613668438329
12 1 42.042042 22.500000 0.62811589707558757 0.072755613668438329
12 2 42.042042 45.000000 0.62811589707558757 0.072755613668438329
12 3 42.042042 67.500000 0.62811589707558757 0.072755613668438329
13 0 45.545546 0.000000 0.6291613044124762 0.072180130673636295
13 1 45.545546 22.500000 0.6291613044124762 0.072180130673636295
13 2 45.545546 45.000000 0.6291613044124762 0.072180130673636295
13 3 45.545546 67.500000 0.6291613044124762 0.072180130673636295
14 0 49.049049 0.000000 0.62954525639199044 0.071432876801376541
14 1 49.049049 22.500000 0.62954525639199044 0.071432876801376541
14 2 49.049049 45.000000 0.62954525639199044 0.071432876801376541
14 3 49.049049 67.500000 0.62954525639199044 0.071432876801376541
15 0 52.552553 0.000000 0.62920174652068528 0.070642379137968905
15 1 52.552553 22.500000 0.62920174652068528 0.070642379137968905
15 2 52.552553 45.000000 0.62920174652068528 0.070642379137968905
15 3 52.552553 67.500000 0.62920174652068528 0.070642379137968905
16 0 56.056056 0.000000 0.62819046285904279 0.069944579052782979
16 1 56.056056 22.500000 0.62819046285904279 0.069944579052782979
16 2 56.056056 45.000000 0.62819046285904279 0.069944579052782979
16 3 56.056056 67.500000 0.62819046285904279 0.069944579052782979
17 0 59.559560 0.000000 0.6266862934500067 0.069459460134633791
17 1 59.559560 22.500000 0.6266862934500067 0.069459460134633791
17 2 59.559560 45.000000 0.6266862934500067 0.069459460134633791
17 3 59.559560 67.500000 0.6266862934500067 0.069459460134633791
18 0 63.063063 0.000000 0.62494877414760297 0.069270422568001838
18 1 63.063063 22.500000 0.62494877414760297 0.069270422568001838
18 2 63.063063 45.000000 0.62494877414760297 0.069270422568001838
18 3 63.063063 67.500000 0.62494877414760297 0.069270422568001838
19 0 66.566567 0.000000 0.62327702163277698 0.069409948707035485
19 1 66.566567 22.500000 0.62327702163277698 0.069409948707035485
19 2 66.566567 45.000000 0.62327702163277698 0.069409948707035485
19 3 66.566567 67.500000 0.62327702163277698 0.069409948707035485
20 0 70.070070 0.000000 0.62195816981429997 0.069854022979814787
20 1 70.070070 22.500000 0.62195816981429997 0.069854022979814787
20 2 70.070070 45.000000 0.62195816981429997 0.069854022979814787
20 3 70.070070 67.500000 0.62195816981429997 0.069854022979814787
21 0 73.573574 0.000000 0.62121825017542243 0.070526264484746415
21 1 73.573574 22.500000 0.62121825017542243 0.070526264484746415
21 2 73.573574 45.000000 0.62121825017542243 0.070526264484746415
21 3 73.573574 67.500000 0.62121825017542243 0.070526264484746415
22 0 77.077077 0.000000 0.6211837940346282 0.071311061315501911
22 1 77.077077 22.500000 0.6211837940346282 0.071311061315501911
22 2 77.077077 45.000000 0.6211837940346282 0.071311061315501911
22 3 77.077077 67.500000 0.6211837940346282 0.071311061315501911
23 0 80.580581 0.000000 0.62186045893701747 0.072073448608739349
23 1 80.580581 22.500000 0.62186045893701747 0.072073448608739349
23 2 80.580581 45.000000 0.62186045893701747 0.072073448608739349
23 3 80.580581 67.500000 0.62186045893701747 0.072073448608739349
24 0 84.084084 0.000000 0.62313211760132714 0.072682313360791534
24 1 84.084084 22.500000 0.62313211760132714 0.072682313360791534
24 2 84.084084 45.000000 0.62313211760132714 0.072682313360791534
24 3 84.084084 67.500000 0.62313211760132714 0.072682313360791534
25 0 87.587588 0.000000 0.62478054547702022 0.073032937328963266
25 1 87.587588 22.500000 0.62478054547702022 0.073032937328963266
25 2 87.587588 45.000000 0.62478054547702022 0.073032937328963266
25 3 87.587588 67.500000 0.62478054547702022 0.073032937328963266
26 0 91.091091 0.000000 0.62652252708384015 0.073065003052130428
26 1 91.091091 22.500000 0.62652252708384015 0.073065003052130428
26 2 91.091091 45.000000 0.62652252708384015 0.073065003052130428
26 3 91.091091 67.500000 0.62652252708384015 0.073065003052130428
27 0 94.594595 0.000000 0.62805829357285847 0.072772967661138485
27 1 94.594595 22.500000 0.62805829357285847 0.072772967661138485
27 2 94.594595 45.000000 0.62805829357285847 0.072772967661138485
27 3 94.594595 67.500000 0.62805829357285847 0.072772967661138485
28 0 98.098098 0.000000 0.62912314773342504 0.072207020758588675
28 1 98.098098 22.500000 0.62912314773342504 0.072207020758588675
28 2 98.098098 45.000000 0.62912314773342504 0.072207020758588675
28 3 98.098098 67.500000 0.62912314773342504 0.072207020758588675
29 0 101.601602 0.000000 0.62953335377311992 0.071464460882186026
29 1 101.601602 22.500000 0.62953335377311992 0.071464460882186026
29 2 101.601602 45.000000 0.62953335377311992 0.071464460882186026
29 3 101.601602 67.500000 0.62953335377311992 0.071464460882186026
30 0 105.105105 0.000000 0.62921815471733034 0.070672971881516639
30 1 105.105105 22.500000 0.62921815471733034 0.070672971881516639
30 2 105.105105 45.000000 0.62921815471733034 0.070672971881516639
30 3 105.105105 67.500000 0.62921815471733034 0.070672971881516639
31 0 108.608609 0.000000 0.62823212814299922 0.069968672955806069
31 1 108.608609 22.500000 0.62823212814299922 0.069968672955806069
31 2 108.608609 45.000000 0.62823212814299922 0.069968672955806069
31 3 108.608609 67.500000 0.62823212814299922 0.069968672955806069
32 0 112.112112 0.000000 0.62674562263731204 0.069472714819694303
32 1 112.112112 22.500000 0.62674562263731204 0.069472714819694303
32 2 112.112112 45.000000 0.62674562263731204 0.069472714819694303
32 3 112.112112 67.500000 0.62674562263731204 0.069472714819694303
33 0 115.615616 0.000000 0.62501502641359719 0.069270444980035997
33 1 115.615616 22.500000 0.62501502641359719 0.069270444980035997
33 2 115.615616 45.000000 0.62501502641359719 0.069270444980035997
33 3 115.615616 67.500000 0.62501502641359719 0.069270444980035997
34 0 119.119119 0.000000 0.62333825846620738 0.069396724264310969
34 1 119.119119 22.500000 0.62333825846620738 0.069396724264310969
34 2 119.119119 45.000000 0.62333825846620738 0.069396724264310969
34 3 119.119119 67.500000 0.62333825846620738 0.069396724264310969
35 0 122.622623 0.000000 0.62200340295271406 0.069829920168014203
35 1 122.622623 22.500000 0.62200340295271406 0.069829920168014203
35 2 122.622623 45.000000 0.62200340295271406 0.069829920168014203
35 3 122.622623 67.500000 0.62200340295271406 0.069829920168014203
36 0 126.126126 0.000000 0.62123940084443308 0.070495611723440307
36 1 126.126126 22.500000 0.62123940084443308 0.070495611723440307
36 2 126.126126 45.000000 0.62123940084443308 0.070495611723440307
36 3 126.126126 67.500000 0.62123940084443308 0.070495611723440307
37 0 129.629630 0.000000 0.62117712041192241 0.071279371536122973
37 1 129.629630 22.500000 0.62117712041192241 0.071279371536122973
37 2 129.629630 45.000000 0.62117712041192241 0.071279371536122973
37 3 129.629630 67.500000 0.62117712041192241 0.071279371536122973
38 0 133.133133 0.000000 0.62182720851206785 0.072046430167601053
38 1 133.133133 22.500000 0.62182720851206785 0.072046430167601053
38 2 133.133133 45.000000 0.62182720851206785 0.072046430167601053
38 3 133.133133 67.500000 0.62182720851206785 0.072046430167601053
39 0 136.636637 0.000000 0.62307829650546176 0.072664844360238193
39 1 136.636637 22.500000 0.62307829650546176 0.072664844360238193
39 2 136.636637 45.000000 0.62307829650546176 0.072664844360238193
39 3 136.636637 67.500000 0.62307829650546176 0.072664844360238193
40 0 140.140140 0.000000 0.62471584625330379 0.073028187230590944
40 1 140.140140 22.500000 0.62471584625330379 0.073028187230590944
40 2 140.140140 45.000000 0.62471584625330379 0.073028187230590944
40 3 140.140140 67.500000 0.62471584625330379 0.073028187230590944
41 0 143.643644 0.000000 0.62645859902159151 0.073073859377138381
41 1 143.643644 22.500000 0.62645859902159151 0.073073859377138381
41 2 143.643644 45.000000 0.62645859902159151 0.073073859377138381
41 3 143.643644 67.500000 0.62645859902159151 0.073073859377138381
42 0 147.147147 0.000000 0.62800665551114476 0.072793871198366403
42 1 147.147147 22.500000 0.62800665551114476 0.072793871198366403
42 2 147.147147 45.000000 0.62800665551114476 0.072793871198366403
42 3 147.147147 67.500000 0.62800665551114476 0.072793871198366403
43 0 150.650651 0.000000 0.62909311260714973 0.072236239715009143
43 1 150.650651 22.500000 0.62909311260714973 0.072236239715009143
43 2 150.650651 45.000000 0.62909311260714973 0.072236239715009143
43 3 150.650651 67.500000 0.62909311260714973 0.072236239715009143
44 0 154.154154 0.000000 0.62953034095211924 0.071496755829684261
44 1 154.154154 22.500000 0.62953034095211924 0.071496755829684261
44 2 154.154154 45.000000 0.62953034095211924 0.071496755829684261
44 3 154.154154 67.500000 0.62953034095211924 0.071496755829684261
45 0 157.657658 0.000000 0.62924270301951757 0.070702533218311339
45 1 157.657658 22.500000 0.62924270301951757 0.070702533218311339
45 2 157.657658 45.000000 0.62924270301951757 0.070702533218311339
45 3 157.657658 67.500000 0.62924270301951757 0.070702533218311339
46 0 161.161161 0.000000 0.62827979623237284 0.069990163471767675
46 1 161.161161 22.500000 0.62827979623237284 0.069990163471767675
46 2 161.161161 45.000000 0.62827979623237284 0.069990163471767675
46 3 161.161161 67.500000 0.62827979623237284 0.069990163471767675
47 0 164.664665 0.000000 0.62680779728122704 0.069482230668097583
47 1 164.664665 22.500000 0.62680779728122704 0.069482230668097583
47 2 164.664665 45.000000 0.62680779728122704 0.069482230668097583
47 3 164.664665 67.500000 0.62680779728122704 0.069482230668097583
48 0 168.168168 0.000000 0.62508048734264499 0.069266222439297795
48 1 168.168168 22.500000 0.62508048734264499 0.069266222439297795
48 2 168.168168 45.000000 0.62508048734264499 0.069266222439297795
48 3 168.168168 67.500000 0.62508048734264499 0.069266222439297795
49 0 171.671672 0.000000 0.62339520812929339 0.06937946469457959
49 1 171.671672 22.500000 0.62339520812929339 0.06937946469457959
49 2 171.671672 45.000000 0.62339520812929339 0.06937946469457959
49 3 171.671672 67.500000 0.62339520812929339 0.06937946469457959
50 0 175.175175 0.000000 0.62204158863419279 0.069802673566866535
50 1 175.175175 22.500000 0.62204158863419279 0.069802673566866535
50 2 175.175175 45.000000 0.62204158863419279 0.069802673566866535
50 3 175.175175 67.500000 0.62204158863419279 0.069802673566866535
51 0 178.678679 0.000000 0.62125194811670892 0.070463238171571185
51 1 178.678679 22.500000 0.62125194811670892 0.070463238171571185
51 2 178.678679 45.000000 0.62125194811670892 0.070463238171571185
51 3 178.678679 67.500000 0.62125194811670892 0.070463238171571185
52 0 182.182182 0.000000 0.62116175674021412 0.071247675524836782
52 1 182.182182 22.500000 0.62116175674021412 0.071247675524836782
52 2 182.182182 45.000000 0.62116175674021412 0.071247675524836782
52 3 182.182182 67.500000 0.62116175674021412 0.071247675524836782
53 0 185.685686 0.000000 0.62178666775408664 0.072021121766270665
53 1 185.685686 22.500000 0.62178666775408664 0.072021121766270665
53 2 185.685686 45.000000 0.62178666775408664 0.072021121766270665
53 3 185.685686 67.500000 0.62178666775408664 0.072021121766270665
54 0 189.189189 0.000000 0.62301983719106302 0.072650512809239606
54 1 189.189189 22.500000 0.62301983719106302 0.072650512809239606
54 2 189.189189 45.000000 0.62301983719106302 0.072650512809239606
54 3 189.189189 67.500000 0.62301983719106302 0.072650512809239606
55 0 192.692693 0.000000 0.62464996655688276 0.073027471076488423
55 1 192.692693 22.500000 0.62464996655688276 0.073027471076488423
55 2 192.692693 45.000000 0.62464996655688276 0.073027471076488423
55 3 192.692693 67.500000 0.62464996655688276 0.073027471076488423
56 0 196.196196 0.000000 0.62639716836038994 0.073086962837093233
56 1 196.196196 22.500000 0.62639716836038994 0.073086962837093233
56 2 196.196196 45.000000 0.62639716836038994 0.073086962837093233
56 3 196.196196 67.500000 0.62639716836038994 0.073086962837093233
57 0 199.699700 0.000000 0.62796078698828872 0.072818515074429643
57 1 199.699700 22.500000 0.62796078698828872 0.072818515074429643
57 2 199.699700 45.000000 0.62796078698828872 0.072818515074429643
57 3 199.699700 67.500000 0.62796078698828872 0.072818515074429643
58 0 203.203203 0.000000 0.62907115380050049 0.072268057737264094
58 1 203.203203 22.500000 0.62907115380050049 0.072268057737264094
58 2 203.203203 45.000000 0.62907115380050049 0.072268057737264094
58 3 203.203203 67.500000 0.62907115380050049 0.072268057737264094
59 0 206.706707 0.000000 0.62953634899635369 0.071530067568224859
59 1 206.706707 22.500000 0.62953634899635369 0.071530067568224859
59 2 206.706707 45.000000 0.62953634899635369 0.071530067568224859
59 3 206.706707 67.500000 0.62953634899635369 0.071530067568224859
60 0 210.210210 0.000000 0.6292756894626611 0.070731356915448254
60 1 210.210210 22.500000 0.6292756894626611 0.070731356915448254
60 2 210.210210 45.000000 0.6292756894626611 0.070731356915448254
60 3 210.210210 67.500000 0.6292756894626611 0.070731356915448254
61 0 213.713714 0.000000 0.62833388824995218 0.070009288483746726
61 1 213.713714 22.500000 0.62833388824995218 0.070009288483746726
61 2 213.713714 45.000000 0.62833388824995218 0.070009288483746726
61 3 213.713714 67.500000 0.62833388824995218 0.070009288483746726
62 0 217.217217 0.000000 0.62687329023678129 0.069488157592070721
62 1 217.217217 22.500000 0.62687329023678129 0.069488157592070721
62 2 217.217217 45.000000 0.62687329023678129 0.069488157592070721
62 3 217.217217 67.500000 0.62687329023678129 0.069488157592070721
63 0 220.720721 0.000000 0.62514559513913914 0.069257801671020428
63 1 220.720721 22.500000 0.62514559513913914 0.069257801671020428
63 2 220.720721 45.000000 0.62514559513913914 0.069257801671020428
63 3 220.720721 67.500000 0.62514559513913914 0.069257801671020428
64 0 224.224224 0.000000 0.62344818825779158 0.069358117237067321
64 1 224.224224 22.500000 0.62344818825779158 0.069358117237067321
64 2 224.224224 45.000000 0.62344818825779158 0.069358117237067321
64 3 224.224224 67.500000 0.62344818825779158 0.069358117237067321
65 0 227.727728 0.000000 0.62207285415069002 0.069772152061325088
65 1 227.727728 22.500000 0.62207285415069002 0.069772152061325088
65 2 227.727728 45.000000 0.62207285415069002 0.069772152061325088
65 3 227.727728 67.500000 0.62207285415069002 0.069772152061325088
66 0 231.231231 0.000000 0.62125578835696382 0.070428968207763995
66 1 231.231231 22.500000 0.62125578835696382 0.070428968207763995
66 2 231.231231 45.000000 0.62125578835696382 0.070428968207763995
66 3 231.231231 67.500000 0.62125578835696382 0.070428968207763995
67 0 234.734735 0.000000 0.62113736521808149 0.071215792679845458
67 1 234.734735 22.500000 0.62113736521808149 0.071215792679845458
67 2 234.734735 45.000000 0.62113736521808149 0.071215792679845458
67 3 234.734735 67.500000 0.62113736521808149 0.071215792679845458
68 0 238.238238 0.000000 0.62173830067245006 0.071997375004795791
68 1 238.238238 22.500000 0.62173830067245006 0.071997375004795791
68 2 238.238238 45.000000 0.62173830067245006 0.071997375004795791
68 3 238.238238 67.500000 0.62173830067245006 0.071997375004795791
69 0 241.741742 0.000000 0.62295607591383284 0.072639229874285366
69 1 241.741742 22.500000 0.62295607591383284 0.072639229874285366
69 2 241.741742 45.000000 0.62295607591383284 0.072639229874285366
69 3 241.741742 67.500000 0.62295607591383284 0.072639229874285366
70 0 245.245245 0.000000 0.62458220910427398 0.073030771658690721
70 1 245.245245 22.500000 0.62458220910427398 0.073030771658690721
70 2 245.245245 45.000000 0.62458220910427398 0.073030771658690721
70 3 245.245245 67.500000 0.62458220910427398 0.073030771658690721
71 0 248.748749 0.000000 0.62633760733490718 0.073104362179079771
71 1 248.748749 22.500000 0.62633760733490718 0.073104362179079771
71 2 248.748749 45.000000 0.62633760733490718 0.073104362179079771
71 3 248.748749 67.500000 0.62633760733490718 0.073104362179079771
72 0 252.252252 0.000000 0.62792022488907528 0.072846991741757169
72 1 252.252252 22.500000 0.62792022488907528 0.072846991741757169
72 2 252.252252 45.000000 0.62792022488907528 0.072846991741757169
72 3 252.252252 67.500000 0.62792022488907528 0.072846991741757169
73 0 255.755756 0.000000 0.62905704430547293 0.07230257671931517
73 1 255.755756 22.500000 0.62905704430547293 0.07230257671931517
73 2 255.755756 45.000000 0.62905704430547293 0.07230257671931517
73 3 255.755756 67.500000 0.62905704430547293 0.07230257671931517
74 0 259.259259 0.000000 0.62955142286705057 0.071564468323170427
74 1 259.259259 22.500000 0.62955142286705057 0.071564468323170427
74 2 259.259259 45.000000 0.62955142286705057 0.071564468323170427
74 3 259.259259 67.500000 0.62955142286705057 0.071564468323170427
75 0 262.762763 0.000000 0.62931742537828228 0.070759450018312464
75 1 262.762763 22.500000 0.62931742537828228 0.070759450018312464
75 2 262.762763 45.000000 0.62931742537828228 0.070759450018312464
75 3 262.762763 67.500000 0.62931742537828228 0.070759450018312464
76 0 266.266266 0.000000 0.62839493616727271 0.070025966064096487
76 1 266.266266 22.500000 0.62839493616727271 0.070025966064096487
76 2 266.266266 45.000000 0.62839493616727271 0.070025966064096487
76 3 266.266266 67.500000 0.62839493616727271 0.070025966064096487
77 0 269.769770 0.000000 0.62694277653803798 0.06949031882165832
77 1 269.769770 22.500000 0.62694277653803798 0.06949031882165832
77 2 269.769770 45.000000 0.62694277653803798 0.06949031882165832
77 3 269.769770 67.500000 0.62694277653803798 0.06949031882165832
78 0 273.273273 0.000000 0.6252110721059958 0.069244926129264264
78 1 273.273273 22.500000 0.6252110721059958 0.069244926129264264
78 2 273.273273 45.000000 0.6252110721059958 0.069244926129264264
78 3 273.273273 67.500000 0.6252110721059958 0.069244926129264264
79 0 276.776777 0.000000 0.62349787076169927 0.069332380664230031
79 1 276.776777 22.500000 0.62349787076169927 0.069332380664230031
79 2 276.776777 45.000000 0.62349787076169927 0.069332380664230031
79 3 276.776777 67.500000 0.62349787076169927 0.069332380664230031
80 0 280.280280 0.000000 0.62209773747996711 0.069738060014765457
80 1 280.280280 22.500000 0.62209773747996711 0.069738060014765457
80 2 280.280280 45.000000 0.62209773747996711 0.069738060014765457
80 3 280.280280 67.500000 0.62209773747996711 0.069738060014765457
81 0 283.783784 0.000000 0.62125126895077654 0.070392569148872638
81 1 283.783784 22.500000 0.62125126895077654 0.070392569148872638
81 2 283.783784 45.000000 0.62125126895077654 0.070392569148872638
81 3 283.783784 67.500000 0.62125126895077654 0.070392569148872638
82 0 287.287287 0.000000 0.62110408024525587 0.071183607722064945
82 1 287.287287 22.500000 0.62110408024525587 0.071183607722064945
82 2 287.287287 45.000000 0.62110408024525587 0.071183607722064945
82 3 287.287287 67.500000 0.62110408024525587 0.071183607722064945
83 0 290.790791 0.000000 0.62168204150750905 0.071975233353583551
83 1 290.790791 22.500000 0.62168204150750905 0.071975233353583551
83 2 290.790791 45.000000 0.62168204150750905 0.071975233353583551
83 3 290.790791 67.500000 0.62168204150750905 0.071975233353583551
84 0 294.294294 0.000000 0.62288678943473619 0.072631217453564489
84 1 294.294294 22.500000 0.62288678943473619 0.072631217453564489
84 2 294.294294 45.000000 0.62288678943473619 0.072631217453564489
84 3 294.294294 67.500000 0.62288678943473619 0.072631217453564489
85 0 297.797798 0.000000 0.62451225522111076 0.073038481981883813
85 1 297.797798 22.500000 0.62451225522111076 0.073038481981883813
85 2 297.797798 45.000000 0.62451225522111076 0.073038481981883813
85 3 297.797798 67.500000 0.62451225522111076 0.073038481981883813
86 0 301.301301 0.000000 0.62627956968342657 0.073126586173834038
86 1 301.301301 22.500000 0.62627956968342657 0.073126586173834038
86 2 301.301301 45.000000 0.62627956968342657 0.073126586173834038
86 3 301.301301 67.500000 0.62627956968342657 0.073126586173834038
87 0 304.804805 0.000000 0.6278846549607382 0.072879906033353301
87 1 304.804805 22.500000 0.6278846549607382 0.072879906033353301
87 2 304.804805 45.000000 0.6278846549607382 0.072879906033353301
87 3 304.804805 67.500000 0.6278846549607382 0.072879906033353301
88 0 308.308308 0.000000 0.62905054135697414 0.07234040138028873
88 1 308.308308 22.500000 0.62905054135697414 0.07234040138028873
88 2 308.308308 45.000000 0.62905054135697414 0.07234040138028873
88 3 308.308308 67.500000 0.62905054135697414 0.07234040138028873
89 0 311.811812 0.000000 0.62957540330175898 0.071600480992677407
89 1 311.811812 22.500000 0.62957540330175898 0.071600480992677407
89 2 311.811812 45.000000 0.62957540330175898 0.071600480992677407
89 3 311.811812 67.500000 0.62957540330175898 0.071600480992677407
90 0 315.315315 0.000000 0.62936781825185295 0.070787178619739377
90 1 315.315315 22.500000 0.62936781825185295 0.070787178619739377
90 2 315.315315 45.000000 0.62936781825185295 0.070787178619739377
90 3 315.315315 67.500000 0.62936781825185295 0.070787178619739377
91 0 318.818819 0.000000 0.62846287379471932 0.070040348804812899
91 1 318.818819 22.500000 0.62846287379471932 0.070040348804812899
91 2 318.818819 45.000000 0.62846287379471932 0.070040348804812899
91 3 318.818819 67.500000 0.62846287379471932 0.070040348804812899
92 0 322.322322 0.000000 0.62701616282107442 0.069488624000790616
92 1 322.322322 22.500000 0.62701616282107442 0.069488624000790616
92 2 322.322322 45.000000 0.62701616282107442 0.069488624000790616
92 3 322.322322 67.500000 0.62701616282107442 0.069488624000790616
93 0 325.825826 0.000000 0.62527674515431109 0.069227265158911616
93 1 325.825826 22.500000 0.62527674515431109 0.069227265158911616
93 2 325.825826 45.000000 0.62527674515431109 0.069227265158911616
93 3 325.825826 67.500000 0.62527674515431109 0.069227265158911616
94 0 329.329329 0.000000 0.6235439658781845 0.069301718677856158
94 1 329.329329 22.500000 0.6235439658781845 0.069301718677856158
94 2 329.329329 45.000000 0.6235439658781845 0.069301718677856158
94 3 329.329329 67.500000 0.6235439658781845 0.069301718677856158
95 0 332.832833 0.000000 0.6221158231207905 0.069699717124450153
95 1 332.832833 22.500000 0.6221158231207905 0.069699717124450153
95 2 332.832833 45.000000 0.6221158231207905 0.069699717124450153
95 3 332.832833 67.500000 0.6221158231207905 0.069699717124450153
96 0 336.336336 0.000000 0.62123787477116987 0.070353296184656161
96 1 336.336336 22.500000 0.62123787477116987 0.070353296184656161
96 2 336.336336 45.000000 0.62123787477116987 0.070353296184656161
96 3 336.336336 67.500000 0.62123787477116987 0.070353296184656161
97 0 339.839840 0.000000 0.62106134889843156 0.071150396991935635
97 1 339.839840 22.500000 0.62106134889843156 0.071150396991935635
97 2 339.839840 45.000000 0.62106134889843156 0.071150396991935635
97 3 339.839840 67.500000 0.62106134889843156 0.071150396991935635
98 0 343.343343 0.000000 0.6216173902773604 0.071954073806646757
98 1 343.343343 22.500000 0.6216173902773604 0.071954073806646757
98 2 343.343343 45.000000 0.6216173902773604 0.071954073806646757
98 3 343.343343 67.500000 0.6216173902773604 0.071954073806646757
99 0 346.846847 0.000000 0.62281163690197194 0.072626015646646114
99 1 346.846847 22.500000 0.62281163690197194 0.072626015646646114
99 2 346.846847 45.000000 0.62281163690197194 0.072626015646646114
99 3 346.846847 67.500000 0.62281163690197194 0.072626015646646114
100 0 350.350350 0.000000 0.6244400266576593 0.073050342945373117
100 1 350.350350 22.500000 0.6244400266576593 0.073050342945373117
100 2 350.350350 45.000000 0.6244400266576593 0.073050342945373117
100 3 350.350350 67.500000 0.6244400266576593 0.073050342945373117
101 0 353.853854 0.000000 0.62622332057887009 0.073153586123204203
101 1 353.853854 22.500000 0.62622332057887009 0.073153586123204203
101 2 353.853854 45.000000 0.62622332057887009 0.073153586123204203
101 3 353.853854 67.500000 0.62622332057887009 0.073153586123204203
102 0 357.357357 0.000000 0.62785472579443413 0.072917402598213138
102 1 357.357357 22.500000 0.62785472579443413 0.072917402598213138
102 2 357.357357 45.000000 0.62785472579443413 0.072917402598213138
102 3 357.357357 67.500000 0.62785472579443413 0.072917402598213138
103 0 360.860861 0.000000 0.62905266324507747 0.072381831738579358
103 1 360.860861 22.500000 0.62905266324507747 0.072381831738579358
103 2 360.860861 45.000000 0.62905266324507747 0.072381831738579358
103 3 360.860861 67.500000 0.62905266324507747 0.072381831738579358
104 0 364.364364 0.000000 0.62960960607980443 0.071638510870159836
104 1 364.364364 22.500000 0.62960960607980443 0.071638510870159836
104 2 364.364364 45.000000 0.62960960607980443 0.071638510870159836
104 3 364.364364 67.500000 0.62960960607980443 0.071638510870159836
105 0 367.867868 0.000000 0.629428355488997 0.070815001180482451
105 1 367.867868 22.500000 0.629428355488997 0.070815001180482451
105 2 367.867868 45.000000 0.629428355488997 0.070815001180482451
105 3 367.867868 67.500000 0.629428355488997 0.070815001180482451
106 0 371.371371 0.000000 0.62853919484952769 0.07005290363205155
106 1 371.371371 22.500000 0.62853919484952769 0.07005290363205155
106 2 371.371371 45.000000 0.62853919484952769 0.07005290363205155
106 3 371.371371 67.500000 0.62853919484952769 0.07005290363205155
107 0 374.874875 0.000000 0.62709476588241431 0.069483518139402733
107 1 374.874875 22.500000 0.62709476588241431 0.069483518139402733
107 2 374.874875 45.000000 0.62709476588241431 0.069483518139402733
107 3 374.874875 67.500000 0.62709476588241431 0.069483518139402733
108 0 378.378378 0.000000 0.6253435784414938 0.069205228889437573
108 1 378.378378 22.500000 0.6253435784414938 0.069205228889437573
108 2 378.378378 45.000000 0.6253435784414938 0.069205228889437573
108 3 378.378378 67.500000 0.6253435784414938 0.069205228889437573
109 0 381.881882 0.000000 0.6235869421166641 0.069266509709358978
109 1 381.881882 22.500000 0.6235869421166641 0.069266509709358978
109 2 381.881882 45.000000 0.6235869421166641 0.069266509709358978
109 3 381.881882 67.500000 0.6235869421166641 0.069266509709358978
110 0 385.385385 0.000000 0.62212699458897658 0.069657484143454546
110 1 385.385385 22.500000 0.62212699458897658 0.069657484143454546
110 2 385.385385 45.000000 0.62212699458897658 0.069657484143454546
110 3 385.385385 67.500000 0.62212699458897658 0.069657484143454546
111 0 388.888889 0.000000 0.6212148822115825 0.070311509061449964
111 1 388.888889 22.500000 0.6212148822115825 0.070311509061449964
111 2 388.888889 45.000000 0.6212148822115825 0.070311509061449964
111 3 388.888889 67.500000 0.6212148822115825 0.070311509061449964
112 0 392.392392 0.000000 0.62100788983268496 0.07111652928161194
112 1 392.392392 22.500000 0.62100788983268496 0.07111652928161194
112 2 392.392392 45.000000 0.62100788983268496 0.07111652928161194
112 3 392.392392 67.500000 0.62100788983268496 0.07111652928161194
113 0 395.895896 0.000000 0.62154262342317457 0.071934269368400736
113 1 395.895896 22.500000 0.62154262342317457 0.071934269368400736
113 2 395.895896 45.000000 0.62154262342317457 0.071934269368400736
113 3 395.895896 67.500000 0.62154262342317457 0.071934269368400736
114 0 399.399399 0.000000 0.62272862010716135 0.072623976678196367
114 1 399.399399 22.500000 0.62272862010716135 0.072623976678196367
114 2 399.399399 45.000000 0.62272862010716135 0.072623976678196367
114 3 399.399399 67.500000 0.62272862010716135 0.072623976678196367
115 0 402.902903 0.000000 0.62436344939468136 0.073066640065501606
115 1 402.902903 22.500000 0.62436344939468136 0.073066640065501606
115 2 402.902903 45.000000 0.62436344939468136 0.073066640065501606
115 3 402.902903 67.500000 0.62436344939468136 0.073066640065501606
116 0 406.406406 0.000000 0.62616691577905703 0.073185518377626643
116 1 406.406406 22.500000 0.62616691577905703 0.073185518377626643
116 2 406.406406 45.000000 0.62616691577905703 0.073185518377626643
116 3 406.406406 67.500000 0.62616691577905703 0.073185518377626643
117 0 409.909910 0.000000 0.627828810403677 0.072959438931684217
117 1 409.909910 22.500000 0.627828810403677 0.072959438931684217
117 2 409.909910 45.000000 0.627828810403677 0.072959438931684217
117 3 409.909910 67.500000 0.627828810403677 0.072959438931684217
118 0 413.413413 0.000000 0.62906224796289667 0.072426562413814413
118 1 413.413413 22.500000 0.62906224796289667 0.072426562413814413
118 2 413.413413 45.000000 0.62906224796289667 0.072426562413814413
118 3 413.413413 67.500000 0.62906224796289667 0.072426562413814413
119 0 416.916917 0.000000 0.62965342687255355 0.071677945750505345
119 1 416.916917 22.500000 0.62965342687255355 0.071677945750505345
119 2 416.916917 45.000000 0.62965342687255355 0.071677945750505345
119 3 416.916917 67.500000 0.62965342687255355 0.071677945750505345
120 0 420.420420 0.000000 0.62949902142707248 0.070841988122757993
120 1 420.420420 22.500000 0.62949902142707248 0.070841988122757993
120 2 420.420420 45.000000 0.62949902142707248 0.070841988122757993
120 3 420.420420 67.500000 0.62949902142707248 0.070841988122757993
121 0 423.923924 0.000000 0.62862444426633779 0.070062416090538898
121 1 423.923924 22.500000 0.62862444426633779 0.070062416090538898
121 2 423.923924 45.000000 0.62862444426633779 0.070062416090538898
121 3 423.923924 67.500000 0.62862444426633779 0.070062416090538898
122 0 427.427427 0.000000 0.62717961515653964 0.069473581214417393
122 1 427.427427 22.500000 0.62717961515653964 0.069473581214417393
122 2 427.427427 45.000000 0.62717961515653964 0.069473581214417393
122 3 427.427427 67.500000 0.62717961515653964 0.069473581214417393
123 0 430.930931 0.000000 0.62541297859227496 0.069177314417250807
123 1 430.930931 22.500000 0.62541297859227496 0.069177314417250807
123 2 430.930931 45.000000 0.62541297859227496 0.069177314417250807
123 3 430.930931 67.500000 0.62541297859227496 0.069177314417250807
124 0 434.434434 0.000000 0.62362846368181035 0.069225323188532237
124 1 434.434434 22.500000 0.62362846368181035 0.069225323188532237
124 2 434.434434 45.000000 0.62362846368181035 0.069225323188532237
124 3 434.434434 67.500000 0.62362846368181035 0.069225323188532237
125 0 437.937938 0.000000 0.62213305877102776 0.069610173339175033
125 1 437.937938 22.500000 0.62213305877102776 0.069610173339175033
125 2 437.937938 45.000000 0.62213305877102776 0.069610173339175033
125 3 437.937938 67.500000 0.62213305877102776 0.069610173339175033
126 0 441.441441 0.000000 0.62118414238414044 0.070266427215173788
126 1 441.441441 22.500000 0.62118414238414044 0.070266427215173788
126 2 441.441441 45.000000 0.62118414238414044 0.070266427215173788
126 3 441.441441 67.500000 0.62118414238414044 0.070266427215173788
127 0 444.944945 0.000000 0.620945520811924 0.07108176664679082
127 1 444.944945 22.500000 0.620945520811924 0.07108176664679082
127 2 444.944945 45.000000 0.620945520811924 0.07108176664679082
127 3 444.944945 67.500000 0.620945520811924 0.07108176664679082
128 0 448.448448 0.000000 0.62145946563224541 0.071916210693820995
128 1 448.448448 22.500000 0.62145946563224541 0.071916210693820995
128 2 448.448448 45.000000 0.62145946563224541 0.071916210693820995
128 3 448.448448 67.500000 0.62145946563224541 0.071916210693820995
129 0 451.951952 0.000000 0.62263931990494736 0.072626141029363586
129 1 451.951952 22.500000 0.62263931990494736 0.072626141029363586
129 2 451.951952 45.000000 0.62263931990494736 0.072626141029363586
129 3 451.951952 67.500000 0.62263931990494736 0.072626141029363586
130 0 455.455455 0.000000 0.62428390702707304 0.073089012668622916
130 1 455.455455 22.500000 0.62428390702707304 0.073089012668622916
130 2 455.455455 45.000000 0.62428390702707304 0.073089012668622916
130 3 455.455455 67.500000 0.62428390702707304 0.073089012668622916
131 0 458.958959 0.000000 0.62611147488026964 0.073224499698465742
131 1 458.958959 22.500000 0.62611147488026964 0.073224499698465742
131 2 458.958959 45.000000 0.62611147488026964 0.073224499698465742
131 3 458.958959 67.500000 0.62611147488026964 0.073224499698465742
132 0 462.462462 0.000000 0.62780767831170747 0.073008428454636592
132 1 462.462462 22.500000 0.62780767831170747 0.073008428454636592
132 2 462.462462 45.000000 0.62780767831170747 0.073008428454636592
132 3 462.462462 67.500000 0.62780767831170747 0.073008428454636592
133 0 465.965966 0.000000 0.62907961077455543 0.072477082356766961
133 1 465.965966 22.500000 0.62907961077455543 0.072477082356766961
133 2 465.965966 45.000000 0.62907961077455543 0.072477082356766961
133 3 465.965966 67.500000 0.62907961077455543 0.072477082356766961
134 0 469.469469 0.000000 0.62970661390259708 0.071721113056522845
134 1 469.469469 22.500000 0.62970661390259708 0.071721113056522845
134 2 469.469469 45.000000 0.62970661390259708 0.071721113056522845
134 3 469.469469 67.500000 0.62970661390259708 0.071721113056522845
135 0 472.972973 0.000000 0.6295788928808469 0.070870078860308758
135 1 472.972973 22.500000 0.6295788928808469 0.070870078860308758
135 2 472.972973 45.000000 0.6295788928808469 0.070870078860308758
135 3 472.972973 67.500000 0.6295788928808469 0.070870078860308758
136 0 476.476476 0.000000 0.6287169535279804 0.070070246651571771
136 1 476.476476 22.500000 0.6287169535279804 0.070070246651571771
136 2 476.476476 45.000000 0.6287169535279804 0.070070246651571771
136 3 476.476476 67.500000 0.6287169535279804 0.070070246651571771
137 0 479.979980 0.000000 0.62726827667028706 0.069459459484820393
137 1 479.979980 22.500000 0.62726827667028706 0.069459459484820393
137 2 479.979980 45.000000 0.62726827667028706 0.069459459484820393
137 3 479.979980 67.500000 0.62726827667028706 0.069459459484820393
138 0 483.483483 0.000000 0.62548180035057288 0.06914338693295545
138 1 483.483483 22.500000 0.62548180035057288 0.06914338693295545
138 2 483.483483 45.000000 0.62548180035057288 0.06914338693295545
138 3 483.483483 67.500000 0.62548180035057288 0.06914338693295545
139 0 486.986987 0.000000 0.62366481613811464 0.069177248859132318
139 1 486.986987 22.500000 0.62366481613811464 0.069177248859132318
139 2 486.986987 45.000000 0.62366481613811464 0.069177248859132318
139 3 486.986987 67.500000 0.62366481613811464 0.069177248859132318
140 0 490.490490 0.000000 0.622129965609309 0.069556172527493562
140 1 490.490490 22.500000 0.622129965609309 0.069556172527493562
140 2 490.490490 45.000000 0.622129965609309 0.069556172527493562
140 3 490.490490 67.500000 0.622129965609309 0.069556172527493562
141 0 493.993994 0.000000 0.6211415859256143 0.070215866072129152
141 1 493.993994 22.500000 0.6211415859256143 0.070215866072129152
141 2 493.993994 45.000000 0.6211415859256143 0.070215866072129152
141 3 493.993994 67.500000 0.6211415859256143 0.070215866072129152
142 0 497.497497 0.000000 0.62087053060040387 0.071043520873082106
142 1 497.497497 22.500000 0.62087053060040387 0.071043520873082106
142 2 497.497497 45.000000 0.62087053060040387 0.071043520873082106
142 3 497.497497 67.500000 0.62087053060040387 0.071043520873082106
143 0 501.001001 0.000000 0.62136496858913282 0.071897095083275478
143 1 501.001001 22.500000 0.62136496858913282 0.071897095083275478
143 2 501.001001 45.000000 0.62136496858913282 0.071897095083275478
143 3 501.001001 67.500000 0.62136496858913282 0.071897095083275478
144 0 504.504505 0.000000 0.62254193975344241 0.072629683238626883
144 1 504.504505 22.500000 0.62254193975344241 0.072629683238626883
144 2 504.504505 45.000000 0.62254193975344241 0.072629683238626883
144 3 504.504505 67.500000 0.62254193975344241 0.072629683238626883
145 0 508.008008 0.000000 0.62420107925739632 0.07311479240215718
145 1 508.008008 22.500000 0.62420107925739632 0.07311479240215718
145 2 508.008008 45.000000 0.62420107925739632 0.07311479240215718
145 3 508.008008 67.500000 0.62420107925739632 0.07311479240215718
146 0 511.511512 0.000000 0.62605836638882373 0.073268177376999366
146 1 511.511512 22.500000 0.62605836638882373 0.073268177376999366
146 2 511.511512 45.000000 0.62605836638882373 0.073268177376999366
146 3 511.511512 67.500000 0.62605836638882373 0.073268177376999366
147 0 515.015015 0.000000 0.62779444795920103 0.073062467099539008
147 1 515.015015 22.500000 0.62779444795920103 0.073062467099539008
147 2 515.015015 45.000000 0.62779444795920103 0.073062467099539008
147 3 515.015015 67.500000 0.62779444795920103 0.073062467099539008
148 0 518.518519 0.000000 0.62910950526564213 0.072532043843327523
148 1 518.518519 22.500000 0.62910950526564213 0.072532043843327523
148 2 518.518519 45.000000 0.62910950526564213 0.072532043843327523
148 3 518.518519 67.500000 0.62910950526564213 0.072532043843327523
149 0 522.022022 0.000000 0.6297752611821289 0.071767306708874781
149 1 522.022022 22.500000 0.6297752611821289 0.071767306708874781
149 2 522.022022 45.000000 0.6297752611821289 0.071767306708874781
149 3 522.022022 67.500000 0.6297752611821289 0.071767306708874781
150 0 525.525526 0.000000 0.62967494858959705 0.070899275080375287
150 1 525.525526 22.500000 0.62967494858959705 0.070899275080375287
150 2 525.525526 45.000000 0.62967494858959705 0.070899275080375287
150 3 525.525526 67.500000 0.62967494858959705 0.070899275080375287
151 0 529.029029 0.000000 0.62882400992566256 0.070077152942745219
151 1 529.029029 22.500000 0.62882400992566256 0.070077152942745219
151 2 529.029029 45.000000 0.62882400992566256 0.070077152942745219
151 3 529.029029 67.500000 0.62882400992566256 0.070077152942745219
152 0 532.532533 0.000000 0.62736770643875417 0.069442694231648908
152 1 532.532533 22.500000 0.62736770643875417 0.069442694231648908
152 2 532.532533 45.000000 0.62736770643875417 0.069442694231648908
152 3 532.532533 67.500000 0.62736770643875417 0.069442694231648908
153 0 536.036036 0.000000 0.62555603006898597 0.069105771636176927
153 1 536.036036 22.500000 0.62555603006898597 0.069105771636176927
153 2 536.036036 45.000000 0.62555603006898597 0.069105771636176927
153 3 536.036036 67.500000 0.62555603006898597 0.069105771636176927
154 0 539.539540 0.000000 0.62370044351380982 0.069125357760894332
154 1 539.539540 22.500000 0.62370044351380982 0.069125357760894332
154 2 539.539540 45.000000 0.62370044351380982 0.069125357760894332
154 3 539.539540 67.500000 0.62370044351380982 0.069125357760894332
155 0 543.043043 0.000000 0.62212016516081925 0.069499209245084612
155 1 543.043043 22.500000 0.62212016516081925 0.069499209245084612
155 2 543.043043 45.000000 0.62212016516081925 0.069499209245084612
155 3 543.043043 67.500000 0.62212016516081925 0.069499209245084612
156 0 546.546547 0.000000 0.62108737881413967 0.070164057060113194
156 1 546.546547 22.500000 0.62108737881413967 0.070164057060113194
156 2 546.546547 45.000000 0.62108737881413967 0.070164057060113194
156 3 546.546547 67.500000 0.62108737881413967 0.070164057060113194
157 0 550.050050 0.000000 0.62078069556886517 0.071006303857262879
157 1 550.050050 22.500000 0.62078069556886517 0.071006303857262879
157 2 550.050050 45.000000 0.62078069556886517 0.071006303857262879
157 3 550.050050 67.500000 0.62078069556886517 0.071006303857262879
158 0 553.553554 0.000000 0.62125460372816177 0.071881420991043998
158 1 553.553554 22.500000 0.62125460372816177 0.071881420991043998
158 2 553.553554 45.000000 0.62125460372816177 0.071881420991043998
158 3 553.553554 67.500000 0.62125460372816177 0.071881420991043998
159 0 557.057057 0.000000 0.62242991116433966 0.072638734765538004
159 1 557.057057 22.500000 0.62242991116433966 0.072638734765538004
159 2 557.057057 45.000000 0.62242991116433966 0.072638734765538004
159 3 557.057057 67.500000 0.62242991116433966 0.072638734765538004
160 0 560.560561 0.000000 0.6241067804645174 0.073147353117071018
160 1 560.560561 22.500000 0.6241067804645174 0.073147353117071018
160 2 560.560561 45.000000 0.6241067804645174 0.073147353117071018
160 3 560.560561 67.500000 0.6241067804645174 0.073147353117071018
161 0 564.064064 0.000000 0.62599833568342134 0.073318773626334391
161 1 564.064064 22.500000 0.62599833568342134 0.073318773626334391
161 2 564.064064 45.000000 0.62599833568342134 0.073318773626334391
161 3 564.064064 67.500000 0.62599833568342134 0.073318773626334391
162 0 567.567568 0.000000 0.62777942959382371 0.073122270023978711
162 1 567.567568 22.500000 0.62777942959382371 0.073122270023978711
162 2 567.567568 45.000000 0.62777942959382371 0.073122270023978711
162 3 567.567568 67.500000 0.62777942959382371 0.073122270023978711
163 0 571.071071 0.000000 0.62914248212240076 0.072590384056671661
163 1 571.071071 22.500000 0.62914248212240076 0.072590384056671661
163 2 571.071071 45.000000 0.62914248212240076 0.072590384056671661
163 3 571.071071 67.500000 0.62914248212240076 0.072590384056671661
164 0 574.574575 0.000000 0.62985083173899581 0.071813543407883831
164 1 574.574575 22.500000 0.62985083173899581 0.071813543407883831
164 2 574.574575 45.000000 0.62985083173899581 0.071813543407883831
164 3 574.574575 67.500000 0.62985083173899581 0.071813543407883831
165 0 578.078078 0.000000 0.62978018895330801 0.070924694474027772
165 1 578.078078 22.500000 0.62978018895330801 0.070924694474027772
165 2 578.078078 45.000000 0.62978018895330801 0.070924694474027772
165 3 578.078078 67.500000 0.62978018895330801 0.070924694474027772
166 0 581.581582 0.000000 0.62894069179578083 0.070076560377913044
166 1 581.581582 22.500000 0.62894069179578083 0.070076560377913044
166 2 581.581582 45.000000 0.62894069179578083 0.070076560377913044
166 3 581.581582 67.500000 0.62894069179578083 0.070076560377913044
167 0 585.085085 0.000000 0.6274754874304509 0.06941541296379633
167 1 585.085085 22.500000 0.6274754874304509 0.06941541296379633
167 2 585.085085 45.000000 0.6274754874304509 0.06941541296379633
167 3 585.085085 67.500000 0.6274754874304509 0.06941541296379633
168 0 588.588589 0.000000 0.62563604780089455 0.069055861187374848
168 1 588.588589 22.500000 0.62563604780089455 0.069055861187374848
168 2 588.588589 45.000000 0.62563604780089455 0.069055861187374848
168 3 588.588589 67.500000 0.62563604780089455 0.069055861187374848
169 0 592.092092 0.000000 0.62373866847280091 0.069060999385421928
169 1 592.092092 22.500000 0.62373866847280091 0.069060999385421928
169 2 592.092092 45.000000 0.62373866847280091 0.069060999385421928
169 3 592.092092 67.500000 0.62373866847280091 0.069060999385421928
170 0 595.595596 0.000000 0.62210991318097908 0.069431352001651167
170 1 595.595596 22.500000 0.62210991318097908 0.069431352001651167
170 2 595.595596 45.000000 0.62210991318097908 0.069431352001651167
170 3 595.595596 67.500000 0.62210991318097908 0.069431352001651167
171 0 599.099099 0.000000 0.62103053814907705 0.070104549829304752
171 1 599.099099 22.500000 0.62103053814907705 0.070104549829304752
171 2 599.099099 45.000000 0.62103053814907705 0.070104549829304752
171 3 599.099099 67.500000 0.62103053814907705 0.070104549829304752
172 0 602.602603 0.000000 0.62068745161635908 0.070965832908467322
172 1 602.602603 22.500000 0.62068745161635908 0.070965832908467322
172 2 602.602603 45.000000 0.62068745161635908 0.070965832908467322
172 3 602.602603 67.500000 0.62068745161635908 0.070965832908467322
173 0 606.106106 0.000000 0.62114170314870953 0.071867612221404226
173 1 606.106106 22.500000 0.62114170314870953 0.071867612221404226
173 2 606.106106 45.000000 0.62114170314870953 0.071867612221404226
173 3 606.106106 67.500000 0.62114170314870953 0.071867612221404226
174 0 609.609610 0.000000 0.62231775433504544 0.072654756707042578
174 1 609.609610 22.500000 0.62231775433504544 0.072654756707042578
174 2 609.609610 45.000000 0.62231775433504544 0.072654756707042578
174 3 609.609610 67.500000 0.62231775433504544 0.072654756707042578
175 0 613.113113 0.000000 0.62401583135695604 0.073191274326075251
175 1 613.113113 22.500000 0.62401583135695604 0.073191274326075251
175 2 613.113113 45.000000 0.62401583135695604 0.073191274326075251
175 3 613.113113 67.500000 0.62401583135695604 0.073191274326075251
176 0 616.616617 0.000000 0.62594546306601839 0.073383799726549306
176 1 616.616617 22.500000 0.62594546306601839 0.073383799726549306
176 2 616.616617 45.000000 0.62594546306601839 0.073383799726549306
176 3 616.616617 67.500000 0.62594546306601839 0.073383799726549306
177 0 620.120120 0.000000 0.62777482177818789 0.073197833332558637
177 1 620.120120 22.500000 0.62777482177818789 0.073197833332558637
177 2 620.120120 45.000000 0.62777482177818789 0.073197833332558637
177 3 620.120120 67.500000 0.62777482177818789 0.073197833332558637
178 0 623.623624 0.000000 0.6291876977412395 0.072663908793992149
178 1 623.623624 22.500000 0.6291876977412395 0.072663908793992149
178 2 623.623624 45.000000 0.6291876977412395 0.072663908793992149
178 3 623.623624 67.500000 0.6291876977412395 0.072663908793992149
179 0 627.127127 0.000000 0.62993836497041744 0.071872588356467176
179 1 627.127127 22.500000 0.62993836497041744 0.071872588356467176
179 2 627.127127 45.000000 0.62993836497041744 0.071872588356467176
179 3 627.127127 67.500000 0.62993836497041744 0.071872588356467176
180 0 630.630631 0.000000 0.62989466375299397 0.070959104324903904
180 1 630.630631 22.500000 0.62989466375299397 0.070959104324903904
180 2 630.630631 45.000000 0.62989466375299397 0.070959104324903904
180 3 630.630631 67.500000 0.62989466375299397 0.070959104324903904
181 0 634.134134 0.000000 0.6290615019257475 0.070080250043890818
181 1 634.134134 22.500000 0.6290615019257475 0.070080250043890818
181 2 634.134134 45.000000 0.6290615019257475 0.070080250043890818
181 3 634.134134 67.500000 0.6290615019257475 0.070080250043890818
182 0 637.637638 0.000000 0.62758042662641655 0.069387468015213019
182 1 637.637638 22.500000 0.62758042662641655 0.069387468015213019
182 2 637.637638 45.000000 0.62758042662641655 0.069387468015213019
182 3 637.637638 67.500000 0.62758042662641655 0.069387468015213019
183 0 641.141141 0.000000 0.62570528493144484 0.069000752905754012
183 1 641.141141 22.500000 0.62570528493144484 0.069000752905754012
183 2 641.141141 45.000000 0.62570528493144484 0.069000752905754012
183 3 641.141141 67.500000 0.62570528493144484 0.069000752905754012
184 0 644.644645 0.000000 0.62375835563132176 0.068987865300994378
184 1 644.644645 22.500000 0.62375835563132176 0.068987865300994378
184 2 644.644645 45.000000 0.62375835563132176 0.068987865300994378
184 3 644.644645 67.500000 0.62375835563132176 0.068987865300994378
185 0 648.148148 0.000000 0.6220747811886278 0.069352455952808173
185 1 648.148148 22.500000 0.6220747811886278 0.069352455952808173
185 2 648.148148 45.000000 0.6220747811886278 0.069352455952808173
185 3 648.148148 67.500000 0.6220747811886278 0.069352455952808173
186 0 651.651652 0.000000 0.6209450154008348 0.070033181039550085
186 1 651.651652 22.500000 0.6209450154008348 0.070033181039550085
186 2 651.651652 45.000000 0.6209450154008348 0.070033181039550085
186 3 651.651652 67.500000 0.6209450154008348 0.070033181039550085
187 0 655.155155 0.000000 0.62056509929381287 0.070914005494129892
187 1 655.155155 22.500000 0.62056509929381287 0.070914005494129892
187 2 655.155155 45.000000 0.62056509929381287 0.070914005494129892
187 3 655.155155 67.500000 0.62056509929381287 0.070914005494129892
188 0 658.658659 0.000000 0.62100304527337191 0.071843966366835987
188 1 658.658659 22.500000 0.62100304527337191 0.071843966366835987
188 2 658.658659 45.000000 0.62100304527337191 0.071843966366835987
188 3 658.658659 67.500000 0.62100304527337191 0.071843966366835987
189 0 662.162162 0.000000 0.62218685016951236 0.072663032560616875
189 1 662.162162 22.500000 0.62218685016951236 0.072663032560616875
189 2 662.162162 45.000000 0.62218685016951236 0.072663032560616875
189 3 662.162162 67.500000 0.62218685016951236 0.072663032560616875
190 0 665.665666 0.000000 0.6239161527424153 0.073229633760900054
190 1 665.665666 22.500000 0.6239161527424153 0.073229633760900054
190 2 665.665666 45.000000 0.6239161527424153 0.073229633760900054
190 3 665.665666 67.500000 0.6239161527424153 0.073229633760900054
191 0 669.169169 0.000000 0.62589577017438602 0.073445125381357237
191 1 669.169169 22.500000 0.62589577017438602 0.073445125381357237
191 2 669.169169 45.000000 0.62589577017438602 0.073445125381357237
191 3 669.169169 67.500000 0.62589577017438602 0.073445125381357237
192 0 672.672673 0.000000 0.62778575420496641 0.073270963714380632
192 1 672.672673 22.500000 0.62778575420496641 0.073270963714380632
192 2 672.672673 45.000000 0.62778575420496641 0.073270963714380632
192 3 672.672673 67.500000 0.62778575420496641 0.073270963714380632
193 0 676.176176 0.000000 0.62925970086079075 0.072735602362924368
193 1 676.176176 22.500000 0.62925970086079075 0.072735602362924368
193 2 676.176176 45.000000 0.62925970086079075 0.072735602362924368
193 3 676.176176 67.500000 0.62925970086079075 0.072735602362924368
194 0 679.679680 0.000000 0.6300613582896516 0.071929877721062699
194 1 679.679680 22.500000 0.6300613582896516 0.071929877721062699
194 2 679.679680 45.000000 0.6300613582896516 0.071929877721062699
194 3 679.679680 67.500000 0.6300613582896516 0.071929877721062699
195 0 683.183183 0.000000 0.63004955688934117 0.07099162771197505
195 1 683.183183 22.500000 0.63004955688934117 0.07099162771197505
195 2 683.183183 45.000000 0.63004955688934117 0.07099162771197505
195 3 683.183183 67.500000 0.63004955688934117 0.07099162771197505
196 0 686.686687 0.000000 0.62922332748544851 0.07008214502101795
196 1 686.686687 22.500000 0.62922332748544851 0.07008214502101795
196 2 686.686687 45.000000 0.62922332748544851 0.07008214502101795
196 3 686.686687 67.500000 0.62922332748544851 0.07008214502101795
197 0 690.190190 0.000000 0.62772255537971422 0.069358483574841728
197 1 690.190190 22.500000 0.62772255537971422 0.069358483574841728
197 2 690.190190 45.000000 0.62772255537971422 0.069358483574841728
197 3 690.190190 67.500000 0.62772255537971422 0.069358483574841728
198 0 693.693694 0.000000 0.6258039824839805 0.068946369117854095
198 1 693.693694 22.500000 0.6258039824839805 0.068946369117854095
198 2 693.693694 45.000000 0.6258039824839805 0.068946369117854095
198 3 693.693694 67.500000 0.6258039824839805 0.068946369117854095
199 0 697.197197 0.000000 0.62379687506727588 0.068918382359543923
199 1 697.197197 22.500000 0.62379687506727588 0.068918382359543923
199 2 697.197197 45.000000 0.62379687506727588 0.068918382359543923
199 3 697.197197 67.500000 0.62379687506727588 0.068918382359543923
200 0 700.700701 0.000000 0.62204627313459004 0.069281196799307193
200 1 700.700701 22.500000 0.62204627313459004 0.069281196799307193
200 2 700.700701 45.000000 0.62204627313459004 0.069281196799307193
200 3 700.700701 67.500000 0.62204627313459004 0.069281196799307193
201 0 704.204204 0.000000 0.62085375191509307 0.06997411184576488
201 1 704.204204 22.500000 0.62085375191509307 0.06997411184576488
201 2 704.204204 45.000000 0.62085375191509307 0.06997411184576488
201 3 704.204204 67.500000 0.62085375191509307 0.06997411184576488
202 0 707.707708 0.000000 0.62042580372477796 0.070879187498388896
202 1 707.707708 22.500000 0.62042580372477796 0.070879187498388896
202 2 707.707708 45.000000 0.62042580372477796 0.070879187498388896
202 3 707.707708 67.500000 0.62042580372477796 0.070879187498388896
203 0 711.211211 0.000000 0.62083844127310395 0.071841290715362299
203 1 711.211211 22.500000 0.62083844127310395 0.071841290715362299
203 2 711.211211 45.000000 0.62083844127310395 0.071841290715362299
203 3 711.211211 67.500000 0.62083844127310395 0.071841290715362299
204 0 714.714715 0.000000 0.62202383825031471 0.07269464888774381
204 1 714.714715 22.500000 0.62202383825031471 0.07269464888774381
204 2 714.714715 45.000000 0.62202383825031471 0.07269464888774381
204 3 714.714715 67.500000 0.62202383825031471 0.07269464888774381
205 0 718.218218 0.000000 0.6237812511476043 0.073291368995528447
205 1 718.218218 22.500000 0.6237812511476043 0.073291368995528447
205 2 718.218218 45.000000 0.6237812511476043 0.073291368995528447
205 3 718.218218 67.500000 0.6237812511476043 0.073291368995528447
206 0 721.721722 0.000000 0.62581058762777642 0.073527020432141668
206 1 721.721722 22.500000 0.62581058762777642 0.073527020432141668
206 2 721.721722 45.000000 0.62581058762777642 0.073527020432141668
206 3 721.721722 67.500000 0.62581058762777642 0.073527020432141668
207 0 725.225225 0.000000 0.62776327371198071 0.073358860933479209
207 1 725.225225 22.500000 0.62776327371198071 0.073358860933479209
207 2 725.225225 45.000000 0.62776327371198071 0.073358860933479209
207 3 725.225225 67.500000 0.62776327371198071 0.073358860933479209
208 0 728.728729 0.000000 0.62930203610351387 0.072813529760033496
208 1 728.728729 22.500000 0.62930203610351387 0.072813529760033496
208 2 728.728729 45.000000 0.62930203610351387 0.072813529760033496
208 3 728.728729 67.500000 0.62930203610351387 0.072813529760033496
209 0 732.232232 0.000000 0.63015940513830337 0.0719828297792173
209 1 732.232232 22.500000 0.63015940513830337 0.0719828297792173
209 2 732.232232 45.000000 0.63015940513830337 0.0719828297792173
209 3 732.232232 67.500000 0.63015940513830337 0.0719828297792173
210 0 735.735736 0.000000 0.63018463419429938 0.071008263771205865
210 1 735.735736 22.500000 0.63018463419429938 0.071008263771205865
210 2 735.735736 45.000000 0.63018463419429938 0.071008263771205865
210 3 735.735736 67.500000 0.63018463419429938 0.071008263771205865
211 0 739.239239 0.000000 0.62937054003907589 0.070056929668325427
211 1 739.239239 22.500000 0.62937054003907589 0.070056929668325427
211 2 739.239239 45.000000 0.62937054003907589 0.070056929668325427
211 3 739.239239 67.500000 0.62937054003907589 0.070056929668325427
212 0 742.742743 0.000000 0.62785528886567155 0.069292880279363991
212 1 742.742743 22.500000 0.62785528886567155 0.069292880279363991
212 2 742.742743 45.000000 0.62785528886567155 0.069292880279363991
212 3 742.742743 67.500000 0.62785528886567155 0.069292880279363991
213 0 746.246246 0.000000 0.62589872337586383 0.068848854877638199
213 1 746.246246 22.500000 0.62589872337586383 0.068848854877638199
213 2 746.246246 45.000000 0.62589872337586383 0.068848854877638199
213 3 746.246246 67.500000 0.62589872337586383 0.068848854877638199
214 0 749.749750 0.000000 0.62383748355755364 0.068803251334524279
214 1 749.749750 22.500000 0.62383748355755364 0.068803251334524279
214 2 749.749750 45.000000 0.62383748355755364 0.068803251334524279
214 3 749.749750 67.500000 0.62383748355755364 0.068803251334524279
215 0 753.253253 0.000000 0.62202693547588395 0.069166330642749435
215 1 753.253253 22.500000 0.62202693547588395 0.069166330642749435
215 2 753.253253 45.000000 0.62202693547588395 0.069166330642749435
215 3 753.253253 67.500000 0.62202693547588395 0.069166330642749435
216 0 756.756757 0.000000 0.62078007612635855 0.069878077290887852
216 1 756.756757 22.500000 0.62078007612635855 0.069878077290887852
216 2 756.756757 45.000000 0.62078007612635855 0.069878077290887852
216 3 756.756757 67.500000 0.62078007612635855 0.069878077290887852
217 0 760.260260 0.000000 0.62031385048594612 0.070818145344147945
217 1 760.260260 22.500000 0.62031385048594612 0.070818145344147945
217 2 760.260260 45.000000 0.62031385048594612 0.070818145344147945
217 3 760.260260 67.500000 0.62031385048594612 0.070818145344147945
218 0 763.763764 0.000000 0.62071184062520512 0.071826242107673702
218 1 763.763764 22.500000 0.62071184062520512 0.071826242107673702
218 2 763.763764 45.000000 0.62071184062520512 0.071826242107673702
218 3 763.763764 67.500000 0.62071184062520512 0.071826242107673702
219 0 767.267267 0.000000 0.62190947490694393 0.072729496030750296
219 1 767.267267 22.500000 0.62190947490694393 0.072729496030750296
219 2 767.267267 45.000000 0.62190947490694393 0.072729496030750296
219 3 767.267267 67.500000 0.62190947490694393 0.072729496030750296
220 0 770.770771 0.000000 0.62370425740027924 0.073372135122541884
220 1 770.770771 22.500000 0.62370425740027924 0.073372135122541884
220 2 770.770771 45.000000 0.62370425740027924 0.073372135122541884
220 3 770.770771 67.500000 0.62370425740027924 0.073372135122541884
221 0 774.274274 0.000000 0.6257895234441242 0.073642379681216424
221 1 774.274274 22.500000 0.6257895234441242 0.073642379681216424
221 2 774.274274 45.000000 0.6257895234441242 0.073642379681216424
221 3 774.274274 67.500000 0.6257895234441242 0.073642379681216424
222 0 777.777778 0.000000 0.62780637078419532 0.07349190552200624
222 1 777.777778 22.500000 0.62780637078419532 0.07349190552200624
222 2 777.777778 45.000000 0.62780637078419532 0.07349190552200624
222 3 777.777778 67.500000 0.62780637078419532 0.07349190552200624
223 0 781.281281 0.000000 0.62940522544344457 0.072944487948365666
223 1 781.281281 22.500000 0.62940522544344457 0.072944487948365666
223 2 781.281281 45.000000 0.62940522544344457 0.072944487948365666
223 3 781.281281 67.500000 0.62940522544344457 0.072944487948365666
224 0 784.784785 0.000000 0.63030655063437824 0.072092280941838977
224 1 784.784785 22.500000 0.63030655063437824 0.072092280941838977
224 2 784.784785 45.000000 0.63030655063437824 0.072092280941838977
224 3 784.784785 67.500000 0.63030655063437824 0.072092280941838977
225 0 788.288288 0.000000 0.63035000234640948 0.07108030626248614
225 1 788.288288 22.500000 0.63035000234640948 0.07108030626248614
225 2 788.288288 45.000000 0.63035000234640948 0.07108030626248614
225 3 788.288288 67.500000 0.63035000234640948 0.07108030626248614
226 0 791.791792 0.000000 0.62952312119354503 0.070081759969812168
226 1 791.791792 22.500000 0.62952312119354503 0.070081759969812168
226 2 791.791792 45.000000 0.62952312119354503 0.070081759969812168
226 3 791.791792 67.500000 0.62952312119354503 0.070081759969812168
227 0 795.295295 0.000000 0.6279642324104695 0.069268338958734132
227 1 795.295295 22.500000 0.6279642324104695 0.069268338958734132
227 2 795.295295 45.000000 0.6279642324104695 0.069268338958734132
227 3 795.295295 67.500000 0.6279642324104695 0.069268338958734132
228 0 798.798799 0.000000 0.62593893306447301 0.068780670507838662
228 1 798.798799 22.500000 0.62593893306447301 0.068780670507838662
228 2 798.798799 45.000000 0.62593893306447301 0.068780670507838662
228 3 798.798799 67.500000 0.62593893306447301 0.068780670507838662
229 0 802.302302 0.000000 0.62379438248801455 0.068703938047654678
229 1 802.302302 22.500000 0.62379438248801455 0.068703938047654678
229 2 802.302302 45.000000 0.62379438248801455 0.068703938047654678
229 3 802.302302 67.500000 0.62379438248801455 0.068703938047654678
230 0 805.805806 0.000000 0.62189955422113419 0.069052929734863683
230 1 805.805806 22.500000 0.62189955422113419 0.069052929734863683
230 2 805.805806 45.000000 0.62189955422113419 0.069052929734863683
230 3 805.805806 67.500000 0.62189955422113419 0.069052929734863683
231 0 809.309309 0.000000 0.62058190508315814 0.069769137176588475
231 1 809.309309 22.500000 0.62058190508315814 0.069769137176588475
231 2 809.309309 45.000000 0.62058190508315814 0.069769137176588475
231 3 809.309309 67.500000 0.62058190508315814 0.069769137176588475
232 0 812.812813 0.000000 0.62007126929610112 0.070730470899290632
232 1 812.812813 22.500000 0.62007126929610112 0.070730470899290632
232 2 812.812813 45.000000 0.62007126929610112 0.070730470899290632
232 3 812.812813 67.500000 0.62007126929610112 0.070730470899290632
233 0 816.316316 0.000000 0.62046033003372159 0.07177198899594972
233 1 816.316316 22.500000 0.62046033003372159 0.07177198899594972
233 2 816.316316 45.000000 0.62046033003372159 0.07177198899594972
233 3 816.316316 67.500000 0.62046033003372159 0.07177198899594972
234 0 819.819820 0.000000 0.6216881742675936 0.072714128785370619
234 1 819.819820 22.500000 0.6216881742675936 0.072714128785370619
234 2 819.819820 45.000000 0.6216881742675936 0.072714128785370619
234 3 819.819820 67.500000 0.6216881742675936 0.072714128785370619
235 0 823.323323 0.000000 0.62354970962560652 0.073393618077978701
235 1 823.323323 22.500000 0.62354970962560652 0.073393618077978701
235 2 823.323323 45.000000 0.62354970962560652 0.073393618077978701
235 3 823.323323 67.500000 0.62354970962560652 0.073393618077978701
236 0 826.826827 0.000000 0.62572961144398231 0.073691752391765009
236 1 826.826827 22.500000 0.62572961144398231 0.073691752391765009
236 2 826.826827 45.000000 0.62572961144398231 0.073691752391765009
236 3 826.826827 67.500000 0.62572961144398231 0.073691752391765009
237 0 830.330330 0.000000 0.62785546403385351 0.073555146552320302
237 1 830.330330 22.500000 0.62785546403385351 0.073555146552320302
237 2 830.330330 45.000000 0.62785546403385351 0.073555146552320302
237 3 830.330330 67.500000 0.62785546403385351 0.073555146552320302
238 0 833.833834 0.000000 0.62956140229523405 0.073005336401564397
238 1 833.833834 22.500000 0.62956140229523405 0.073005336401564397
238 2 833.833834 45.000000 0.62956140229523405 0.073005336401564397
238 3 833.833834 67.500000 0.62956140229523405 0.073005336401564397
239 0 837.337337 0.000000 0.63055144501802141 0.072135505800866528
239 1 837.337337 22.500000 0.63055144501802141 0.072135505800866528
239 2 837.337337 45.000000 0.63055144501802141 0.072135505800866528
239 3 837.337337 67.500000 0.63055144501802141 0.072135505800866528
240 0 840.840841 0.000000 0.63065138177610947 0.071094822587916606
240 1 840.840841 22.500000 0.63065138177610947 0.071094822587916606
240 2 840.840841 45.000000 0.63065138177610947 0.071094822587916606
240 3 840.840841 67.500000 0.63065138177610947 0.071094822587916606
241 0 844.344344 0.000000 0.62983981302077308 0.070063006270685069
241 1 844.344344 22.500000 0.62983981302077308 0.070063006270685069
241 2 844.344344 45.000000 0.62983981302077308 0.070063006270685069
241 3 844.344344 67.500000 0.62983981302077308 0.070063006270685069
242 0 847.847848 0.000000 0.62825257711010629 0.069219451208145627
242 1 847.847848 22.500000 0.62825257711010629 0.069219451208145627
242 2 847.847848 45.000000 0.62825257711010629 0.069219451208145627
242 3 847.847848 67.500000 0.62825257711010629 0.069219451208145627
243 0 851.351351 0.000000 0.62615965406060559 0.068712196102198905
243 1 851.351351 22.500000 0.62615965406060559 0.068712196102198905
243 2 851.351351 45.000000 0.62615965406060559 0.068712196102198905
243 3 851.351351 67.500000 0.62615965406060559 0.068712196102198905
244 0 854.854855 0.000000 0.62391868642821657 0.068632092499417208
244 1 854.854855 22.500000 0.62391868642821657 0.068632092499417208
244 2 854.854855 45.000000 0.62391868642821657 0.068632092499417208
244 3 854.854855 67.500000 0.62391868642821657 0.068632092499417208
245 0 858.358358 0.000000 0.62191342703072594 0.068996665066641816
245 1 858.358358 22.500000 0.62191342703072594 0.068996665066641816
245 2 858.358358 45.000000 0.62191342703072594 0.068996665066641816
245 3 858.358358 67.500000 0.62191342703072594 0.068996665066641816
246 0 861.861862 0.000000 0.62048790806817278 0.06974651661496889
246 1 861.861862 22.500000 0.62048790806817278 0.06974651661496889
246 2 861.861862 45.000000 0.62048790806817278 0.06974651661496889
246 3 861.861862 67.500000 0.62048790806817278 0.06974651661496889
247 0 865.365365 0.000000 0.61988758941618061 0.07075498833161295
247 1 865.365365 22.500000 0.61988758941618061 0.07075498833161295
247 2 865.365365 45.000000 0.61988758941618061 0.07075498833161295
247 3 865.365365 67.500000 0.61988758941618061 0.07075498833161295
248 0 868.868869 0.000000 0.62021730986080137 0.071849505953947151
248 1 868.868869 22.500000 0.62021730986080137 0.071849505953947151
248 2 868.868869 45.000000 0.62021730986080137 0.071849505953947151
248 3 868.868869 67.500000 0.62021730986080137 0.071849505953947151
249 0 872.372372 0.000000 0.62142295979457463 0.072841017286212742
249 1 872.372372 22.500000 0.62142295979457463 0.072841017286212742
249 2 872.372372 45.000000 0.62142295979457463 0.072841017286212742
249 3 872.372372 67.500000 0.62142295979457463 0.072841017286212742
250 0 875.875876 0.000000 0.62329994884703155 0.073556506003512712
250 1 875.875876 22.500000 0.62329994884703155 0.073556506003512712
250 2 875.875876 45.000000 0.62329994884703155 0.073556506003512712
250 3 875.875876 67.500000 0.62329994884703155 0.073556506003512712
251 0 879.379379 0.000000 0.62552727741684555 0.073868999900983903
251 1 879.379379 22.500000 0.62552727741684555 0.073868999900983903
251 2 879.379379 45.000000 0.62552727741684555 0.073868999900983903
251 3 879.379379 67.500000 0.62552727741684555 0.073868999900983903
252 0 882.882883 0.000000 0.62772184699519162 0.073719882224227568
252 1 882.882883 22.500000 0.62772184699519162 0.073719882224227568
252 2 882.882883 45.000000 0.62772184699519162 0.073719882224227568
252 3 882.882883 67.500000 0.62772184699519162 0.073719882224227568
253 0 886.386386 0.000000 0.62950411899545278 0.073129602034999436
253 1 886.386386 22.500000 0.62950411899545278 0.073129602034999436
253 2 886.386386 45.000000 0.62950411899545278 0.073129602034999436
253 3 886.386386 67.500000 0.62950411899545278 0.073129602034999436
254 0 889.889890 0.000000 0.63056397319350466 0.072194848531223557
254 1 889.889890 22.500000 0.63056397319350466 0.072194848531223557
254 2 889.889890 45.000000 0.63056397319350466 0.072194848531223557
254 3 889.889890 67.500000 0.63056397319350466 0.072194848531223557
255 0 893.393393 0.000000 0.63071519117429964 0.071072570827028059
255 1 893.393393 22.500000 0.63071519117429964 0.071072570827028059
255 2 893.393393 45.000000 0.63071519117429964 0.071072570827028059
255 3 893.393393 67.500000 0.63071519117429964 0.071072570827028059
256 0 896.896897 0.000000 0.62992870178449567 0.0699534926704245
256 1 896.896897 22.500000 0.62992870178449567 0.0699534926704245
256 2 896.896897 45.000000 0.62992870178449567 0.0699534926704245
256 3 896.896897 67.500000 0.62992870178449567 0.0699534926704245
257 0 900.400400 0.000000 0.62833841641667587 0.069029600206933661
257 1 900.400400 22.500000 0.62833841641667587 0.069029600206933661
257 2 900.400400 45.000000 0.62833841641667587 0.069029600206933661
257 3 900.400400 67.500000 0.62833841641667587 0.069029600206933661
258 0 903.903904 0.000000 0.62621847266604524 0.068461152224736477
258 1 903.903904 22.500000 0.62621847266604524 0.068461152224736477
258 2 903.903904 45.000000 0.62621847266604524 0.068461152224736477
258 3 903.903904 67.500000 0.62621847266604524 0.068461152224736477
259 0 907.407407 0.000000 0.62393594456491142 0.068348886367081585
259 1 907.407407 22.500000 0.62393594456491142 0.068348886367081585
259 2 907.407407 45.000000 0.62393594456491142 0.068348886367081585
259 3 907.407407 67.500000 0.62393594456491142 0.068348886367081585
260 0 910.910911 0.000000 0.62188745401641332 0.068716243199257981
260 1 910.910911 22.500000 0.62188745401641332 0.068716243199257981
260 2 910.910911 45.000000 0.62188745401641332 0.068716243199257981
260 3 910.910911 67.500000 0.62188745401641332 0.068716243199257981
261 0 914.414414 0.000000 0.62043078941476693 0.069504742070359893
261 1 914.414414 22.500000 0.62043078941476693 0.069504742070359893
261 2 914.414414 45.000000 0.62043078941476693 0.069504742070359893
261 3 914.414414 67.500000 0.62043078941476693 0.069504742070359893
262 0 917.917918 0.000000 0.61982323492903735 0.07058340266616403
262 1 917.917918 22.500000 0.61982323492903735 0.07058340266616403
262 2 917.917918 45.000000 0.61982323492903735 0.07058340266616403
262 3 917.917918 67.500000 0.61982323492903735 0.07058340266616403
263 0 921.421421 0.000000 0.62017694169761006 0.071770695397949141
263 1 921.421421 22.500000 0.62017694169761006 0.071770695397949141
263 2 921.421421 45.000000 0.62017694169761006 0.071770695397949141
263 3 921.421421 67.500000 0.62017694169761006 0.071770695397949141
264 0 924.924925 0.000000 0.62143874681649214 0.072865335963396144
264 1 924.924925 22.500000 0.62143874681649214 0.072865335963396144
264 2 924.924925 45.000000 0.62143874681649214 0.072865335963396144
264 3 924.924925 67.500000 0.62143874681649214 0.072865335963396144
265 0 928.428428 0.000000 0.62339789827132974 0.073680689547266698
265 1 928.428428 22.500000 0.62339789827132974 0.073680689547266698
265 2 928.428428 45.000000 0.62339789827132974 0.073680689547266698
265 3 928.428428 67.500000 0.62339789827132974 0.073680689547266698
266 0 931.931932 0.000000 0.62572070238993527 0.074076889738189877
266 1 931.931932 22.500000 0.62572070238993527 0.074076889738189877
266 2 931.931932 45.000000 0.62572070238993527 0.074076889738189877
266 3 931.931932 67.500000 0.62572070238993527 0.074076889738189877
267 0 935.435435 0.000000 0.62800670529733849 0.073985126884850025
267 1 935.435435 22.500000 0.62800670529733849 0.073985126884850025
267 2 935.435435 45.000000 0.62800670529733849 0.073985126884850025
267 3 935.435435 67.500000 0.62800670529733849 0.073985126884850025
268 0 938.938939 0.000000 0.62985724576896818 0.073419867964309188
268 1 938.938939 22.500000 0.62985724576896818 0.073419867964309188
268 2 938.938939 45.000000 0.62985724576896818 0.073419867964309188
268 3 938.938939 67.500000 0.62985724576896818 0.073419867964309188
269 0 942.442442 0.000000 0.63094474127657774 0.072476817493083059
269 1 942.442442 22.500000 0.63094474127657774 0.072476817493083059
269 2 942.442442 45.000000 0.63094474127657774 0.072476817493083059
269 3 942.442442 67.500000 0.63094474127657774 0.072476817493083059
270 0 945.945946 0.000000 0.63107051141322357 0.071316869844516115
270 1 945.945946 22.500000 0.63107051141322357 0.071316869844516115
270 2 945.945946 45.000000 0.63107051141322357 0.071316869844516115
270 3 945.945946 67.500000 0.63107051141322357 0.071316869844516115
271 0 949.449449 0.000000 0.63020064717259761 0.070138720287790057
271 1 949.449449 22.500000 0.63020064717259761 0.070138720287790057
271 2 949.449449 45.000000 0.63020064717259761 0.070138720287790057
271 3 949.449449 67.500000 0.63020064717259761 0.070138720287790057
272 0 952.952953 0.000000 0.62847325199481918 0.069144778575512239
272 1 952.952953 22.500000 0.62847325199481918 0.069144778575512239
272 2 952.952953 45.000000 0.62847325199481918 0.069144778575512239
272 3 952.952953 67.500000 0.62847325199481918 0.069144778575512239
273 0 956.456456 0.000000 0.62617560376523329 0.068506220800796172
273 1 956.456456 22.500000 0.62617560376523329 0.068506220800796172
273 2 956.456456 45.000000 0.62617560376523329 0.068506220800796172
273 3 956.456456 67.500000 0.62617560376523329 0.068506220800796172
274 0 959.959960 0.000000 0.6236953071243605 0.068333210557207147
274 1 959.959960 22.500000 0.6236953071243605 0.068333210557207147
274 2 959.959960 45.000000 0.6236953071243605 0.068333210557207147
274 3 959.959960 67.500000 0.6236953071243605 0.068333210557207147
275 0 963.463463 0.000000 0.62145414205163541 0.068655477013711358
275 1 963.463463 22.500000 0.62145414205163541 0.068655477013711358
275 2 963.463463 45.000000 0.62145414205163541 0.068655477013711358
275 3 963.463463 67.500000 0.62145414205163541 0.068655477013711358
276 0 966.966967 0.000000 0.61983617093974019 0.069416691736885985
276 1 966.966967 22.500000 0.61983617093974019 0.069416691736885985
276 2 966.966967 45.000000 0.61983617093974019 0.069416691736885985
276 3 966.966967 67.500000 0.61983617093974019 0.069416691736885985
277 0 970.470470 0.000000 0.61912234825413859 0.070483730946460085
277 1 970.470470 22.500000 0.61912234825413859 0.070483730946460085
277 2 970.470470 45.000000 0.61912234825413859 0.070483730946460085
277 3 970.470470 67.500000 0.61912234825413859 0.070483730946460085
278 0 973.973974 0.000000 0.61944249536975315 0.0716693459536175
278 1 973.973974 22.500000 0.61944249536975315 0.0716693459536175
278 2 973.973974 45.000000 0.61944249536975315 0.0716693459536175
278 3 973.973974 67.500000 0.61944249536975315 0.0716693459536175
279 0 977.477477 0.000000 0.62075250211707211 0.072764431996329232
279 1 977.477477 22.500000 0.62075250211707211 0.072764431996329232
279 2 977.477477 45.000000 0.62075250211707211 0.072764431996329232
279 3 977.477477 67.500000 0.62075250211707211 0.072764431996329232
280 0 980.980981 0.000000 0.62284055625379375 0.073574388970956167
280 1 980.980981 22.500000 0.62284055625379375 0.073574388970956167
280 2 980.980981 45.000000 0.62284055625379375 0.073574388970956167
280 3 980.980981 67.500000 0.62284055625379375 0.073574388970956167
281 0 984.484484 0.000000 0.62536162852582 0.073953305385591583
281 1 984.484484 22.500000 0.62536162852582 0.073953305385591583
281 2 984.484484 45.000000 0.62536162852582 0.073953305385591583
281 3 984.484484 67.500000 0.62536162852582 0.073953305385591583
282 0 987.987988 0.000000 0.62789488672565164 0.073830009854727208
282 1 987.987988 22.500000 0.62789488672565164 0.073830009854727208
282 2 987.987988 45.000000 0.62789488672565164 0.073830009854727208
282 3 987.987988 67.500000 0.62789488672565164 0.073830009854727208
283 0 991.491491 0.000000 0.63001476725821759 0.07322137944023055
283 1 991.491491 22.500000 0.63001476725821759 0.07322137944023055
283 2 991.491491 45.000000 0.63001476725821759 0.07322137944023055
283 3 991.491491 67.500000 0.63001476725821759 0.07322137944023055
284 0 994.994995 0.000000 0.63136376803099126 0.072230449782504563
284 1 994.994995 22.500000 0.63136376803099126 0.072230449782504563
284 2 994.994995 45.000000 0.63136376803099126 0.072230449782504563
284 3 994.994995 67.500000 0.63136376803099126 0.072230449782504563
285 0 998.498498 0.000000 0.63171428413052844 0.07102947507567367
285 1 998.498498 22.500000 0.63171428413052844 0.07102947507567367
285 2 998.498498 45.000000 0.63171428413052844 0.07102947507567367
285 3 998.498498 67.500000 0.63171428413052844 0.07102947507567367
286 0 1002.002002 0.000000 0.63100837442466806 0.069830692540160583
286 1 1002.002002 22.500000 0.63100837442466806 0.069830692540160583
286 2 1002.002002 45.000000 0.63100837442466806 0.069830692540160583
286 3 1002.002002 67.500000 0.63100837442466806 0.069830692540160583
287 0 1005.505506 0.000000 0.62936812533745423 0.068849706883514522
287 1 1005.505506 22.500000 0.62936812533745423 0.068849706883514522
287 2 1005.505506 45.000000 0.62936812533745423 0.068849706883514522
287 3 1005.505506 67.500000 0.62936812533745423 0.068849706883514522
288 0 1009.009009 0.000000 0.62707459916753727 0.068267747981810914
288 1 1009.009009 22.500000 0.62707459916753727 0.068267747981810914
288 2 1009.009009 45.000000 0.62707459916753727 0.068267747981810914
288 3 1009.009009 67.500000 0.62707459916753727 0.068267747981810914
289 0 1012.512513 0.000000 0.62451911502326929 0.068199329856559021
289 1 1012.512513 22.500000 0.62451911502326929 0.068199329856559021
289 2 1012.512513 45.000000 0.62451911502326929 0.068199329856559021
289 3 1012.512513 67.500000 0.62451911502326929 0.068199329856559021
290 0 1016.016016 0.000000 0.62213559011091935 0.068670991360431866
290 1 1016.016016 22.500000 0.62213559011091935 0.068670991360431866
290 2 1016.016016 45.000000 0.62213559011091935 0.068670991360431866
290 3 1016.016016 67.500000 0.62213559011091935 0.068670991360431866
291 0 1019.519520 0.000000 0.62032588876776007 0.069614961580676427
291 1 1019.519520 22.500000 0.62032588876776007 0.069614961580676427
291 2 1019.519520 45.000000 0.62032588876776007 0.069614961580676427
291 3 1019.519520 67.500000 0.62032588876776007 0.069614961580676427
292 0 1023.023023 0.000000 0.61939108931408038 0.070879070228164434
292 1 1023.023023 22.500000 0.61939108931408038 0.070879070228164434
292 2 1023.023023 45.000000 0.61939108931408038 0.070879070228164434
292 3 1023.023023 67.500000 0.61939108931408038 0.070879070228164434
293 0 1026.526527 0.000000 0.61948030571005941 0.072251440860270466
293 1 1026.526527 22.500000 0.61948030571005941 0.072251440860270466
293 2 1026.526527 45.000000 0.61948030571005941 0.072251440860270466
293 3 1026.526527 67.500000 0.61948030571005941 0.072251440860270466
294 0 1030.030030 0.000000 0.62056559447769855 0.073495937866152744
294 1 1030.030030 22.500000 0.62056559447769855 0.073495937866152744
294 2 1030.030030 45.000000 0.62056559447769855 0.073495937866152744
294 3 1030.030030 67.500000 0.62056559447769855 0.073495937866152744
295 0 1033.533534 0.000000 0.62244712634781529 0.074392430433034423
295 1 1033.533534 22.500000 0.62244712634781529 0.074392430433034423
295 2 1033.533534 45.000000 0.62244712634781529 0.074392430433034423
295 3 1033.533534 67.500000 0.62244712634781529 0.074392430433034423
296 0 1037.037037 0.000000 0.62478784790247388 0.07477502398207872
296 1 1037.037037 22.500000 0.62478784790247388 0.07477502398207872
296 2 1037.037037 45.000000 0.62478784790247388 0.07477502398207872
296 3 1037.037037 67.500000 0.62478784790247388 0.07477502398207872
297 0 1040.540541 0.000000 0.6271719634136802 0.074561660843768168
297 1 1040.540541 22.500000 0.6271719634136802 0.074561660843768168
297 2 1040.540541 45.000000 0.6271719634136802 0.074561660843768168
297 3 1040.540541 67.500000 0.6271719634136802 0.074561660843768168
298 0 1044.044044 0.000000 0.62917743471594501 0.073769878655128185
298 1 1044.044044 22.500000 0.62917743471594501 0.073769878655128185
298 2 1044.044044 45.000000 0.62917743471594501 0.073769878655128185
298 3 1044.044044 67.500000 0.62917743471594501 0.073769878655128185
299 0 1047.547548 0.000000 0.63045004710720387 0.072515813550791453
299 1 1047.547548 22.500000 0.63045004710720387 0.072515813550791453
299 2 1047.547548 45.000000 0.63045004710720387 0.072515813550791453
299 3 1047.547548 67.500000 0.63045004710720387 0.072515813550791453
300 0 1051.051051 0.000000 0.63076602649490543 0.070996363214324301
300 1 1051.051051 22.500000 0.63076602649490543 0.070996363214324301
300 2 1051.051051 45.000000 0.63076602649490543 0.070996363214324301
300 3 1051.051051 67.500000 0.63076602649490543 0.070996363214324301
301 0 1054.554555 0.000000 0.63007199835005512 0.069457304525787411
301 1 1054.554555 22.500000 0.63007199835005512 0.069457304525787411
301 2 1054.554555 45.000000 0.63007199835005512 0.069457304525787411
301 3 1054.554555 67.500000 0.63007199835005512 0.069457304525787411
302 0 1058.058058 0.000000 0.62849503495881787 0.068152599574422781
302 1 1058.058058 22.500000 0.62849503495881787 0.068152599574422781
302 2 1058.058058 45.000000 0.62849503495881787 0.068152599574422781
302 3 1058.058058 67.500000 0.62849503495881787 0.068152599574422781
303 0 1061.561562 0.000000 0.62632090493874948 0.067301699382831287
303 1 1061.561562 22.500000 0.62632090493874948 0.067301699382831287
303 2 1061.561562 45.000000 0.62632090493874948 0.067301699382831287
303 3 1061.561562 67.500000 0.62632090493874948 0.067301699382831287
304 0 1065.065065 0.000000 0.62394433250732761 0.067052086622438695
304 1 1065.065065 22.500000 0.62394433250732761 0.067052086622438695
304 2 1065.065065 45.000000 0.62394433250732761 0.067052086622438695
304 3 1065.065065 67.500000 0.62394433250732761 0.067052086622438695
305 0 1068.568569 0.000000 0.62179996944579674 0.067453498908755835
305 1 1068.568569 22.500000 0.62179996944579674 0.067453498908755835
305 2 1068.568569 45.000000 0.62179996944579674 0.067453498908755835
305 3 1068.568569 67.500000 0.62179996944579674 0.067453498908755835
306 0 1072.072072 0.000000 0.62028601780684023 0.068448364463278524
306 1 1072.072072 22.500000 0.62028601780684023 0.068448364463278524
306 2 1072.072072 45.000000 0.62028601780684023 0.068448364463278524
306 3 1072.072072 67.500000 0.62028601780684023 0.068448364463278524
307 0 1075.575576 0.000000 0.61969357869231934 0.069880274712804488
307 1 1075.575576 22.500000 0.61969357869231934 0.069880274712804488
307 2 1075.575576 45.000000 0.61969357869231934 0.069880274712804488
307 3 1075.575576 67.500000 0.61969357869231934 0.069880274712804488
308 0 1079.079079 0.000000 0.62015381358393518 0.071519266462835587
308 1 1079.079079 22.500000 0.62015381358393518 0.071519266462835587
308 2 1079.079079 45.000000 0.62015381358393518 0.071519266462835587
308 3 1079.079079 67.500000 0.62015381358393518 0.071519266462835587
309 0 1082.582583 0.000000 0.62161214230993345 0.073099806649854729
309 1 1082.582583 22.500000 0.62161214230993345 0.073099806649854729
309 2 1082.582583 45.000000 0.62161214230993345 0.073099806649854729
309 3 1082.582583 67.500000 0.62161214230993345 0.073099806649854729
310 0 1086.086086 0.000000 0.62383437697759125 0.074365159163080105
310 1 1086.086086 22.500000 0.62383437697759125 0.074365159163080105
310 2 1086.086086 45.000000 0.62383437697759125 0.074365159163080105
310 3 1086.086086 67.500000 0.62383437697759125 0.074365159163080105
311 0 1089.589590 0.000000 0.6264444409793235 0.075110651861719099
311 1 1089.589590 22.500000 0.6264444409793235 0.075110651861719099
311 2 1089.589590 45.000000 0.6264444409793235 0.075110651861719099
311 3 1089.589590 67.500000 0.6264444409793235 0.075110651861719099
312 0 1093.093093 0.000000 0.62898785240070931 0.075218463779536851
312 1 1093.093093 22.500000 0.62898785240070931 0.075218463779536851
312 2 1093.093093 45.000000 0.62898785240070931 0.075218463779536851
312 3 1093.093093 67.500000 0.62898785240070931 0.075218463779536851
313 0 1096.596597 0.000000 0.631010358725412 0.0746779156285233
313 1 1096.596597 22.500000 0.631010358725412 0.0746779156285233
313 2 1096.596597 45.000000 0.631010358725412 0.0746779156285233
313 3 1096.596597 67.500000 0.631010358725412 0.0746779156285233
314 0 1100.100100 0.000000 0.63213797779902681 0.073587653836806793
314 1 1100.100100 22.500000 0.63213797779902681 0.073587653836806793
314 2 1100.100100 45.000000 0.63213797779902681 0.073587653836806793
314 3 1100.100100 67.500000 0.63213797779902681 0.073587653836806793
315 0 1103.603604 0.000000 0.63214404274545566 0.072139171414521391
315 1 1103.603604 22.500000 0.63214404274545566 0.072139171414521391
315 2 1103.603604 45.000000 0.63214404274545566 0.072139171414521391
315 3 1103.603604 67.500000 0.63214404274545566 0.072139171414521391
316 0 1107.107107 0.000000 0.63099099974639739 0.070584294730691041
316 1 1107.107107 22.500000 0.63099099974639739 0.070584294730691041
316 2 1107.107107 45.000000 0.63099099974639739 0.070584294730691041
316 3 1107.107107 67.500000 0.63099099974639739 0.070584294730691041
317 0 1110.610611 0.000000 0.6288393191892897 0.069192041541453003
317 1 1110.610611 22.500000 0.6288393191892897 0.069192041541453003
317 2 1110.610611 45.000000 0.6288393191892897 0.069192041541453003
317 3 1110.610611 67.500000 0.6288393191892897 0.069192041541453003
318 0 1114.114114 0.000000 0.62602196472767901 0.068202143068072194
318 1 1114.114114 22.500000 0.62602196472767901 0.068202143068072194
318 2 1114.114114 45.000000 0.62602196472767901 0.068202143068072194
318 3 1114.114114 67.500000 0.62602196472767901 0.068202143068072194
319 0 1117.617618 0.000000 0.62298908905102979 0.067783187744656886
319 1 1117.617618 22.500000 0.62298908905102979 0.067783187744656886
319 2 1117.617618 45.000000 0.62298908905102979 0.067783187744656886
319 3 1117.617618 67.500000 0.62298908905102979 0.067783187744656886
320 0 1121.121121 0.000000 0.62023273079957864 0.06800265670927276
320 1 1121.121121 22.500000 0.62023273079957864 0.06800265670927276
320 2 1121.121121 45.000000 0.62023273079957864 0.06800265670927276
320 3 1121.121121 67.500000 0.62023273079957864 0.06800265670927276
321 0 1124.624625 0.000000 0.61820443043032813 0.068814180238733119
321 1 1124.624625 22.500000 0.61820443043032813 0.068814180238733119
321 2 1124.624625 45.000000 0.61820443043032813 0.068814180238733119
321 3 1124.624625 67.500000 0.61820443043032813 0.068814180238733119
322 0 1128.128128 0.000000 0.6172395557462903 0.070064464000815826
322 1 1128.128128 22.500000 0.6172395557462903 0.070064464000815826
322 2 1128.128128 45.000000 0.6172395557462903 0.070064464000815826
322 3 1128.128128 67.500000 0.6172395557462903 0.070064464000815826
323 0 1131.631632 0.000000 0.61750084943707395 0.071518992300198439
323 1 1131.631632 22.500000 0.61750084943707395 0.071518992300198439
323 2 1131.631632 45.000000 0.61750084943707395 0.071518992300198439
323 3 1131.631632 67.500000 0.61750084943707395 0.071518992300198439
324 0 1135.135135 0.000000 0.61895061826794784 0.072902375568724725
324 1 1135.135135 22.500000 0.61895061826794784 0.072902375568724725
324 2 1135.135135 45.000000 0.61895061826794784 0.072902375568724725
324 3 1135.135135 67.500000 0.61895061826794784 0.072902375568724725
325 0 1138.638639 0.000000 0.62135648651488684 0.073946624829084762
325 1 1138.638639 22.500000 0.62135648651488684 0.073946624829084762
325 2 1138.638639 45.000000 0.62135648651488684 0.073946624829084762
325 3 1138.638639 67.500000 0.62135648651488684 0.073946624829084762
326 0 1142.142142 0.000000 0.62433022616567679 0.074439156733279263
326 1 1142.142142 22.500000 0.62433022616567679 0.074439156733279263
326 2 1142.142142 45.000000 0.62433022616567679 0.074439156733279263
326 3 1142.142142 67.500000 0.62433022616567679 0.074439156733279263
327 0 1145.645646 0.000000 0.62739353459897329 0.074262227662642885
327 1 1145.645646 22.500000 0.62739353459897329 0.074262227662642885
327 2 1145.645646 45.000000 0.62739353459897329 0.074262227662642885
327 3 1145.645646 67.500000 0.62739353459897329 0.074262227662642885
328 0 1149.149149 0.000000 0.63005968611688901 0.07341680356553594
328 1 1149.149149 22.500000 0.63005968611688901 0.07341680356553594
328 2 1149.149149 45.000000 0.63005968611688901 0.07341680356553594
328 3 1149.149149 67.500000 0.63005968611688901 0.07341680356553594
329 0 1152.652653 0.000000 0.63191678702931986 0.072026393947938597
329 1 1152.652653 22.500000 0.63191678702931986 0.072026393947938597
329 2 1152.652653 45.000000 0.63191678702931986 0.072026393947938597
329 3 1152.652653 67.500000 0.63191678702931986 0.072026393947938597
330 0 1156.156156 0.000000 0.6326977691947413 0.070319705539939659
330 1 1156.156156 22.500000 0.6326977691947413 0.070319705539939659
330 2 1156.156156 45.000000 0.6326977691947413 0.070319705539939659
330 3 1156.156156 67.500000 0.6326977691947413 0.070319705539939659
331 0 1159.659660 0.000000 0.63232456280104332 0.068594553273172987
331 1 1159.659660 22.500000 0.63232456280104332 0.068594553273172987
331 2 1159.659660 45.000000 0.63232456280104332 0.068594553273172987
331 3 1159.659660 67.500000 0.63232456280104332 0.068594553273172987
332 0 1163.163163 0.000000 0.63091865047870765 0.067168701858897506
332 1 1163.163163 22.500000 0.63091865047870765 0.067168701858897506
332 2 1163.163163 45.000000 0.63091865047870765 0.067168701858897506
332 3 1163.163163 67.500000 0.63091865047870765 0.067168701858897506
333 0 1166.666667 0.000000 0.62877635035723545 0.066325648722096189
333 1 1166.666667 22.500000 0.62877635035723545 0.066325648722096189
333 2 1166.666667 45.000000 0.62877635035723545 0.066325648722096189
333 3 1166.666667 67.500000 0.62877635035723545 0.066325648722096189
334 0 1170.170170 0.000000 0.62631338943700154 0.066264389983753613
334 1 1170.170170 22.500000 0.62631338943700154 0.066264389983753613
334 2 1170.170170 45.000000 0.62631338943700154 0.066264389983753613
334 3 1170.170170 67.500000 0.62631338943700154 0.066264389983753613
335 0 1173.673674 0.000000 0.62398848769876269 0.067061741259289903
335 1 1173.673674 22.500000 0.62398848769876269 0.067061741259289903
335 2 1173.673674 45.000000 0.62398848769876269 0.067061741259289903
335 3 1173.673674 67.500000 0.62398848769876269 0.067061741259289903
336 0 1177.177177 0.000000 0.62221910328837482 0.068653869345058127
336 1 1177.177177 22.500000 0.62221910328837482 0.068653869345058127
336 2 1177.177177 45.000000 0.62221910328837482 0.068653869345058127
336 3 1177.177177 67.500000 0.62221910328837482 0.068653869345058127
337 0 1180.680681 0.000000 0.62130392754199615 0.070840627768844297
337 1 1180.680681 22.500000 0.62130392754199615 0.070840627768844297
337 2 1180.680681 45.000000 0.62130392754199615 0.070840627768844297
337 3 1180.680681 67.500000 0.62130392754199615 0.070840627768844297
338 0 1184.184184 0.000000 0.62136608458276132 0.073312573238820122
338 1 1184.184184 22.500000 0.62136608458276132 0.073312573238820122
338 2 1184.184184 45.000000 0.62136608458276132 0.073312573238820122
338 3 1184.184184 67.500000 0.62136608458276132 0.073312573238820122
339 0 1187.687688 0.000000 0.62232819754242885 0.075696781406717331
339 1 1187.687688 22.500000 0.62232819754242885 0.075696781406717331
339 2 1187.687688 45.000000 0.62232819754242885 0.075696781406717331
339 3 1187.687688 67.500000 0.62232819754242885 0.075696781406717331
340 0 1191.191191 0.000000 0.62392550158936289 0.077614404013020583
340 1 1191.191191 22.500000 0.62392550158936289 0.077614404013020583
340 2 1191.191191 45.000000 0.62392550158936289 0.077614404013020583
340 3 1191.191191 67.500000 0.62392550158936289 0.077614404013020583
341 0 1194.694695 0.000000 0.62575634856859541 0.078740850770496806
341 1 1194.694695 22.500000 0.62575634856859541 0.078740850770496806
341 2 1194.694695 45.000000 0.62575634856859541 0.078740850770496806
341 3 1194.694695 67.500000 0.62575634856859541 0.078740850770496806
342 0 1198.198198 0.000000 0.62736179004039905 0.078858893650631715
342 1 1198.198198 22.500000 0.62736179004039905 0.078858893650631715
342 2 1198.198198 45.000000 0.62736179004039905 0.078858893650631715
342 3 1198.198198 67.500000 0.62736179004039905 0.078858893650631715
343 0 1201.701702 0.000000 0.62831919371586009 0.07789599282766127
343 1 1201.701702 22.500000 0.62831919371586009 0.07789599282766127
343 2 1201.701702 45.000000 0.62831919371586009 0.07789599282766127
343 3 1201.701702 67.500000 0.62831919371586009 0.07789599282766127
344 0 1205.205205 0.000000 0.62833104387952488 0.075939584190011344
344 1 1205.205205 22.500000 0.62833104387952488 0.075939584190011344
344 2 1205.205205 45.000000 0.62833104387952488 0.075939584190011344
344 3 1205.205205 67.500000 0.62833104387952488 0.075939584190011344
345 0 1208.708709 0.000000 0.62729062935617041 0.073227559701655204
345 1 1208.708709 22.500000 0.62729062935617041 0.073227559701655204
345 2 1208.708709 45.000000 0.62729062935617041 0.073227559701655204
345 3 1208.708709 67.500000 0.62729062935617041 0.073227559701655204
346 0 1212.212212 0.000000 0.62531133063872002 0.070115148180678044
346 1 1212.212212 22.500000 0.62531133063872002 0.070115148180678044
346 2 1212.212212 45.000000 0.62531133063872002 0.070115148180678044
346 3 1212.212212 67.500000 0.62531133063872002 0.070115148180678044
347 0 1215.715716 0.000000 0.62271422414314048 0.067023214811229179
347 1 1215.715716 22.500000 0.62271422414314048 0.067023214811229179
347 2 1215.715716 45.000000 0.62271422414314048 0.067023214811229179
347 3 1215.715716 67.500000 0.62271422414314048 0.067023214811229179
348 0 1219.219219 0.000000 0.61997725494120615 0.064376015465418671
348 1 1219.219219 22.500000 0.61997725494120615 0.064376015465418671
348 2 1219.219219 45.000000 0.61997725494120615 0.064376015465418671
348 3 1219.219219 67.500000 0.61997725494120615 0.064376015465418671
349 0 1222.722723 0.000000 0.6176558905083801 0.062538166762046862
349 1 1222.722723 22.500000 0.6176558905083801 0.062538166762046862
349 2 1222.722723 45.000000 0.6176558905083801 0.062538166762046862
349 3 1222.722723 67.500000 0.6176558905083801 0.062538166762046862
350 0 1226.226226 0.000000 0.6162886865814492 0.061760736239934118
350 1 1226.226226 22.500000 0.6162886865814492 0.061760736239934118
350 2 1226.226226 45.000000 0.6162886865814492 0.061760736239934118
350 3 1226.226226 67.500000 0.6162886865814492 0.061760736239934118
351 0 1229.729730 0.000000 0.61630184636431318 0.06214489109388717
351 1 1229.729730 22.500000 0.61630184636431318 0.06214489109388717
351 2 1229.729730 45.000000 0.61630184636431318 0.06214489109388717
351 3 1229.729730 67.500000 0.61630184636431318 0.06214489109388717
352 0 1233.233233 0.000000 0.61792596822629242 0.06362870695180442
352 1 1233.233233 22.500000 0.61792596822629242 0.06362870695180442
352 2 1233.233233 45.000000 0.61792596822629242 0.06362870695180442
352 3 1233.233233 67.500000 0.61792596822629242 0.06362870695180442
353 0 1236.736737 0.000000 0.62113704273734771 0.065998996150437708
353 1 1236.736737 22.500000 0.62113704273734771 0.065998996150437708
353 2 1236.736737 45.000000 0.62113704273734771 0.065998996150437708
353 3 1236.736737 67.500000 0.62113704273734771 0.065998996150437708
354 0 1240.240240 0.000000 0.62563260336656301 0.068925984608608687
354 1 1240.240240 22.500000 0.62563260336656301 0.068925984608608687
354 2 1240.240240 45.000000 0.62563260336656301 0.068925984608608687
354 3 1240.240240 67.500000 0.62563260336656301 0.068925984608608687
355 0 1243.743744 0.000000 0.63085168257460467 0.072015012675278461
355 1 1243.743744 22.500000 0.63085168257460467 0.072015012675278461
355 2 1243.743744 45.000000 0.63085168257460467 0.072015012675278461
355 3 1243.743744 67.500000 0.63085168257460467 0.072015012675278461
356 0 1247.247247 0.000000 0.63604228371263405 0.074866760550425418
356 1 1247.247247 22.500000 0.63604228371263405 0.074866760550425418
356 2 1247.247247 45.000000 0.63604228371263405 0.074866760550425418
356 3 1247.247247 67.500000 0.63604228371263405 0.074866760550425418
357 0 1250.750751 0.000000 0.64037171864820852 0.077136241868863573
357 1 1250.750751 22.500000 0.64037171864820852 0.077136241868863573
357 2 1250.750751 45.000000 0.64037171864820852 0.077136241868863573
357 3 1250.750751 67.500000 0.64037171864820852 0.077136241868863573
358 0 1254.254254 0.000000 0.64306462259125441 0.078581171471434549
358 1 1254.254254 22.500000 0.64306462259125441 0.078581171471434549
358 2 1254.254254 45.000000 0.64306462259125441 0.078581171471434549
358 3 1254.254254 67.500000 0.64306462259125441 0.078581171471434549
359 0 1257.757758 0.000000 0.64354398470678587 0.079092225729213234
359 1 1257.757758 22.500000 0.64354398470678587 0.079092225729213234
359 2 1257.757758 45.000000 0.64354398470678587 0.079092225729213234
359 3 1257.757758 67.500000 0.64354398470678587 0.079092225729213234
360 0 1261.261261 0.000000 0.64154610580518823 0.078700846788674145
360 1 1261.261261 22.500000 0.64154610580518823 0.078700846788674145
360 2 1261.261261 45.000000 0.64154610580518823 0.078700846788674145
360 3 1261.261261 67.500000 0.64154610580518823 0.078700846788674145
361 0 1264.764765 0.000000 0.63718374085399454 0.077564062103645692
361 1 1264.764765 22.500000 0.63718374085399454 0.077564062103645692
361 2 1264.764765 45.000000 0.63718374085399454 0.077564062103645692
361 3 1264.764765 67.500000 0.63718374085399454 0.077564062103645692
362 0 1268.268268 0.000000 0.63094265776175418 0.075929649466967938
362 1 1268.268268 22.500000 0.63094265776175418 0.075929649466967938
362 2 1268.268268 45.000000 0.63094265776175418 0.075929649466967938
362 3 1268.268268 67.500000 0.63094265776175418 0.075929649466967938
363 0 1271.771772 0.000000 0.62361214887118266 0.074088222360586167
363 1 1271.771772 22.500000 0.62361214887118266 0.074088222360586167
363 2 1271.771772 45.000000 0.62361214887118266 0.074088222360586167
363 3 1271.771772 67.500000 0.62361214887118266 0.074088222360586167
364 0 1275.275275 0.000000 0.61616456883937376 0.072320893461036817
364 1 1275.275275 22.500000 0.61616456883937376 0.072320893461036817
364 2 1275.275275 45.000000 0.61616456883937376 0.072320893461036817
364 3 1275.275275 67.500000 0.61616456883937376 0.072320893461036817
365 0 1278.778779 0.000000 0.60960815940177682 0.070851747061012035
365 1 1278.778779 22.500000 0.60960815940177682 0.070851747061012035
365 2 1278.778779 45.000000 0.60960815940177682 0.070851747061012035
365 3 1278.778779 67.500000 0.60960815940177682 0.070851747061012035
366 0 1282.282282 0.000000 0.60483924665404154 0.069813323958057061
366 1 1282.282282 22.500000 0.60483924665404154 0.069813323958057061
366 2 1282.282282 45.000000 0.60483924665404154 0.069813323958057061
366 3 1282.282282 67.500000 0.60483924665404154 0.069813323958057061
367 0 1285.785786 0.000000 0.60251558826926421 0.069230879313611118
367 1 1285.785786 22.500000 0.60251558826926421 0.069230879313611118
367 2 1285.785786 45.000000 0.60251558826926421 0.069230879313611118
367 3 1285.785786 67.500000 0.60251558826926421 0.069230879313611118
368 0 1289.289289 0.000000 0.60296561184779918 0.069027742896112007
368 1 1289.289289 22.500000 0.60296561184779918 0.069027742896112007
368 2 1289.289289 45.000000 0.60296561184779918 0.069027742896112007
368 3 1289.289289 67.500000 0.60296561184779918 0.069027742896112007
369 0 1292.792793 0.000000 0.60614196433204703 0.069050290731461281
369 1 1292.792793 22.500000 0.60614196433204703 0.069050290731461281
369 2 1292.792793 45.000000 0.60614196433204703 0.069050290731461281
369 3 1292.792793 67.500000 0.60614196433204703 0.069050290731461281
370 0 1296.296296 0.000000 0.61162372775604779 0.069107494994908009
370 1 1296.296296 22.500000 0.61162372775604779 0.069107494994908009
370 2 1296.296296 45.000000 0.61162372775604779 0.069107494994908009
370 3 1296.296296 67.500000 0.61162372775604779 0.069107494994908009
371 0 1299.799800 0.000000 0.61866889373964196 0.069017376671678135
371 1 1299.799800 22.500000 0.61866889373964196 0.069017376671678135
371 2 1299.799800 45.000000 0.61866889373964196 0.069017376671678135
371 3 1299.799800 67.500000 0.61866889373964196 0.069017376671678135
372 0 1303.303303 0.000000 0.62631484551566174 0.06865141143868328
372 1 1303.303303 22.500000 0.62631484551566174 0.06865141143868328
372 2 1303.303303 45.000000 0.62631484551566174 0.06865141143868328
372 3 1303.303303 67.500000 0.62631484551566174 0.06865141143868328
373 0 1306.806807 0.000000 0.63351789174630491 0.067968266380504461
373 1 1306.806807 22.500000 0.63351789174630491 0.067968266380504461
373 2 1306.806807 45.000000 0.63351789174630491 0.067968266380504461
373 3 1306.806807 67.500000 0.63351789174630491 0.067968266380504461
374 0 1310.310310 0.000000 0.63931384232889943 0.067030128938552799
374 1 1310.310310 22.500000 0.63931384232889943 0.067030128938552799
374 2 1310.310310 45.000000 0.63931384232889943 0.067030128938552799
374 3 1310.310310 67.500000 0.63931384232889943 0.067030128938552799
375 0 1313.813814 0.000000 0.64297325616386058 0.065998012753874444
375 1 1313.813814 22.500000 0.64297325616386058 0.065998012753874444
375 2 1313.813814 45.000000 0.64297325616386058 0.065998012753874444
375 3 1313.813814 67.500000 0.64297325616386058 0.065998012753874444
376 0 1317.317317 0.000000 0.64412146435358808 0.065106250145955655
376 1 1317.317317 22.500000 0.64412146435358808 0.065106250145955655
376 2 1317.317317 45.000000 0.64412146435358808 0.065106250145955655
376 3 1317.317317 67.500000 0.64412146435358808 0.065106250145955655
377 0 1320.820821 0.000000 0.6427977109284948 0.064620240293040365
377 1 1320.820821 22.500000 0.6427977109284948 0.064620240293040365
377 2 1320.820821 45.000000 0.6427977109284948 0.064620240293040365
377 3 1320.820821 67.500000 0.6427977109284948 0.064620240293040365
378 0 1324.324324 0.000000 0.63943966470619862 0.064784732307329118
378 1 1324.324324 22.500000 0.63943966470619862 0.064784732307329118
378 2 1324.324324 45.000000 0.63943966470619862 0.064784732307329118
378 3 1324.324324 67.500000 0.63943966470619862 0.064784732307329118
379 0 1327.827828 0.000000 0.63479578824137173 0.065771902339705146
379 1 1327.827828 22.500000 0.63479578824137173 0.065771902339705146
379 2 1327.827828 45.000000 0.63479578824137173 0.065771902339705146
379 3 1327.827828 67.500000 0.63479578824137173 0.065771902339705146
380 0 1331.331331 0.000000 0.62978349133266709 0.067638857395244098
380 1 1331.331331 22.500000 0.62978349133266709 0.067638857395244098
380 2 1331.331331 45.000000 0.62978349133266709 0.067638857395244098
380 3 1331.331331 67.500000 0.62978349133266709 0.067638857395244098
381 0 1334.834835 0.000000 0.62532114663957883 0.070302862903994484
381 1 1334.834835 22.500000 0.62532114663957883 0.070302862903994484
381 2 1334.834835 45.000000 0.62532114663957883 0.070302862903994484
381 3 1334.834835 67.500000 0.62532114663957883 0.070302862903994484
382 0 1338.338338 0.000000 0.62216490284212489 0.073539739605679735
382 1 1338.338338 22.500000 0.62216490284212489 0.073539739605679735
382 2 1338.338338 45.000000 0.62216490284212489 0.073539739605679735
382 3 1338.338338 67.500000 0.62216490284212489 0.073539739605679735
383 0 1341.841842 0.000000 0.6207776911348345 0.077006969621573954
383 1 1341.841842 22.500000 0.6207776911348345 0.077006969621573954
383 2 1341.841842 45.000000 0.6207776911348345 0.077006969621573954
383 3 1341.841842 67.500000 0.6207776911348345 0.077006969621573954
384 0 1345.345345 0.000000 0.6212505107887053 0.080288747296653265
384 1 1345.345345 22.500000 0.6212505107887053 0.080288747296653265
384 2 1345.345345 45.000000 0.6212505107887053 0.080288747296653265
384 3 1345.345345 67.500000 0.6212505107887053 0.080288747296653265
385 0 1348.848849 0.000000 0.62328751857020948 0.082956248032815871
385 1 1348.848849 22.500000 0.62328751857020948 0.082956248032815871
385 2 1348.848849 45.000000 0.62328751857020948 0.082956248032815871
385 3 1348.848849 67.500000 0.62328751857020948 0.082956248032815871
386 0 1352.352352 0.000000 0.62625776426862767 0.084633467715746924
386 1 1352.352352 22.500000 0.62625776426862767 0.084633467715746924
386 2 1352.352352 45.000000 0.62625776426862767 0.084633467715746924
386 3 1352.352352 67.500000 0.62625776426862767 0.084633467715746924
387 0 1355.855856 0.000000 0.62930740309313027 0.08505764436429214
387 1 1355.855856 22.500000 0.62930740309313027 0.08505764436429214
387 2 1355.855856 45.000000 0.62930740309313027 0.08505764436429214
387 3 1355.855856 67.500000 0.62930740309313027 0.08505764436429214
388 0 1359.359359 0.000000 0.63151654532775281 0.084123792232556935
388 1 1359.359359 22.500000 0.63151654532775281 0.084123792232556935
388 2 1359.359359 45.000000 0.63151654532775281 0.084123792232556935
388 3 1359.359359 67.500000 0.63151654532775281 0.084123792232556935
389 0 1362.862863 0.000000 0.63207550022862147 0.081905224605030982
389 1 1362.862863 22.500000 0.63207550022862147 0.081905224605030982
389 2 1362.862863 45.000000 0.63207550022862147 0.081905224605030982
389 3 1362.862863 67.500000 0.63207550022862147 0.081905224605030982
390 0 1366.366366 0.000000 0.63044862585520711 0.078645768464118637
390 1 1366.366366 22.500000 0.63044862585520711 0.078645768464118637
390 2 1366.366366 45.000000 0.63044862585520711 0.078645768464118637
390 3 1366.366366 67.500000 0.63044862585520711 0.078645768464118637
391 0 1369.869870 0.000000 0.62649352457218743 0.074724072376310846
391 1 1369.869870 22.500000 0.62649352457218743 0.074724072376310846
391 2 1369.869870 45.000000 0.62649352457218743 0.074724072376310846
391 3 1369.869870 67.500000 0.62649352457218743 0.074724072376310846
392 0 1373.373373 0.000000 0.62051081241597128 0.070595202258255094
392 1 1373.373373 22.500000 0.62051081241597128 0.070595202258255094
392 2 1373.373373 45.000000 0.62051081241597128 0.070595202258255094
392 3 1373.373373 67.500000 0.62051081241597128 0.070595202258255094
393 0 1376.876877 0.000000 0.61321408820121692 0.066718792895421514
393 1 1376.876877 22.500000 0.61321408820121692 0.066718792895421514
393 2 1376.876877 45.000000 0.61321408820121692 0.066718792895421514
393 3 1376.876877 67.500000 0.61321408820121692 0.066718792895421514
394 0 1380.380380 0.000000 0.60562693754348296 0.063485658573863291
394 1 1380.380380 22.500000 0.60562693754348296 0.063485658573863291
394 2 1380.380380 45.000000 0.60562693754348296 0.063485658573863291
394 3 1380.380380 67.500000 0.60562693754348296 0.063485658573863291
395 0 1383.883884 0.000000 0.59892835413911305 0.061155467606725557
395 1 1383.883884 22.500000 0.59892835413911305 0.061155467606725557
395 2 1383.883884 45.000000 0.59892835413911305 0.061155467606725557
395 3 1383.883884 67.500000 0.59892835413911305 0.061155467606725557
396 0 1387.387387 0.000000 0.59427558884359366 0.059816667333916447
396 1 1387.387387 22.500000 0.59427558884359366 0.059816667333916447
396 2 1387.387387 45.000000 0.59427558884359366 0.059816667333916447
396 3 1387.387387 67.500000 0.59427558884359366 0.059816667333916447
397 0 1390.890891 0.000000 0.59263311759849846 0.059376473270653124
397 1 1390.890891 22.500000 0.59263311759849846 0.059376473270653124
397 2 1390.890891 45.000000 0.59263311759849846 0.059376473270653124
397 3 1390.890891 67.500000 0.59263311759849846 0.059376473270653124
398 0 1394.394394 0.000000 0.59463055977725077 0.059583906097928761
398 1 1394.394394 22.500000 0.59463055977725077 0.059583906097928761
398 2 1394.394394 45.000000 0.59463055977725077 0.059583906097928761
398 3 1394.394394 67.500000 0.59463055977725077 0.059583906097928761
399 0 1397.897898 0.000000 0.60046508604014126 0.060083329896435368
399 1 1397.897898 22.500000 0.60046508604014126 0.060083329896435368
399 2 1397.897898 45.000000 0.60046508604014126 0.060083329896435368
399 3 1397.897898 67.500000 0.60046508604014126 0.060083329896435368
400 0 1401.401401 0.000000 0.60985832182839605 0.060490612050368112
400 1 1401.401401 22.500000 0.60985832182839605 0.060490612050368112
400 2 1401.401401 45.000000 0.60985832182839605 0.060490612050368112
400 3 1401.401401 67.500000 0.60985832182839605 0.060490612050368112
401 0 1404.904905 0.000000 0.62207440460213048 0.06047978361715331
401 1 1404.904905 22.500000 0.62207440460213048 0.06047978361715331
401 2 1404.904905 45.000000 0.62207440460213048 0.06047978361715331
401 3 1404.904905 67.500000 0.62207440460213048 0.06047978361715331
402 0 1408.408408 0.000000 0.63600243063831552 0.059865671751224689
402 1 1408.408408 22.500000 0.63600243063831552 0.059865671751224689
402 2 1408.408408 45.000000 0.63600243063831552 0.059865671751224689
402 3 1408.408408 67.500000 0.63600243063831552 0.059865671751224689
403 0 1411.911912 0.000000 0.65030004689299548 0.058667869001012618
403 1 1411.911912 22.500000 0.65030004689299548 0.058667869001012618
403 2 1411.911912 45.000000 0.65030004689299548 0.058667869001012618
403 3 1411.911912 67.500000 0.65030004689299548 0.058667869001012618
404 0 1415.415415 0.000000 0.66358425092317308 0.057143703141869381
404 1 1415.415415 22.500000 0.66358425092317308 0.057143703141869381
404 2 1415.415415 45.000000 0.66358425092317308 0.057143703141869381
404 3 1415.415415 67.500000 0.66358425092317308 0.057143703141869381
405 0 1418.918919 0.000000 0.67464267511146414 0.055782293065495606
405 1 1418.918919 22.500000 0.67464267511146414 0.055782293065495606
405 2 1418.918919 45.000000 0.67464267511146414 0.055782293065495606
405 3 1418.918919 67.500000 0.67464267511146414 0.055782293065495606
406 0 1422.422422 0.000000 0.68262844975075865 0.055257686163558736
406 1 1422.422422 22.500000 0.68262844975075865 0.055257686163558736
406 2 1422.422422 45.000000 0.68262844975075865 0.055257686163558736
406 3 1422.422422 67.500000 0.68262844975075865 0.055257686163558736
407 0 1425.925926 0.000000 0.68719897609089775 0.05634557650165984
407 1 1425.925926 22.500000 0.68719897609089775 0.05634557650165984
407 2 1425.925926 45.000000 0.68719897609089775 0.05634557650165984
407 3 1425.925926 67.500000 0.68719897609089775 0.05634557650165984
408 0 1429.429429 0.000000 0.68856582069461247 0.059814184557868695
408 1 1429.429429 22.500000 0.68856582069461247 0.059814184557868695
408 2 1429.429429 45.000000 0.68856582069461247 0.059814184557868695
408 3 1429.429429 67.500000 0.68856582069461247 0.059814184557868695
409 0 1432.932933 0.000000 0.68743790748857392 0.066304559288557344
409 1 1432.932933 22.500000 0.68743790748857392 0.066304559288557344
409 2 1432.932933 45.000000 0.68743790748857392 0.066304559288557344
409 3 1432.932933 67.500000 0.68743790748857392 0.066304559288557344
410 0 1436.436436 0.000000 0.68485896883095709 0.076218056521990415
410 1 1436.436436 22.500000 0.68485896883095709 0.076218056521990415
410 2 1436.436436 45.000000 0.68485896883095709 0.076218056521990415
410 3 1436.436436 67.500000 0.68485896883095709 0.076218056521990415
411 0 1439.939940 0.000000 0.68195844011353579 0.089628591474468416
411 1 1439.939940 22.500000 0.68195844011353579 0.089628591474468416
411 2 1439.939940 45.000000 0.68195844011353579 0.089628591474468416
411 3 1439.939940 67.500000 0.68195844011353579 0.089628591474468416
412 0 1443.443443 0.000000 0.67965040174759339 0.10623439724526448
412 1 1443.443443 22.500000 0.67965040174759339 0.10623439724526448
412 2 1443.443443 45.000000 0.67965040174759339 0.10623439724526448
412 3 1443.443443 67.500000 0.67965040174759339 0.10623439724526448
413 0 1446.946947 0.000000 0.67832792422641963 0.12535880514490699
413 1 1446.946947 22.500000 0.67832792422641963 0.12535880514490699
413 2 1446.946947 45.000000 0.67832792422641963 0.12535880514490699
413 3 1446.946947 67.500000 0.67832792422641963 0.12535880514490699
414 0 1450.450450 0.000000 0.67761070733098538 0.14600272796266137
414 1 1450.450450 22.500000 0.67761070733098538 0.14600272796266137
414 2 1450.450450 45.000000 0.67761070733098538 0.14600272796266137
414 3 1450.450450 67.500000 0.67761070733098538 0.14600272796266137
415 0 1453.953954 0.000000 0.67621011907051365 0.16694406943179591
415 1 1453.953954 22.500000 0.67621011907051365 0.16694406943179591
415 2 1453.953954 45.000000 0.67621011907051365 0.16694406943179591
415 3 1453.953954 67.500000 0.67621011907051365 0.16694406943179591
416 0 1457.457457 0.000000 0.67197174220735856 0.18687231217573907
416 1 1457.457457 22.500000 0.67197174220735856 0.18687231217573907
416 2 1457.457457 45.000000 0.67197174220735856 0.18687231217573907
416 3 1457.457457 67.500000 0.67197174220735856 0.18687231217573907
417 0 1460.960961 0.000000 0.66213381240623326 0.20454110709941054
417 1 1460.960961 22.500000 0.66213381240623326 0.20454110709941054
417 2 1460.960961 45.000000 0.66213381240623326 0.20454110709941054
417 3 1460.960961 67.500000 0.66213381240623326 0.20454110709941054
418 0 1464.464464 0.000000 0.64379654624087834 0.2189186365557716
418 1 1464.464464 22.500000 0.64379654624087834 0.2189186365557716
418 2 1464.464464 45.000000 0.64379654624087834 0.2189186365557716
418 3 1464.464464 67.500000 0.64379654624087834 0.2189186365557716
419 0 1467.967968 0.000000 0.61453747303757578 0.22931534077970644
419 1 1467.967968 22.500000 0.61453747303757578 0.22931534077970644
419 2 1467.967968 45.000000 0.61453747303757578 0.22931534077970644
419 3 1467.967968 67.500000 0.61453747303757578 0.22931534077970644
420 0 1471.471471 0.000000 0.57304784317792357 0.23547134595817149
420 1 1471.471471 22.500000 0.57304784317792357 0.23547134595817149
420 2 1471.471471 45.000000 0.57304784317792357 0.23547134595817149
420 3 1471.471471 67.500000 0.57304784317792357 0.23547134595817149
421 0 1474.974975 0.000000 0.5196285625830398 0.23759123943631655
421 1 1474.974975 22.500000 0.5196285625830398 0.23759123943631655
421 2 1474.974975 45.000000 0.5196285625830398 0.23759123943631655
421 3 1474.974975 67.500000 0.5196285625830398 0.23759123943631655
422 0 1478.478478 0.000000 0.45639224541496809 0.23632094701686762
422 1 1478.478478 22.500000 0.45639224541496809 0.23632094701686762
422 2 1478.478478 45.000000 0.45639224541496809 0.23632094701686762
422 3 1478.478478 67.500000 0.45639224541496809 0.23632094701686762
423 0 1481.981982 0.000000 0.38707893088861872 0.23266935420759574
423 1 1481.981982 22.500000 0.38707893088861872 0.23266935420759574
423 2 1481.981982 45.000000 0.38707893088861872 0.23266935420759574
423 3 1481.981982 67.500000 0.38707893088861872 0.23266935420759574
424 0 1485.485485 0.000000 0.31649449996820977 0.22788483820501851
424 1 1485.485485 22.500000 0.31649449996820977 0.22788483820501851
424 2 1485.485485 45.000000 0.31649449996820977 0.22788483820501851
424 3 1485.485485 67.500000 0.31649449996820977 0.22788483820501851
425 0 1488.988989 0.000000 0.24969176521391501 0.22330295783214815
425 1 1488.988989 22.500000 0.24969176521391501 0.22330295783214815
425 2 1488.988989 45.000000 0.24969176521391501 0.22330295783214815
425 3 1488.988989 67.500000 0.24969176521391501 0.22330295783214815
426 0 1492.492492 0.000000 0.1910953825646842 0.22018532069485475
426 1 1492.492492 22.500000 0.1910953825646842 0.22018532069485475
426 2 1492.492492 45.000000 0.1910953825646842 0.22018532069485475
426 3 1492.492492 67.500000 0.1910953825646842 0.22018532069485475
427 0 1495.995996 0.000000 0.14379167792498176 0.21957059261147177
427 1 1495.995996 22.500000 0.14379167792498176 0.21957059261147177
427 2 1495.995996 45.000000 0.14379167792498176 0.21957059261147177
427 3 1495.995996 67.500000 0.14379167792498176 0.21957059261147177
428 0 1499.499499 0.000000 0.10915342872793807 0.22215663563030497
428 1 1499.499499 22.500000 0.10915342872793807 0.22215663563030497
428 2 1499.499499 45.000000 0.10915342872793807 0.22215663563030497
428 3 1499.499499 67.500000 0.10915342872793807 0.22215663563030497
429 0 1503.003003 0.000000 0.08686485395995415 0.22822818810364798
429 1 1503.003003 22.500000 0.08686485395995415 0.22822818810364798
429 2 1503.003003 45.000000 0.08686485395995415 0.22822818810364798
429 3 1503.003003 67.500000 0.08686485395995415 0.22822818810364798
430 0 1506.506507 0.000000 0.075291543128179719 0.23763803646552345
430 1 1506.506507 22.500000 0.075291543128179719 0.23763803646552345
430 2 1506.506507 45.000000 0.075291543128179719 0.23763803646552345
430 3 1506.506507 67.500000 0.075291543128179719 0.23763803646552345
431 0 1510.010010 0.000000 0.072047084230818292 0.24984223786999171
431 1 1510.010010 22.500000 0.072047084230818292 0.24984223786999171
431 2 1510.010010 45.000000 0.072047084230818292 0.24984223786999171
431 3 1510.010010 67.500000 0.072047084230818292 0.24984223786999171
432 0 1513.513514 0.000000 0.074573592571425332 0.26398271215005925
432 1 1513.513514 22.500000 0.074573592571425332 0.26398271215005925
432 2 1513.513514 45.000000 0.074573592571425332 0.26398271215005925
432 3 1513.513514 67.500000 0.074573592571425332 0.26398271215005925
433 0 1517.017017 0.000000 0.080583623089822587 0.27900445636265131
433 1 1517.017017 22.500000 0.080583623089822587 0.27900445636265131
433 2 1517.017017 45.000000 0.080583623089822587 0.27900445636265131
433 3 1517.017017 67.500000 0.080583623089822587 0.27900445636265131
434 0 1520.520521 0.000000 0.088287016495534332 0.29379056898848072
434 1 1520.520521 22.500000 0.088287016495534332 0.29379056898848072
434 2 1520.520521 45.000000 0.088287016495534332 0.29379056898848072
434 3 1520.520521 67.500000 0.088287016495534332 0.29379056898848072
435 0 1524.024024 0.000000 0.096413468295682467 0.30729670799601971
435 1 1524.024024 22.500000 0.096413468295682467 0.30729670799601971
435 2 1524.024024 45.000000 0.096413468295682467 0.30729670799601971
435 3 1524.024024 67.500000 0.096413468295682467 0.30729670799601971
436 0 1527.527528 0.000000 0.10410564407326196 0.31866766740264169
436 1 1527.527528 22.500000 0.10410564407326196 0.31866766740264169
436 2 1527.527528 45.000000 0.10410564407326196 0.31866766740264169
436 3 1527.527528 67.500000 0.10410564407326196 0.31866766740264169
437 0 1531.031031 0.000000 0.11077854526571361 0.32732217142190101
437 1 1531.031031 22.500000 0.11077854526571361 0.32732217142190101
437 2 1531.031031 45.000000 0.11077854526571361 0.32732217142190101
437 3 1531.031031 67.500000 0.11077854526571361 0.32732217142190101
438 0 1534.534535 0.000000 0.11601939629732118 0.33299715000407704
438 1 1534.534535 22.500000 0.11601939629732118 0.33299715000407704
438 2 1534.534535 45.000000 0.11601939629732118 0.33299715000407704
438 3 1534.534535 67.500000 0.11601939629732118 0.33299715000407704
439 0 1538.038038 0.000000 0.11955669427751811 0.33574884018772289
439 1 1538.038038 22.500000 0.11955669427751811 0.33574884018772289
439 2 1538.038038 45.000000 0.11955669427751811 0.33574884018772289
439 3 1538.038038 67.500000 0.11955669427751811 0.33574884018772289
440 0 1541.541542 0.000000 0.12128200667569562 0.33591412467119819
440 1 1541.541542 22.500000 0.12128200667569562 0.33591412467119819
440 2 1541.541542 45.000000 0.12128200667569562 0.33591412467119819
440 3 1541.541542 67.500000 0.12128200667569562 0.33591412467119819
441 0 1545.045045 0.000000 0.12128307019948414 0.33404069257848701
441 1 1545.045045 22.500000 0.12128307019948414 0.33404069257848701
441 2 1545.045045 45.000000 0.12128307019948414 0.33404069257848701
441 3 1545.045045 67.500000 0.12128307019948414 0.33404069257848701
442 0 1548.548549 0.000000 0.11984824173071576 0.33079818871271416
442 1 1548.548549 22.500000 0.11984824173071576 0.33079818871271416
442 2 1548.548549 45.000000 0.11984824173071576 0.33079818871271416
442 3 1548.548549 67.500000 0.11984824173071576 0.33079818871271416
443 0 1552.052052 0.000000 0.11742354010134295 0.32688408647307821
443 1 1552.052052 22.500000 0.11742354010134295 0.32688408647307821
443 2 1552.052052 45.000000 0.11742354010134295 0.32688408647307821
443 3 1552.052052 67.500000 0.11742354010134295 0.32688408647307821
444 0 1555.555556 0.000000 0.1145300409967861 0.32293748444423687
444 1 1555.555556 22.500000 0.1145300409967861 0.32293748444423687
444 2 1555.555556 45.000000 0.1145300409967861 0.32293748444423687
444 3 1555.555556 67.500000 0.1145300409967861 0.32293748444423687
445 0 1559.059059 0.000000 0.11166760246940528 0.31947162070722535
445 1 1559.059059 22.500000 0.11166760246940528 0.31947162070722535
445 2 1559.059059 45.000000 0.11166760246940528 0.31947162070722535
445 3 1559.059059 67.500000 0.11166760246940528 0.31947162070722535
446 0 1562.562563 0.000000 0.10923411834262398 0.31683212575769565
446 1 1562.562563 22.500000 0.10923411834262398 0.31683212575769565
446 2 1562.562563 45.000000 0.10923411834262398 0.31683212575769565
446 3 1562.562563 67.500000 0.10923411834262398 0.31683212575769565
447 0 1566.066066 0.000000 0.10747960529643923 0.3151835740134451
447 1 1566.066066 22.500000 0.10747960529643923 0.3151835740134451
447 2 1566.066066 45.000000 0.10747960529643923 0.3151835740134451
447 3 1566.066066 67.500000 0.10747960529643923 0.3151835740134451
448 0 1569.569570 0.000000 0.10649899098034103 0.31452248311459186
448 1 1569.569570 22.500000 0.10649899098034103 0.31452248311459186
448 2 1569.569570 45.000000 0.10649899098034103 0.31452248311459186
448 3 1569.569570 67.500000 0.10649899098034103 0.31452248311459186
449 0 1573.073073 0.000000 0.10625470058639808 0.31471122533737117
449 1 1573.073073 22.500000 0.10625470058639808 0.31471122533737117
449 2 1573.073073 45.000000 0.10625470058639808 0.31471122533737117
449 3 1573.073073 67.500000 0.10625470058639808 0.31471122533737117
450 0 1576.576577 0.000000 0.1066147313233857 0.31552486627305726
450 1 1576.576577 22.500000 0.1066147313233857 0.31552486627305726
450 2 1576.576577 45.000000 0.1066147313233857 0.31552486627305726
450 3 1576.576577 67.500000 0.1066147313233857 0.31552486627305726
451 0 1580.080080 0.000000 0.10739365844424359 0.31670200523765957
451 1 1580.080080 22.500000 0.10739365844424359 0.31670200523765957
451 2 1580.080080 45.000000 0.10739365844424359 0.31670200523765957
451 3 1580.080080 67.500000 0.10739365844424359 0.31670200523765957
452 0 1583.583584 0.000000 0.10838934157428685 0.31799126713333187
452 1 1583.583584 22.500000 0.10838934157428685 0.31799126713333187
452 2 1583.583584 45.000000 0.10838934157428685 0.31799126713333187
452 3 1583.583584 67.500000 0.10838934157428685 0.31799126713333187
453 0 1587.087087 0.000000 0.10941290949782274 0.31918694591738467
453 1 1587.087087 22.500000 0.10941290949782274 0.31918694591738467
453 2 1587.087087 45.000000 0.10941290949782274 0.31918694591738467
453 3 1587.087087 67.500000 0.10941290949782274 0.31918694591738467
454 0 1590.590591 0.000000 0.11031169189456934 0.3201499937943213
454 1 1590.590591 22.500000 0.11031169189456934 0.3201499937943213
454 2 1590.590591 45.000000 0.11031169189456934 0.3201499937943213
454 3 1590.590591 67.500000 0.11031169189456934 0.3201499937943213
455 0 1594.094094 0.000000 0.11098447732909908 0.32081355108607734
455 1 1594.094094 22.500000 0.11098447732909908 0.32081355108607734
455 2 1594.094094 45.000000 0.11098447732909908 0.32081355108607734
455 3 1594.094094 67.500000 0.11098447732909908 0.32081355108607734
456 0 1597.597598 0.000000 0.11138767412948902 0.32117497633605352
456 1 1597.597598 22.500000 0.11138767412948902 0.32117497633605352
456 2 1597.597598 45.000000 0.11138767412948902 0.32117497633605352
456 3 1597.597598 67.500000 0.11138767412948902 0.32117497633605352
457 0 1601.101101 0.000000 0.11153134056604459 0.32127840867337537
457 1 1601.101101 22.500000 0.11153134056604459 0.32127840867337537
457 2 1601.101101 45.000000 0.11153134056604459 0.32127840867337537
457 3 1601.101101 67.500000 0.11153134056604459 0.32127840867337537
458 0 1604.604605 0.000000 0.11146600594881553 0.32119297919189072
458 1 1604.604605 22.500000 0.11146600594881553 0.32119297919189072
458 2 1604.604605 45.000000 0.11146600594881553 0.32119297919189072
458 3 1604.604605 67.500000 0.11146600594881553 0.32119297919189072
459 0 1608.108108 0.000000 0.11126372578093922 0.3209917905224996
459 1 1608.108108 22.500000 0.11126372578093922 0.3209917905224996
459 2 1608.108108 45.000000 0.11126372578093922 0.3209917905224996
459 3 1608.108108 67.500000 0.11126372578093922 0.3209917905224996
460 0 1611.611612 0.000000 0.11099841615530223 0.32073581335602303
460 1 1611.611612 22.500000 0.11099841615530223 0.32073581335602303
460 2 1611.611612 45.000000 0.11099841615530223 0.32073581335602303
460 3 1611.611612 67.500000 0.11099841615530223 0.32073581335602303
461 0 1615.115115 0.000000 0.11073028412820883 0.32046518534006774
461 1 1615.115115 22.500000 0.11073028412820883 0.32046518534006774
461 2 1615.115115 45.000000 0.11073028412820883 0.32046518534006774
461 3 1615.115115 67.500000 0.11073028412820883 0.32046518534006774
462 0 1618.618619 0.000000 0.11049729478451284 0.32019842953808275
462 1 1618.618619 22.500000 0.11049729478451284 0.32019842953808275
462 2 1618.618619 45.000000 0.11049729478451284 0.32019842953808275
462 3 1618.618619 67.500000 0.11049729478451284 0.32019842953808275
463 0 1622.122122 0.000000 0.11031410842127848 0.3199382538170083
463 1 1622.122122 22.500000 0.11031410842127848 0.3199382538170083
463 2 1622.122122 45.000000 0.11031410842127848 0.3199382538170083
463 3 1622.122122 67.500000 0.11031410842127848 0.3199382538170083
464 0 1625.625626 0.000000 0.11017690095833185 0.31968121552249312
464 1 1625.625626 22.500000 0.11017690095833185 0.31968121552249312
464 2 1625.625626 45.000000 0.11017690095833185 0.31968121552249312
464 3 1625.625626 67.500000 0.11017690095833185 0.31968121552249312
465 0 1629.129129 0.000000 0.11007152406712005 0.31942788609865147
465 1 1629.129129 22.500000 0.11007152406712005 0.31942788609865147
465 2 1629.129129 45.000000 0.11007152406712005 0.31942788609865147
465 3 1629.129129 67.500000 0.11007152406712005 0.31942788609865147
466 0 1632.632633 0.000000 0.10998244620344176 0.31919031651345864
466 1 1632.632633 22.500000 0.10998244620344176 0.31919031651345864
466 2 1632.632633 45.000000 0.10998244620344176 0.31919031651345864
466 3 1632.632633 67.500000 0.10998244620344176 0.31919031651345864
467 0 1636.136136 0.000000 0.10990034759708579 0.31899450508990101
467 1 1636.136136 22.500000 0.10990034759708579 0.31899450508990101
467 2 1636.136136 45.000000 0.10990034759708579 0.31899450508990101
467 3 1636.136136 67.500000 0.10990034759708579 0.31899450508990101
468 0 1639.639640 0.000000 0.10982673563895583 0.31887697594921016
468 1 1639.639640 22.500000 0.10982673563895583 0.31887697594921016
468 2 1639.639640 45.000000 0.10982673563895583 0.31887697594921016
468 3 1639.639640 67.500000 0.10982673563895583 0.31887697594921016
469 0 1643.143143 0.000000 0.10977447809711051 0.31887616303284444
469 1 1643.143143 22.500000 0.10977447809711051 0.31887616303284444
469 2 1643.143143 45.000000 0.10977447809711051 0.31887616303284444
469 3 1643.143143 67.500000 0.10977447809711051 0.31887616303284444
470 0 1646.646647 0.000000 0.10976393363040399 0.3190207064998003
470 1 1646.646647 22.500000 0.10976393363040399 0.3190207064998003
470 2 1646.646647 45.000000 0.10976393363040399 0.3190207064998003
470 3 1646.646647 67.500000 0.10976393363040399 0.3190207064998003
471 0 1650.150150 0.000000 0.10981549849592961 0.31931769265924659
471 1 1650.150150 22.500000 0.10981549849592961 0.31931769265924659
471 2 1650.150150 45.000000 0.10981549849592961 0.31931769265924659
471 3 1650.150150 67.500000 0.10981549849592961 0.31931769265924659
472 0 1653.653654 0.000000 0.10994063390015814 0.31974409793411324
472 1 1653.653654 22.500000 0.10994063390015814 0.31974409793411324
472 2 1653.653654 45.000000 0.10994063390015814 0.31974409793411324
472 3 1653.653654 67.500000 0.10994063390015814 0.31974409793411324
473 0 1657.157157 0.000000 0.11013424428291516 0.32024417023516288
473 1 1657.157157 22.500000 0.11013424428291516 0.32024417023516288
473 2 1657.157157 45.000000 0.11013424428291516 0.32024417023516288
473 3 1657.157157 67.500000 0.11013424428291516 0.32024417023516288
474 0 1660.660661 0.000000 0.11037114304723579 0.32073429451160285
474 1 1660.660661 22.500000 0.11037114304723579 0.32073429451160285
474 2 1660.660661 45.000000 0.11037114304723579 0.32073429451160285
474 3 1660.660661 67.500000 0.11037114304723579 0.32073429451160285
475 0 1664.164164 0.000000 0.11060817920934614 0.32111527961655967
475 1 1664.164164 22.500000 0.11060817920934614 0.32111527961655967
475 2 1664.164164 45.000000 0.11060817920934614 0.32111527961655967
475 3 1664.164164 67.500000 0.11060817920934614 0.32111527961655967
476 0 1667.667668 0.000000 0.11079184019725842 0.32129030073799314
476 1 1667.667668 22.500000 0.11079184019725842 0.32129030073799314
476 2 1667.667668 45.000000 0.11079184019725842 0.32129030073799314
476 3 1667.667668 67.500000 0.11079184019725842 0.32129030073799314
477 0 1671.171171 0.000000 0.11086952128212588 0.32118529368598081
477 1 1671.171171 22.500000 0.11086952128212588 0.32118529368598081
477 2 1671.171171 45.000000 0.11086952128212588 0.32118529368598081
477 3 1671.171171 67.500000 0.11086952128212588 0.32118529368598081
478 0 1674.674675 0.000000 0.11080176756793639 0.32076773982881807
478 1 1674.674675 22.500000 0.11080176756793639 0.32076773982881807
478 2 1674.674675 45.000000 0.11080176756793639 0.32076773982881807
478 3 1674.674675 67.500000 0.11080176756793639 0.32076773982881807
479 0 1678.178178 0.000000 0.1105728150301829 0.32005971251610077
479 1 1678.178178 22.500000 0.1105728150301829 0.32005971251610077
479 2 1678.178178 45.000000 0.1105728150301829 0.32005971251610077
479 3 1678.178178 67.500000 0.1105728150301829 0.32005971251610077
480 0 1681.681682 0.000000 0.11019739134690128 0.31914183580445032
480 1 1681.681682 22.500000 0.11019739134690128 0.31914183580445032
480 2 1681.681682 45.000000 0.11019739134690128 0.31914183580445032
480 3 1681.681682 67.500000 0.11019739134690128 0.31914183580445032
481 0 1685.185185 0.000000 0.10972251493358794 0.31814632589670377
481 1 1685.185185 22.500000 0.10972251493358794 0.31814632589670377
481 2 1685.185185 45.000000 0.10972251493358794 0.31814632589670377
481 3 1685.185185 67.500000 0.10972251493358794 0.31814632589670377
482 0 1688.688689 0.000000 0.10922365615483511 0.31723928562635534
482 1 1688.688689 22.500000 0.10922365615483511 0.31723928562635534
482 2 1688.688689 45.000000 0.10922365615483511 0.31723928562635534
482 3 1688.688689 67.500000 0.10922365615483511 0.31723928562635534
483 0 1692.192192 0.000000 0.10879514953554355 0.31659453735158755
483 1 1692.192192 22.500000 0.10879514953554355 0.31659453735158755
483 2 1692.192192 45.000000 0.10879514953554355 0.31659453735158755
483 3 1692.192192 67.500000 0.10879514953554355 0.31659453735158755
484 0 1695.695696 0.000000 0.10853544555505232 0.31636310511037502
484 1 1695.695696 22.500000 0.10853544555505232 0.31636310511037502
484 2 1695.695696 45.000000 0.10853544555505232 0.31636310511037502
484 3 1695.695696 67.500000 0.10853544555505232 0.31636310511037502
485 0 1699.199199 0.000000 0.1085288541314262 0.31664362460902185
485 1 1699.199199 22.500000 0.1085288541314262 0.31664362460902185
485 2 1699.199199 45.000000 0.1085288541314262 0.31664362460902185
485 3 1699.199199 67.500000 0.1085288541314262 0.31664362460902185
486 0 1702.702703 0.000000 0.10882670453925473 0.31745920907840264
486 1 1702.702703 22.500000 0.10882670453925473 0.31745920907840264
486 2 1702.702703 45.000000 0.10882670453925473 0.31745920907840264
486 3 1702.702703 67.500000 0.10882670453925473 0.31745920907840264
487 0 1706.206206 0.000000 0.10943182740915997 0.31874553076794487
487 1 1706.206206 22.500000 0.10943182740915997 0.31874553076794487
487 2 1706.206206 45.000000 0.10943182740915997 0.31874553076794487
487 3 1706.206206 67.500000 0.10943182740915997 0.31874553076794487
488 0 1709.709710 0.000000 0.11029037209782729 0.32035317835503074
488 1 1709.709710 22.500000 0.11029037209782729 0.32035317835503074
488 2 1709.709710 45.000000 0.11029037209782729 0.32035317835503074
488 3 1709.709710 67.500000 0.11029037209782729 0.32035317835503074
489 0 1713.213213 0.000000 0.11129390102552721 0.32206498350242213
489 1 1713.213213 22.500000 0.11129390102552721 0.32206498350242213
489 2 1713.213213 45.000000 0.11129390102552721 0.32206498350242213
489 3 1713.213213 67.500000 0.11129390102552721 0.32206498350242213
490 0 1716.716717 0.000000 0.1122926290977371 0.3236263742314599
490 1 1716.716717 22.500000 0.1122926290977371 0.3236263742314599
490 2 1716.716717 45.000000 0.1122926290977371 0.3236263742314599
490 3 1716.716717 67.500000 0.1122926290977371 0.3236263742314599
491 0 1720.220220 0.000000 0.11311819154683357 0.32478437498415719
491 1 1720.220220 22.500000 0.11311819154683357 0.32478437498415719
491 2 1720.220220 45.000000 0.11311819154683357 0.32478437498415719
491 3 1720.220220 67.500000 0.11311819154683357 0.32478437498415719
492 0 1723.723724 0.000000 0.11361214325511927 0.32532908409266292
492 1 1723.723724 22.500000 0.11361214325511927 0.32532908409266292
492 2 1723.723724 45.000000 0.11361214325511927 0.32532908409266292
492 3 1723.723724 67.500000 0.11361214325511927 0.32532908409266292
493 0 1727.227227 0.000000 0.11365505117250223 0.32513067169525756
493 1 1727.227227 22.500000 0.11365505117250223 0.32513067169525756
493 2 1727.227227 45.000000 0.11365505117250223 0.32513067169525756
493 3 1727.227227 67.500000 0.11365505117250223 0.32513067169525756
494 0 1730.730731 0.000000 0.11319074896658632 0.32416534217709847
494 1 1730.730731 22.500000 0.11319074896658632 0.32416534217709847
494 2 1730.730731 45.000000 0.11319074896658632 0.32416534217709847
494 3 1730.730731 67.500000 0.11319074896658632 0.32416534217709847
495 0 1734.234234 0.000000 0.11224102699530612 0.32252527677323739
495 1 1734.234234 22.500000 0.11224102699530612 0.32252527677323739
495 2 1734.234234 45.000000 0.11224102699530612 0.32252527677323739
495 3 1734.234234 67.500000 0.11224102699530612 0.32252527677323739
496 0 1737.737738 0.000000 0.11090756684960557 0.32041008625559003
496 1 1737.737738 22.500000 0.11090756684960557 0.32041008625559003
496 2 1737.737738 45.000000 0.11090756684960557 0.32041008625559003
496 3 1737.737738 67.500000 0.11090756684960557 0.32041008625559003
497 0 1741.241241 0.000000 0.10936010313953019 0.31810035655562274
497 1 1741.241241 22.500000 0.10936010313953019 0.31810035655562274
497 2 1741.241241 45.000000 0.10936010313953019 0.31810035655562274
497 3 1741.241241 67.500000 0.10936010313953019 0.31810035655562274
498 0 1744.744745 0.000000 0.10781232746801488 0.3159169472806439
498 1 1744.744745 22.500000 0.10781232746801488 0.3159169472806439
498 2 1744.744745 45.000000 0.10781232746801488 0.3159169472806439
498 3 1744.744745 67.500000 0.10781232746801488 0.3159169472806439
499 0 1748.248248 0.000000 0.10648948103748665 0.31417226713380986
499 1 1748.248248 22.500000 0.10648948103748665 0.31417226713380986
499 2 1748.248248 45.000000 0.10648948103748665 0.31417226713380986
499 3 1748.248248 67.500000 0.10648948103748665 0.31417226713380986
500 0 1751.751752 0.000000 0.10559329331174135 0.31312133562826594
500 1 1751.751752 22.500000 0.10559329331174135 0.31312133562826594
500 2 1751.751752 45.000000 0.10559329331174135 0.31312133562826594
500 3 1751.751752 67.500000 0.10559329331174135 0.31312133562826594
501 0 1755.255255 0.000000 0.10527035903571819 0.31292073771651596
501 1 1755.255255 22.500000 0.10527035903571819 0.31292073771651596
501 2 1755.255255 45.000000 0.10527035903571819 0.31292073771651596
501 3 1755.255255 67.500000 0.10527035903571819 0.31292073771651596
502 0 1758.758759 0.000000 0.10558904151143919 0.31360249311916322
502 1 1758.758759 22.500000 0.10558904151143919 0.31360249311916322
502 2 1758.758759 45.000000 0.10558904151143919 0.31360249311916322
502 3 1758.758759 67.500000 0.10558904151143919 0.31360249311916322
503 0 1762.262262 0.000000 0.10652796668988093 0.31506753997555925
503 1 1762.262262 22.500000 0.10652796668988093 0.31506753997555925
503 2 1762.262262 45.000000 0.10652796668988093 0.31506753997555925
503 3 1762.262262 67.500000 0.10652796668988093 0.31506753997555925
504 0 1765.765766 0.000000 0.1079769828009316 0.31710033806572457
504 1 1765.765766 22.500000 0.1079769828009316 0.31710033806572457
504 2 1765.765766 45.000000 0.1079769828009316 0.31710033806572457
504 3 1765.765766 67.500000 0.1079769828009316 0.31710033806572457
505 0 1769.269269 0.000000 0.10974991058969968 0.31940255817317909
505 1 1769.269269 22.500000 0.10974991058969968 0.31940255817317909
505 2 1769.269269 45.000000 0.10974991058969968 0.31940255817317909
505 3 1769.269269 67.500000 0.10974991058969968 0.31940255817317909
506 0 1772.772773 0.000000 0.11160773784549831 0.32164054408699172
506 1 1772.772773 22.500000 0.11160773784549831 0.32164054408699172
506 2 1772.772773 45.000000 0.11160773784549831 0.32164054408699172
506 3 1772.772773 67.500000 0.11160773784549831 0.32164054408699172
507 0 1776.276276 0.000000 0.11329060489794977 0.323498786848328
507 1 1776.276276 22.500000 0.11329060489794977 0.323498786848328
507 2 1776.276276 45.000000 0.11329060489794977 0.323498786848328
507 3 1776.276276 67.500000 0.11329060489794977 0.323498786848328
508 0 1779.779780 0.000000 0.11455608475476579 0.32473048216665412
508 1 1779.779780 22.500000 0.11455608475476579 0.32473048216665412
508 2 1779.779780 45.000000 0.11455608475476579 0.32473048216665412
508 3 1779.779780 67.500000 0.11455608475476579 0.32473048216665412
509 0 1783.283283 0.000000 0.11521934559765687 0.32519658574270277
509 1 1783.283283 22.500000 0.11521934559765687 0.32519658574270277
509 2 1783.283283 45.000000 0.11521934559765687 0.32519658574270277
509 3 1783.283283 67.500000 0.11521934559765687 0.32519658574270277
510 0 1786.786787 0.000000 0.11518826318331131 0.32488661456357271
510 1 1786.786787 22.500000 0.11518826318331131 0.32488661456357271
510 2 1786.786787 45.000000 0.11518826318331131 0.32488661456357271
510 3 1786.786787 67.500000 0.11518826318331131 0.32488661456357271
511 0 1790.290290 0.000000 0.11448491841589929 0.32391748210977778
511 1 1790.290290 22.500000 0.11448491841589929 0.32391748210977778
511 2 1790.290290 45.000000 0.11448491841589929 0.32391748210977778
511 3 1790.290290 67.500000 0.11448491841589929 0.32391748210977778
512 0 1793.793794 0.000000 0.11324591394294799 0.32251040149794596
512 1 1793.793794 22.500000 0.11324591394294799 0.32251040149794596
512 2 1793.793794 45.000000 0.11324591394294799 0.32251040149794596
512 3 1793.793794 67.500000 0.11324591394294799 0.32251040149794596
513 0 1797.297297 0.000000 0.11169837928442115 0.32094970688383329
513 1 1797.297297 22.500000 0.11169837928442115 0.32094970688383329
513 2 1797.297297 45.000000 0.11169837928442115 0.32094970688383329
513 3 1797.297297 67.500000 0.11169837928442115 0.32094970688383329
514 0 1800.800801 0.000000 0.11011542111184677 0.31953066584451134
514 1 1800.800801 22.500000 0.11011542111184677 0.31953066584451134
514 2 1800.800801 45.000000 0.11011542111184677 0.31953066584451134
514 3 1800.800801 67.500000 0.11011542111184677 0.31953066584451134
515 0 1804.304304 0.000000 0.10876147388785742 0.31850540691871948
515 1 1804.304304 22.500000 0.10876147388785742 0.31850540691871948
515 2 1804.304304 45.000000 0.10876147388785742 0.31850540691871948
515 3 1804.304304 67.500000 0.10876147388785742 0.31850540691871948
516 0 1807.807808 0.000000 0.10784145117050603 0.31803658010209379
516 1 1807.807808 22.500000 0.10784145117050603 0.31803658010209379
516 2 1807.807808 45.000000 0.10784145117050603 0.31803658010209379
516 3 1807.807808 67.500000 0.10784145117050603 0.31803658010209379
517 0 1811.311311 0.000000 0.10746600282739796 0.31816717961104485
517 1 1811.311311 22.500000 0.10746600282739796 0.31816717961104485
517 2 1811.311311 45.000000 0.10746600282739796 0.31816717961104485
517 3 1811.311311 67.500000 0.10746600282739796 0.31816717961104485
518 0 1814.814815 0.000000 0.10763919490509397 0.31881225463892626
518 1 1814.814815 22.500000 0.10763919490509397 0.31881225463892626
518 2 1814.814815 45.000000 0.10763919490509397 0.31881225463892626
518 3 1814.814815 67.500000 0.10763919490509397 0.31881225463892626
519 0 1818.318318 0.000000 0.10826743562861184 0.3197744519141717
519 1 1818.318318 22.500000 0.10826743562861184 0.3197744519141717
519 2 1818.318318 45.000000 0.10826743562861184 0.3197744519141717
519 3 1818.318318 67.500000 0.10826743562861184 0.3197744519141717
520 0 1821.821822 0.000000 0.10918304828039091 0.32078111109944574
520 1 1821.821822 22.500000 0.10918304828039091 0.32078111109944574
520 2 1821.821822 45.000000 0.10918304828039091 0.32078111109944574
520 3 1821.821822 67.500000 0.10918304828039091 0.32078111109944574
521 0 1825.325325 0.000000 0.1101747443458099 0.32153670261130185
521 1 1825.325325 22.500000 0.1101747443458099 0.32153670261130185
521 2 1825.325325 45.000000 0.1101747443458099 0.32153670261130185
521 3 1825.325325 67.500000 0.1101747443458099 0.32153670261130185
522 0 1828.828829 0.000000 0.11101991865688955 0.32178145875693209
522 1 1828.828829 22.500000 0.11101991865688955 0.32178145875693209
522 2 1828.828829 45.000000 0.11101991865688955 0.32178145875693209
522 3 1828.828829 67.500000 0.11101991865688955 0.32178145875693209
523 0 1832.332332 0.000000 0.11151739206753464 0.32134565041178492
523 1 1832.332332 22.500000 0.11151739206753464 0.32134565041178492
523 2 1832.332332 45.000000 0.11151739206753464 0.32134565041178492
523 3 1832.332332 67.500000 0.11151739206753464 0.32134565041178492
524 0 1835.835836 0.000000 0.11152072094477011 0.32018939567888782
524 1 1835.835836 22.500000 0.11152072094477011 0.32018939567888782
524 2 1835.835836 45.000000 0.11152072094477011 0.32018939567888782
524 3 1835.835836 67.500000 0.11152072094477011 0.32018939567888782
525 0 1839.339339 0.000000 0.11097000302086305 0.31842013394718416
525 1 1839.339339 22.500000 0.11097000302086305 0.31842013394718416
525 2 1839.339339 45.000000 0.11097000302086305 0.31842013394718416
525 3 1839.339339 67.500000 0.11097000302086305 0.31842013394718416
526 0 1842.842843 0.000000 0.1099156867933529 0.3162836195317249
526 1 1842.842843 22.500000 0.1099156867933529 0.3162836195317249
526 2 1842.842843 45.000000 0.1099156867933529 0.3162836195317249
526 3 1842.842843 67.500000 0.1099156867933529 0.3162836195317249
527 0 1846.346346 0.000000 0.1085248233523369 0.31412887534498735
527 1 1846.346346 22.500000 0.1085248233523369 0.31412887534498735
527 2 1846.346346 45.000000 0.1085248233523369 0.31412887534498735
527 3 1846.346346 67.500000 0.1085248233523369 0.31412887534498735
528 0 1849.849850 0.000000 0.10706185707945959 0.31235221909800487
528 1 1849.849850 22.500000 0.10706185707945959 0.31235221909800487
528 2 1849.849850 45.000000 0.10706185707945959 0.31235221909800487
528 3 1849.849850 67.500000 0.10706185707945959 0.31235221909800487
529 0 1853.353353 0.000000 0.10584314270325988 0.31132941191951957
529 1 1853.353353 22.500000 0.10584314270325988 0.31132941191951957
529 2 1853.353353 45.000000 0.10584314270325988 0.31132941191951957
529 3 1853.353353 67.500000 0.10584314270325988 0.31132941191951957
530 0 1856.856857 0.000000 0.10517405383000107 0.31134746269757563
530 1 1856.856857 22.500000 0.10517405383000107 0.31134746269757563
530 2 1856.856857 45.000000 0.10517405383000107 0.31134746269757563
530 3 1856.856857 67.500000 0.10517405383000107 0.31134746269757563
531 0 1860.360360 0.000000 0.10528483292156271 0.31254816148804909
531 1 1860.360360 22.500000 0.10528483292156271 0.31254816148804909
531 2 1860.360360 45.000000 0.10528483292156271 0.31254816148804909
531 3 1860.360360 67.500000 0.10528483292156271 0.31254816148804909
532 0 1863.863864 0.000000 0.10628210758020941 0.31489384553207445
532 1 1863.863864 22.500000 0.10628210758020941 0.31489384553207445
532 2 1863.863864 45.000000 0.10628210758020941 0.31489384553207445
532 3 1863.863864 67.500000 0.10628210758020941 0.31489384553207445
533 0 1867.367367 0.000000 0.10812670779212763 0.31816241832065695
533 1 1867.367367 22.500000 0.10812670779212763 0.31816241832065695
533 2 1867.367367 45.000000 0.10812670779212763 0.31816241832065695
533 3 1867.367367 67.500000 0.10812670779212763 0.31816241832065695
534 0 1870.870871 0.000000 0.11063863842380015 0.3219737838022883
534 1 1870.870871 22.500000 0.11063863842380015 0.3219737838022883
534 2 1870.870871 45.000000 0.11063863842380015 0.3219737838022883
534 3 1870.870871 67.500000 0.11063863842380015 0.3219737838022883
535 0 1874.374374 0.000000 0.11352237043214078 0.32584442250101431
535 1 1874.374374 22.500000 0.11352237043214078 0.32584442250101431
535 2 1874.374374 45.000000 0.11352237043214078 0.32584442250101431
535 3 1874.374374 67.500000 0.11352237043214078 0.32584442250101431
536 0 1877.877878 0.000000 0.11640399225797768 0.32926175331333229
536 1 1877.877878 22.500000 0.11640399225797768 0.32926175331333229
536 2 1877.877878 45.000000 0.11640399225797768 0.32926175331333229
536 3 1877.877878 67.500000 0.11640399225797768 0.32926175331333229
537 0 1881.381381 0.000000 0.11887583853665032 0.33176609815543051
537 1 1881.381381 22.500000 0.11887583853665032 0.33176609815543051
537 2 1881.381381 45.000000 0.11887583853665032 0.33176609815543051
537 3 1881.381381 67.500000 0.11887583853665032 0.33176609815543051
538 0 1884.884885 0.000000 0.12054934598391105 0.33302621772104657
538 1 1884.884885 22.500000 0.12054934598391105 0.33302621772104657
538 2 1884.884885 45.000000 0.12054934598391105 0.33302621772104657
538 3 1884.884885 67.500000 0.12054934598391105 0.33302621772104657
539 0 1888.388388 0.000000 0.12111730837372975 0.3328949220717779
539 1 1888.388388 22.500000 0.12111730837372975 0.3328949220717779
539 2 1888.388388 45.000000 0.12111730837372975 0.3328949220717779
539 3 1888.388388 67.500000 0.12111730837372975 0.3328949220717779
540 0 1891.891892 0.000000 0.12041985721830609 0.33143418911052824
540 1 1891.891892 22.500000 0.12041985721830609 0.33143418911052824
540 2 1891.891892 45.000000 0.12041985721830609 0.33143418911052824
540 3 1891.891892 67.500000 0.12041985721830609 0.33143418911052824
541 0 1895.395395 0.000000 0.11849764692432094 0.32890414195779372
541 1 1895.395395 22.500000 0.11849764692432094 0.32890414195779372
541 2 1895.395395 45.000000 0.11849764692432094 0.32890414195779372
541 3 1895.395395 67.500000 0.11849764692432094 0.32890414195779372
542 0 1898.898899 0.000000 0.11560873586375781 0.32571637576525242
542 1 1898.898899 22.500000 0.11560873586375781 0.32571637576525242
542 2 1898.898899 45.000000 0.11560873586375781 0.32571637576525242
542 3 1898.898899 67.500000 0.11560873586375781 0.32571637576525242
543 0 1902.402402 0.000000 0.11219018861322677 0.32235847337975859
543 1 1902.402402 22.500000 0.11219018861322677 0.32235847337975859
543 2 1902.402402 45.000000 0.11219018861322677 0.32235847337975859
543 3 1902.402402 67.500000 0.11219018861322677 0.32235847337975859
544 0 1905.905906 0.000000 0.10876331810325807 0.31930201343754844
544 1 1905.905906 22.500000 0.10876331810325807 0.31930201343754844
544 2 1905.905906 45.000000 0.10876331810325807 0.31930201343754844
544 3 1905.905906 67.500000 0.10876331810325807 0.31930201343754844
545 0 1909.409409 0.000000 0.10580604920847822 0.31690996159817153
545 1 1909.409409 22.500000 0.10580604920847822 0.31690996159817153
545 2 1909.409409 45.000000 0.10580604920847822 0.31690996159817153
545 3 1909.409409 67.500000 0.10580604920847822 0.31690996159817153
546 0 1912.912913 0.000000 0.10363443566559272 0.31536032893112109
546 1 1912.912913 22.500000 0.10363443566559272 0.31536032893112109
546 2 1912.912913 45.000000 0.10363443566559272 0.31536032893112109
546 3 1912.912913 67.500000 0.10363443566559272 0.31536032893112109
547 0 1916.416416 0.000000 0.10233618995095581 0.31460107391257386
547 1 1916.416416 22.500000 0.10233618995095581 0.31460107391257386
547 2 1916.416416 45.000000 0.10233618995095581 0.31460107391257386
547 3 1916.416416 67.500000 0.10233618995095581 0.31460107391257386
548 0 1919.919920 0.000000 0.10177897876729662 0.31434658935767879
548 1 1919.919920 22.500000 0.10177897876729662 0.31434658935767879
548 2 1919.919920 45.000000 0.10177897876729662 0.31434658935767879
548 3 1919.919920 67.500000 0.10177897876729662 0.31434658935767879
549 0 1923.423423 0.000000 0.10168378561749342 0.31411939912295267
549 1 1923.423423 22.500000 0.10168378561749342 0.31411939912295267
549 2 1923.423423 45.000000 0.10168378561749342 0.31411939912295267
549 3 1923.423423 67.500000 0.10168378561749342 0.31411939912295267
550 0 1926.926927 0.000000 0.10172560444191045 0.31333292363986304
550 1 1926.926927 22.500000 0.10172560444191045 0.31333292363986304
550 2 1926.926927 45.000000 0.10172560444191045 0.31333292363986304
550 3 1926.926927 67.500000 0.10172560444191045 0.31333292363986304
551 0 1930.430430 0.000000 0.10161582921124658 0.31140362091039847
551 1 1930.430430 22.500000 0.10161582921124658 0.31140362091039847
551 2 1930.430430 45.000000 0.10161582921124658 0.31140362091039847
551 3 1930.430430 67.500000 0.10161582921124658 0.31140362091039847
552 0 1933.933934 0.000000 0.10113797350831583 0.3078747633451997
552 1 1933.933934 22.500000 0.10113797350831583 0.3078747633451997
552 2 1933.933934 45.000000 0.10113797350831583 0.3078747633451997
552 3 1933.933934 67.500000 0.10113797350831583 0.3078747633451997
553 0 1937.437437 0.000000 0.10014103507866626 0.30253067991649496
553 1 1937.437437 22.500000 0.10014103507866626 0.30253067991649496
553 2 1937.437437 45.000000 0.10014103507866626 0.30253067991649496
553 3 1937.437437 67.500000 0.10014103507866626 0.30253067991649496
554 0 1940.940941 0.000000 0.098523080649120728 0.29548021040688005
554 1 1940.940941 22.500000 0.098523080649120728 0.29548021040688005
554 2 1940.940941 45.000000 0.098523080649120728 0.29548021040688005
554 3 1940.940941 67.500000 0.098523080649120728 0.29548021040688005
555 0 1944.444444 0.000000 0.096243110972452667 0.28719160184644932
555 1 1944.444444 22.500000 0.096243110972452667 0.28719160184644932
555 2 1944.444444 45.000000 0.096243110972452667 0.28719160184644932
555 3 1944.444444 67.500000 0.096243110972452667 0.28719160184644932
556 0 1947.947948 0.000000 0.093376968487260362 0.27846776907398313
556 1 1947.947948 22.500000 0.093376968487260362 0.27846776907398313
556 2 1947.947948 45.000000 0.093376968487260362 0.27846776907398313
556 3 1947.947948 67.500000 0.093376968487260362 0.27846776907398313
557 0 1951.451451 0.000000 0.090195990613417695 0.27035984028876064
557 1 1951.451451 22.500000 0.090195990613417695 0.27035984028876064
557 2 1951.451451 45.000000 0.090195990613417695 0.27035984028876064
557 3 1951.451451 67.500000 0.090195990613417695 0.27035984028876064
558 0 1954.954955 0.000000 0.087219952550164279 0.26402689012921504
558 1 1954.954955 22.500000 0.087219952550164279 0.26402689012921504
558 2 1954.954955 45.000000 0.087219952550164279 0.26402689012921504
558 3 1954.954955 67.500000 0.087219952550164279 0.26402689012921504
559 0 1958.458458 0.000000 0.085200088753005651 0.26055917450806965
559 1 1958.458458 22.500000 0.085200088753005651 0.26055917450806965
559 2 1958.458458 45.000000 0.085200088753005651 0.26055917450806965
559 3 1958.458458 67.500000 0.085200088753005651 0.26055917450806965
560 0 1961.961962 0.000000 0.085027080896325713 0.26078948132313051
560 1 1961.961962 22.500000 0.085027080896325713 0.26078948132313051
560 2 1961.961962 45.000000 0.085027080896325713 0.26078948132313051
560 3 1961.961962 67.500000 0.085027080896325713 0.26078948132313051
561 0 1965.465465 0.000000 0.087612744413763821 0.26512111536961952
561 1 1965.465465 22.500000 0.087612744413763821 0.26512111536961952
561 2 1965.465465 45.000000 0.087612744413763821 0.26512111536961952
561 3 1965.465465 67.500000 0.087612744413763821 0.26512111536961952
562 0 1968.968969 0.000000 0.093827884113976523 0.27340073390528546
562 1 1968.968969 22.500000 0.093827884113976523 0.27340073390528546
562 2 1968.968969 45.000000 0.093827884113976523 0.27340073390528546
562 3 1968.968969 67.500000 0.093827884113976523 0.27340073390528546
563 0 1972.472472 0.000000 0.10456265833092354 0.2848595529442019
563 1 1972.472472 22.500000 0.10456265833092354 0.2848595529442019
563 2 1972.472472 45.000000 0.10456265833092354 0.2848595529442019
563 3 1972.472472 67.500000 0.10456265833092354 0.2848595529442019
564 0 1975.975976 0.000000 0.12090540193208837 0.29813784263812471
564 1 1975.975976 22.500000 0.12090540193208837 0.29813784263812471
564 2 1975.975976 45.000000 0.12090540193208837 0.29813784263812471
564 3 1975.975976 67.500000 0.12090540193208837 0.29813784263812471
565 0 1979.479479 0.000000 0.1443405634718041 0.31139624065228805
565 1 1979.479479 22.500000 0.1443405634718041 0.31139624065228805
565 2 1979.479479 45.000000 0.1443405634718041 0.31139624065228805
565 3 1979.479479 67.500000 0.1443405634718041 0.31139624065228805
566 0 1982.982983 0.000000 0.17679875099861103 0.32250483190965706
566 1 1982.982983 22.500000 0.17679875099861103 0.32250483190965706
566 2 1982.982983 45.000000 0.17679875099861103 0.32250483190965706
566 3 1982.982983 67.500000 0.17679875099861103 0.32250483190965706
567 0 1986.486486 0.000000 0.22040132350143926 0.32928901794692922
567 1 1986.486486 22.500000 0.22040132350143926 0.32928901794692922
567 2 1986.486486 45.000000 0.22040132350143926 0.32928901794692922
567 3 1986.486486 67.500000 0.22040132350143926 0.32928901794692922
568 0 1989.989990 0.000000 0.2768457502787196 0.32980175026100989
568 1 1989.989990 22.500000 0.2768457502787196 0.32980175026100989
568 2 1989.989990 45.000000 0.2768457502787196 0.32980175026100989
568 3 1989.989990 67.500000 0.2768457502787196 0.32980175026100989
569 0 1993.493493 0.000000 0.34654519660964955 0.32258624471079367
569 1 1993.493493 22.500000 0.34654519660964955 0.32258624471079367
569 2 1993.493493 45.000000 0.34654519660964955 0.32258624471079367
569 3 1993.493493 67.500000 0.34654519660964955 0.32258624471079367
570 0 1996.996997 0.000000 0.42779550937792704 0.30689279695126853
570 1 1996.996997 22.500000 0.42779550937792704 0.30689279695126853
570 2 1996.996997 45.000000 0.42779550937792704 0.30689279695126853
570 3 1996.996997 67.500000 0.42779550937792704 0.30689279695126853
571 0 2000.500501 0.000000 0.51631460196193779 0.28281804034998537
571 1 2000.500501 22.500000 0.51631460196193779 0.28281804034998537
571 2 2000.500501 45.000000 0.51631460196193779 0.28281804034998537
571 3 2000.500501 67.500000 0.51631460196193779 0.28281804034998537
572 0 2004.004004 0.000000 0.6054329458856933 0.25134441659106699
572 1 2004.004004 22.500000 0.6054329458856933 0.25134441659106699
572 2 2004.004004 45.000000 0.6054329458856933 0.25134441659106699
572 3 2004.004004 67.500000 0.6054329458856933 0.25134441659106699
573 0 2007.507508 0.000000 0.68701796187271746 0.2142705409853719
573 1 2007.507508 22.500000 0.68701796187271746 0.2142705409853719
573 2 2007.507508 45.000000 0.68701796187271746 0.2142705409853719
573 3 2007.507508 67.500000 0.68701796187271746 0.2142705409853719
574 0 2011.011011 0.000000 0.75295873366859267 0.17403776854064618
574 1 2011.011011 22.500000 0.75295873366859267 0.17403776854064618
574 2 2011.011011 45.000000 0.75295873366859267 0.17403776854064618
574 3 2011.011011 67.500000 0.75295873366859267 0.17403776854064618
575 0 2014.514515 0.000000 0.79682286606451169 0.13347253828881023
575 1 2014.514515 22.500000 0.79682286606451169 0.13347253828881023
575 2 2014.514515 45.000000 0.79682286606451169 0.13347253828881023
575 3 2014.514515 67.500000 0.79682286606451169 0.13347253828881023
576 0 2018.018018 0.000000 0.81521459429221643 0.095475935287821806
576 1 2018.018018 22.500000 0.81521459429221643 0.095475935287821806
576 2 2018.018018 45.000000 0.81521459429221643 0.095475935287821806
576 3 2018.018018 67.500000 0.81521459429221643 0.095475935287821806
577 0 2021.521522 0.000000 0.80844919776550139 0.062699618909945382
577 1 2021.521522 22.500000 0.80844919776550139 0.062699618909945382
577 2 2021.521522 45.000000 0.80844919776550139 0.062699618909945382
577 3 2021.521522 67.500000 0.80844919776550139 0.062699618909945382
578 0 2025.025025 0.000000 0.78037959758224762 0.037249656363527048
578 1 2025.025025 22.500000 0.78037959758224762 0.037249656363527048
578 2 2025.025025 45.000000 0.78037959758224762 0.037249656363527048
578 3 2025.025025 67.500000 0.78037959758224762 0.037249656363527048
579 0 2028.528529 0.000000 0.73747776752291483 0.020456463086400478
579 1 2028.528529 22.500000 0.73747776752291483 0.020456463086400478
579 2 2028.528529 45.000000 0.73747776752291483 0.020456463086400478
579 3 2028.528529 67.500000 0.73747776752291483 0.020456463086400478
580 0 2032.032032 0.000000 0.6874825840813954 0.012740404183912493
580 1 2032.032032 22.500000 0.6874825840813954 0.012740404183912493
580 2 2032.032032 45.000000 0.6874825840813954 0.012740404183912493
580 3 2032.032032 67.500000 0.6874825840813954 0.012740404183912493
581 0 2035.535536 0.000000 0.63800439383673646 0.013589843263061993
581 1 2035.535536 22.500000 0.63800439383673646 0.013589843263061993
581 2 2035.535536 45.000000 0.63800439383673646 0.013589843263061993
581 3 2035.535536 67.500000 0.63800439383673646 0.013589843263061993
582 0 2039.039039 0.000000 0.59541265991213332 0.021653329245906822
582 1 2039.039039 22.500000 0.59541265991213332 0.021653329245906822
582 2 2039.039039 45.000000 0.59541265991213332 0.021653329245906822
582 3 2039.039039 67.500000 0.59541265991213332 0.021653329245906822
583 0 2042.542543 0.000000 0.56417438352560534 0.034932322468662264
583 1 2042.542543 22.500000 0.56417438352560534 0.034932322468662264
583 2 2042.542543 45.000000 0.56417438352560534 0.034932322468662264
583 3 2042.542543 67.500000 0.56417438352560534 0.034932322468662264
584 0 2046.046046 0.000000 0.54663756899142379 0.051047542454525252
584 1 2046.046046 22.500000 0.54663756899142379 0.051047542454525252
584 2 2046.046046 45.000000 0.54663756899142379 0.051047542454525252
584 3 2046.046046 67.500000 0.54663756899142379 0.051047542454525252
585 0 2049.549550 0.000000 0.54313793893732898 0.067542546811866847
585 1 2049.549550 22.500000 0.54313793893732898 0.067542546811866847
585 2 2049.549550 45.000000 0.54313793893732898 0.067542546811866847
585 3 2049.549550 67.500000 0.54313793893732898 0.067542546811866847
586 0 2053.053053 0.000000 0.55228085497079449 0.082183836247857134
586 1 2053.053053 22.500000 0.55228085497079449 0.082183836247857134
586 2 2053.053053 45.000000 0.55228085497079449 0.082183836247857134
586 3 2053.053053 67.500000 0.55228085497079449 0.082183836247857134
587 0 2056.556557 0.000000 0.57129780778079087 0.093218183371324426
587 1 2056.556557 22.500000 0.57129780778079087 0.093218183371324426
587 2 2056.556557 45.000000 0.57129780778079087 0.093218183371324426
587 3 2056.556557 67.500000 0.57129780778079087 0.093218183371324426
588 0 2060.060060 0.000000 0.59644917745416282 0.099554729747685269
588 1 2060.060060 22.500000 0.59644917745416282 0.099554729747685269
588 2 2060.060060 45.000000 0.59644917745416282 0.099554729747685269
588 3 2060.060060 67.500000 0.59644917745416282 0.099554729747685269
589 0 2063.563564 0.000000 0.62349108553208021 0.10085062813897022
589 1 2063.563564 22.500000 0.62349108553208021 0.10085062813897022
589 2 2063.563564 45.000000 0.62349108553208021 0.10085062813897022
589 3 2063.563564 67.500000 0.62349108553208021 0.10085062813897022
590 0 2067.067067 0.000000 0.64821787894388805 0.097492944232954445
590 1 2067.067067 22.500000 0.64821787894388805 0.097492944232954445
590 2 2067.067067 45.000000 0.64821787894388805 0.097492944232954445
590 3 2067.067067 67.500000 0.64821787894388805 0.097492944232954445
591 0 2070.570571 0.000000 0.66704260520297298 0.090484125790707901
591 1 2070.570571 22.500000 0.66704260520297298 0.090484125790707901
591 2 2070.570571 45.000000 0.66704260520297298 0.090484125790707901
591 3 2070.570571 67.500000 0.66704260520297298 0.090484125790707901
592 0 2074.074074 0.000000 0.67752127763319681 0.081251487432336428
592 1 2074.074074 22.500000 0.67752127763319681 0.081251487432336428
592 2 2074.074074 45.000000 0.67752127763319681 0.081251487432336428
592 3 2074.074074 67.500000 0.67752127763319681 0.081251487432336428
593 0 2077.577578 0.000000 0.67870161958215092 0.071410988298731576
593 1 2077.577578 22.500000 0.67870161958215092 0.071410988298731576
593 2 2077.577578 45.000000 0.67870161958215092 0.071410988298731576
593 3 2077.577578 67.500000 0.67870161958215092 0.071410988298731576
594 0 2081.081081 0.000000 0.67120327057149476 0.062520762281233697
594 1 2081.081081 22.500000 0.67120327057149476 0.062520762281233697
594 2 2081.081081 45.000000 0.67120327057149476 0.062520762281233697
594 3 2081.081081 67.500000 0.67120327057149476 0.062520762281233697
595 0 2084.584585 0.000000 0.65700543933332856 0.05585977263776376
595 1 2084.584585 22.500000 0.65700543933332856 0.05585977263776376
595 2 2084.584585 45.000000 0.65700543933332856 0.05585977263776376
595 3 2084.584585 67.500000 0.65700543933332856 0.05585977263776376
596 0 2088.088088 0.000000 0.63899900996498427 0.052261771567713833
596 1 2088.088088 22.500000 0.63899900996498427 0.052261771567713833
596 2 2088.088088 45.000000 0.63899900996498427 0.052261771567713833
596 3 2088.088088 67.500000 0.63899900996498427 0.052261771567713833
597 0 2091.591592 0.000000 0.62041826905591835 0.052025367349860782
597 1 2091.591592 22.500000 0.62041826905591835 0.052025367349860782
597 2 2091.591592 45.000000 0.62041826905591835 0.052025367349860782
597 3 2091.591592 67.500000 0.62041826905591835 0.052025367349860782
598 0 2095.095095 0.000000 0.60428182698192023 0.054908950065723106
598 1 2095.095095 22.500000 0.60428182698192023 0.054908950065723106
598 2 2095.095095 45.000000 0.60428182698192023 0.054908950065723106
598 3 2095.095095 67.500000 0.60428182698192023 0.054908950065723106
599 0 2098.598599 0.000000 0.59294475466560248 0.060206370913245488
599 1 2098.598599 22.500000 0.59294475466560248 0.060206370913245488
599 2 2098.598599 45.000000 0.59294475466560248 0.060206370913245488
599 3 2098.598599 67.500000 0.59294475466560248 0.060206370913245488
600 0 2102.102102 0.000000 0.58781461657460155 0.066887545460498535
600 1 2102.102102 22.500000 0.58781461657460155 0.066887545460498535
600 2 2102.102102 45.000000 0.58781461657460155 0.066887545460498535
600 3 2102.102102 67.500000 0.58781461657460155 0.066887545460498535
601 0 2105.605606 0.000000 0.58923811221584177 0.073779266847368713
601 1 2105.605606 22.500000 0.58923811221584177 0.073779266847368713
601 2 2105.605606 45.000000 0.58923811221584177 0.073779266847368713
601 3 2105.605606 67.500000 0.58923811221584177 0.073779266847368713
602 0 2109.109109 0.000000 0.59653869103300661 0.079756700488364599
602 1 2109.109109 22.500000 0.59653869103300661 0.079756700488364599
602 2 2109.109109 45.000000 0.59653869103300661 0.079756700488364599
602 3 2109.109109 67.500000 0.59653869103300661 0.079756700488364599
603 0 2112.612613 0.000000 0.60817947804688732 0.083915863759800868
603 1 2112.612613 22.500000 0.60817947804688732 0.083915863759800868
603 2 2112.612613 45.000000 0.60817947804688732 0.083915863759800868
603 3 2112.612613 67.500000 0.60817947804688732 0.083915863759800868
604 0 2116.116116 0.000000 0.62202864514177425 0.085701726101244977
604 1 2116.116116 22.500000 0.62202864514177425 0.085701726101244977
604 2 2116.116116 45.000000 0.62202864514177425 0.085701726101244977
604 3 2116.116116 67.500000 0.62202864514177425 0.085701726101244977
605 0 2119.619620 0.000000 0.63570231808615341 0.084974570359554705
605 1 2119.619620 22.500000 0.63570231808615341 0.084974570359554705
605 2 2119.619620 45.000000 0.63570231808615341 0.084974570359554705
605 3 2119.619620 67.500000 0.63570231808615341 0.084974570359554705
606 0 2123.123123 0.000000 0.64694724289705596 0.08200757440439381
606 1 2123.123123 22.500000 0.64694724289705596 0.08200757440439381
606 2 2123.123123 45.000000 0.64694724289705596 0.08200757440439381
606 3 2123.123123 67.500000 0.64694724289705596 0.08200757440439381
607 0 2126.626627 0.000000 0.65400718539884617 0.077419532969925958
607 1 2126.626627 22.500000 0.65400718539884617 0.077419532969925958
607 2 2126.626627 45.000000 0.65400718539884617 0.077419532969925958
607 3 2126.626627 67.500000 0.65400718539884617 0.077419532969925958
608 0 2130.130130 0.000000 0.65590616294486948 0.072056530425456317
608 1 2130.130130 22.500000 0.65590616294486948 0.072056530425456317
608 2 2130.130130 45.000000 0.65590616294486948 0.072056530425456317
608 3 2130.130130 67.500000 0.65590616294486948 0.072056530425456317
609 0 2133.633634 0.000000 0.65258943943865 0.066843706181781218
609 1 2133.633634 22.500000 0.65258943943865 0.066843706181781218
609 2 2133.633634 45.000000 0.65258943943865 0.066843706181781218
609 3 2133.633634 67.500000 0.65258943943865 0.066843706181781218
610 0 2137.137137 0.000000 0.64489199196487046 0.062631983777359942
610 1 2137.137137 22.500000 0.64489199196487046 0.062631983777359942
610 2 2137.137137 45.000000 0.64489199196487046 0.062631983777359942
610 3 2137.137137 67.500000 0.64489199196487046 0.062631983777359942
611 0 2140.640641 0.000000 0.63434507102217752 0.060064316552776165
611 1 2140.640641 22.500000 0.63434507102217752 0.060064316552776165
611 2 2140.640641 45.000000 0.63434507102217752 0.060064316552776165
611 3 2140.640641 67.500000 0.63434507102217752 0.060064316552776165
612 0 2144.144144 0.000000 0.62286930694146403 0.059481838811271642
612 1 2144.144144 22.500000 0.62286930694146403 0.059481838811271642
612 2 2144.144144 45.000000 0.62286930694146403 0.059481838811271642
612 3 2144.144144 67.500000 0.62286930694146403 0.059481838811271642
613 0 2147.647648 0.000000 0.61242404025880914 0.060883098968788275
613 1 2147.647648 22.500000 0.61242404025880914 0.060883098968788275
613 2 2147.647648 45.000000 0.61242404025880914 0.060883098968788275
613 3 2147.647648 67.500000 0.61242404025880914 0.060883098968788275
614 0 2151.151151 0.000000 0.60468199884568863 0.063940540178812039
614 1 2151.151151 22.500000 0.60468199884568863 0.063940540178812039
614 2 2151.151151 45.000000 0.60468199884568863 0.063940540178812039
614 3 2151.151151 67.500000 0.60468199884568863 0.063940540178812039
615 0 2154.654655 0.000000 0.60078079964994879 0.068069075523827141
615 1 2154.654655 22.500000 0.60078079964994879 0.068069075523827141
615 2 2154.654655 45.000000 0.60078079964994879 0.068069075523827141
615 3 2154.654655 67.500000 0.60078079964994879 0.068069075523827141
616 0 2158.158158 0.000000 0.60117860988062743 0.072533468885487992
616 1 2158.158158 22.500000 0.60117860988062743 0.072533468885487992
616 2 2158.158158 45.000000 0.60117860988062743 0.072533468885487992
616 3 2158.158158 67.500000 0.60117860988062743 0.072533468885487992
617 0 2161.661662 0.000000 0.60562060409475482 0.076575531510599912
617 1 2161.661662 22.500000 0.60562060409475482 0.076575531510599912
617 2 2161.661662 45.000000 0.60562060409475482 0.076575531510599912
617 3 2161.661662 67.500000 0.60562060409475482 0.076575531510599912
618 0 2165.165165 0.000000 0.61320987029917329 0.079539701668386975
618 1 2165.165165 22.500000 0.61320987029917329 0.079539701668386975
618 2 2165.165165 45.000000 0.61320987029917329 0.079539701668386975
618 3 2165.165165 67.500000 0.61320987029917329 0.079539701668386975
619 0 2168.668669 0.000000 0.62256901200188264 0.080976667366960353
619 1 2168.668669 22.500000 0.62256901200188264 0.080976667366960353
619 2 2168.668669 45.000000 0.62256901200188264 0.080976667366960353
619 3 2168.668669 67.500000 0.62256901200188264 0.080976667366960353
620 0 2172.172172 0.000000 0.63207173327428834 0.080709022179145926
620 1 2172.172172 22.500000 0.63207173327428834 0.080709022179145926
620 2 2172.172172 45.000000 0.63207173327428834 0.080709022179145926
620 3 2172.172172 67.500000 0.63207173327428834 0.080709022179145926
621 0 2175.675676 0.000000 0.64011394089050055 0.078849704683582711
621 1 2175.675676 22.500000 0.64011394089050055 0.078849704683582711
621 2 2175.675676 45.000000 0.64011394089050055 0.078849704683582711
621 3 2175.675676 67.500000 0.64011394089050055 0.078849704683582711
622 0 2179.179179 0.000000 0.64538300639535329 0.075771990923267876
622 1 2179.179179 22.500000 0.64538300639535329 0.075771990923267876
622 2 2179.179179 45.000000 0.64538300639535329 0.075771990923267876
622 3 2179.179179 67.500000 0.64538300639535329 0.075771990923267876
623 0 2182.682683 0.000000 0.64707759308199142 0.072037749011411772
623 1 2182.682683 22.500000 0.64707759308199142 0.072037749011411772
623 2 2182.682683 45.000000 0.64707759308199142 0.072037749011411772
623 3 2182.682683 67.500000 0.64707759308199142 0.072037749011411772
624 0 2186.186186 0.000000 0.64503494148547114 0.068297242510238915
624 1 2186.186186 22.500000 0.64503494148547114 0.068297242510238915
624 2 2186.186186 45.000000 0.64503494148547114 0.068297242510238915
624 3 2186.186186 67.500000 0.64503494148547114 0.068297242510238915
625 0 2189.689690 0.000000 0.63973974750425455 0.06517796132814492
625 1 2189.689690 22.500000 0.63973974750425455 0.06517796132814492
625 2 2189.689690 45.000000 0.63973974750425455 0.06517796132814492
625 3 2189.689690 67.500000 0.63973974750425455 0.06517796132814492
626 0 2193.193193 0.000000 0.63221475419830386 0.063181160228549152
626 1 2193.193193 22.500000 0.63221475419830386 0.063181160228549152
626 2 2193.193193 45.000000 0.63221475419830386 0.063181160228549152
626 3 2193.193193 67.500000 0.63221475419830386 0.063181160228549152
627 0 2196.696697 0.000000 0.6238194811125044 0.062602894009176124
627 1 2196.696697 22.500000 0.6238194811125044 0.062602894009176124
627 2 2196.696697 45.000000 0.6238194811125044 0.062602894009176124
627 3 2196.696697 67.500000 0.6238194811125044 0.062602894009176124
628 0 2200.200200 0.000000 0.6160014465932443 0.063491759335464845
628 1 2200.200200 22.500000 0.6160014465932443 0.063491759335464845
628 2 2200.200200 45.000000 0.6160014465932443 0.063491759335464845
628 3 2200.200200 67.500000 0.6160014465932443 0.063491759335464845
629 0 2203.703704 0.000000 0.61004904632576074 0.065649116462240253
629 1 2203.703704 22.500000 0.61004904632576074 0.065649116462240253
629 2 2203.703704 45.000000 0.61004904632576074 0.065649116462240253
629 3 2203.703704 67.500000 0.61004904632576074 0.065649116462240253
630 0 2207.207207 0.000000 0.60688791593790825 0.06867037904283696
630 1 2207.207207 22.500000 0.60688791593790825 0.06867037904283696
630 2 2207.207207 45.000000 0.60688791593790825 0.06867037904283696
630 3 2207.207207 67.500000 0.60688791593790825 0.06867037904283696
631 0 2210.710711 0.000000 0.6069484220919531 0.072019226793022015
631 1 2210.710711 22.500000 0.6069484220919531 0.072019226793022015
631 2 2210.710711 45.000000 0.6069484220919531 0.072019226793022015
631 3 2210.710711 67.500000 0.6069484220919531 0.072019226793022015
632 0 2214.214214 0.000000 0.61011701960891618 0.075121405979199737
632 1 2214.214214 22.500000 0.61011701960891618 0.075121405979199737
632 2 2214.214214 45.000000 0.61011701960891618 0.075121405979199737
632 3 2214.214214 67.500000 0.61011701960891618 0.075121405979199737
633 0 2217.717718 0.000000 0.61577226403513186 0.077461945068392837
633 1 2217.717718 22.500000 0.61577226403513186 0.077461945068392837
633 2 2217.717718 45.000000 0.61577226403513186 0.077461945068392837
633 3 2217.717718 67.500000 0.61577226403513186 0.077461945068392837
634 0 2221.221221 0.000000 0.62289738037873976 0.07866952760936885
634 1 2221.221221 22.500000 0.62289738037873976 0.07866952760936885
634 2 2221.221221 45.000000 0.62289738037873976 0.07866952760936885
634 3 2221.221221 67.500000 0.62289738037873976 0.07866952760936885
635 0 2224.724725 0.000000 0.63025337625236988 0.078574368501832442
635 1 2224.724725 22.500000 0.63025337625236988 0.078574368501832442
635 2 2224.724725 45.000000 0.63025337625236988 0.078574368501832442
635 3 2224.724725 67.500000 0.63025337625236988 0.078574368501832442
636 0 2228.228228 0.000000 0.63658817633805886 0.077230729421504496
636 1 2228.228228 22.500000 0.63658817633805886 0.077230729421504496
636 2 2228.228228 45.000000 0.63658817633805886 0.077230729421504496
636 3 2228.228228 67.500000 0.63658817633805886 0.077230729421504496
637 0 2231.731732 0.000000 0.64084908952276221 0.074901333777808138
637 1 2231.731732 22.500000 0.64084908952276221 0.074901333777808138
637 2 2231.731732 45.000000 0.64084908952276221 0.074901333777808138
637 3 2231.731732 67.500000 0.64084908952276221 0.074901333777808138
638 0 2235.235235 0.000000 0.64236150205380504 0.072007352724559409
638 1 2235.235235 22.500000 0.64236150205380504 0.072007352724559409
638 2 2235.235235 45.000000 0.64236150205380504 0.072007352724559409
638 3 2235.235235 67.500000 0.64236150205380504 0.072007352724559409
639 0 2238.738739 0.000000 0.64093979992714845 0.069053262708250018
639 1 2238.738739 22.500000 0.64093979992714845 0.069053262708250018
639 2 2238.738739 45.000000 0.64093979992714845 0.069053262708250018
639 3 2238.738739 67.500000 0.64093979992714845 0.069053262708250018
640 0 2242.242242 0.000000 0.63690862874805054 0.06653980961051334
640 1 2242.242242 22.500000 0.63690862874805054 0.06653980961051334
640 2 2242.242242 45.000000 0.63690862874805054 0.06653980961051334
640 3 2242.242242 67.500000 0.63690862874805054 0.06653980961051334
641 0 2245.745746 0.000000 0.63103134194859289 0.064879945776246256
641 1 2245.745746 22.500000 0.63103134194859289 0.064879945776246256
641 2 2245.745746 45.000000 0.63103134194859289 0.064879945776246256
641 3 2245.745746 67.500000 0.63103134194859289 0.064879945776246256
642 0 2249.249249 0.000000 0.62436237236211134 0.064331721734674913
642 1 2249.249249 22.500000 0.62436237236211134 0.064331721734674913
642 2 2249.249249 45.000000 0.62436237236211134 0.064331721734674913
642 3 2249.249249 67.500000 0.62436237236211134 0.064331721734674913
643 0 2252.752753 0.000000 0.61805515916466791 0.064958924049526662
643 1 2252.752753 22.500000 0.61805515916466791 0.064958924049526662
643 2 2252.752753 45.000000 0.61805515916466791 0.064958924049526662
643 3 2252.752753 67.500000 0.61805515916466791 0.064958924049526662
644 0 2256.256256 0.000000 0.6131632463678065 0.066625341806171329
644 1 2256.256256 22.500000 0.6131632463678065 0.066625341806171329
644 2 2256.256256 45.000000 0.6131632463678065 0.066625341806171329
644 3 2256.256256 67.500000 0.6131632463678065 0.066625341806171329
645 0 2259.759760 0.000000 0.61046904712724759 0.069022775440494094
645 1 2259.759760 22.500000 0.61046904712724759 0.069022775440494094
645 2 2259.759760 45.000000 0.61046904712724759 0.069022775440494094
645 3 2259.759760 67.500000 0.61046904712724759 0.069022775440494094
646 0 2263.263263 0.000000 0.61036553669309956 0.071727254286606854
646 1 2263.263263 22.500000 0.61036553669309956 0.071727254286606854
646 2 2263.263263 45.000000 0.61036553669309956 0.071727254286606854
646 3 2263.263263 67.500000 0.61036553669309956 0.071727254286606854
647 0 2266.766767 0.000000 0.61280488781395559 0.074273341682034144
647 1 2266.766767 22.500000 0.61280488781395559 0.074273341682034144
647 2 2266.766767 45.000000 0.61280488781395559 0.074273341682034144
647 3 2266.766767 67.500000 0.61280488781395559 0.074273341682034144
648 0 2270.270270 0.000000 0.61731773911905874 0.076233619076105819
648 1 2270.270270 22.500000 0.61731773911905874 0.076233619076105819
648 2 2270.270270 45.000000 0.61731773911905874 0.076233619076105819
648 3 2270.270270 67.500000 0.61731773911905874 0.076233619076105819
649 0 2273.773774 0.000000 0.62309814422493404 0.077289877047134192
649 1 2273.773774 22.500000 0.62309814422493404 0.077289877047134192
649 2 2273.773774 45.000000 0.62309814422493404 0.077289877047134192
649 3 2273.773774 67.500000 0.62309814422493404 0.077289877047134192
650 0 2277.277277 0.000000 0.62914148136472647 0.07728424496665541
650 1 2277.277277 22.500000 0.62914148136472647 0.07728424496665541
650 2 2277.277277 45.000000 0.62914148136472647 0.07728424496665541
650 3 2277.277277 67.500000 0.62914148136472647 0.07728424496665541
651 0 2280.780781 0.000000 0.63441498723471679 0.076242126603689869
651 1 2280.780781 22.500000 0.63441498723471679 0.076242126603689869
651 2 2280.780781 45.000000 0.63441498723471679 0.076242126603689869
651 3 2280.780781 67.500000 0.63441498723471679 0.076242126603689869
652 0 2284.284284 0.000000 0.6380338609774947 0.074363725489932017
652 1 2284.284284 22.500000 0.6380338609774947 0.074363725489932017
652 2 2284.284284 45.000000 0.6380338609774947 0.074363725489932017
652 3 2284.284284 67.500000 0.6380338609774947 0.074363725489932017
653 0 2287.787788 0.000000 0.6394123879758965 0.071986290716566759
653 1 2287.787788 22.500000 0.6394123879758965 0.071986290716566759
653 2 2287.787788 45.000000 0.6394123879758965 0.071986290716566759
653 3 2287.787788 67.500000 0.6394123879758965 0.071986290716566759
654 0 2291.291291 0.000000 0.63836187499357822 0.069524086575214555
654 1 2291.291291 22.500000 0.63836187499357822 0.069524086575214555
654 2 2291.291291 45.000000 0.63836187499357822 0.069524086575214555
654 3 2291.291291 67.500000 0.63836187499357822 0.069524086575214555
655 0 2294.794795 0.000000 0.63511644952241486 0.067396681993658614
655 1 2294.794795 22.500000 0.63511644952241486 0.067396681993658614
655 2 2294.794795 45.000000 0.63511644952241486 0.067396681993658614
655 3 2294.794795 67.500000 0.63511644952241486 0.067396681993658614
656 0 2298.298298 0.000000 0.6302823536957497 0.065957892935292639
656 1 2298.298298 22.500000 0.6302823536957497 0.065957892935292639
656 2 2298.298298 45.000000 0.6302823536957497 0.065957892935292639
656 3 2298.298298 67.500000 0.6302823536957497 0.065957892935292639
657 0 2301.801802 0.000000 0.62472229799021872 0.065437340142557143
657 1 2301.801802 22.500000 0.62472229799021872 0.065437340142557143
657 2 2301.801802 45.000000 0.62472229799021872 0.065437340142557143
657 3 2301.801802 67.500000 0.62472229799021872 0.065437340142557143
658 0 2305.305305 0.000000 0.61939909193938281 0.065904211350436698
658 1 2305.305305 22.500000 0.61939909193938281 0.065904211350436698
658 2 2305.305305 45.000000 0.61939909193938281 0.065904211350436698
658 3 2305.305305 67.500000 0.61939909193938281 0.065904211350436698
659 0 2308.808809 0.000000 0.61520887090072007 0.067258880386790731
659 1 2308.808809 22.500000 0.61520887090072007 0.067258880386790731
659 2 2308.808809 45.000000 0.61520887090072007 0.067258880386790731
659 3 2308.808809 67.500000 0.61520887090072007 0.067258880386790731
660 0 2312.312312 0.000000 0.61283315786024295 0.069253227855312571
660 1 2312.312312 22.500000 0.61283315786024295 0.069253227855312571
660 2 2312.312312 45.000000 0.61283315786024295 0.069253227855312571
660 3 2312.312312 67.500000 0.61283315786024295 0.069253227855312571
661 0 2315.815816 0.000000 0.61263256427542367 0.071535654336678162
661 1 2315.815816 22.500000 0.61263256427542367 0.071535654336678162
661 2 2315.815816 45.000000 0.61263256427542367 0.071535654336678162
661 3 2315.815816 67.500000 0.61263256427542367 0.071535654336678162
662 0 2319.319319 0.000000 0.61459605992114208 0.073712693943079777
662 1 2319.319319 22.500000 0.61459605992114208 0.073712693943079777
662 2 2319.319319 45.000000 0.61459605992114208 0.073712693943079777
662 3 2319.319319 67.500000 0.61459605992114208 0.073712693943079777
663 0 2322.822823 0.000000 0.61835080631438022 0.075416495260710703
663 1 2322.822823 22.500000 0.61835080631438022 0.075416495260710703
663 2 2322.822823 45.000000 0.61835080631438022 0.075416495260710703
663 3 2322.822823 67.500000 0.61835080631438022 0.075416495260710703
664 0 2326.326326 0.000000 0.62322950344294692 0.076366654840958448
664 1 2326.326326 22.500000 0.62322950344294692 0.076366654840958448
664 2 2326.326326 45.000000 0.62322950344294692 0.076366654840958448
664 3 2326.326326 67.500000 0.62322950344294692 0.076366654840958448
665 0 2329.829830 0.000000 0.62838485186349347 0.076416061871748209
665 1 2329.829830 22.500000 0.62838485186349347 0.076416061871748209
665 2 2329.829830 45.000000 0.62838485186349347 0.076416061871748209
665 3 2329.829830 67.500000 0.62838485186349347 0.076416061871748209
666 0 2333.333333 0.000000 0.63293382069443782 0.075573307366293918
666 1 2333.333333 22.500000 0.63293382069443782 0.075573307366293918
666 2 2333.333333 45.000000 0.63293382069443782 0.075573307366293918
666 3 2333.333333 67.500000 0.63293382069443782 0.075573307366293918
667 0 2336.836837 0.000000 0.63610860569355065 0.073998307831870919
667 1 2336.836837 22.500000 0.63610860569355065 0.073998307831870919
667 2 2336.836837 45.000000 0.63610860569355065 0.073998307831870919
667 3 2336.836837 67.500000 0.63610860569355065 0.073998307831870919
668 0 2340.340340 0.000000 0.63738820350683711 0.07197237979253443
668 1 2340.340340 22.500000 0.63738820350683711 0.07197237979253443
668 2 2340.340340 45.000000 0.63738820350683711 0.07197237979253443
668 3 2340.340340 67.500000 0.63738820350683711 0.07197237979253443
669 0 2343.843844 0.000000 0.63658636766256849 0.069848295929813731
669 1 2343.843844 22.500000 0.63658636766256849 0.069848295929813731
669 2 2343.843844 45.000000 0.63658636766256849 0.069848295929813731
669 3 2343.843844 67.500000 0.63658636766256849 0.069848295929813731
670 0 2347.347347 0.000000 0.63387917806920635 0.067989137203149475
670 1 2347.347347 22.500000 0.63387917806920635 0.067989137203149475
670 2 2347.347347 45.000000 0.63387917806920635 0.067989137203149475
670 3 2347.347347 67.500000 0.63387917806920635 0.067989137203149475
671 0 2350.850851 0.000000 0.62976735898331393 0.066706492216356716
671 1 2350.850851 22.500000 0.62976735898331393 0.066706492216356716
671 2 2350.850851 45.000000 0.62976735898331393 0.066706492216356716
671 3 2350.850851 67.500000 0.62976735898331393 0.066706492216356716
672 0 2354.354354 0.000000 0.62498177749820993 0.066208479327623915
672 1 2354.354354 22.500000 0.62498177749820993 0.066208479327623915
672 2 2354.354354 45.000000 0.62498177749820993 0.066208479327623915
672 3 2354.354354 67.500000 0.62498177749820993 0.066208479327623915
673 0 2357.857858 0.000000 0.62035155057591518 0.066566222686717413
673 1 2357.857858 22.500000 0.62035155057591518 0.066566222686717413
673 2 2357.857858 45.000000 0.62035155057591518 0.066566222686717413
673 3 2357.857858 67.500000 0.62035155057591518 0.066566222686717413
674 0 2361.361361 0.000000 0.61666010543742655 0.067704142103468395
674 1 2361.361361 22.500000 0.61666010543742655 0.067704142103468395
674 2 2361.361361 45.000000 0.61666010543742655 0.067704142103468395
674 3 2361.361361 67.500000 0.61666010543742655 0.067704142103468395
675 0 2364.864865 0.000000 0.61451456886511535 0.06941529492565629
675 1 2364.864865 22.500000 0.61451456886511535 0.06941529492565629
675 2 2364.864865 45.000000 0.61451456886511535 0.06941529492565629
675 3 2364.864865 67.500000 0.61451456886511535 0.06941529492565629
676 0 2368.368368 0.000000 0.61424916611899638 0.071398746347165296
676 1 2368.368368 22.500000 0.61424916611899638 0.071398746347165296
676 2 2368.368368 45.000000 0.61424916611899638 0.071398746347165296
676 3 2368.368368 67.500000 0.61424916611899638 0.071398746347165296
677 0 2371.871872 0.000000 0.61587606802911665 0.073312265130073842
677 1 2371.871872 22.500000 0.61587606802911665 0.073312265130073842
677 2 2371.871872 45.000000 0.61587606802911665 0.073312265130073842
677 3 2371.871872 67.500000 0.61587606802911665 0.073312265130073842
678 0 2375.375375 0.000000 0.61908929787718159 0.074831156879527627
678 1 2375.375375 22.500000 0.61908929787718159 0.074831156879527627
678 2 2375.375375 45.000000 0.61908929787718159 0.074831156879527627
678 3 2375.375375 67.500000 0.61908929787718159 0.074831156879527627
679 0 2378.878879 0.000000 0.62331989055160353 0.075703157424966028
679 1 2378.878879 22.500000 0.62331989055160353 0.075703157424966028
679 2 2378.878879 45.000000 0.62331989055160353 0.075703157424966028
679 3 2378.878879 67.500000 0.62331989055160353 0.075703157424966028
680 0 2382.382382 0.000000 0.62783361256269699 0.075790139340651499
680 1 2382.382382 22.500000 0.62783361256269699 0.075790139340651499
680 2 2382.382382 45.000000 0.62783361256269699 0.075790139340651499
680 3 2382.382382 67.500000 0.62783361256269699 0.075790139340651499
681 0 2385.885886 0.000000 0.63185620790954433 0.075089767389677334
681 1 2385.885886 22.500000 0.63185620790954433 0.075089767389677334
681 2 2385.885886 45.000000 0.63185620790954433 0.075089767389677334
681 3 2385.885886 67.500000 0.63185620790954433 0.075089767389677334
682 0 2389.389389 0.000000 0.63470595926724471 0.073733746187270632
682 1 2389.389389 22.500000 0.63470595926724471 0.073733746187270632
682 2 2389.389389 45.000000 0.63470595926724471 0.073733746187270632
682 3 2389.389389 67.500000 0.63470595926724471 0.073733746187270632
683 0 2392.892893 0.000000 0.63591073908563922 0.071963324622069946
683 1 2392.892893 22.500000 0.63591073908563922 0.071963324622069946
683 2 2392.892893 45.000000 0.63591073908563922 0.071963324622069946
683 3 2392.892893 67.500000 0.63591073908563922 0.071963324622069946
684 0 2396.396396 0.000000 0.63528820290236554 0.070086568023676077
684 1 2396.396396 22.500000 0.63528820290236554 0.070086568023676077
684 2 2396.396396 45.000000 0.63528820290236554 0.070086568023676077
684 3 2396.396396 67.500000 0.63528820290236554 0.070086568023676077
685 0 2399.899900 0.000000 0.63297400832117312 0.068424932218541096
685 1 2399.899900 22.500000 0.63297400832117312 0.068424932218541096
685 2 2399.899900 45.000000 0.63297400832117312 0.068424932218541096
685 3 2399.899900 67.500000 0.63297400832117312 0.068424932218541096
686 0 2403.403403 0.000000 0.62939299412617289 0.067258374006927163
686 1 2403.403403 22.500000 0.62939299412617289 0.067258374006927163
686 2 2403.403403 45.000000 0.62939299412617289 0.067258374006927163
686 3 2403.403403 67.500000 0.62939299412617289 0.067258374006927163
687 0 2406.906907 0.000000 0.62517967781945338 0.06677834202467417
687 1 2406.906907 22.500000 0.62517967781945338 0.06677834202467417
687 2 2406.906907 45.000000 0.62517967781945338 0.06677834202467417
687 3 2406.906907 67.500000 0.62517967781945338 0.06677834202467417
688 0 2410.410410 0.000000 0.62106417374796619 0.067056515459628291
688 1 2410.410410 22.500000 0.62106417374796619 0.067056515459628291
688 2 2410.410410 45.000000 0.62106417374796619 0.067056515459628291
688 3 2410.410410 67.500000 0.62106417374796619 0.067056515459628291
689 0 2413.913914 0.000000 0.61774528624847536 0.068034369117465687
689 1 2413.913914 22.500000 0.61774528624847536 0.068034369117465687
689 2 2413.913914 45.000000 0.61774528624847536 0.068034369117465687
689 3 2413.913914 67.500000 0.61774528624847536 0.068034369117465687
690 0 2417.417417 0.000000 0.61577321862145373 0.069535033600678781
690 1 2417.417417 22.500000 0.61577321862145373 0.069535033600678781
690 2 2417.417417 45.000000 0.61577321862145373 0.069535033600678781
690 3 2417.417417 67.500000 0.61577321862145373 0.069535033600678781
691 0 2420.920921 0.000000 0.61546080759862276 0.071295112559696061
691 1 2420.920921 22.500000 0.61546080759862276 0.071295112559696061
691 2 2420.920921 45.000000 0.61546080759862276 0.071295112559696061
691 3 2420.920921 67.500000 0.61546080759862276 0.071295112559696061
692 0 2424.424424 0.000000 0.61683612941392063 0.07301076330517986
692 1 2424.424424 22.500000 0.61683612941392063 0.07301076330517986
692 2 2424.424424 45.000000 0.61683612941392063 0.07301076330517986
692 3 2424.424424 67.500000 0.61683612941392063 0.07301076330517986
693 0 2427.927928 0.000000 0.61964238097519009 0.074390005187180863
693 1 2427.927928 22.500000 0.61964238097519009 0.074390005187180863
693 2 2427.927928 45.000000 0.61964238097519009 0.074390005187180863
693 3 2427.927928 67.500000 0.61964238097519009 0.074390005187180863
694 0 2431.431431 0.000000 0.62338409303926734 0.075202275055967577
694 1 2431.431431 22.500000 0.62338409303926734 0.075202275055967577
694 2 2431.431431 45.000000 0.62338409303926734 0.075202275055967577
694 3 2431.431431 67.500000 0.62338409303926734 0.075202275055967577
695 0 2434.934935 0.000000 0.6274122868366695 0.075316841781805338
695 1 2434.934935 22.500000 0.6274122868366695 0.075316841781805338
695 2 2434.934935 45.000000 0.6274122868366695 0.075316841781805338
695 3 2434.934935 67.500000 0.6274122868366695 0.075316841781805338
696 0 2438.438438 0.000000 0.63103530705497213 0.074723700560778428
696 1 2438.438438 22.500000 0.63103530705497213 0.074723700560778428
696 2 2438.438438 45.000000 0.63103530705497213 0.074723700560778428
696 3 2438.438438 67.500000 0.63103530705497213 0.074723700560778428
697 0 2441.941942 0.000000 0.63363735205559935 0.073533632438455204
697 1 2441.941942 22.500000 0.63363735205559935 0.073533632438455204
697 2 2441.941942 45.000000 0.63363735205559935 0.073533632438455204
697 3 2441.941942 67.500000 0.63363735205559935 0.073533632438455204
698 0 2445.445445 0.000000 0.63478433964286662 0.071957700765650306
698 1 2445.445445 22.500000 0.63478433964286662 0.071957700765650306
698 2 2445.445445 45.000000 0.63478433964286662 0.071957700765650306
698 3 2445.445445 67.500000 0.63478433964286662 0.071957700765650306
699 0 2448.948949 0.000000 0.63429794721901711 0.070269948426747442
699 1 2448.948949 22.500000 0.63429794721901711 0.070269948426747442
699 2 2448.948949 45.000000 0.63429794721901711 0.070269948426747442
699 3 2448.948949 67.500000 0.63429794721901711 0.070269948426747442
700 0 2452.452452 0.000000 0.63228399398203017 0.068759866016049845
700 1 2452.452452 22.500000 0.63228399398203017 0.068759866016049845
700 2 2452.452452 45.000000 0.63228399398203017 0.068759866016049845
700 3 2452.452452 67.500000 0.63228399398203017 0.068759866016049845
701 0 2455.955956 0.000000 0.62911002921343429 0.067682854150500932
701 1 2455.955956 22.500000 0.62911002921343429 0.067682854150500932
701 2 2455.955956 45.000000 0.62911002921343429 0.067682854150500932
701 3 2455.955956 67.500000 0.62911002921343429 0.067682854150500932
702 0 2459.459459 0.000000 0.62533702143345937 0.067217137058097301
702 1 2459.459459 22.500000 0.62533702143345937 0.067217137058097301
702 2 2459.459459 45.000000 0.62533702143345937 0.067217137058097301
702 3 2459.459459 67.500000 0.62533702143345937 0.067217137058097301
703 0 2462.962963 0.000000 0.62161881503938543 0.067434378013781798
703 1 2462.962963 22.500000 0.62161881503938543 0.067434378013781798
703 2 2462.962963 45.000000 0.62161881503938543 0.067434378013781798
703 3 2462.962963 67.500000 0.62161881503938543 0.067434378013781798
704 0 2466.466466 0.000000 0.61858840261148185 0.068288823475237848
704 1 2466.466466 22.500000 0.61858840261148185 0.068288823475237848
704 2 2466.466466 45.000000 0.61858840261148185 0.068288823475237848
704 3 2466.466466 67.500000 0.61858840261148185 0.068288823475237848
705 0 2469.969970 0.000000 0.61675115863309915 0.069626589109106254
705 1 2469.969970 22.500000 0.61675115863309915 0.069626589109106254
705 2 2469.969970 45.000000 0.61675115863309915 0.069626589109106254
705 3 2469.969970 67.500000 0.61675115863309915 0.069626589109106254
706 0 2473.473473 0.000000 0.6164024713519729 0.07121325330306065
706 1 2473.473473 22.500000 0.6164024713519729 0.07121325330306065
706 2 2473.473473 45.000000 0.6164024713519729 0.07121325330306065
706 3 2473.473473 67.500000 0.6164024713519729 0.07121325330306065
707 0 2476.976977 0.000000 0.61758203223791597 0.072774831074159788
707 1 2476.976977 22.500000 0.61758203223791597 0.072774831074159788
707 2 2476.976977 45.000000 0.61758203223791597 0.072774831074159788
707 3 2476.976977 67.500000 0.61758203223791597 0.072774831074159788
708 0 2480.480480 0.000000 0.62007081464574731 0.074044984821544077
708 1 2480.480480 22.500000 0.62007081464574731 0.074044984821544077
708 2 2480.480480 45.000000 0.62007081464574731 0.074044984821544077
708 3 2480.480480 67.500000 0.62007081464574731 0.074044984821544077
709 0 2483.983984 0.000000 0.62343043069145554 0.074810354223301637
709 1 2483.983984 22.500000 0.62343043069145554 0.074810354223301637
709 2 2483.983984 45.000000 0.62343043069145554 0.074810354223301637
709 3 2483.983984 67.500000 0.62343043069145554 0.074810354223301637
710 0 2487.487487 0.000000 0.62707850466811821 0.074946306318076486
710 1 2487.487487 22.500000 0.62707850466811821 0.074946306318076486
710 2 2487.487487 45.000000 0.62707850466811821 0.074946306318076486
710 3 2487.487487 67.500000 0.62707850466811821 0.074946306318076486
711 0 2490.990991 0.000000 0.63038820870114132 0.074437130503287943
711 1 2490.990991 22.500000 0.63038820870114132 0.074437130503287943
711 2 2490.990991 45.000000 0.63038820870114132 0.074437130503287943
711 3 2490.990991 67.500000 0.63038820870114132 0.074437130503287943
712 0 2494.494494 0.000000 0.63279574901695279 0.07337742313646696
712 1 2494.494494 22.500000 0.63279574901695279 0.07337742313646696
712 2 2494.494494 45.000000 0.63279574901695279 0.07337742313646696
712 3 2494.494494 67.500000 0.63279574901695279 0.07337742313646696
713 0 2497.997998 0.000000 0.63389737253527867 0.071954648244671904
713 1 2497.997998 22.500000 0.63389737253527867 0.071954648244671904
713 2 2497.997998 45.000000 0.63389737253527867 0.071954648244671904
713 3 2497.997998 67.500000 0.63389737253527867 0.071954648244671904
714 0 2501.501502 0.000000 0.63351844229761112 0.070416066953776668
714 1 2501.501502 22.500000 0.63351844229761112 0.070416066953776668
714 2 2501.501502 45.000000 0.63351844229761112 0.070416066953776668
714 3 2501.501502 67.500000 0.63351844229761112 0.070416066953776668
715 0 2505.005005 0.000000 0.63174177012852273 0.069025853604825382
715 1 2505.005005 22.500000 0.63174177012852273 0.069025853604825382
715 2 2505.005005 45.000000 0.63174177012852273 0.069025853604825382
715 3 2505.005005 67.500000 0.63174177012852273 0.069025853604825382
716 0 2508.508509 0.000000 0.6288900593914678 0.068019821112611442
716 1 2508.508509 22.500000 0.6288900593914678 0.068019821112611442
716 2 2508.508509 45.000000 0.6288900593914678 0.068019821112611442
716 3 2508.508509 67.500000 0.6288900593914678 0.068019821112611442
717 0 2512.012012 0.000000 0.62546626813747175 0.067565500547976304
717 1 2512.012012 22.500000 0.62546626813747175 0.067565500547976304
717 2 2512.012012 45.000000 0.62546626813747175 0.067565500547976304
717 3 2512.012012 67.500000 0.62546626813747175 0.067565500547976304
718 0 2515.515516 0.000000 0.62206370233237784 0.067734319839202708
718 1 2515.515516 22.500000 0.62206370233237784 0.067734319839202708
718 2 2515.515516 45.000000 0.62206370233237784 0.067734319839202708
718 3 2515.515516 67.500000 0.62206370233237784 0.067734319839202708
719 0 2519.019019 0.000000 0.61926277805744556 0.068490488968783486
719 1 2519.019019 22.500000 0.61926277805744556 0.068490488968783486
719 2 2519.019019 45.000000 0.61926277805744556 0.068490488968783486
719 3 2519.019019 67.500000 0.61926277805744556 0.068490488968783486
720 0 2522.522523 0.000000 0.61753275957636466 0.069698300626154494
720 1 2522.522523 22.500000 0.61753275957636466 0.069698300626154494
720 2 2522.522523 45.000000 0.61753275957636466 0.069698300626154494
720 3 2522.522523 67.500000 0.61753275957636466 0.069698300626154494
721 0 2526.026026 0.000000 0.6171546775470792 0.071146397815251977
721 1 2526.026026 22.500000 0.6171546775470792 0.071146397815251977
721 2 2526.026026 45.000000 0.6171546775470792 0.071146397815251977
721 3 2526.026026 67.500000 0.6171546775470792 0.071146397815251977
722 0 2529.529530 0.000000 0.61817714292986636 0.072584683848019541
722 1 2529.529530 22.500000 0.61817714292986636 0.072584683848019541
722 2 2529.529530 45.000000 0.61817714292986636 0.072584683848019541
722 3 2529.529530 67.500000 0.61817714292986636 0.072584683848019541
723 0 2533.033033 0.000000 0.62041113099623246 0.073767442162298899
723 1 2533.033033 22.500000 0.62041113099623246 0.073767442162298899
723 2 2533.033033 45.000000 0.62041113099623246 0.073767442162298899
723 3 2533.033033 67.500000 0.62041113099623246 0.073767442162298899
724 0 2536.536537 0.000000 0.62346390599223733 0.074495244189691751
724 1 2536.536537 22.500000 0.62346390599223733 0.074495244189691751
724 2 2536.536537 45.000000 0.62346390599223733 0.074495244189691751
724 3 2536.536537 67.500000 0.62346390599223733 0.074495244189691751
725 0 2540.040040 0.000000 0.62680655564194643 0.074648509575176492
725 1 2540.040040 22.500000 0.62680655564194643 0.074648509575176492
725 2 2540.040040 45.000000 0.62680655564194643 0.074648509575176492
725 3 2540.040040 67.500000 0.62680655564194643 0.074648509575176492
726 0 2543.543544 0.000000 0.6298644359904586 0.074207082152209627
726 1 2543.543544 22.500000 0.6298644359904586 0.074207082152209627
726 2 2543.543544 45.000000 0.6298644359904586 0.074207082152209627
726 3 2543.543544 67.500000 0.6298644359904586 0.074207082152209627
727 0 2547.047047 0.000000 0.63211574924382752 0.073252629061528143
727 1 2547.047047 22.500000 0.63211574924382752 0.073252629061528143
727 2 2547.047047 45.000000 0.63211574924382752 0.073252629061528143
727 3 2547.047047 67.500000 0.63211574924382752 0.073252629061528143
728 0 2550.550551 0.000000 0.63318137757128679 0.071953633027536504
728 1 2550.550551 22.500000 0.63318137757128679 0.071953633027536504
728 2 2550.550551 45.000000 0.63318137757128679 0.071953633027536504
728 3 2550.550551 67.500000 0.63318137757128679 0.071953633027536504
729 0 2554.054054 0.000000 0.63288989160280651 0.070535718920382393
729 1 2554.054054 22.500000 0.63288989160280651 0.070535718920382393
729 2 2554.054054 45.000000 0.63288989160280651 0.070535718920382393
729 3 2554.054054 67.500000 0.63288989160280651 0.070535718920382393
730 0 2557.557558 0.000000 0.63130574826067754 0.069242528976240031
730 1 2557.557558 22.500000 0.63130574826067754 0.069242528976240031
730 2 2557.557558 45.000000 0.63130574826067754 0.069242528976240031
730 3 2557.557558 67.500000 0.63130574826067754 0.069242528976240031
731 0 2561.061061 0.000000 0.62871554582004385 0.068293920028205446
731 1 2561.061061 22.500000 0.62871554582004385 0.068293920028205446
731 2 2561.061061 45.000000 0.62871554582004385 0.068293920028205446
731 3 2561.061061 67.500000 0.62871554582004385 0.068293920028205446
732 0 2564.564565 0.000000 0.62557531136218825 0.067848644374873812
732 1 2564.564565 22.500000 0.62557531136218825 0.067848644374873812
732 2 2564.564565 45.000000 0.62557531136218825 0.067848644374873812
732 3 2564.564565 67.500000 0.62557531136218825 0.067848644374873812
733 0 2568.068068 0.000000 0.62242916913402835 0.067977839061788156
733 1 2568.068068 22.500000 0.62242916913402835 0.067977839061788156
733 2 2568.068068 45.000000 0.62242916913402835 0.067977839061788156
733 3 2568.068068 67.500000 0.62242916913402835 0.067977839061788156
734 0 2571.571572 0.000000 0.61981464059363756 0.068653741229990184
734 1 2571.571572 22.500000 0.61981464059363756 0.068653741229990184
734 2 2571.571572 45.000000 0.61981464059363756 0.068653741229990184
734 3 2571.571572 67.500000 0.61981464059363756 0.068653741229990184
735 0 2575.075075 0.000000 0.61817137997859961 0.069755405492110456
735 1 2575.075075 22.500000 0.61817137997859961 0.069755405492110456
735 2 2575.075075 45.000000 0.61817137997859961 0.069755405492110456
735 3 2575.075075 67.500000 0.61817137997859961 0.069755405492110456
736 0 2578.578579 0.000000 0.61776850978319309 0.071090280613547552
736 1 2578.578579 22.500000 0.61776850978319309 0.071090280613547552
736 2 2578.578579 45.000000 0.61776850978319309 0.071090280613547552
736 3 2578.578579 67.500000 0.61776850978319309 0.071090280613547552
737 0 2582.082082 0.000000 0.61866178112814607 0.072427807441612799
737 1 2582.082082 22.500000 0.61866178112814607 0.072427807441612799
737 2 2582.082082 45.000000 0.61866178112814607 0.072427807441612799
737 3 2582.082082 67.500000 0.61866178112814607 0.072427807441612799
738 0 2585.585586 0.000000 0.62068663160628612 0.073539185477361546
738 1 2585.585586 22.500000 0.62068663160628612 0.073539185477361546
738 2 2585.585586 45.000000 0.62068663160628612 0.073539185477361546
738 3 2585.585586 67.500000 0.62068663160628612 0.073539185477361546
739 0 2589.089089 0.000000 0.62348769084309363 0.074236458734271524
739 1 2589.089089 22.500000 0.62348769084309363 0.074236458734271524
739 2 2589.089089 45.000000 0.62348769084309363 0.074236458734271524
739 3 2589.089089 67.500000 0.62348769084309363 0.074236458734271524
740 0 2592.592593 0.000000 0.62657989000828129 0.074404252877501825
740 1 2592.592593 22.500000 0.62657989000828129 0.074404252877501825
740 2 2592.592593 45.000000 0.62657989000828129 0.074404252877501825
740 3 2592.592593 67.500000 0.62657989000828129 0.074404252877501825
741 0 2596.096096 0.000000 0.62943143743498819 0.07401881303003302
741 1 2596.096096 22.500000 0.62943143743498819 0.07401881303003302
741 2 2596.096096 45.000000 0.62943143743498819 0.07401881303003302
741 3 2596.096096 67.500000 0.62943143743498819 0.07401881303003302
742 0 2599.599600 0.000000 0.63155506963691643 0.073151209712095391
742 1 2599.599600 22.500000 0.63155506963691643 0.073151209712095391
742 2 2599.599600 45.000000 0.63155506963691643 0.073151209712095391
742 3 2599.599600 67.500000 0.63155506963691643 0.073151209712095391
743 0 2603.103103 0.000000 0.63259197530698952 0.071954312403807147
743 1 2603.103103 22.500000 0.63259197530698952 0.071954312403807147
743 2 2603.103103 45.000000 0.63259197530698952 0.071954312403807147
743 3 2603.103103 67.500000 0.63259197530698952 0.071954312403807147
744 0 2606.606607 0.000000 0.63237343078567931 0.070635905373035185
744 1 2606.606607 22.500000 0.63237343078567931 0.070635905373035185
744 2 2606.606607 45.000000 0.63237343078567931 0.070635905373035185
744 3 2606.606607 67.500000 0.63237343078567931 0.070635905373035185
745 0 2610.110110 0.000000 0.63094884037322463 0.069422664834192044
745 1 2610.110110 22.500000 0.63094884037322463 0.069422664834192044
745 2 2610.110110 45.000000 0.63094884037322463 0.069422664834192044
745 3 2610.110110 67.500000 0.63094884037322463 0.069422664834192044
746 0 2613.613614 0.000000 0.62857507433255277 0.068521234111663276
746 1 2613.613614 22.500000 0.62857507433255277 0.068521234111663276
746 2 2613.613614 45.000000 0.62857507433255277 0.068521234111663276
746 3 2613.613614 67.500000 0.62857507433255277 0.068521234111663276
747 0 2617.117117 0.000000 0.62566941618141081 0.068083072786205998
747 1 2617.117117 22.500000 0.62566941618141081 0.068083072786205998
747 2 2617.117117 45.000000 0.62566941618141081 0.068083072786205998
747 3 2617.117117 67.500000 0.62566941618141081 0.068083072786205998
748 0 2620.620621 0.000000 0.62273528848725057 0.068179051502607654
748 1 2620.620621 22.500000 0.62273528848725057 0.068179051502607654
748 2 2620.620621 45.000000 0.62273528848725057 0.068179051502607654
748 3 2620.620621 67.500000 0.62273528848725057 0.068179051502607654
749 0 2624.124124 0.000000 0.62027462775185782 0.068788046578063408
749 1 2624.124124 22.500000 0.62027462775185782 0.068788046578063408
749 2 2624.124124 45.000000 0.62027462775185782 0.068788046578063408
749 3 2624.124124 67.500000 0.62027462775185782 0.068788046578063408
750 0 2627.627628 0.000000 0.61870246320756905 0.069801359848276179
750 1 2627.627628 22.500000 0.61870246320756905 0.069801359848276179
750 2 2627.627628 45.000000 0.61870246320756905 0.069801359848276179
750 3 2627.627628 67.500000 0.61870246320756905 0.069801359848276179
751 0 2631.131131 0.000000 0.61827797904726767 0.07104207008455142
751 1 2631.131131 22.500000 0.61827797904726767 0.07104207008455142
751 2 2631.131131 45.000000 0.61827797904726767 0.07104207008455142
751 3 2631.131131 67.500000 0.61827797904726767 0.07104207008455142
752 0 2634.634635 0.000000 0.61906284820665824 0.072295879462244556
752 1 2634.634635 22.500000 0.61906284820665824 0.072295879462244556
752 2 2634.634635 45.000000 0.61906284820665824 0.072295879462244556
752 3 2634.634635 67.500000 0.61906284820665824 0.072295879462244556
753 0 2638.138138 0.000000 0.62091288601645578 0.073348084506051445
753 1 2638.138138 22.500000 0.62091288601645578 0.073348084506051445
753 2 2638.138138 45.000000 0.62091288601645578 0.073348084506051445
753 3 2638.138138 67.500000 0.62091288601645578 0.073348084506051445
754 0 2641.641642 0.000000 0.62350388233403953 0.074020300628921981
754 1 2641.641642 22.500000 0.62350388233403953 0.074020300628921981
754 2 2641.641642 45.000000 0.62350388233403953 0.074020300628921981
754 3 2641.641642 67.500000 0.62350388233403953 0.074020300628921981
755 0 2645.145145 0.000000 0.62638734704645938 0.074200665647459169
755 1 2645.145145 22.500000 0.62638734704645938 0.074200665647459169
755 2 2645.145145 45.000000 0.62638734704645938 0.074200665647459169
755 3 2645.145145 67.500000 0.62638734704645938 0.074200665647459169
756 0 2648.648649 0.000000 0.62906724446703954 0.073862414795557371
756 1 2648.648649 22.500000 0.62906724446703954 0.073862414795557371
756 2 2648.648649 45.000000 0.62906724446703954 0.073862414795557371
756 3 2648.648649 67.500000 0.62906724446703954 0.073862414795557371
757 0 2652.152152 0.000000 0.63108512328085065 0.073067749503069809
757 1 2652.152152 22.500000 0.63108512328085065 0.073067749503069809
757 2 2652.152152 45.000000 0.63108512328085065 0.073067749503069809
757 3 2652.152152 67.500000 0.63108512328085065 0.073067749503069809
758 0 2655.655656 0.000000 0.63209910269486114 0.071956460783057771
758 1 2655.655656 22.500000 0.63209910269486114 0.071956460783057771
758 2 2655.655656 45.000000 0.63209910269486114 0.071956460783057771
758 3 2655.655656 67.500000 0.63209910269486114 0.071956460783057771
759 0 2659.159159 0.000000 0.63194268268796994 0.070721377769917909
759 1 2659.159159 22.500000 0.63194268268796994 0.070721377769917909
759 2 2659.159159 45.000000 0.63194268268796994 0.070721377769917909
759 3 2659.159159 67.500000 0.63194268268796994 0.070721377769917909
760 0 2662.662663 0.000000 0.63065263587502873 0.069574946513025759
760 1 2662.662663 22.500000 0.63065263587502873 0.069574946513025759
760 2 2662.662663 45.000000 0.63065263587502873 0.069574946513025759
760 3 2662.662663 67.500000 0.63065263587502873 0.069574946513025759
761 0 2666.166166 0.000000 0.62846090033604907 0.068712724980984324
761 1 2666.166166 22.500000 0.62846090033604907 0.068712724980984324
761 2 2666.166166 45.000000 0.62846090033604907 0.068712724980984324
761 3 2666.166166 67.500000 0.62846090033604907 0.068712724980984324
762 0 2669.669670 0.000000 0.62575224379559025 0.068280060544842078
762 1 2669.669670 22.500000 0.62575224379559025 0.068280060544842078
762 2 2669.669670 45.000000 0.62575224379559025 0.068280060544842078
762 3 2669.669670 67.500000 0.62575224379559025 0.068280060544842078
763 0 2673.173173 0.000000 0.62299589650796872 0.068347621982003046
763 1 2673.173173 22.500000 0.62299589650796872 0.068347621982003046
763 2 2673.173173 45.000000 0.62299589650796872 0.068347621982003046
763 3 2673.173173 67.500000 0.62299589650796872 0.068347621982003046
764 0 2676.676677 0.000000 0.62066387505415155 0.068899899349911836
764 1 2676.676677 22.500000 0.62066387505415155 0.068899899349911836
764 2 2676.676677 45.000000 0.62066387505415155 0.068899899349911836
764 3 2676.676677 67.500000 0.62066387505415155 0.068899899349911836
765 0 2680.180180 0.000000 0.61915049964803714 0.069838535822115036
765 1 2680.180180 22.500000 0.61915049964803714 0.069838535822115036
765 2 2680.180180 45.000000 0.61915049964803714 0.069838535822115036
765 3 2680.180180 67.500000 0.61915049964803714 0.069838535822115036
766 0 2683.683684 0.000000 0.61870662568789736 0.070999805440316782
766 1 2683.683684 22.500000 0.61870662568789736 0.070999805440316782
766 2 2683.683684 45.000000 0.61870662568789736 0.070999805440316782
766 3 2683.683684 67.500000 0.61870662568789736 0.070999805440316782
767 0 2687.187187 0.000000 0.61939899106623109 0.072183137740142636
767 1 2687.187187 22.500000 0.61939899106623109 0.072183137740142636
767 2 2687.187187 45.000000 0.61939899106623109 0.072183137740142636
767 3 2687.187187 67.500000 0.61939899106623109 0.072183137740142636
768 0 2690.690691 0.000000 0.62110069337883345 0.073185725561159723
768 1 2690.690691 22.500000 0.62110069337883345 0.073185725561159723
768 2 2690.690691 45.000000 0.62110069337883345 0.073185725561159723
768 3 2690.690691 67.500000 0.62110069337883345 0.073185725561159723
769 0 2694.194194 0.000000 0.62351391270534307 0.073837250431149817
769 1 2694.194194 22.500000 0.62351391270534307 0.073837250431149817
769 2 2694.194194 45.000000 0.62351391270534307 0.073837250431149817
769 3 2694.194194 67.500000 0.62351391270534307 0.073837250431149817
770 0 2697.697698 0.000000 0.62622110994517555 0.074028785327071078
770 1 2697.697698 22.500000 0.62622110994517555 0.074028785327071078
770 2 2697.697698 45.000000 0.62622110994517555 0.074028785327071078
770 3 2697.697698 67.500000 0.62622110994517555 0.074028785327071078
771 0 2701.201201 0.000000 0.62875647329116402 0.073730975222032133
771 1 2701.201201 22.500000 0.62875647329116402 0.073730975222032133
771 2 2701.201201 45.000000 0.62875647329116402 0.073730975222032133
771 3 2701.201201 67.500000 0.62875647329116402 0.073730975222032133
772 0 2704.704705 0.000000 0.63068586881010069 0.07299846615065031
772 1 2704.704705 22.500000 0.63068586881010069 0.07299846615065031
772 2 2704.704705 45.000000 0.63068586881010069 0.07299846615065031
772 3 2704.704705 67.500000 0.63068586881010069 0.07299846615065031
773 0 2708.208208 0.000000 0.63168165420959455 0.071959927721789135
773 1 2708.208208 22.500000 0.63168165420959455 0.071959927721789135
773 2 2708.208208 45.000000 0.63168165420959455 0.071959927721789135
773 3 2708.208208 67.500000 0.63168165420959455 0.071959927721789135
774 0 2711.711712 0.000000 0.63157910479018031 0.070795482568377685
774 1 2711.711712 22.500000 0.63157910479018031 0.070795482568377685
774 2 2711.711712 45.000000 0.63157910479018031 0.070795482568377685
774 3 2711.711712 67.500000 0.63157910479018031 0.070795482568377685
775 0 2715.215215 0.000000 0.63040418227952988 0.069705496538334064
775 1 2715.215215 22.500000 0.63040418227952988 0.069705496538334064
775 2 2715.215215 45.000000 0.63040418227952988 0.069705496538334064
775 3 2715.215215 67.500000 0.63040418227952988 0.069705496538334064
776 0 2718.718719 0.000000 0.62836758956142891 0.068876132073272686
776 1 2718.718719 22.500000 0.62836758956142891 0.068876132073272686
776 2 2718.718719 45.000000 0.62836758956142891 0.068876132073272686
776 3 2718.718719 67.500000 0.62836758956142891 0.068876132073272686
777 0 2722.222222 0.000000 0.62582643027173535 0.068447581605249608
777 1 2722.222222 22.500000 0.62582643027173535 0.068447581605249608
777 2 2722.222222 45.000000 0.62582643027173535 0.068447581605249608
777 3 2722.222222 67.500000 0.62582643027173535 0.068447581605249608
778 0 2725.725726 0.000000 0.62322085558826845 0.068490396746492904
778 1 2725.725726 22.500000 0.62322085558826845 0.068490396746492904
778 2 2725.725726 45.000000 0.62322085558826845 0.068490396746492904
778 3 2725.725726 67.500000 0.62322085558826845 0.068490396746492904
779 0 2729.229229 0.000000 0.62099745087248748 0.068993905491478352
779 1 2729.229229 22.500000 0.62099745087248748 0.068993905491478352
779 2 2729.229229 45.000000 0.62099745087248748 0.068993905491478352
779 3 2729.229229 67.500000 0.62099745087248748 0.068993905491478352
780 0 2732.732733 0.000000 0.61953296813036696 0.069868613531688037
780 1 2732.732733 22.500000 0.61953296813036696 0.069868613531688037
780 2 2732.732733 45.000000 0.61953296813036696 0.069868613531688037
780 3 2732.732733 67.500000 0.61953296813036696 0.069868613531688037
781 0 2736.236236 0.000000 0.61907126995993522 0.070962080219446499
781 1 2736.236236 22.500000 0.61907126995993522 0.070962080219446499
781 2 2736.236236 45.000000 0.61907126995993522 0.070962080219446499
781 3 2736.236236 67.500000 0.61907126995993522 0.070962080219446499
782 0 2739.739740 0.000000 0.61968354554427862 0.072085458165837904
782 1 2739.739740 22.500000 0.61968354554427862 0.072085458165837904
782 2 2739.739740 45.000000 0.61968354554427862 0.072085458165837904
782 3 2739.739740 67.500000 0.61968354554427862 0.072085458165837904
783 0 2743.243243 0.000000 0.62125777602349208 0.073046080711628728
783 1 2743.243243 22.500000 0.62125777602349208 0.073046080711628728
783 2 2743.243243 45.000000 0.62125777602349208 0.073046080711628728
783 3 2743.243243 67.500000 0.62125777602349208 0.073046080711628728
784 0 2746.746747 0.000000 0.62351878427068197 0.073680478716434891
784 1 2746.746747 22.500000 0.62351878427068197 0.073680478716434891
784 2 2746.746747 45.000000 0.62351878427068197 0.073680478716434891
784 3 2746.746747 67.500000 0.62351878427068197 0.073680478716434891
785 0 2750.250250 0.000000 0.62607552850373904 0.073882173225768011
785 1 2750.250250 22.500000 0.62607552850373904 0.073882173225768011
785 2 2750.250250 45.000000 0.62607552850373904 0.073882173225768011
785 3 2750.250250 67.500000 0.62607552850373904 0.073882173225768011
786 0 2753.753754 0.000000 0.62848801649191 0.073619522951240579
786 1 2753.753754 22.500000 0.62848801649191 0.073619522951240579
786 2 2753.753754 45.000000 0.62848801649191 0.073619522951240579
786 3 2753.753754 67.500000 0.62848801649191 0.073619522951240579
787 0 2757.257257 0.000000 0.63034282753192128 0.072940639128615009
787 1 2757.257257 22.500000 0.63034282753192128 0.072940639128615009
787 2 2757.257257 45.000000 0.63034282753192128 0.072940639128615009
787 3 2757.257257 67.500000 0.63034282753192128 0.072940639128615009
788 0 2760.760761 0.000000 0.63132436882514609 0.071964613322988411
788 1 2760.760761 22.500000 0.63132436882514609 0.071964613322988411
788 2 2760.760761 45.000000 0.63132436882514609 0.071964613322988411
788 3 2760.760761 67.500000 0.63132436882514609 0.071964613322988411
789 0 2764.264264 0.000000 0.63126927832498547 0.070860650890890456
789 1 2764.264264 22.500000 0.63126927832498547 0.070860650890890456
789 2 2764.264264 45.000000 0.63126927832498547 0.070860650890890456
789 3 2764.264264 67.500000 0.63126927832498547 0.070860650890890456
790 0 2767.767768 0.000000 0.63019410433938261 0.069818761892046471
790 1 2767.767768 22.500000 0.63019410433938261 0.069818761892046471
790 2 2767.767768 45.000000 0.63019410433938261 0.069818761892046471
790 3 2767.767768 67.500000 0.63019410433938261 0.069818761892046471
791 0 2771.271271 0.000000 0.62829122338928345 0.06901708198706108
791 1 2771.271271 22.500000 0.62829122338928345 0.06901708198706108
791 2 2771.271271 45.000000 0.62829122338928345 0.06901708198706108
791 3 2771.271271 67.500000 0.62829122338928345 0.06901708198706108
792 0 2774.774775 0.000000 0.62589393134350657 0.06859143943232647
792 1 2774.774775 22.500000 0.62589393134350657 0.06859143943232647
792 2 2774.774775 45.000000 0.62589393134350657 0.06859143943232647
792 3 2774.774775 67.500000 0.62589393134350657 0.06859143943232647
793 0 2778.278278 0.000000 0.62341739637813154 0.068612363418524058
793 1 2778.278278 22.500000 0.62341739637813154 0.068612363418524058
793 2 2778.278278 45.000000 0.62341739637813154 0.068612363418524058
793 3 2778.278278 67.500000 0.62341739637813154 0.068612363418524058
794 0 2781.781782 0.000000 0.6212863977173374 0.069073421920138017
794 1 2781.781782 22.500000 0.6212863977173374 0.069073421920138017
794 2 2781.781782 45.000000 0.6212863977173374 0.069073421920138017
794 3 2781.781782 67.500000 0.6212863977173374 0.069073421920138017
795 0 2785.285285 0.000000 0.61986268472815464 0.069892813215574098
795 1 2785.285285 22.500000 0.61986268472815464 0.069892813215574098
795 2 2785.285285 45.000000 0.61986268472815464 0.069892813215574098
795 3 2785.285285 67.500000 0.61986268472815464 0.069892813215574098
796 0 2788.788789 0.000000 0.61938425329556557 0.070927854476866323
796 1 2788.788789 22.500000 0.61938425329556557 0.070927854476866323
796 2 2788.788789 45.000000 0.61938425329556557 0.070927854476866323
796 3 2788.788789 67.500000 0.61938425329556557 0.070927854476866323
797 0 2792.292292 0.000000 0.61992630005070637 0.071999805511521214
797 1 2792.292292 22.500000 0.61992630005070637 0.071999805511521214
797 2 2792.292292 45.000000 0.61992630005070637 0.071999805511521214
797 3 2792.292292 67.500000 0.61992630005070637 0.071999805511521214
798 0 2795.795796 0.000000 0.62138979666064731 0.072924712692017085
798 1 2795.795796 22.500000 0.62138979666064731 0.072924712692017085
798 2 2795.795796 45.000000 0.62138979666064731 0.072924712692017085
798 3 2795.795796 67.500000 0.62138979666064731 0.072924712692017085
799 0 2799.299299 0.000000 0.62351921039133118 0.073544954441108146
799 1 2799.299299 22.500000 0.62351921039133118 0.073544954441108146
799 2 2799.299299 45.000000 0.62351921039133118 0.073544954441108146
799 3 2799.299299 67.500000 0.62351921039133118 0.073544954441108146
800 0 2802.802803 0.000000 0.62594640744014018 0.073756082433950987
800 1 2802.802803 22.500000 0.62594640744014018 0.073756082433950987
800 2 2802.802803 45.000000 0.62594640744014018 0.073756082433950987
800 3 2802.802803 67.500000 0.62594640744014018 0.073756082433950987
801 0 2806.306306 0.000000 0.62825364463942435 0.073524391209791401
801 1 2806.306306 22.500000 0.62825364463942435 0.073524391209791401
801 2 2806.306306 45.000000 0.62825364463942435 0.073524391209791401
801 3 2806.306306 67.500000 0.62825364463942435 0.073524391209791401
802 0 2809.809810 0.000000 0.63004527208909522 0.072892264012697772
802 1 2809.809810 22.500000 0.63004527208909522 0.072892264012697772
802 2 2809.809810 45.000000 0.63004527208909522 0.072892264012697772
802 3 2809.809810 67.500000 0.63004527208909522 0.072892264012697772
803 0 2813.313313 0.000000 0.63101593497785147 0.071970453308548871
803 1 2813.313313 22.500000 0.63101593497785147 0.071970453308548871
803 2 2813.313313 45.000000 0.63101593497785147 0.071970453308548871
803 3 2813.313313 67.500000 0.63101593497785147 0.071970453308548871
804 0 2816.816817 0.000000 0.6310032540306616 0.070918696385456517
804 1 2816.816817 22.500000 0.6310032540306616 0.070918696385456517
804 2 2816.816817 45.000000 0.6310032540306616 0.070918696385456517
804 3 2816.816817 67.500000 0.6310032540306616 0.070918696385456517
805 0 2820.320320 0.000000 0.63001545386407509 0.069918055282045907
805 1 2820.320320 22.500000 0.63001545386407509 0.069918055282045907
805 2 2820.320320 45.000000 0.63001545386407509 0.069918055282045907
805 3 2820.320320 67.500000 0.63001545386407509 0.069918055282045907
806 0 2823.823824 0.000000 0.6282289128359001 0.069139767144769618
806 1 2823.823824 22.500000 0.6282289128359001 0.069139767144769618
806 2 2823.823824 45.000000 0.6282289128359001 0.069139767144769618
806 3 2823.823824 67.500000 0.6282289128359001 0.069139767144769618
807 0 2827.327327 0.000000 0.62595623709466097 0.068715960426471573
807 1 2827.327327 22.500000 0.62595623709466097 0.068715960426471573
807 2 2827.327327 45.000000 0.62595623709466097 0.068715960426471573
807 3 2827.327327 67.500000 0.62595623709466097 0.068715960426471573
808 0 2830.830831 0.000000 0.62359094912039337 0.068717241521551564
808 1 2830.830831 22.500000 0.62359094912039337 0.068717241521551564
808 2 2830.830831 45.000000 0.62359094912039337 0.068717241521551564
808 3 2830.830831 67.500000 0.62359094912039337 0.068717241521551564
809 0 2834.334334 0.000000 0.62153899892625242 0.069140950892979058
809 1 2834.334334 22.500000 0.62153899892625242 0.069140950892979058
809 2 2834.334334 45.000000 0.62153899892625242 0.069140950892979058
809 3 2834.334334 67.500000 0.62153899892625242 0.069140950892979058
810 0 2837.837838 0.000000 0.62014926349392974 0.069912038769438467
810 1 2837.837838 22.500000 0.62014926349392974 0.069912038769438467
810 2 2837.837838 45.000000 0.62014926349392974 0.069912038769438467
810 3 2837.837838 67.500000 0.62014926349392974 0.069912038769438467
811 0 2841.341341 0.000000 0.61965483530427479 0.070896338257160893
811 1 2841.341341 22.500000 0.61965483530427479 0.070896338257160893
811 2 2841.341341 45.000000 0.61965483530427479 0.070896338257160893
811 3 2841.341341 67.500000 0.61965483530427479 0.070896338257160893
812 0 2844.844845 0.000000 0.62013459719393527 0.071923891891335398
812 1 2844.844845 22.500000 0.62013459719393527 0.071923891891335398
812 2 2844.844845 45.000000 0.62013459719393527 0.071923891891335398
812 3 2844.844845 67.500000 0.62013459719393527 0.071923891891335398
813 0 2848.348348 0.000000 0.6215009948929423 0.072818279169621608
813 1 2848.348348 22.500000 0.6215009948929423 0.072818279169621608
813 2 2848.348348 45.000000 0.6215009948929423 0.072818279169621608
813 3 2848.348348 67.500000 0.6215009948929423 0.072818279169621608
814 0 2851.851852 0.000000 0.62351570336608031 0.073426887603433771
814 1 2851.851852 22.500000 0.62351570336608031 0.073426887603433771
814 2 2851.851852 45.000000 0.62351570336608031 0.073426887603433771
814 3 2851.851852 67.500000 0.62351570336608031 0.073426887603433771
815 0 2855.355355 0.000000 0.62583055816957733 0.07364693640628156
815 1 2855.355355 22.500000 0.62583055816957733 0.07364693640628156
815 2 2855.355355 45.000000 0.62583055816957733 0.07364693640628156
815 3 2855.355355 67.500000 0.62583055816957733 0.07364693640628156
816 0 2858.858859 0.000000 0.62804712434660837 0.073442818115453168
816 1 2858.858859 22.500000 0.62804712434660837 0.073442818115453168
816 2 2858.858859 45.000000 0.62804712434660837 0.073442818115453168
816 3 2858.858859 67.500000 0.62804712434660837 0.073442818115453168
817 0 2862.362362 0.000000 0.62978508191668314 0.07285183485293216
817 1 2862.362362 22.500000 0.62978508191668314 0.07285183485293216
817 2 2862.362362 45.000000 0.62978508191668314 0.07285183485293216
817 3 2862.362362 67.500000 0.62978508191668314 0.07285183485293216
818 0 2865.865866 0.000000 0.63074779074703846 0.071977409677908707
818 1 2865.865866 22.500000 0.63074779074703846 0.071977409677908707
818 2 2865.865866 45.000000 0.63074779074703846 0.071977409677908707
818 3 2865.865866 67.500000 0.63074779074703846 0.071977409677908707
819 0 2869.369369 0.000000 0.63077350273083443 0.07097100382665425
819 1 2869.369369 22.500000 0.63077350273083443 0.07097100382665425
819 2 2869.369369 45.000000 0.63077350273083443 0.07097100382665425
819 3 2869.369369 67.500000 0.63077350273083443 0.07097100382665425
820 0 2872.872873 0.000000 0.62986297886212184 0.070005898610116898
820 1 2872.872873 22.500000 0.62986297886212184 0.070005898610116898
820 2 2872.872873 45.000000 0.62986297886212184 0.070005898610116898
820 3 2872.872873 67.500000 0.62986297886212184 0.070005898610116898
821 0 2876.376376 0.000000 0.62817848984131841 0.069247377425749962
821 1 2876.376376 22.500000 0.62817848984131841 0.069247377425749962
821 2 2876.376376 45.000000 0.62817848984131841 0.069247377425749962
821 3 2876.376376 67.500000 0.62817848984131841 0.069247377425749962
822 0 2879.879880 0.000000 0.62601451071633873 0.068824435946090307
822 1 2879.879880 22.500000 0.62601451071633873 0.068824435946090307
822 2 2879.879880 45.000000 0.62601451071633873 0.068824435946090307
822 3 2879.879880 67.500000 0.62601451071633873 0.068824435946090307
823 0 2883.383383 0.000000 0.62374567805441872 0.068807859743491462
823 1 2883.383383 22.500000 0.62374567805441872 0.068807859743491462
823 2 2883.383383 45.000000 0.62374567805441872 0.068807859743491462
823 3 2883.383383 67.500000 0.62374567805441872 0.068807859743491462
824 0 2886.886887 0.000000 0.62176159394645159 0.06919839247850737
824 1 2886.886887 22.500000 0.62176159394645159 0.06919839247850737
824 2 2886.886887 45.000000 0.62176159394645159 0.06919839247850737
824 3 2886.886887 67.500000 0.62176159394645159 0.06919839247850737
825 0 2890.390390 0.000000 0.62040005831586642 0.069926969760393823
825 1 2890.390390 22.500000 0.62040005831586642 0.069926969760393823
825 2 2890.390390 45.000000 0.62040005831586642 0.069926969760393823
825 3 2890.390390 67.500000 0.62040005831586642 0.069926969760393823
826 0 2893.893894 0.000000 0.61989009618564062 0.070866916496988897
826 1 2893.893894 22.500000 0.61989009618564062 0.070866916496988897
826 2 2893.893894 45.000000 0.61989009618564062 0.070866916496988897
826 3 2893.893894 67.500000 0.61989009618564062 0.070866916496988897
827 0 2897.397397 0.000000 0.62031404661284495 0.071855956422247014
827 1 2897.397397 22.500000 0.62031404661284495 0.071855956422247014
827 2 2897.397397 45.000000 0.62031404661284495 0.071855956422247014
827 3 2897.397397 67.500000 0.62031404661284495 0.071855956422247014
828 0 2900.900901 0.000000 0.62159459963215324 0.072724212308671141
828 1 2900.900901 22.500000 0.62159459963215324 0.072724212308671141
828 2 2900.900901 45.000000 0.62159459963215324 0.072724212308671141
828 3 2900.900901 67.500000 0.62159459963215324 0.072724212308671141
829 0 2904.404404 0.000000 0.62350863107306032 0.073323368258340571
829 1 2904.404404 22.500000 0.62350863107306032 0.073323368258340571
829 2 2904.404404 45.000000 0.62350863107306032 0.073323368258340571
829 3 2904.404404 67.500000 0.62350863107306032 0.073323368258340571
830 0 2907.907908 0.000000 0.6257255065699584 0.073551990569590192
830 1 2907.907908 22.500000 0.6257255065699584 0.073551990569590192
830 2 2907.907908 45.000000 0.6257255065699584 0.073551990569590192
830 3 2907.907908 67.500000 0.6257255065699584 0.073551990569590192
831 0 2911.411411 0.000000 0.62786364272658168 0.073372686793277547
831 1 2911.411411 22.500000 0.62786364272658168 0.073372686793277547
831 2 2911.411411 45.000000 0.62786364272658168 0.073372686793277547
831 3 2911.411411 67.500000 0.62786364272658168 0.073372686793277547
832 0 2914.914915 0.000000 0.6295559952038331 0.07281820246336726
832 1 2914.914915 22.500000 0.6295559952038331 0.07281820246336726
832 2 2914.914915 45.000000 0.6295559952038331 0.07281820246336726
832 3 2914.914915 67.500000 0.6295559952038331 0.07281820246336726
833 0 2918.418418 0.000000 0.63051333841495971 0.071985464782896691
833 1 2918.418418 22.500000 0.63051333841495971 0.071985464782896691
833 2 2918.418418 45.000000 0.63051333841495971 0.071985464782896691
833 3 2918.418418 67.500000 0.63051333841495971 0.071985464782896691
834 0 2921.921922 0.000000 0.63057422725385559 0.071018652748316952
834 1 2921.921922 22.500000 0.63057422725385559 0.071018652748316952
834 2 2921.921922 45.000000 0.63057422725385559 0.071018652748316952
834 3 2921.921922 67.500000 0.63057422725385559 0.071018652748316952
835 0 2925.425425 0.000000 0.62973264371651205 0.07008424841508154
835 1 2925.425425 22.500000 0.62973264371651205 0.07008424841508154
835 2 2925.425425 45.000000 0.62973264371651205 0.07008424841508154
835 3 2925.425425 67.500000 0.62973264371651205 0.07008424841508154
836 0 2928.928929 0.000000 0.62813830473825316 0.069342383967001237
836 1 2928.928929 22.500000 0.62813830473825316 0.069342383967001237
836 2 2928.928929 45.000000 0.62813830473825316 0.069342383967001237
836 3 2928.928929 67.500000 0.62813830473825316 0.069342383967001237
837 0 2932.432432 0.000000 0.62606968106952365 0.068919413456014558
837 1 2932.432432 22.500000 0.62606968106952365 0.068919413456014558
837 2 2932.432432 45.000000 0.62606968106952365 0.068919413456014558
837 3 2932.432432 67.500000 0.62606968106952365 0.068919413456014558
838 0 2935.935936 0.000000 0.62388483592150079 0.068886404856541766
838 1 2935.935936 22.500000 0.62388483592150079 0.068886404856541766
838 2 2935.935936 45.000000 0.62388483592150079 0.068886404856541766
838 3 2935.935936 67.500000 0.62388483592150079 0.068886404856541766
839 0 2939.439439 0.000000 0.62195911965578698 0.069247211383167251
839 1 2939.439439 22.500000 0.62195911965578698 0.069247211383167251
839 2 2939.439439 45.000000 0.62195911965578698 0.069247211383167251
839 3 2939.439439 67.500000 0.62195911965578698 0.069247211383167251
840 0 2942.942943 0.000000 0.62062078917053198 0.069938122219002724
840 1 2942.942943 22.500000 0.62062078917053198 0.069938122219002724
840 2 2942.942943 45.000000 0.62062078917053198 0.069938122219002724
840 3 2942.942943 67.500000 0.62062078917053198 0.069938122219002724
841 0 2946.446446 0.000000 0.62009553763321301 0.070839098974243037
841 1 2946.446446 22.500000 0.62009553763321301 0.070839098974243037
841 2 2946.446446 45.000000 0.62009553763321301 0.070839098974243037
841 3 2946.446446 67.500000 0.62009553763321301 0.070839098974243037
842 0 2949.949950 0.000000 0.62046900026383067 0.071794618478078581
842 1 2949.949950 22.500000 0.62046900026383067 0.071794618478078581
842 2 2949.949950 45.000000 0.62046900026383067 0.071794618478078581
842 3 2949.949950 67.500000 0.62046900026383067 0.071794618478078581
843 0 2953.453453 0.000000 0.6216731042947321 0.072640505074301101
843 1 2953.453453 22.500000 0.6216731042947321 0.072640505074301101
843 2 2953.453453 45.000000 0.6216731042947321 0.072640505074301101
843 3 2953.453453 67.500000 0.6216731042947321 0.072640505074301101
844 0 2956.956957 0.000000 0.62349825441884787 0.073232125401347381
844 1 2956.956957 22.500000 0.62349825441884787 0.073232125401347381
844 2 2956.956957 45.000000 0.62349825441884787 0.073232125401347381
844 3 2956.956957 67.500000 0.62349825441884787 0.073232125401347381
845 0 2960.460460 0.000000 0.62562929662716782 0.073469105938355705
845 1 2960.460460 22.500000 0.62562929662716782 0.073469105938355705
845 2 2960.460460 45.000000 0.62562929662716782 0.073469105938355705
845 3 2960.460460 67.500000 0.62562929662716782 0.073469105938355705
846 0 2963.963964 0.000000 0.62769942059797257 0.073312351254996744
846 1 2963.963964 22.500000 0.62769942059797257 0.073312351254996744
846 2 2963.963964 45.000000 0.62769942059797257 0.073312351254996744
846 3 2963.963964 67.500000 0.62769942059797257 0.073312351254996744
847 0 2967.467467 0.000000 0.62935310563594138 0.072790479381969281
847 1 2967.467467 22.500000 0.62935310563594138 0.072790479381969281
847 2 2967.467467 45.000000 0.62935310563594138 0.072790479381969281
847 3 2967.467467 67.500000 0.62935310563594138 0.072790479381969281
848 0 2970.970971 0.000000 0.6303074154025865 0.071994617484519186
848 1 2970.970971 22.500000 0.6303074154025865 0.071994617484519186
848 2 2970.970971 45.000000 0.6303074154025865 0.071994617484519186
848 3 2970.970971 67.500000 0.6303074154025865 0.071994617484519186
849 0 2974.474474 0.000000 0.63040089841383828 0.071062500905268569
849 1 2974.474474 22.500000 0.63040089841383828 0.071062500905268569
849 2 2974.474474 45.000000 0.63040089841383828 0.071062500905268569
849 3 2974.474474 67.500000 0.63040089841383828 0.071062500905268569
850 0 2977.977978 0.000000 0.62962130537584748 0.070154648193656077
850 1 2977.977978 22.500000 0.62962130537584748 0.070154648193656077
850 2 2977.977978 45.000000 0.62962130537584748 0.070154648193656077
850 3 2977.977978 67.500000 0.62962130537584748 0.070154648193656077
851 0 2981.481481 0.000000 0.62810708985357655 0.069426731178002729
851 1 2981.481481 22.500000 0.62810708985357655 0.069426731178002729
851 2 2981.481481 45.000000 0.62810708985357655 0.069426731178002729
851 3 2981.481481 67.500000 0.62810708985357655 0.069426731178002729
852 0 2984.984985 0.000000 0.62612250637242162 0.069002893803084386
852 1 2984.984985 22.500000 0.62612250637242162 0.069002893803084386
852 2 2984.984985 45.000000 0.62612250637242162 0.069002893803084386
852 3 2984.984985 67.500000 0.62612250637242162 0.069002893803084386
853 0 2988.488488 0.000000 0.62401100582634461 0.068954590622602285
853 1 2988.488488 22.500000 0.62401100582634461 0.068954590622602285
853 2 2988.488488 45.000000 0.62401100582634461 0.068954590622602285
853 3 2988.488488 67.500000 0.62401100582634461 0.068954590622602285
854 0 2991.991992 0.000000 0.62213547975710193 0.069288550295080006
854 1 2991.991992 22.500000 0.62213547975710193 0.069288550295080006
854 2 2991.991992 45.000000 0.62213547975710193 0.069288550295080006
854 3 2991.991992 67.500000 0.62213547975710193 0.069288550295080006
855 0 2995.495495 0.000000 0.62081596987365029 0.069945889944969308
855 1 2995.495495 22.500000 0.62081596987365029 0.069945889944969308
855 2 2995.495495 45.000000 0.62081596987365029 0.069945889944969308
855 3 2995.495495 67.500000 0.62081596987365029 0.069945889944969308
856 0 2998.998999 0.000000 0.62027549368484325 0.07081248607524504
856 1 2998.998999 22.500000 0.62027549368484325 0.07081248607524504
856 2 2998.998999 45.000000 0.62027549368484325 0.07081248607524504
856 3 2998.998999 67.500000 0.62027549368484325 0.07081248607524504
857 0 3002.502503 0.000000 0.62060287764086752 0.071738777356502081
857 1 3002.502503 22.500000 0.62060287764086752 0.071738777356502081
857 2 3002.502503 45.000000 0.62060287764086752 0.071738777356502081
857 3 3002.502503 67.500000 0.62060287764086752 0.071738777356502081
858 0 3006.006006 0.000000 0.62173845508607772 0.072565564958687878
858 1 3006.006006 22.500000 0.62173845508607772 0.072565564958687878
858 2 3006.006006 45.000000 0.62173845508607772 0.072565564958687878
858 3 3006.006006 67.500000 0.62173845508607772 0.072565564958687878
859 0 3009.509510 0.000000 0.62348475249499136 0.073151361714662189
859 1 3009.509510 22.500000 0.62348475249499136 0.073151361714662189
859 2 3009.509510 45.000000 0.62348475249499136 0.073151361714662189
859 3 3009.509510 67.500000 0.62348475249499136 0.073151361714662189
860 0 3013.013013 0.000000 0.62554035480350745 0.073396593763754014
860 1 3013.013013 22.500000 0.62554035480350745 0.073396593763754014
860 2 3013.013013 45.000000 0.62554035480350745 0.073396593763754014
860 3 3013.013013 67.500000 0.62554035480350745 0.073396593763754014
861 0 3016.516517 0.000000 0.62755144557144571 0.073260516785242286
861 1 3016.516517 22.500000 0.62755144557144571 0.073260516785242286
861 2 3016.516517 45.000000 0.62755144557144571 0.073260516785242286
861 3 3016.516517 67.500000 0.62755144557144571 0.073260516785242286
862 0 3020.020020 0.000000 0.62917251492417592 0.072767974559181575
862 1 3020.020020 22.500000 0.62917251492417592 0.072767974559181575
862 2 3020.020020 45.000000 0.62917251492417592 0.072767974559181575
862 3 3020.020020 67.500000 0.62917251492417592 0.072767974559181575
863 0 3023.523524 0.000000 0.63012592867199224 0.072004880646224151
863 1 3023.523524 22.500000 0.63012592867199224 0.072004880646224151
863 2 3023.523524 45.000000 0.63012592867199224 0.072004880646224151
863 3 3023.523524 67.500000 0.63012592867199224 0.072004880646224151
864 0 3027.027027 0.000000 0.63024993409136409 0.07110324204736021
864 1 3027.027027 22.500000 0.63024993409136409 0.07110324204736021
864 2 3027.027027 45.000000 0.63024993409136409 0.07110324204736021
864 3 3027.027027 67.500000 0.63024993409136409 0.07110324204736021
865 0 3030.530531 0.000000 0.62952648930877875 0.070218333848295206
865 1 3030.530531 22.500000 0.62952648930877875 0.070218333848295206
865 2 3030.530531 45.000000 0.62952648930877875 0.070218333848295206
865 3 3030.530531 67.500000 0.62952648930877875 0.070218333848295206
866 0 3034.034034 0.000000 0.62808386535019212 0.069501969774078853
866 1 3034.034034 22.500000 0.62808386535019212 0.069501969774078853
866 2 3034.034034 45.000000 0.62808386535019212 0.069501969774078853
866 3 3034.034034 67.500000 0.62808386535019212 0.069501969774078853
867 0 3037.537538 0.000000 0.62617361908732971 0.069076468009474548
867 1 3037.537538 22.500000 0.62617361908732971 0.069076468009474548
867 2 3037.537538 45.000000 0.62617361908732971 0.069076468009474548
867 3 3037.537538 67.500000 0.62617361908732971 0.069076468009474548
868 0 3041.041041 0.000000 0.62412627027490875 0.069013774985489079
868 1 3041.041041 22.500000 0.62412627027490875 0.069013774985489079
868 2 3041.041041 45.000000 0.62412627027490875 0.069013774985489079
868 3 3041.041041 67.500000 0.62412627027490875 0.069013774985489079
869 0 3044.544545 0.000000 0.6222938029557864 0.069323308507943035
869 1 3044.544545 22.500000 0.6222938029557864 0.069323308507943035
869 2 3044.544545 45.000000 0.6222938029557864 0.069323308507943035
869 3 3044.544545 67.500000 0.6222938029557864 0.069323308507943035
870 0 3048.048048 0.000000 0.62098920727531515 0.069950572995895785
870 1 3048.048048 22.500000 0.62098920727531515 0.069950572995895785
870 2 3048.048048 45.000000 0.62098920727531515 0.069950572995895785
870 3 3048.048048 67.500000 0.62098920727531515 0.069950572995895785
871 0 3051.551552 0.000000 0.62043341835877974 0.070786744600428858
871 1 3051.551552 22.500000 0.62043341835877974 0.070786744600428858
871 2 3051.551552 45.000000 0.62043341835877974 0.070786744600428858
871 3 3051.551552 67.500000 0.62043341835877974 0.070786744600428858
872 0 3055.055055 0.000000 0.62071839365427817 0.071687541893340617
872 1 3055.055055 22.500000 0.62071839365427817 0.071687541893340617
872 2 3055.055055 45.000000 0.62071839365427817 0.071687541893340617
872 3 3055.055055 67.500000 0.62071839365427817 0.071687541893340617
873 0 3058.558559 0.000000 0.62179218299120509 0.072498111427345566
873 1 3058.558559 22.500000 0.62179218299120509 0.072498111427345566
873 2 3058.558559 45.000000 0.62179218299120509 0.072498111427345566
873 3 3058.558559 67.500000 0.62179218299120509 0.072498111427345566
874 0 3062.062062 0.000000 0.62346824008641588 0.073079637687756993
874 1 3062.062062 22.500000 0.62346824008641588 0.073079637687756993
874 2 3062.062062 45.000000 0.62346824008641588 0.073079637687756993
874 3 3062.062062 67.500000 0.62346824008641588 0.073079637687756993
875 0 3065.565566 0.000000 0.62545739448706894 0.07333310658445033
875 1 3065.565566 22.500000 0.62545739448706894 0.07333310658445033
875 2 3065.565566 45.000000 0.62545739448706894 0.07333310658445033
875 3 3065.565566 67.500000 0.62545739448706894 0.07333310658445033
876 0 3069.069069 0.000000 0.62741728399740104 0.073216156100596161
876 1 3069.069069 22.500000 0.62741728399740104 0.073216156100596161
876 2 3069.069069 45.000000 0.62741728399740104 0.073216156100596161
876 3 3069.069069 67.500000 0.62741728399740104 0.073216156100596161
877 0 3072.572573 0.000000 0.62901108782486115 0.072750147741044172
877 1 3072.572573 22.500000 0.62901108782486115 0.072750147741044172
877 2 3072.572573 45.000000 0.62901108782486115 0.072750147741044172
877 3 3072.572573 67.500000 0.62901108782486115 0.072750147741044172
878 0 3076.076076 0.000000 0.62996559675716668 0.072016279799033175
878 1 3076.076076 22.500000 0.62996559675716668 0.072016279799033175
878 2 3076.076076 45.000000 0.62996559675716668 0.072016279799033175
878 3 3076.076076 67.500000 0.62996559675716668 0.072016279799033175
879 0 3079.579580 0.000000 0.63011847262046816 0.071141447152974074
879 1 3079.579580 22.500000 0.63011847262046816 0.071141447152974074
879 2 3079.579580 45.000000 0.63011847262046816 0.071141447152974074
879 3 3079.579580 67.500000 0.63011847262046816 0.071141447152974074
880 0 3083.083083 0.000000 0.62944623123523358 0.070276308635927126
880 1 3083.083083 22.500000 0.62944623123523358 0.070276308635927126
880 2 3083.083083 45.000000 0.62944623123523358 0.070276308635927126
880 3 3083.083083 67.500000 0.62944623123523358 0.070276308635927126
881 0 3086.586587 0.000000 0.6280678728314335 0.069569351259534618
881 1 3086.586587 22.500000 0.6280678728314335 0.069569351259534618
881 2 3086.586587 45.000000 0.6280678728314335 0.069569351259534618
881 3 3086.586587 67.500000 0.6280678728314335 0.069569351259534618
882 0 3090.090090 0.000000 0.62622355808467955 0.069141414415304192
882 1 3090.090090 22.500000 0.62622355808467955 0.069141414415304192
882 2 3090.090090 45.000000 0.62622355808467955 0.069141414415304192
882 3 3090.090090 67.500000 0.62622355808467955 0.069141414415304192
883 0 3093.593594 0.000000 0.62423233151473356 0.069065043278388832
883 1 3093.593594 22.500000 0.62423233151473356 0.069065043278388832
883 2 3093.593594 45.000000 0.62423233151473356 0.069065043278388832
883 3 3093.593594 67.500000 0.62423233151473356 0.069065043278388832
884 0 3097.097097 0.000000 0.62243662673502376 0.069352197676655625
884 1 3097.097097 22.500000 0.62243662673502376 0.069352197676655625
884 2 3097.097097 45.000000 0.62243662673502376 0.069352197676655625
884 3 3097.097097 67.500000 0.62243662673502376 0.069352197676655625
885 0 3100.600601 0.000000 0.62114341429773279 0.069952397708068714
885 1 3100.600601 22.500000 0.62114341429773279 0.069952397708068714
885 2 3100.600601 45.000000 0.62114341429773279 0.069952397708068714
885 3 3100.600601 67.500000 0.62114341429773279 0.069952397708068714
886 0 3104.104104 0.000000 0.62057209049521833 0.070761590178088557
886 1 3104.104104 22.500000 0.62057209049521833 0.070761590178088557
886 2 3104.104104 45.000000 0.62057209049521833 0.070761590178088557
886 3 3104.104104 67.500000 0.62057209049521833 0.070761590178088557
887 0 3107.607608 0.000000 0.62081772084410347 0.071640179849656455
887 1 3107.607608 22.500000 0.62081772084410347 0.071640179849656455
887 2 3107.607608 45.000000 0.62081772084410347 0.071640179849656455
887 3 3107.607608 67.500000 0.62081772084410347 0.071640179849656455
888 0 3111.111111 0.000000 0.62183549748067746 0.072437102260651517
888 1 3111.111111 22.500000 0.62183549748067746 0.072437102260651517
888 2 3111.111111 45.000000 0.62183549748067746 0.072437102260651517
888 3 3111.111111 67.500000 0.62183549748067746 0.072437102260651517
889 0 3114.614615 0.000000 0.62344877949794186 0.073015788374343915
889 1 3114.614615 22.500000 0.62344877949794186 0.073015788374343915
889 2 3114.614615 45.000000 0.62344877949794186 0.073015788374343915
889 3 3114.614615 67.500000 0.62344877949794186 0.073015788374343915
890 0 3118.118118 0.000000 0.62537934689332464 0.073277559912172191
890 1 3118.118118 22.500000 0.62537934689332464 0.073277559912172191
890 2 3118.118118 45.000000 0.62537934689332464 0.073277559912172191
890 3 3118.118118 67.500000 0.62537934689332464 0.073277559912172191
891 0 3121.621622 0.000000 0.62729494562922394 0.073178449026437803
891 1 3121.621622 22.500000 0.62729494562922394 0.073178449026437803
891 2 3121.621622 45.000000 0.62729494562922394 0.073178449026437803
891 3 3121.621622 67.500000 0.62729494562922394 0.073178449026437803
892 0 3125.125125 0.000000 0.62886627606148837 0.072736576598623523
892 1 3125.125125 22.500000 0.62886627606148837 0.072736576598623523
892 2 3125.125125 45.000000 0.62886627606148837 0.072736576598623523
892 3 3125.125125 67.500000 0.62886627606148837 0.072736576598623523
893 0 3128.628629 0.000000 0.62982376450234612 0.072028852133266347
893 1 3128.628629 22.500000 0.62982376450234612 0.072028852133266347
893 2 3128.628629 45.000000 0.62982376450234612 0.072028852133266347
893 3 3128.628629 67.500000 0.62982376450234612 0.072028852133266347
894 0 3132.132132 0.000000 0.63000421025142672 0.071177594107439374
894 1 3132.132132 22.500000 0.63000421025142672 0.071177594107439374
894 2 3132.132132 45.000000 0.63000421025142672 0.071177594107439374
894 3 3132.132132 67.500000 0.63000421025142672 0.071177594107439374
895 0 3135.635636 0.000000 0.62937896398295523 0.070329397206691513
895 1 3135.635636 22.500000 0.62937896398295523 0.070329397206691513
895 2 3135.635636 45.000000 0.62937896398295523 0.070329397206691513
895 3 3135.635636 67.500000 0.62937896398295523 0.070329397206691513
896 0 3139.139139 0.000000 0.62805852860150468 0.069629896138251157
896 1 3139.139139 22.500000 0.62805852860150468 0.069629896138251157
896 2 3139.139139 45.000000 0.62805852860150468 0.069629896138251157
896 3 3139.139139 67.500000 0.62805852860150468 0.069629896138251157
897 0 3142.642643 0.000000 0.6262727931775528 0.069198768899467022
897 1 3142.642643 22.500000 0.6262727931775528 0.069198768899467022
897 2 3142.642643 45.000000 0.6262727931775528 0.069198768899467022
897 3 3142.642643 67.500000 0.6262727931775528 0.069198768899467022
898 0 3146.146146 0.000000 0.62433059986185824 0.069109268464511098
898 1 3146.146146 22.500000 0.62433059986185824 0.069109268464511098
898 2 3146.146146 45.000000 0.62433059986185824 0.069109268464511098
898 3 3146.146146 67.500000 0.62433059986185824 0.069109268464511098
899 0 3149.649650 0.000000 0.62256603156055268 0.069375782284612164
899 1 3149.649650 22.500000 0.62256603156055268 0.069375782284612164
899 2 3149.649650 45.000000 0.62256603156055268 0.069375782284612164
899 3 3149.649650 67.500000 0.62256603156055268 0.069375782284612164
900 0 3153.153153 0.000000 0.62128096521233567 0.069951531363864963
900 1 3153.153153 22.500000 0.62128096521233567 0.069951531363864963
900 2 3153.153153 45.000000 0.62128096521233567 0.069951531363864963
900 3 3153.153153 67.500000 0.62128096521233567 0.069951531363864963
901 0 3156.656657 0.000000 0.62069376286027722 0.070736774737780547
901 1 3156.656657 22.500000 0.62069376286027722 0.070736774737780547
901 2 3156.656657 45.000000 0.62069376286027722 0.070736774737780547
901 3 3156.656657 67.500000 0.62069376286027722 0.070736774737780547
902 0 3160.160160 0.000000 0.62090260722301693 0.071596081473791207
902 1 3160.160160 22.500000 0.62090260722301693 0.071596081473791207
902 2 3160.160160 45.000000 0.62090260722301693 0.071596081473791207
902 3 3160.160160 67.500000 0.62090260722301693 0.071596081473791207
903 0 3163.663664 0.000000 0.62186935420463385 0.072381680412987162
903 1 3163.663664 22.500000 0.62186935420463385 0.072381680412987162
903 2 3163.663664 45.000000 0.62186935420463385 0.072381680412987162
903 3 3163.663664 67.500000 0.62186935420463385 0.072381680412987162
904 0 3167.167167 0.000000 0.62342638831837627 0.07295886329651903
904 1 3167.167167 22.500000 0.62342638831837627 0.07295886329651903
904 2 3167.167167 45.000000 0.62342638831837627 0.07295886329651903
904 3 3167.167167 67.500000 0.62342638831837627 0.07295886329651903
905 0 3170.670671 0.000000 0.62530530957670716 0.073229075707293589
905 1 3170.670671 22.500000 0.62530530957670716 0.073229075707293589
905 2 3170.670671 45.000000 0.62530530957670716 0.073229075707293589
905 3 3170.670671 67.500000 0.62530530957670716 0.073229075707293589
906 0 3174.174174 0.000000 0.62718278360660684 0.073146739027438706
906 1 3174.174174 22.500000 0.62718278360660684 0.073146739027438706
906 2 3174.174174 45.000000 0.62718278360660684 0.073146739027438706
906 3 3174.174174 67.500000 0.62718278360660684 0.073146739027438706
907 0 3177.677678 0.000000 0.62873598843555722 0.072726933183293208
907 1 3177.677678 22.500000 0.62873598843555722 0.072726933183293208
907 2 3177.677678 45.000000 0.62873598843555722 0.072726933183293208
907 3 3177.677678 67.500000 0.62873598843555722 0.072726933183293208
908 0 3181.181181 0.000000 0.62969826642922344 0.072042646071654573
908 1 3181.181181 22.500000 0.62969826642922344 0.072042646071654573
908 2 3181.181181 45.000000 0.62969826642922344 0.072042646071654573
908 3 3181.181181 67.500000 0.62969826642922344 0.072042646071654573
909 0 3184.684685 0.000000 0.62990528120516698 0.071212089514534602
909 1 3184.684685 22.500000 0.62990528120516698 0.071212089514534602
909 2 3184.684685 45.000000 0.62990528120516698 0.071212089514534602
909 3 3184.684685 67.500000 0.62990528120516698 0.071212089514534602
910 0 3188.188188 0.000000 0.62932343386419465 0.070378285014462777
910 1 3188.188188 22.500000 0.62932343386419465 0.070378285014462777
910 2 3188.188188 45.000000 0.62932343386419465 0.070378285014462777
910 3 3188.188188 67.500000 0.62932343386419465 0.070378285014462777
911 0 3191.691692 0.000000 0.62805538894625867 0.069684443463587584
911 1 3191.691692 22.500000 0.62805538894625867 0.069684443463587584
911 2 3191.691692 45.000000 0.62805538894625867 0.069684443463587584
911 3 3191.691692 67.500000 0.62805538894625867 0.069684443463587584
912 0 3195.195195 0.000000 0.62632174298641397 0.069249375671446373
912 1 3195.195195 22.500000 0.62632174298641397 0.069249375671446373
912 2 3195.195195 45.000000 0.62632174298641397 0.069249375671446373
912 3 3195.195195 67.500000 0.62632174298641397 0.069249375671446373
913 0 3198.698699 0.000000 0.62442225873859092 0.069147154408547393
913 1 3198.698699 22.500000 0.62442225873859092 0.069147154408547393
913 2 3198.698699 45.000000 0.62442225873859092 0.069147154408547393
913 3 3198.698699 67.500000 0.62442225873859092 0.069147154408547393
914 0 3202.202202 0.000000 0.62268373997088367 0.069394508256644977
914 1 3202.202202 22.500000 0.62268373997088367 0.069394508256644977
914 2 3202.202202 45.000000 0.62268373997088367 0.069394508256644977
914 3 3202.202202 67.500000 0.62268373997088367 0.069394508256644977
915 0 3205.705706 0.000000 0.62140381053980531 0.069948091787161701
915 1 3205.705706 22.500000 0.62140381053980531 0.069948091787161701
915 2 3205.705706 45.000000 0.62140381053980531 0.069948091787161701
915 3 3205.705706 67.500000 0.62140381053980531 0.069948091787161701
916 0 3209.209209 0.000000 0.62080027276446303 0.070712076146076316
916 1 3209.209209 22.500000 0.62080027276446303 0.070712076146076316
916 2 3209.209209 45.000000 0.62080027276446303 0.070712076146076316
916 3 3209.209209 67.500000 0.62080027276446303 0.070712076146076316
917 0 3212.712713 0.000000 0.62097446406936929 0.071554731684136785
917 1 3212.712713 22.500000 0.62097446406936929 0.071554731684136785
917 2 3212.712713 45.000000 0.62097446406936929 0.071554731684136785
917 3 3212.712713 67.500000 0.62097446406936929 0.071554731684136785
918 0 3216.216216 0.000000 0.62189450596032292 0.072331134141780315
918 1 3216.216216 22.500000 0.62189450596032292 0.072331134141780315
918 2 3216.216216 45.000000 0.62189450596032292 0.072331134141780315
918 3 3216.216216 67.500000 0.62189450596032292 0.072331134141780315
919 0 3219.719720 0.000000 0.62340104626736703 0.07290808178436381
919 1 3219.719720 22.500000 0.62340104626736703 0.07290808178436381
919 2 3219.719720 45.000000 0.62340104626736703 0.07290808178436381
919 3 3219.719720 67.500000 0.62340104626736703 0.07290808178436381
920 0 3223.223223 0.000000 0.62523450957831583 0.073186940751919949
920 1 3223.223223 22.500000 0.62523450957831583 0.073186940751919949
920 2 3223.223223 45.000000 0.62523450957831583 0.073186940751919949
920 3 3223.223223 67.500000 0.62523450957831583 0.073186940751919949
921 0 3226.726727 0.000000 0.62707942174883946 0.073120501642841534
921 1 3226.726727 22.500000 0.62707942174883946 0.073120501642841534
921 2 3226.726727 45.000000 0.62707942174883946 0.073120501642841534
921 3 3226.726727 67.500000 0.62707942174883946 0.073120501642841534
922 0 3230.230230 0.000000 0.6286184959780593 0.072720967490979657
922 1 3230.230230 22.500000 0.6286184959780593 0.072720967490979657
922 2 3230.230230 45.000000 0.6286184959780593 0.072720967490979657
922 3 3230.230230 67.500000 0.6286184959780593 0.072720967490979657
923 0 3233.733734 0.000000 0.62958732677626983 0.072057722276182262
923 1 3233.733734 22.500000 0.62958732677626983 0.072057722276182262
923 2 3233.733734 45.000000 0.62958732677626983 0.072057722276182262
923 3 3233.733734 67.500000 0.62958732677626983 0.072057722276182262
924 0 3237.237237 0.000000 0.62982016986567169 0.07124528641204049
924 1 3237.237237 22.500000 0.62982016986567169 0.07124528641204049
924 2 3237.237237 45.000000 0.62982016986567169 0.07124528641204049
924 3 3237.237237 67.500000 0.62982016986567169 0.07124528641204049
925 0 3240.740741 0.000000 0.62927863949009843 0.070423549193629073
925 1 3240.740741 22.500000 0.62927863949009843 0.070423549193629073
925 2 3240.740741 45.000000 0.62927863949009843 0.070423549193629073
925 3 3240.740741 67.500000 0.62927863949009843 0.070423549193629073
926 0 3244.244244 0.000000 0.62805812482682366 0.069733689218177131
926 1 3244.244244 22.500000 0.62805812482682366 0.069733689218177131
926 2 3244.244244 45.000000 0.62805812482682366 0.069733689218177131
926 3 3244.244244 67.500000 0.62805812482682366 0.069733689218177131
927 0 3247.747748 0.000000 0.62637078818205771 0.069293926420294819
927 1 3247.747748 22.500000 0.62637078818205771 0.069293926420294819
927 2 3247.747748 45.000000 0.62637078818205771 0.069293926420294819
927 3 3247.747748 67.500000 0.62637078818205771 0.069293926420294819
928 0 3251.251251 0.000000 0.62450831240346949 0.069179269164751436
928 1 3251.251251 22.500000 0.62450831240346949 0.069179269164751436
928 2 3251.251251 45.000000 0.62450831240346949 0.069179269164751436
928 3 3251.251251 67.500000 0.62450831240346949 0.069179269164751436
929 0 3254.754755 0.000000 0.62279118902331443 0.069408724978082606
929 1 3254.754755 22.500000 0.62279118902331443 0.069408724978082606
929 2 3254.754755 45.000000 0.62279118902331443 0.069408724978082606
929 3 3254.754755 67.500000 0.62279118902331443 0.069408724978082606
930 0 3258.258258 0.000000 0.62151356065938557 0.069942154776911125
930 1 3258.258258 22.500000 0.62151356065938557 0.069942154776911125
930 2 3258.258258 45.000000 0.62151356065938557 0.069942154776911125
930 3 3258.258258 67.500000 0.62151356065938557 0.069942154776911125
931 0 3261.761762 0.000000 0.6208931219445174 0.070687290312856685
931 1 3261.761762 22.500000 0.6208931219445174 0.070687290312856685
931 2 3261.761762 45.000000 0.6208931219445174 0.070687290312856685
931 3 3261.761762 67.500000 0.6208931219445174 0.070687290312856685
932 0 3265.265265 0.000000 0.62103442839181866 0.071515688709953423
932 1 3265.265265 22.500000 0.62103442839181866 0.071515688709953423
932 2 3265.265265 45.000000 0.62103442839181866 0.071515688709953423
932 3 3265.265265 67.500000 0.62103442839181866 0.071515688709953423
933 0 3268.768769 0.000000 0.62191153749035288 0.072284866235327053
933 1 3268.768769 22.500000 0.62191153749035288 0.072284866235327053
933 2 3268.768769 45.000000 0.62191153749035288 0.072284866235327053
933 3 3268.768769 67.500000 0.62191153749035288 0.072284866235327053
934 0 3272.272272 0.000000 0.62337269712910093 0.072862798265949602
934 1 3272.272272 22.500000 0.62337269712910093 0.072862798265949602
934 2 3272.272272 45.000000 0.62337269712910093 0.072862798265949602
934 3 3272.272272 67.500000 0.62337269712910093 0.072862798265949602
935 0 3275.775776 0.000000 0.62516627309116035 0.073150573920681458
935 1 3275.775776 22.500000 0.62516627309116035 0.073150573920681458
935 2 3275.775776 45.000000 0.62516627309116035 0.073150573920681458
935 3 3275.775776 67.500000 0.62516627309116035 0.073150573920681458
936 0 3279.279279 0.000000 0.62698369810109944 0.073099319083824693
936 1 3279.279279 22.500000 0.62698369810109944 0.073099319083824693
936 2 3279.279279 45.000000 0.62698369810109944 0.073099319083824693
936 3 3279.279279 67.500000 0.62698369810109944 0.073099319083824693
937 0 3282.782783 0.000000 0.62851235988945986 0.072718493279805937
937 1 3282.782783 22.500000 0.62851235988945986 0.072718493279805937
937 2 3282.782783 45.000000 0.62851235988945986 0.072718493279805937
937 3 3282.782783 67.500000 0.62851235988945986 0.072718493279805937
938 0 3286.286286 0.000000 0.62948948477095368 0.072074152529490579
938 1 3286.286286 22.500000 0.62948948477095368 0.072074152529490579
938 2 3286.286286 45.000000 0.62948948477095368 0.072074152529490579
938 3 3286.286286 67.500000 0.62948948477095368 0.072074152529490579
939 0 3289.789790 0.000000 0.62974764641628433 0.071277495783951733
939 1 3289.789790 22.500000 0.62974764641628433 0.071277495783951733
939 2 3289.789790 45.000000 0.62974764641628433 0.071277495783951733
939 3 3289.789790 67.500000 0.62974764641628433 0.071277495783951733
940 0 3293.293293 0.000000 0.62924378860566066 0.070465680162544078
940 1 3293.293293 22.500000 0.62924378860566066 0.070465680162544078
940 2 3293.293293 45.000000 0.62924378860566066 0.070465680162544078
940 3 3293.293293 67.500000 0.62924378860566066 0.070465680162544078
941 0 3296.796797 0.000000 0.62806650672944553 0.069778213883922441
941 1 3296.796797 22.500000 0.62806650672944553 0.069778213883922441
941 2 3296.796797 45.000000 0.62806650672944553 0.069778213883922441
941 3 3296.796797 67.500000 0.62806650672944553 0.069778213883922441
942 0 3300.300300 0.000000 0.62642028611640632 0.069332988911886773
942 1 3300.300300 22.500000 0.62642028611640632 0.069332988911886773
942 2 3300.300300 45.000000 0.62642028611640632 0.069332988911886773
942 3 3300.300300 67.500000 0.62642028611640632 0.069332988911886773
943 0 3303.803804 0.000000 0.62458962698089959 0.069206069725857952
943 1 3303.803804 22.500000 0.62458962698089959 0.069206069725857952
943 2 3303.803804 45.000000 0.62458962698089959 0.069206069725857952
943 3 3303.803804 67.500000 0.62458962698089959 0.069206069725857952
944 0 3307.307307 0.000000 0.6228895899829574 0.069418702215055458
944 1 3307.307307 22.500000 0.6228895899829574 0.069418702215055458
944 2 3307.307307 45.000000 0.6228895899829574 0.069418702215055458
944 3 3307.307307 67.500000 0.6228895899829574 0.069418702215055458
945 0 3310.810811 0.000000 0.62161155353975561 0.069933760758122132
945 1 3310.810811 22.500000 0.62161155353975561 0.069933760758122132
945 2 3310.810811 45.000000 0.62161155353975561 0.069933760758122132
945 3 3310.810811 67.500000 0.62161155353975561 0.069933760758122132
946 0 3314.314314 0.000000 0.62097354071515387 0.070662227025342916
946 1 3314.314314 22.500000 0.62097354071515387 0.070662227025342916
946 2 3314.314314 45.000000 0.62097354071515387 0.070662227025342916
946 3 3314.314314 67.500000 0.62097354071515387 0.070662227025342916
947 0 3317.817818 0.000000 0.62108341282631951 0.071478570466913721
947 1 3317.817818 22.500000 0.62108341282631951 0.071478570466913721
947 2 3317.817818 45.000000 0.62108341282631951 0.071478570466913721
947 3 3317.817818 67.500000 0.62108341282631951 0.071478570466913721
948 0 3321.321321 0.000000 0.62192089311586274 0.072242373877398888
948 1 3321.321321 22.500000 0.62192089311586274 0.072242373877398888
948 2 3321.321321 45.000000 0.62192089311586274 0.072242373877398888
948 3 3321.321321 67.500000 0.62192089311586274 0.072242373877398888
949 0 3324.824825 0.000000 0.62334125002018792 0.072822479577409574
949 1 3324.824825 22.500000 0.62334125002018792 0.072822479577409574
949 2 3324.824825 45.000000 0.62334125002018792 0.072822479577409574
949 3 3324.824825 67.500000 0.62334125002018792 0.072822479577409574
950 0 3328.328328 0.000000 0.62510000074779348 0.073119505167785384
950 1 3328.328328 22.500000 0.62510000074779348 0.073119505167785384
950 2 3328.328328 45.000000 0.62510000074779348 0.073119505167785384
950 3 3328.328328 67.500000 0.62510000074779348 0.073119505167785384
951 0 3331.831832 0.000000 0.62689461894048737 0.073082864649207796
951 1 3331.831832 22.500000 0.62689461894048737 0.073082864649207796
951 2 3331.831832 45.000000 0.62689461894048737 0.073082864649207796
951 3 3331.831832 67.500000 0.62689461894048737 0.073082864649207796
952 0 3335.335335 0.000000 0.62841637237728321 0.072719380541520315
952 1 3335.335335 22.500000 0.62841637237728321 0.072719380541520315
952 2 3335.335335 45.000000 0.62841637237728321 0.072719380541520315
952 3 3335.335335 67.500000 0.62841637237728321 0.072719380541520315
953 0 3338.838839 0.000000 0.62940353235389579 0.072092021337971601
953 1 3338.838839 22.500000 0.62940353235389579 0.072092021337971601
953 2 3338.838839 45.000000 0.62940353235389579 0.072092021337971601
953 3 3338.838839 67.500000 0.62940353235389579 0.072092021337971601
954 0 3342.342342 0.000000 0.62968671166684687 0.071308996678598982
954 1 3342.342342 22.500000 0.62968671166684687 0.071308996678598982
954 2 3342.342342 45.000000 0.62968671166684687 0.071308996678598982
954 3 3342.342342 67.500000 0.62968671166684687 0.071308996678598982
955 0 3345.845846 0.000000 0.62921825864084324 0.070505098106616607
955 1 3345.845846 22.500000 0.62921825864084324 0.070505098106616607
955 2 3345.845846 45.000000 0.62921825864084324 0.070505098106616607
955 3 3345.845846 67.500000 0.62921825864084324 0.070505098106616607
956 0 3349.349349 0.000000 0.62808038655855658 0.069818502029599938
956 1 3349.349349 22.500000 0.62808038655855658 0.069818502029599938
956 2 3349.349349 45.000000 0.62808038655855658 0.069818502029599938
956 3 3349.349349 67.500000 0.62808038655855658 0.069818502029599938
957 0 3352.852853 0.000000 0.62647057585940502 0.06936702591599371
957 1 3352.852853 22.500000 0.62647057585940502 0.06936702591599371
957 2 3352.852853 45.000000 0.62647057585940502 0.06936702591599371
957 3 3352.852853 67.500000 0.62647057585940502 0.06936702591599371
958 0 3356.356356 0.000000 0.62466695652299353 0.069227916698476138
958 1 3356.356356 22.500000 0.62466695652299353 0.069227916698476138
958 2 3356.356356 45.000000 0.62466695652299353 0.069227916698476138
958 3 3356.356356 67.500000 0.62466695652299353 0.069227916698476138
959 0 3359.859860 0.000000 0.62297996994296045 0.06942463775279456
959 1 3359.859860 22.500000 0.62297996994296045 0.06942463775279456
959 2 3359.859860 45.000000 0.62297996994296045 0.06942463775279456
959 3 3359.859860 67.500000 0.62297996994296045 0.06942463775279456
960 0 3363.363363 0.000000 0.62169890420394103 0.069922913880802406
960 1 3363.363363 22.500000 0.62169890420394103 0.069922913880802406
960 2 3363.363363 45.000000 0.62169890420394103 0.069922913880802406
960 3 3363.363363 67.500000 0.62169890420394103 0.069922913880802406
961 0 3366.866867 0.000000 0.62104253672278542 0.070636700533352151
961 1 3366.866867 22.500000 0.62104253672278542 0.070636700533352151
961 2 3366.866867 45.000000 0.62104253672278542 0.070636700533352151
961 3 3366.866867 67.500000 0.62104253672278542 0.070636700533352151
962 0 3370.370370 0.000000 0.62112214574337421 0.071443038158348252
962 1 3370.370370 22.500000 0.62112214574337421 0.071443038158348252
962 2 3370.370370 45.000000 0.62112214574337421 0.071443038158348252
962 3 3370.370370 67.500000 0.62112214574337421 0.071443038158348252
963 0 3373.873874 0.000000 0.62192290217142498 0.072203228016409451
963 1 3373.873874 22.500000 0.62192290217142498 0.072203228016409451
963 2 3373.873874 45.000000 0.62192290217142498 0.072203228016409451
963 3 3373.873874 67.500000 0.62192290217142498 0.072203228016409451
964 0 3377.377377 0.000000 0.62330658695814156 0.072786683589224813
964 1 3377.377377 22.500000 0.62330658695814156 0.072786683589224813
964 2 3377.377377 45.000000 0.62330658695814156 0.072786683589224813
964 3 3377.377377 67.500000 0.62330658695814156 0.072786683589224813
965 0 3380.880881 0.000000 0.62503515738010162 0.07309335703629205
965 1 3380.880881 22.500000 0.62503515738010162 0.07309335703629205
965 2 3380.880881 45.000000 0.62503515738010162 0.07309335703629205
965 3 3380.880881 67.500000 0.62503515738010162 0.07309335703629205
966 0 3384.384384 0.000000 0.62681133389160892 0.073070890268797067
966 1 3384.384384 22.500000 0.62681133389160892 0.073070890268797067
966 2 3384.384384 45.000000 0.62681133389160892 0.073070890268797067
966 3 3384.384384 67.500000 0.62681133389160892 0.073070890268797067
967 0 3387.887888 0.000000 0.62832952271479225 0.072723551236371392
967 1 3387.887888 22.500000 0.62832952271479225 0.072723551236371392
967 2 3387.887888 45.000000 0.62832952271479225 0.072723551236371392
967 3 3387.887888 67.500000 0.62832952271479225 0.072723551236371392
968 0 3391.391391 0.000000 0.62932847808974246 0.072111430680540975
968 1 3391.391391 22.500000 0.62932847808974246 0.072111430680540975
968 2 3391.391391 45.000000 0.62932847808974246 0.072111430680540975
968 3 3391.391391 67.500000 0.62932847808974246 0.072111430680540975
969 0 3394.894895 0.000000 0.62963656573408044 0.071340049346613033
969 1 3394.894895 22.500000 0.62963656573408044 0.071340049346613033
969 2 3394.894895 45.000000 0.62963656573408044 0.071340049346613033
969 3 3394.894895 67.500000 0.62963656573408044 0.071340049346613033
970 0 3398.398398 0.000000 0.62920157581016967 0.070542172563038283
970 1 3398.398398 22.500000 0.62920157581016967 0.070542172563038283
970 2 3398.398398 45.000000 0.62920157581016967 0.070542172563038283
970 3 3398.398398 67.500000 0.62920157581016967 0.070542172563038283
971 0 3401.901902 0.000000 0.62809969054164638 0.069854965423674698
971 1 3401.901902 22.500000 0.62809969054164638 0.069854965423674698
971 2 3401.901902 45.000000 0.62809969054164638 0.069854965423674698
971 3 3401.901902 67.500000 0.62809969054164638 0.069854965423674698
972 0 3405.405405 0.000000 0.62652198549406357 0.069396418442059973
972 1 3405.405405 22.500000 0.62652198549406357 0.069396418442059973
972 2 3405.405405 45.000000 0.62652198549406357 0.069396418442059973
972 3 3405.405405 67.500000 0.62652198549406357 0.069396418442059973
973 0 3408.908909 0.000000 0.62474096247785105 0.069245094321912282
973 1 3408.908909 22.500000 0.62474096247785105 0.069245094321912282
973 2 3408.908909 45.000000 0.62474096247785105 0.069245094321912282
973 3 3408.908909 67.500000 0.62474096247785105 0.069245094321912282
974 0 3412.412412 0.000000 0.62306319895299389 0.069426671442729987
974 1 3412.412412 22.500000 0.62306319895299389 0.069426671442729987
974 2 3412.412412 45.000000 0.62306319895299389 0.069426671442729987
974 3 3412.412412 67.500000 0.62306319895299389 0.069426671442729987
975 0 3415.915916 0.000000 0.62177653360098439 0.069909588329282096
975 1 3415.915916 22.500000 0.62177653360098439 0.069909588329282096
975 2 3415.915916 45.000000 0.62177653360098439 0.069909588329282096
975 3 3415.915916 67.500000 0.62177653360098439 0.069909588329282096
976 0 3419.419419 0.000000 0.62110091934367473 0.070610527569121076
976 1 3419.419419 22.500000 0.62110091934367473 0.070610527569121076
976 2 3419.419419 45.000000 0.62110091934367473 0.070610527569121076
976 3 3419.419419 67.500000 0.62110091934367473 0.070610527569121076
977 0 3422.922923 0.000000 0.62115118578138595 0.071408786686739556
977 1 3422.922923 22.500000 0.62115118578138595 0.071408786686739556
977 2 3422.922923 45.000000 0.62115118578138595 0.071408786686739556
977 3 3422.922923 67.500000 0.62115118578138595 0.071408786686739556
978 0 3426.426426 0.000000 0.62191778007320619 0.072167057901354609
978 1 3426.426426 22.500000 0.62191778007320619 0.072167057901354609
978 2 3426.426426 45.000000 0.62191778007320619 0.072167057901354609
978 3 3426.426426 67.500000 0.62191778007320619 0.072167057901354609
979 0 3429.929930 0.000000 0.62326854931057751 0.072755040310525376
979 1 3429.929930 22.500000 0.62326854931057751 0.072755040310525376
979 2 3429.929930 45.000000 0.62326854931057751 0.072755040310525376
979 3 3429.929930 67.500000 0.62326854931057751 0.072755040310525376
980 0 3433.433433 0.000000 0.62497124538301818 0.073071825052007933
980 1 3433.433433 22.500000 0.62497124538301818 0.073071825052007933
980 2 3433.433433 45.000000 0.62497124538301818 0.073071825052007933
980 3 3433.433433 67.500000 0.62497124538301818 0.073071825052007933
981 0 3436.936937 0.000000 0.62673310020487316 0.073063208736830809
981 1 3436.936937 22.500000 0.62673310020487316 0.073063208736830809
981 2 3436.936937 45.000000 0.62673310020487316 0.073063208736830809
981 3 3436.936937 67.500000 0.62673310020487316 0.073063208736830809
982 0 3440.440440 0.000000 0.62825095824528243 0.072730965358668478
982 1 3440.440440 22.500000 0.62825095824528243 0.072730965358668478
982 2 3440.440440 45.000000 0.62825095824528243 0.072730965358668478
982 3 3440.440440 67.500000 0.62825095824528243 0.072730965358668478
983 0 3443.943944 0.000000 0.62926351153554139 0.072132491080295888
983 1 3443.943944 22.500000 0.62926351153554139 0.072132491080295888
983 2 3443.943944 45.000000 0.62926351153554139 0.072132491080295888
983 3 3443.943944 67.500000 0.62926351153554139 0.072132491080295888
984 0 3447.447447 0.000000 0.62959658209723357 0.071370891575365525
984 1 3447.447447 22.500000 0.62959658209723357 0.071370891575365525
984 2 3447.447447 45.000000 0.62959658209723357 0.071370891575365525
984 3 3447.447447 67.500000 0.62959658209723357 0.071370891575365525
985 0 3450.950951 0.000000 0.6291934037744602 0.070577223428058861
985 1 3450.950951 22.500000 0.6291934037744602 0.070577223428058861
985 2 3450.950951 45.000000 0.6291934037744602 0.070577223428058861
985 3 3450.950951 67.500000 0.6291934037744602 0.070577223428058861
986 0 3454.454454 0.000000 0.62812442517424161 0.069887947494331304
986 1 3454.454454 22.500000 0.62812442517424161 0.069887947494331304
986 2 3454.454454 45.000000 0.62812442517424161 0.069887947494331304
986 3 3454.454454 67.500000 0.62812442517424161 0.069887947494331304
987 0 3457.957958 0.000000 0.62657485534107027 0.069421472115402602
987 1 3457.957958 22.500000 0.62657485534107027 0.069421472115402602
987 2 3457.957958 45.000000 0.62657485534107027 0.069421472115402602
987 3 3457.957958 67.500000 0.62657485534107027 0.069421472115402602
988 0 3461.461461 0.000000 0.62481225152975006 0.06925781725406685
988 1 3461.461461 22.500000 0.62481225152975006 0.06925781725406685
988 2 3461.461461 45.000000 0.62481225152975006 0.06925781725406685
988 3 3461.461461 67.500000 0.62481225152975006 0.06925781725406685
989 0 3464.964965 0.000000 0.62314003760099379 0.069424891233834829
989 1 3464.964965 22.500000 0.62314003760099379 0.069424891233834829
989 2 3464.964965 45.000000 0.62314003760099379 0.069424891233834829
989 3 3464.964965 67.500000 0.62314003760099379 0.069424891233834829
990 0 3468.468468 0.000000 0.62184521962330419 0.069893732996026914
990 1 3468.468468 22.500000 0.62184521962330419 0.069893732996026914
990 2 3468.468468 45.000000 0.62184521962330419 0.069893732996026914
990 3 3468.468468 67.500000 0.62184521962330419 0.069893732996026914
991 0 3471.971972 0.000000 0.6211493473597911 0.070583530708668449
991 1 3471.971972 22.500000 0.6211493473597911 0.070583530708668449
991 2 3471.971972 45.000000 0.6211493473597911 0.070583530708668449
991 3 3471.971972 67.500000 0.6211493473597911 0.070583530708668449
992 0 3475.475475 0.000000 0.62117095992017779 0.071375547337077822
992 1 3475.475475 22.500000 0.62117095992017779 0.071375547337077822
992 2 3475.475475 45.000000 0.62117095992017779 0.071375547337077822
992 3 3475.475475 67.500000 0.62117095992017779 0.071375547337077822
993 0 3478.978979 0.000000 0.62190565191674396 0.072133554121377924
993 1 3478.978979 22.500000 0.62190565191674396 0.072133554121377924
993 2 3478.978979 45.000000 0.62190565191674396 0.072133554121377924
993 3 3478.978979 67.500000 0.62190565191674396 0.072133554121377924
994 0 3482.482482 0.000000 0.62322694406933288 0.072727256437576784
994 1 3482.482482 22.500000 0.62322694406933288 0.072727256437576784
994 2 3482.482482 45.000000 0.62322694406933288 0.072727256437576784
994 3 3482.482482 67.500000 0.62322694406933288 0.072727256437576784
995 0 3485.985986 0.000000 0.6249077931655721 0.073054684735432932
995 1 3485.985986 22.500000 0.6249077931655721 0.073054684735432932
995 2 3485.985986 45.000000 0.6249077931655721 0.073054684735432932
995 3 3485.985986 67.500000 0.6249077931655721 0.073054684735432932
996 0 3489.489489 0.000000 0.62665925520205124 0.073059703654613894
996 1 3489.489489 22.500000 0.62665925520205124 0.073059703654613894
996 2 3489.489489 45.000000 0.62665925520205124 0.073059703654613894
996 3 3489.489489 67.500000 0.62665925520205124 0.073059703654613894
997 0 3492.992993 0.000000 0.62817994458193949 0.072741633586452664
997 1 3492.992993 22.500000 0.62817994458193949 0.072741633586452664
997 2 3492.992993 45.000000 0.62817994458193949 0.072741633586452664
997 3 3492.992993 67.500000 0.62817994458193949 0.072741633586452664
998 0 3496.496496 0.000000 0.62920795624530479 0.072155335971418794
998 1 3496.496496 22.500000 0.62920795624530479 0.072155335971418794
998 2 3496.496496 45.000000 0.62920795624530479 0.072155335971418794
998 3 3496.496496 67.500000 0.62920795624530479 0.072155335971418794
999 0 3500.000000 0.000000 0.62956625893635232 0.071401753089879449
999 1 3500.000000 22.500000 0.62956625893635232 0.071401753089879449
999 2 3500.000000 45.000000 0.62956625893635232 0.071401753089879449
999 3 3500.000000 67.500000 0.62956625893635232 0.071401753089879449
